Iteration	Posterior	Likelihood	Prior	rate_log_sd	rate_neo	tree_length
0	-1006.535	-1073.272	66.73775	0.4168625	1.017401	2.461715
6	-1005.265	-1071.894	66.62882	0.307635	1.129238	2.531773
12	-1013.963	-1079.272	65.30843	0.4471702	1.301125	3.158546
18	-1006.622	-1072.925	66.30286	0.6787496	1.301125	2.410376
24	-1002.153	-1068.715	66.56204	0.4692264	1.690196	2.19507
30	-1004.243	-1070.659	66.41612	0.5634314	1.690196	2.228484
36	-1006.708	-1074.052	67.34459	0.5820574	0.8282209	2.09593
42	-1000.117	-1066.718	66.60095	0.4250199	1.02348	2.538373
48	-997.1347	-1064.052	66.9173	0.5240647	0.8852088	2.367509
54	-1003.777	-1070.597	66.81964	0.5006364	1.17478	2.263362
60	-999.3946	-1065.965	66.57012	0.5584154	0.8029315	2.621589
66	-1003.65	-1069.963	66.31358	0.5606659	1.041457	2.621589
72	-1000.973	-1067.889	66.91575	0.5931887	1.160293	2.149713
78	-997.3236	-1064.888	67.56452	0.5705661	1.160293	1.727237
84	-1005.308	-1072.654	67.34641	0.7581665	1.173259	1.740566
90	-1012.939	-1081.178	68.23962	0.8439308	0.791993	1.299749
96	-1004.561	-1072.105	67.5448	0.9978269	1.074538	1.488555
102	-1004.517	-1072.559	68.04179	0.7813308	0.6820923	1.604106
108	-1006.498	-1074.053	67.55504	0.8864167	1.044211	1.585072
114	-1009.103	-1077.428	68.32521	1.000761	0.7275698	1.162037
120	-1004.684	-1072.323	67.63918	0.985266	1.35458	1.23171
126	-1002.361	-1069.99	67.62933	1.066969	1.35458	1.170146
132	-1010.213	-1077.856	67.64377	0.8542535	0.9559545	1.608165
138	-1014.285	-1082.205	67.92028	1.122737	0.7524674	1.370431
144	-1007.136	-1074.846	67.70957	1.124258	0.8860111	1.412651
150	-998.4003	-1066.266	67.86616	1.295079	0.9082956	1.121438
156	-996.8935	-1064.783	67.88922	1.221356	0.9082956	1.166437
162	-1001.9	-1070.096	68.19646	1.212513	0.936891	0.834785
168	-996.9049	-1065.271	68.36577	1.396399	0.6425538	0.834785
174	-996.9241	-1065.038	68.1136	1.052567	0.7029171	1.322348
180	-1002.07	-1070.015	67.94526	1.235792	0.7977627	1.213069
186	-1011.343	-1079.654	68.31029	1.008066	0.7977627	1.091713
192	-1013.141	-1081.161	68.01966	1.230728	0.7977627	1.15301
198	-1001.391	-1069.012	67.62187	1.012927	1.255087	1.290534
204	-1009.716	-1077.241	67.52581	1.191086	1.292921	1.195485
210	-999.2836	-1067.439	68.15549	1.265646	1.003247	0.7225865
216	-998.1933	-1066.142	67.94866	1.148521	1.184614	0.9209889
222	-1001.552	-1069.656	68.10411	1.425305	0.9567202	0.5945539
228	-1004.805	-1072.799	67.99425	1.620759	0.8908573	0.4896349
234	-998.7561	-1066.953	68.1972	1.586736	0.7447471	0.4755283
240	-995.9459	-1063.714	67.76766	1.588922	1.150913	0.5298552
246	-1000.449	-1067.926	67.47665	1.588922	1.506288	0.451079
252	-1004.576	-1072.349	67.77332	1.636997	1.088699	0.451079
258	-1008.916	-1076.66	67.74389	1.225211	1.034134	1.177553
264	-1008.877	-1076.596	67.71937	1.086242	0.9556299	1.376917
270	-998.1163	-1066.23	68.11364	1.340318	0.8735166	0.8631356
276	-998.7019	-1066.941	68.23903	1.048366	0.7818478	1.136996
282	-1006.146	-1074.406	68.26022	1.083074	0.8256889	1.037447
288	-1006.491	-1074.28	67.78841	0.8901989	1.108766	1.359026
294	-1002.686	-1070.242	67.55617	0.6623267	1.015613	1.764024
300	-998.9445	-1066.517	67.57207	0.7730582	1.13413	1.593812
306	-1002.824	-1070.93	68.10567	0.8681491	0.7746418	1.403362
312	-1004.71	-1072.455	67.74591	0.7156065	1.292859	1.403362
318	-1001.252	-1068.486	67.23317	0.6268566	1.243318	1.867727
324	-1007.113	-1074.345	67.23221	0.610303	1.066084	1.987052
330	-1011.149	-1078.639	67.48962	0.6322748	0.8129789	1.978237
336	-1005.91	-1073.389	67.47829	0.7651799	0.8589355	1.86051
342	-1001.91	-1068.639	66.72919	0.618077	1.447191	2.101601
348	-1002.843	-1069.977	67.13382	0.5139567	0.9595574	2.184599
354	-1000.278	-1067.127	66.84901	0.7884811	0.9695636	2.184599
360	-999.9071	-1066.728	66.82093	0.6670405	0.722582	2.458988
366	-1001.501	-1068.878	67.37695	0.6267383	0.722582	2.129106
372	-1003.629	-1070.713	67.08396	0.7766384	0.97738	2.033134
378	-998.4344	-1065.592	67.15803	0.8457652	1.074045	1.873103
384	-994.9343	-1063.31	68.37592	1.130538	0.544806	1.226835
390	-993.8535	-1061.509	67.655	1.034482	0.6267101	1.753205
396	-998.412	-1066.446	68.03365	1.177325	0.5546722	1.450772
402	-1005.472	-1073.704	68.23199	0.9409524	0.3810263	1.700475
408	-1000.179	-1067.748	67.56923	0.9200034	0.5917654	1.925272
414	-1004.472	-1071.337	66.86454	0.6788277	0.7766083	2.38192
420	-1011.348	-1079.029	67.68103	0.8725543	0.7285752	1.75324
426	-1001.105	-1068.551	67.44596	0.9145377	1.086118	1.614886
432	-1000.696	-1068.664	67.96804	0.9407973	0.8907456	1.349808
438	-1006.517	-1074.275	67.75819	0.9494618	1.264375	1.223563
444	-1005.769	-1073.61	67.84178	1.091493	1.140805	1.120562
450	-1002.715	-1070.409	67.69386	0.8370825	1.203566	1.408088
456	-1003.11	-1070.606	67.49577	0.887761	0.998743	1.659292
462	-1009.837	-1076.865	67.02711	0.9532812	1.110456	1.865818
468	-1014.171	-1082.423	68.25152	1.066141	0.4615197	1.485541
474	-999.8292	-1067.433	67.60384	1.101499	1.208883	1.265008
480	-1004.886	-1072.807	67.92157	1.347341	0.752069	1.185068
486	-1002.93	-1070.896	67.96633	1.409853	1.055775	0.7119416
492	-999.8029	-1067.728	67.92463	1.424161	1.055775	0.7550015
498	-997.2307	-1065.279	68.04805	1.424161	0.9324871	0.7557571
504	-997.0407	-1064.909	67.86861	1.537952	1.08519	0.582119
510	-1000.921	-1068.437	67.5156	1.637356	1.386285	0.5676664
516	-1000.938	-1068.666	67.72752	1.737893	1.036302	0.5069179
522	-996.6823	-1064.335	67.65288	1.812187	0.941381	0.311505
528	-1001.988	-1068.957	66.96924	1.842137	1.797074	0.3452493
534	-1001.998	-1069.763	67.76482	1.785421	0.9190983	0.3798137
540	-1001.11	-1068.446	67.33568	1.655226	1.618308	0.4939161
546	-993.6259	-1061.368	67.7425	1.565887	1.205707	0.4731094
552	-999.8882	-1067.58	67.69182	1.559395	1.273047	0.4738975
558	-998.6124	-1066.385	67.77219	1.743954	0.9807298	0.5494265
564	-1000.974	-1069.075	68.10053	1.554734	0.8288718	0.6311059
570	-997.2573	-1065.015	67.75749	1.528307	1.176518	0.6745594
576	-1004.244	-1072.858	68.61379	1.33334	0.5089885	0.8538079
582	-1003.445	-1071.644	68.19921	1.474173	0.7952686	0.6760812
588	-1000.827	-1068.797	67.97057	1.504391	1.006587	0.6061735
594	-1006.034	-1073.907	67.87308	1.708416	0.9214262	0.4800401
600	-1001.037	-1068.611	67.57418	1.519992	1.474215	0.5099798
606	-1005.632	-1073.183	67.55123	1.490211	1.503286	0.6361005
612	-999.4177	-1067.426	68.00787	1.490211	0.9996811	0.5433795
618	-995.4846	-1063.53	68.04555	1.626108	0.8324516	0.5694579
624	-1006.842	-1074.34	67.4977	1.190696	1.668205	0.9608019
630	-1003.237	-1070.911	67.67375	1.239448	1.330087	0.9857511
636	-1002.365	-1070.179	67.81489	1.151722	0.9472845	1.253985
642	-1005.128	-1073.289	68.16102	1.379075	0.8045391	0.8541467
648	-1004.563	-1072.488	67.92499	1.170159	1.225447	0.8834812
654	-1003.86	-1071.949	68.08892	1.23234	0.9722983	0.8953106
660	-1011.408	-1079.702	68.29427	0.948016	0.7400714	1.220604
666	-1000.736	-1068.376	67.64006	0.9372337	0.8426437	1.639585
672	-996.6964	-1064.265	67.56816	0.8643482	0.9774246	1.639585
678	-999.372	-1067.308	67.93611	0.7877217	0.7526931	1.610638
684	-1000.024	-1067.467	67.4427	0.7668607	0.7853993	1.941258
690	-999.9257	-1067.501	67.57562	0.6755594	1.005203	1.748403
696	-998.3177	-1065.936	67.6179	0.8591665	1.036962	1.564139
702	-1004.283	-1071.73	67.44751	1.160979	0.9506957	1.531107
708	-994.2582	-1062.422	68.16374	1.152262	0.9160266	0.9645696
714	-997.1745	-1064.767	67.59237	1.252053	1.427976	0.9776744
720	-1004.717	-1072.634	67.91783	1.118355	1.192989	0.9776744
726	-1000.143	-1067.793	67.65047	0.9734877	1.302717	1.266976
732	-1004.792	-1072.809	68.01755	1.099813	1.031489	1.045
738	-1008.986	-1076.782	67.7963	1.071549	1.51961	0.8781995
744	-1009.224	-1076.782	67.55806	1.208533	1.73248	0.8227104
750	-1009.995	-1078.482	68.48729	1.106162	0.7025764	0.9363295
756	-1005.879	-1073.894	68.01509	1.132057	1.106327	0.9433377
762	-1004.455	-1072.716	68.26094	1.132057	0.7984938	1.019972
768	-1008.403	-1076.489	68.08665	1.151202	0.7984938	1.163278
774	-1002.922	-1070.921	67.99879	0.9793525	0.808458	1.368517
780	-996.4701	-1063.721	67.2505	0.7921782	1.095115	1.832902
786	-1000.79	-1068.281	67.49026	0.8433248	0.880455	1.781937
792	-995.4735	-1062.861	67.38715	0.6651398	1.008606	1.883321
798	-1000.715	-1067.977	67.26187	0.4739727	1.041036	2.073796
804	-998.2532	-1065.709	67.45542	0.4802413	0.8956322	2.040307
810	-998.9411	-1065.836	66.89473	0.6696371	1.402298	1.980531
816	-1001.209	-1068.511	67.30233	0.6962029	0.719031	2.135425
822	-994.737	-1062.37	67.63302	0.7139909	0.8466053	1.798824
828	-997.3625	-1064.745	67.38244	0.8337222	0.96818	1.798824
834	-996.4954	-1064.629	68.13337	0.9191156	0.96818	1.162289
840	-1003.167	-1070.883	67.71573	1.16578	0.9538391	1.318049
846	-1002.99	-1070.513	67.52345	0.84682	1.156458	1.560649
852	-996.8168	-1064.275	67.45826	0.9167604	1.117846	1.582864
858	-997.7812	-1065.364	67.58264	0.6616177	1.117846	1.677185
864	-1004.291	-1071.704	67.41252	0.8252804	1.355688	1.534494
870	-1000.473	-1067.897	67.42411	0.4932709	0.9255885	2.031127
876	-999.9216	-1067.272	67.3499	0.6646144	1.052271	1.879969
882	-1004.624	-1072.332	67.70842	0.5445094	1.052271	1.714775
888	-998.417	-1066.264	67.84707	0.6538146	0.8655919	1.675813
894	-997.1731	-1064.796	67.62237	0.7754581	0.9486152	1.685581
900	-1001.342	-1067.896	66.55369	0.5372888	0.9376286	2.552158
906	-1003.486	-1070.763	67.27761	0.6126274	1.034088	1.975767
912	-1002.758	-1070.039	67.28146	0.8080094	1.193982	1.738357
918	-996.5017	-1064.103	67.60142	0.7162778	0.802891	1.853749
924	-1003.752	-1070.515	66.76225	0.6120706	1.613769	2.004063
930	-1005.444	-1072.483	67.0386	0.6304133	1.073466	2.097293
936	-1004.046	-1071.001	66.95447	0.7094172	1.451168	1.888269
942	-999.9069	-1066.961	67.05397	0.8661303	1.451168	1.710818
948	-997.4747	-1064.601	67.12589	0.6950228	0.9257385	2.094689
954	-998.0434	-1065.466	67.42269	0.5797115	1.041088	1.895556
960	-998.6107	-1066.306	67.69545	0.7211074	0.7527001	1.827406
966	-995.7932	-1063.194	67.40062	0.7765006	0.9586614	1.832514
972	-1002.212	-1069.809	67.59627	0.9344933	1.280905	1.356804
978	-1006.614	-1074.882	68.26793	1.191795	0.8335318	0.9081974
984	-997.4121	-1065.429	68.01733	1.028991	0.8335318	1.290593
990	-1005.123	-1072.483	67.35998	1.086051	1.138184	1.51674
996	-1005.174	-1073.201	68.0263	0.8182698	0.66319	1.60691
1002	-1003.676	-1071.41	67.73347	0.916826	0.6056679	1.801352
1008	-1003.511	-1071.253	67.74284	0.9948032	1.113948	1.307971
1014	-1004.864	-1072.562	67.69724	0.8432632	0.9810773	1.558312
1020	-1001.868	-1069.371	67.50306	0.8165101	0.9810773	1.717378
1026	-1002.464	-1070.03	67.5666	0.6934887	0.7868846	1.905918
1032	-1000.248	-1067.632	67.38458	0.6899693	0.8987457	1.945348
1038	-1008.317	-1075.568	67.25177	0.7548032	1.104132	1.851918
1044	-1004.841	-1072.705	67.86369	0.8273221	1.104132	1.352598
1050	-1002.328	-1070.24	67.91207	1.025935	0.8611417	1.352598
1056	-999.4303	-1067.207	67.777	0.7940826	0.7502723	1.721911
1062	-999.8481	-1067.43	67.58161	0.8448259	0.8740484	1.721911
1068	-1001.527	-1068.587	67.05945	0.6657208	0.9970398	2.109314
1074	-1012.782	-1080.765	67.98294	1.200948	0.979368	1.030905
1080	-1006.976	-1074.773	67.79647	1.09033	0.889216	1.368565
1086	-1008.196	-1075.879	67.68293	1.228873	1.212073	1.082485
1092	-1005.607	-1072.856	67.24884	0.9220449	1.485611	1.51021
1098	-1000.244	-1067.857	67.613	1.035855	1.423009	1.165003
1104	-994.1534	-1061.946	67.79302	1.095763	0.8071448	1.439114
1110	-998.8071	-1065.884	67.07676	0.5866019	0.8071448	2.28243
1116	-999.4713	-1066.878	67.407	0.7208318	1.371481	1.606011
1122	-998.8627	-1066.501	67.63831	0.843609	1.218171	1.436145
1128	-1001.971	-1069.398	67.42621	0.794383	1.551804	1.436145
1134	-999.6611	-1067.26	67.59855	1.010226	1.266599	1.30385
1140	-1000.963	-1069.05	68.0874	1.07304	0.8054009	1.22291
1146	-997.9398	-1065.678	67.7382	0.9102003	1.030589	1.440358
1152	-1005.567	-1073.637	68.07	1.051723	0.8366342	1.225065
1158	-998.0313	-1064.909	66.87767	0.6220842	1.638436	1.908378
1164	-1006.753	-1073.463	66.71014	0.7203716	1.124931	2.221297
1170	-1005.603	-1072.245	66.64178	0.6775246	1.662962	2.018223
1176	-994.824	-1062.661	67.83682	0.9538119	0.7143547	1.597142
1182	-994.3044	-1061.848	67.54318	1.196982	1.020734	1.376718
1188	-991.503	-1059.344	67.8408	0.8819685	0.6725347	1.68535
1194	-991.3991	-1059.027	67.62821	1.094563	0.6725347	1.68535
1200	-998.1722	-1066.022	67.84939	0.9813663	0.6725347	1.607808
1206	-998.9362	-1066.118	67.1817	0.8656162	1.263145	1.726373
1212	-998.0593	-1066.148	68.0885	1.224298	0.7546857	1.143781
1218	-1004.735	-1072.291	67.55614	1.172147	1.0038	1.399113
1224	-1002.677	-1070.962	68.285	1.178859	0.6431353	1.138828
1230	-1006.209	-1074.109	67.9004	1.155545	0.7426442	1.369852
1236	-1008.715	-1076.822	68.10731	0.7591271	0.7426442	1.51494
1242	-1006.064	-1073.859	67.7959	0.9078037	1.208977	1.266292
1248	-1013.322	-1080.723	67.40186	0.9390551	1.11357	1.610561
1254	-1007.338	-1074.979	67.64101	1.093699	1.11357	1.310624
1260	-1005.579	-1073.286	67.7069	0.9982532	0.7238727	1.650131
1266	-1001.221	-1068.677	67.456	0.9396271	0.7555469	1.839384
1272	-1007.207	-1074.709	67.50195	1.439472	1.344398	0.9445536
1278	-1010.521	-1077.808	67.28635	1.04852	1.042502	1.663274
1284	-994.8164	-1062.783	67.9665	1.091874	0.7703637	1.340917
1290	-1000.805	-1068.878	68.07228	1.303777	1.035681	0.7432196
1296	-997.3087	-1065.276	67.96703	1.287467	0.7586016	1.190573
1302	-994.8902	-1062.725	67.83469	1.190549	1.241052	0.9459302
1308	-1000.195	-1068.442	68.24733	1.190549	0.7664302	1.013661
1314	-998.8533	-1066.724	67.87113	1.292499	1.265019	0.7517349
1320	-1002.629	-1070.31	67.68064	1.480049	1.214342	0.8153867
1326	-998.9659	-1066.951	67.98471	1.700695	0.8220848	0.4430027
1332	-1001.824	-1069.637	67.81302	2.038564	0.6285723	0.3192847
1338	-1003.987	-1071.546	67.55872	2.112845	0.6947769	0.2581638
1344	-1007.006	-1075.034	68.02825	1.975786	0.5778253	0.4387903
1350	-1010.713	-1078.297	67.58309	1.975786	0.9358777	0.4387903
1356	-1009.632	-1077.34	67.70792	2.117474	0.690749	0.3893995
1362	-1004.375	-1071.892	67.51724	1.922623	0.9507807	0.2994137
1368	-1005.431	-1073.07	67.63871	1.995607	0.7767935	0.2994137
1374	-1006.102	-1073.794	67.69171	2.17169	0.6061518	0.3027363
1380	-1008.471	-1076.103	67.63137	2.133975	0.6178313	0.2523307
1386	-1004.789	-1072.384	67.59578	1.556248	1.377968	0.5943385
1392	-1010.606	-1078.557	67.95056	1.366087	1.008941	0.8577078
1398	-1006.115	-1074.302	68.18749	1.18695	0.9273966	0.8878951
1404	-1003.681	-1071.146	67.46515	1.100578	1.750396	1.029301
1410	-999.3047	-1067.193	67.8883	0.8421042	0.9428659	1.445437
1416	-1000.242	-1067.239	66.99691	0.7890331	1.475911	1.791755
1422	-998.9322	-1066.846	67.91426	1.017909	0.8960247	1.3266
1428	-997.5755	-1065.208	67.63246	1.007273	1.066545	1.42035
1434	-1002.213	-1069.846	67.63261	1.069487	1.508676	1.058366
1440	-1005.187	-1072.948	67.7604	1.246299	1.304032	0.9090995
1446	-997.7332	-1065.592	67.85858	1.222749	1.205738	0.9181272
1452	-1002.219	-1070.59	68.37107	1.46349	0.6195567	0.7821562
1458	-1008.313	-1076.145	67.83201	1.431789	1.125945	0.7825429
1464	-1012.393	-1080.602	68.20962	1.384573	0.811958	0.7725492
1470	-1006.713	-1074.769	68.0555	1.367763	0.9958204	0.7310861
1476	-1010.341	-1078.754	68.41367	1.438018	0.575733	0.8430032
1482	-1000.325	-1068.4	68.07524	1.331367	0.8982568	0.8867846
1488	-1002.601	-1070.847	68.24654	1.221324	0.8193659	0.9172464
1494	-1005.777	-1073.81	68.03379	1.221324	0.8016322	1.144787
1500	-1009.22	-1076.929	67.70877	1.127718	1.087751	1.246772
1506	-1003.372	-1070.925	67.5531	1.127718	1.37024	1.172852
1512	-1000.179	-1068.303	68.1237	1.321739	0.8929374	0.8477432
1518	-999.9691	-1067.832	67.86301	1.373887	1.143786	0.7970979
1524	-998.4928	-1066.756	68.2634	1.219252	0.8472207	0.8639909
1530	-1003.75	-1071.428	67.67803	1.251538	1.424536	0.8887149
1536	-997.1101	-1065.258	68.14825	1.341773	0.8222151	0.8887149
1542	-1004.649	-1072.414	67.76464	1.297443	1.447718	0.6792819
1548	-1001.095	-1068.987	67.89231	1.371825	1.198365	0.6792819
1554	-1004.269	-1072.001	67.73244	1.317821	1.308116	0.854935
1560	-1006.09	-1073.093	67.00359	0.9900921	1.522944	1.620328
1566	-1002.11	-1070.287	68.17672	1.064785	0.8032305	1.155155
1572	-995.3925	-1062.775	67.38219	0.986978	0.8032305	1.818105
1578	-995.1674	-1062.233	67.06595	0.8728149	0.8032305	2.107051
1584	-994.9997	-1062.423	67.4231	0.9097511	0.6932388	1.935894
1590	-999.0118	-1067.184	68.17181	0.8519725	0.8179783	1.323373
1596	-999.9117	-1068.203	68.29106	1.226022	0.6028525	1.142208
1602	-1006.892	-1075.19	68.29844	1.105876	0.651717	1.180782
1608	-1003.526	-1071.536	68.01011	1.261289	0.7576488	1.176957
1614	-996.1345	-1063.892	67.75784	1.023947	1.169559	1.229999
1620	-995.8965	-1063.523	67.62626	0.7766814	0.7445038	1.843744
1626	-992.8412	-1061.016	68.17495	1.265992	0.7254304	1.059917
1632	-995.5127	-1063.326	67.81304	1.265992	0.7254304	1.368709
1638	-997.8129	-1065.828	68.01495	0.7923907	0.6983948	1.599997
1644	-999.4006	-1067.056	67.65503	0.8510062	0.8423254	1.690761
1650	-1003.36	-1070.591	67.23123	0.821419	1.345615	1.674838
1656	-999.9144	-1066.524	66.60936	0.3972145	1.102783	2.503223
1662	-1006.865	-1072.964	66.09964	0.4013049	0.9268716	2.9202
1668	-1000.516	-1067.109	66.59258	0.5182649	1.222969	2.370108
1674	-1001.223	-1068.342	67.11921	0.5984194	1.068499	2.068411
1680	-1004.132	-1070.934	66.80182	2.116698	1.608597	0.3264842
1686	-1006.886	-1074.198	67.31175	2.012789	1.146797	0.3753283
1692	-1003.523	-1071.401	67.87751	1.682554	0.9237785	0.4070826
1698	-1008.234	-1075.788	67.55453	1.718736	1.225248	0.4070826
1704	-997.824	-1065.436	67.61252	1.00198	0.7606769	1.682108
1710	-1004.176	-1072.049	67.87287	1.00198	1.05792	1.238353
1716	-993.9432	-1061.698	67.75499	1.188623	1.260645	1.012449
1722	-1001.125	-1068.666	67.541	1.424891	1.463394	0.808666
1728	-1004.507	-1072.421	67.91378	1.424891	1.067703	0.753097
1734	-1000.87	-1068.846	67.97581	0.795061	0.8350426	1.50395
1740	-1001.003	-1068.681	67.67751	1.02831	0.5271749	1.845082
1746	-996.8511	-1063.789	66.93815	0.7714652	1.19273	1.998586
1752	-998.6244	-1065.677	67.05282	0.4977838	1.19273	2.103726
1758	-1004.442	-1072.02	67.57805	0.3869166	1.119565	1.870617
1764	-1004.781	-1072.122	67.34108	0.3631265	1.008474	2.11557
1770	-999.6428	-1066.325	66.68258	0.3286752	1.11357	2.494053
1776	-1000.608	-1067.476	66.86854	0.5377718	1.52388	2.02519
1782	-1000.992	-1068.021	67.02943	0.4707656	1.07465	2.206524
1788	-996.3362	-1063.141	66.80454	0.7465655	0.9870141	2.22898
1794	-988.8103	-1056.102	67.29122	0.6727382	0.9870141	1.957655
1800	-1001.993	-1069.011	67.01735	0.7608012	0.8670684	2.164241
1806	-993.4069	-1060.917	67.5103	0.5930188	0.8009469	2.000066
1812	-996.6999	-1063.478	66.77769	0.4885453	1.530394	2.11443
1818	-993.7976	-1061.016	67.21843	0.4011178	0.9380176	2.217357
1824	-999.982	-1066.794	66.81213	0.3087132	0.88437	2.569086
1830	-1001.243	-1067.754	66.51127	0.2549066	0.88437	2.787152
1836	-999.2417	-1065.453	66.21101	0.418761	1.015503	2.787152
1842	-999.4716	-1066.3	66.82863	0.6941948	1.015503	2.228859
1848	-1000.775	-1068.114	67.33854	0.7204963	1.025173	1.867568
1854	-1003.713	-1071.036	67.32277	0.6784916	1.085318	1.867568
1860	-1001.707	-1067.884	66.17689	0.6491231	0.9665394	2.697299
1866	-1003.845	-1070.582	66.73756	0.7195361	1.130048	2.201102
1872	-1012.175	-1079.321	67.14526	0.6467063	0.8126952	2.195458
1878	-1001.208	-1068.626	67.41809	0.8398888	0.7401028	1.94594
1884	-1004.086	-1070.59	66.50409	0.6391807	1.26415	2.327328
1890	-1006.668	-1073.564	66.89632	0.5056551	1.051973	2.28364
1896	-991.8757	-1059.054	67.17873	0.6323468	0.6867662	2.28364
1902	-983.6991	-1050.752	67.05295	0.5468491	0.8244328	2.310204
1908	-994.9728	-1061.443	66.47036	0.6797287	1.214463	2.349858
1914	-986.6531	-1053.543	66.89011	0.4811351	1.214463	2.208191
1920	-986.4754	-1053.147	66.67204	0.5606324	1.214463	2.297244
1926	-995.0705	-1062.456	67.38575	0.3216023	0.9244796	2.169742
1932	-990.5089	-1057.509	66.99995	0.4844229	0.9391164	2.303402
1938	-986.6827	-1054.227	67.54399	0.6361547	0.8312545	1.924862
1944	-989.035	-1055.788	66.75315	0.4935689	1.419836	2.180763
1950	-991.0794	-1057.486	66.40633	0.5411165	0.9068695	2.661177
1956	-990.4217	-1057.717	67.29518	0.674978	1.097708	1.88087
1962	-996.5193	-1063.785	67.26591	0.9808847	0.9200056	1.812425
1968	-994.0659	-1061.179	67.11343	0.793634	1.731704	1.578563
1974	-995.0418	-1062.58	67.53871	0.8996204	1.002046	1.617486
1980	-996.5536	-1063.785	67.23164	0.9588433	1.133037	1.705494
1986	-999.0269	-1066.494	67.46725	0.9870549	1.361478	1.365668
1992	-997.8986	-1065.022	67.12304	1.034117	1.047145	1.78528
1998	-996.3271	-1063.959	67.63147	1.012839	0.8518951	1.583411
2004	-997.6793	-1066.022	68.34309	0.9584864	0.7010881	1.212446
2010	-990.8309	-1058.499	67.66803	1.149081	1.094314	1.257782
2016	-994.3081	-1062.281	67.97257	1.1704	0.9581889	1.090151
2022	-989.2358	-1056.936	67.70021	0.9796367	1.124762	1.346371
2028	-988.4265	-1056.179	67.75231	0.8626133	1.086128	1.425193
2034	-989.2264	-1056.347	67.121	0.5882604	1.086128	2.062931
2040	-990.9321	-1058.256	67.32411	0.9394646	0.9311658	1.792631
2046	-994.564	-1061.858	67.29352	0.8886338	0.9480757	1.836601
2052	-994.9388	-1062.264	67.32529	0.9125998	1.206259	1.625123
2058	-993.3279	-1060.522	67.19424	0.746948	0.7576405	2.141311
2064	-992.0072	-1059.183	67.17614	0.7331142	1.252712	1.828538
2070	-992.5838	-1060.24	67.65601	1.069447	1.049875	1.365947
2076	-993.127	-1061.144	68.01733	0.9319245	1.007707	1.216928
2082	-994.2273	-1062.443	68.21611	1.007031	0.7971247	1.177537
2088	-985.8505	-1053.361	67.51033	1.098159	1.271325	1.30088
2094	-986.715	-1054.22	67.50488	0.7389832	1.271325	1.58056
2100	-986.5648	-1053.549	66.98461	0.8105115	1.395258	1.827742
2106	-991.9379	-1058.629	66.69138	0.6821384	1.831864	1.907913
2112	-994.331	-1061.235	66.90434	0.4572961	1.044298	2.31415
2118	-1000.003	-1065.851	65.84714	0.2401407	1.044298	3.097025
2124	-997.7184	-1064.796	67.07784	0.1740421	1.044298	2.383864
2130	-998.16	-1065.062	66.90211	0.29541	1.283546	2.282376
2136	-1000.749	-1067.89	67.14131	0.6046537	0.991652	2.099222
2142	-999.5936	-1066.184	66.59023	0.1811192	1.244181	2.571601
2148	-997.9281	-1064.465	66.53694	0.3425919	0.8780184	2.722168
2154	-993.1452	-1059.636	66.49052	0.2219933	1.039624	2.722168
2160	-1003.194	-1070.052	66.85805	0.3395876	1.248792	2.300891
2166	-1001.054	-1067.966	66.91157	0.4431914	1.084676	2.293934
2172	-1004.558	-1071.672	67.11389	0.3672849	0.8600457	2.359925
2178	-997.2447	-1064.527	67.28186	0.5695342	1.069067	1.979214
2184	-998.6585	-1066.088	67.42943	0.6268221	0.7539156	2.068858
2190	-991.4861	-1059.041	67.55496	0.7048472	0.6917134	1.986261
2196	-996.1698	-1063.196	67.026	0.7906347	1.09477	1.986261
2202	-998.9375	-1066.015	67.07727	0.695203	0.9791846	2.090095
2208	-999.3735	-1066.663	67.28994	0.5321711	1.009057	2.037537
2214	-998.4911	-1064.463	65.97186	0.4990103	1.222877	2.767671
2220	-998.5542	-1065.034	66.47991	0.2974146	0.9035041	2.767671
2226	-988.7203	-1055.854	67.13376	0.3278735	0.9035041	2.342019
2232	-988.7605	-1056.228	67.46745	0.4511597	0.8995277	2.048797
2238	-994.8433	-1061.7	66.85667	0.6610665	1.02804	2.22419
2244	-995.1854	-1061.995	66.80978	0.5714494	1.174696	2.22419
2250	-995.5943	-1062.441	66.84674	0.661495	1.037776	2.22419
2256	-997.2624	-1064.722	67.46	0.5434123	0.8935957	1.996748
2262	-998.171	-1065.017	66.84564	0.6776748	1.75742	1.83817
2268	-993.3859	-1060.052	66.66658	0.7252087	0.8167408	2.447537
2274	-993.9634	-1061.385	67.4218	0.9656394	1.046524	1.62269
2280	-993.7469	-1060.757	67.00982	0.7936316	1.259851	1.896749
2286	-993.2398	-1060.413	67.17336	0.6513783	0.9756246	2.058043
2292	-992.8505	-1060.351	67.50036	0.6718427	0.9756246	1.823929
2298	-996.4371	-1063.879	67.44233	0.6890704	1.001731	1.83389
2304	-997.2691	-1064.325	67.05638	0.6847715	1.287531	1.923333
2310	-996.6914	-1063.633	66.94125	0.5607463	1.347352	2.050704
2316	-997.9701	-1065.297	67.32699	0.5632774	1.035949	1.974528
2322	-995.8072	-1062.867	67.05993	0.5659577	0.6639666	2.420573
2328	-993.4159	-1059.726	66.31056	0.5722224	1.348419	2.448538
2334	-1003.846	-1069.783	65.93696	0.2719104	0.7999048	3.179713
2340	-1010.626	-1077.492	66.86605	0.1941345	0.782678	2.678545
2346	-1001.404	-1067.018	65.61314	0.5127405	1.379723	2.899073
2352	-998.3255	-1065.055	66.72964	0.4226108	0.9012462	2.53814
2358	-994.5247	-1061.443	66.91799	0.6650198	0.9062215	2.262625
2364	-996.7778	-1063.612	66.83426	0.6623327	1.223082	2.121866
2370	-998.5895	-1065.253	66.66341	0.7038722	1.056027	2.303328
2376	-992.3839	-1059.533	67.14955	0.8107938	1.028266	1.932479
2382	-987.6066	-1054.653	67.04633	0.8764581	1.05651	1.939338
2388	-992.9955	-1059.74	66.74403	0.6234901	1.05651	2.30288
2394	-991.3453	-1058.755	67.40941	0.7828481	0.6627189	2.05681
2400	-991.1734	-1058.733	67.55934	0.5034749	0.8346829	2.000952
2406	-988.1335	-1055.44	67.30636	0.7010881	0.7086979	2.138261
2412	-991.5278	-1058.798	67.27031	0.6584575	0.7086979	2.189426
2418	-994.5109	-1062.145	67.63377	1.043512	0.7802505	1.620045
2424	-999.665	-1067.313	67.64786	1.187445	1.098258	1.239545
2430	-994.9217	-1062.011	67.0894	0.7172721	0.9546539	2.084149
2436	-995.3939	-1062.394	66.9999	0.7109835	0.948326	2.151145
2442	-990.7123	-1058.445	67.73289	0.7584912	0.729107	1.796078
2448	-991.8055	-1059.453	67.64738	0.8262429	0.7160364	1.819834
2454	-996.1274	-1062.945	66.81777	0.7572435	1.520122	1.913961
2460	-998.0376	-1065.103	67.06545	0.6633688	1.319555	1.913961
2466	-1000.899	-1067.775	66.87559	0.6938645	1.527783	1.913961
2472	-1000.675	-1068.008	67.33354	0.5846152	1.166736	1.873459
2478	-1000.214	-1067.738	67.52491	0.684854	1.140976	1.686717
2484	-1000.621	-1068.284	67.66335	0.8469103	1.140976	1.466521
2490	-995.8455	-1063.537	67.69123	0.7999945	0.9491758	1.618187
2496	-1004.453	-1071.859	67.40599	0.8552113	1.287361	1.558078
2502	-1003.201	-1070.26	67.05939	0.7936734	0.885361	2.102133
2508	-1004.365	-1072.219	67.85329	0.9927817	0.6439149	1.62491
2514	-994.7805	-1062.373	67.59254	0.8813639	0.9569076	1.62491
2520	-995.1153	-1062.778	67.66294	0.7648504	0.9569076	1.658072
2526	-993.3323	-1060.562	67.22938	0.6958952	1.000122	1.974759
2532	-1000.667	-1067.633	66.96536	0.8163984	1.044345	2.041351
2538	-997.2642	-1063.789	66.52463	0.5640462	1.713548	2.147677
2544	-995.632	-1062.934	67.30169	0.6828446	0.9277081	1.984923
2550	-993.981	-1061.355	67.37384	0.7636556	1.104056	1.76145
2556	-993.3484	-1060.801	67.45243	0.5421091	1.266422	1.76145
2562	-994.6392	-1061.315	66.67536	0.6592753	1.591309	2.04083
2568	-988.9737	-1055.806	66.83215	0.5571478	0.9979859	2.325577
2574	-993.2427	-1059.392	66.149	0.6767534	1.439349	2.439966
2580	-989.9065	-1056.854	66.94704	0.4954249	1.439349	2.04277
2586	-993.8323	-1060.516	66.68386	0.3970636	0.8354799	2.627677
2592	-987.7615	-1054.636	66.87458	0.5343378	1.01556	2.301913
2598	-987.1369	-1053.519	66.38239	0.558691	1.01556	2.595934
2604	-992.0376	-1058.465	66.42762	0.548703	0.9177914	2.636167
2610	-1003.605	-1070.716	67.11135	0.5983963	1.018116	2.105687
2616	-998.0837	-1065.748	67.66388	1.041529	1.178342	1.286917
2622	-999.1077	-1066.939	67.83171	0.9854206	1.264519	1.128188
2628	-995.5944	-1063.172	67.57719	0.9073641	0.9200679	1.645068
2634	-998.1328	-1065.927	67.79451	0.9040444	0.9200679	1.487841
2640	-998.3844	-1066.128	67.74359	1.172044	1.160691	1.120334
2646	-998.6172	-1066.762	68.14447	1.183396	0.6876416	1.205039
2652	-998.5081	-1066.18	67.67161	1.322114	1.066895	1.127923
2658	-1000.315	-1068.228	67.91225	1.101378	1.160678	1.028664
2664	-1006.366	-1074.063	67.69775	1.239141	1.248991	1.028664
2670	-1009.454	-1077.296	67.8424	1.345573	1.19827	0.7978489
2676	-1004.965	-1073.402	68.43713	1.44791	0.5667584	0.8180694
2682	-998.4519	-1066.598	68.14633	1.290182	0.9552743	0.7729712
2688	-1001.592	-1069.807	68.2145	1.333291	0.8774491	0.7309043
2694	-1011.342	-1079.928	68.58562	1.213391	0.4847775	1.052651
2700	-1012.56	-1080.409	67.84941	1.343757	1.226912	0.7557912
2706	-1006.647	-1074.586	67.93856	1.302304	1.016172	0.9353479
2712	-1013.53	-1080.816	67.2854	1.073829	2.008659	1.074335
2718	-1007.455	-1075.194	67.73954	0.7553905	1.528504	1.229801
2724	-1002.169	-1069.17	67.00097	0.8680665	1.521302	1.71025
2730	-1008.129	-1076.329	68.19975	0.9225059	0.9519125	1.115045
2736	-1003.8	-1071.17	67.37048	0.4430155	0.9519125	2.081526
2742	-1016.702	-1084.25	67.54851	1.082222	0.8069236	1.630788
2748	-1010.376	-1078.094	67.71786	0.8882384	0.7207023	1.723396
2754	-1005.736	-1074.36	68.62451	1.21645	0.5635654	0.8777227
2760	-996.4904	-1064.739	68.24888	1.201076	0.7575426	1.012477
2766	-1004.661	-1072.323	67.66196	1.155442	0.7438183	1.550247
2772	-999.7283	-1067.983	68.25452	1.095202	0.5819474	1.309607
2778	-998.1321	-1066.204	68.07145	0.9653686	1.090475	1.067897
2784	-995.0793	-1063.296	68.21691	0.9560549	0.8083071	1.209383
2790	-993.2812	-1061.17	67.88888	0.9548797	0.8448295	1.440319
2796	-1001.772	-1069.68	67.90783	0.9598877	0.7509461	1.506284
2802	-995.4541	-1061.859	66.40471	0.4531832	1.071168	2.614072
2808	-999.389	-1065.942	66.55291	0.6397113	1.071168	2.405036
2814	-1007.411	-1074.187	66.77577	0.6686267	1.144294	2.200954
2820	-1001.134	-1068.209	67.07493	0.5893118	1.216742	2.014908
2826	-993.958	-1061.337	67.37944	0.6069455	1.211111	1.799825
2832	-999.3051	-1067.152	67.84705	0.8173325	0.7993486	1.612906
2838	-996.7811	-1063.995	67.21344	0.8316785	1.386661	1.657072
2844	-999.8803	-1067.633	67.75279	0.8620106	0.6824538	1.752168
2850	-1001.036	-1068.331	67.2955	0.9504547	1.074331	1.704815
2856	-1003.851	-1071.636	67.78538	0.8507584	0.7582069	1.668843
2862	-1003.556	-1070.797	67.24073	1.007085	1.861632	1.250059
2868	-994.531	-1062.3	67.76908	0.8083233	1.030962	1.49394
2874	-999.5255	-1067.742	68.2164	0.9690324	0.7045578	1.305082
2880	-997.3935	-1065.144	67.75052	1.056951	0.9224266	1.402645
2886	-999.921	-1067.81	67.88882	1.034076	0.8184257	1.402645
2892	-1007.282	-1075.155	67.87339	0.893337	1.048636	1.334125
2898	-1004.844	-1072.721	67.87634	0.9235955	1.048636	1.307404
2904	-1005.527	-1073.044	67.51715	0.9979259	1.157368	1.451631
2910	-1007.163	-1074.641	67.47767	0.8573861	1.157368	1.585862
2916	-1011.212	-1079.057	67.84514	0.9481335	0.730334	1.580386
2922	-1003.878	-1071.922	68.04405	0.9094954	0.730334	1.460968
2928	-1001.699	-1069.233	67.5344	0.9219396	1.210153	1.460968
2934	-1004.368	-1071.05	66.68266	0.5809644	1.130038	2.325287
2940	-1005.52	-1073.144	67.6239	0.9776282	1.009044	1.492032
2946	-1002.743	-1070.499	67.75618	0.9535486	1.231104	1.245471
2952	-999.0444	-1066.733	67.68834	1.097114	1.147261	1.243679
2958	-998.3395	-1066.079	67.7396	1.111855	0.9471094	1.347692
2964	-1001.524	-1069.379	67.85466	0.7552324	0.8902891	1.577454
2970	-999.3754	-1066.866	67.49035	0.7011818	0.9247323	1.84699
2976	-998.3969	-1065.781	67.38425	0.7433751	0.9782583	1.852707
2982	-1008.966	-1076.883	67.91756	0.8963744	0.6136866	1.678436
2988	-999.487	-1066.982	67.49521	1.125426	1.573136	1.091185
2994	-1000.037	-1067.768	67.73106	0.8329802	1.160509	1.411856
3000	-1005.655	-1073.589	67.93339	0.6562915	1.033491	1.482834
3006	-1003.359	-1070.982	67.62245	1.253361	1.211346	1.116071
3012	-1001.737	-1069.75	68.01214	1.087236	0.6749181	1.404203
3018	-999.8978	-1067.782	67.88425	1.084742	0.740593	1.439354
3024	-1003.796	-1071.919	68.12276	1.189292	0.5006038	1.439354
3030	-1009.32	-1077.015	67.69516	1.045227	0.9403944	1.439779
3036	-1007.628	-1074.601	66.97226	0.6864932	1.563775	1.835459
3042	-1006.935	-1074.551	67.61597	1.900754	0.9228956	0.3417429
3048	-1008.33	-1075.957	67.6272	1.900754	0.9314409	0.3662949
3054	-1006.994	-1074.856	67.86253	1.129076	0.9292139	1.248955
3060	-1006.579	-1074.913	68.33406	1.1254	0.5581682	1.248955
3066	-1005.975	-1073.929	67.95346	1.213331	0.951389	1.074549
3072	-1002.169	-1069.585	67.41643	0.909714	1.115585	1.61991
3078	-998.8368	-1066.331	67.49457	0.8235703	1.069589	1.656641
3084	-998.6497	-1065.69	67.04067	0.8718802	1.279692	1.81071
3090	-1004.321	-1071.235	66.91487	0.6201525	1.279692	2.065236
3096	-1010.164	-1077.303	67.13864	0.6115299	1.289584	1.916094
3102	-1007.323	-1074.192	66.86957	0.5746012	0.9007507	2.355002
3108	-1010.255	-1077.275	67.01986	0.6763775	0.9007507	2.193432
3114	-1010.867	-1077.422	66.55516	0.6927387	1.377409	2.201301
3120	-1006.583	-1073.711	67.12794	0.7748412	0.8472099	2.097373
3126	-1001.761	-1069.308	67.54703	0.9456366	0.8006736	1.734251
3132	-1001.88	-1069.676	67.79605	1.055485	1.060152	1.256025
3138	-1001.057	-1068.889	67.83152	0.894308	1.060152	1.357852
3144	-1004.458	-1072.313	67.85419	0.6430815	0.8682613	1.676268
3150	-1000.536	-1068.355	67.81831	0.9896272	0.8682613	1.447603
3156	-1001.912	-1069.798	67.88607	1.088469	1.024655	1.180879
3162	-999.5422	-1067.12	67.57741	1.080808	1.175982	1.326827
3168	-996.7817	-1064.569	67.78751	1.138451	1.278614	1.015072
3174	-996.2803	-1064.17	67.88944	1.148099	1.300865	0.8770098
3180	-991.0374	-1058.836	67.79809	0.9813948	1.061071	1.314278
3186	-999.7412	-1067.467	67.72542	0.9371708	0.8089913	1.60598
3192	-1003.292	-1071.375	68.08279	0.7484517	0.8233894	1.468555
3198	-1003.092	-1070.891	67.799	0.8324155	0.8904181	1.56156
3204	-997.3596	-1065.095	67.7349	0.8965201	0.8904181	1.56156
3210	-999.7318	-1067.445	67.71354	0.805177	0.9377436	1.606918
3216	-1000.957	-1068.335	67.37812	0.7423116	1.159203	1.738217
3222	-998.5146	-1066.533	68.01835	1.060344	0.7898887	1.305719
3228	-998.5027	-1066.122	67.61881	0.9459752	0.6754786	1.793464
3234	-994.6786	-1062.308	67.62947	0.8389946	0.750458	1.793464
3240	-998.5673	-1066.574	68.00643	0.8199463	0.8260448	1.469922
3246	-998.2704	-1066.094	67.82322	0.8871869	1.27089	1.216621
3252	-988.7314	-1056.146	67.41454	0.4855271	0.9884145	1.999456
3258	-986.7556	-1053.551	66.79545	0.6016293	1.490558	2.04746
3264	-997.4802	-1065.107	67.62658	0.6404059	1.597431	1.375091
3270	-984.9301	-1052.718	67.78781	0.910641	0.9273458	1.482098
3276	-989.5543	-1057.077	67.52231	0.860708	0.9273458	1.711879
3282	-985.6992	-1053.392	67.69319	0.8659988	0.9273458	1.585426
3288	-984.7209	-1052.611	67.88971	0.8856637	0.9273458	1.423449
3294	-986.6447	-1054.025	67.38071	0.8415701	0.9968842	1.774383
3300	-998.9712	-1066.799	67.82829	0.8873746	0.9968842	1.414271
3306	-994.566	-1062.435	67.86885	0.8058087	0.9968842	1.445793
3312	-997.8099	-1065.439	67.62957	0.7546758	0.8660534	1.757735
3318	-1003.49	-1070.949	67.45939	0.5849727	0.8070344	2.0345
3324	-999.1248	-1066.596	67.47126	0.8915234	1.008869	1.666907
3330	-997.373	-1064.934	67.56121	0.8947011	1.061199	1.562503
3336	-1003.314	-1070.865	67.55083	0.7486379	1.061199	1.675696
3342	-999.316	-1066.673	67.35662	0.4595517	0.6884709	2.278935
3348	-999.9661	-1066.819	66.85261	0.7621397	1.730869	1.787008
3354	-994.168	-1061.517	67.3491	0.561845	0.8634851	2.079985
3360	-1002.722	-1070.563	67.84089	0.9918798	0.6419809	1.636428
3366	-996.6194	-1064.59	67.97111	0.9586022	0.6308035	1.577372
3372	-996.2094	-1063.886	67.67644	0.8817317	0.9387703	1.577372
3378	-999.7978	-1067.227	67.42876	0.6366553	0.8040701	2.022841
3384	-998.4331	-1066.06	67.62704	0.6897326	0.9259929	1.759412
3390	-995.8373	-1063.587	67.74942	0.5139258	0.9552375	1.775322
3396	-992.9637	-1060.498	67.53467	0.7609848	1.175232	1.602975
3402	-998.162	-1065.823	67.6606	0.8949711	1.167219	1.413777
3408	-997.0708	-1064.853	67.78264	0.8138643	1.371009	1.244255
3414	-992.8202	-1060.316	67.49546	0.9604117	1.068602	1.557336
3420	-995.6028	-1061.786	66.18351	0.6494041	0.9659387	2.693439
3426	-991.4782	-1058.064	66.58605	0.5133378	1.3847	2.293141
3432	-999.7444	-1066.918	67.17365	0.8276867	0.9077519	1.98792
3438	-991.616	-1059.346	67.7301	0.9627722	0.8978645	1.509995
3444	-992.7059	-1060.601	67.89532	0.7713221	0.8978645	1.52954
3450	-996.4757	-1064.352	67.87607	0.7905748	0.8978645	1.52954
3456	-986.7856	-1054.293	67.50743	0.7147226	0.9576995	1.802139
3462	-987.154	-1054.224	67.06961	0.8060818	1.055208	1.97182
3468	-996.6761	-1063.693	67.01714	0.691332	0.834748	2.23293
3474	-1002.214	-1069.699	67.48443	0.6226869	1.196873	1.724175
3480	-987.7115	-1054.995	67.28307	0.4090528	1.003719	2.126576
3486	-992.2541	-1058.695	66.44055	0.4510857	1.157602	2.543718
3492	-999.684	-1067.245	67.56093	0.4375639	1.00693	1.920941
3498	-992.6869	-1060.476	67.789	0.4941051	0.7516945	1.919281
3504	-991.8434	-1059.154	67.31045	0.6772279	0.8239141	2.059009
3510	-995.2397	-1062.496	67.25612	0.5827707	0.9603834	2.059009
3516	-996.7722	-1063.082	66.30944	0.6594716	1.821742	2.180081
3522	-996.926	-1064.05	67.12437	0.5482998	1.047681	2.111072
3528	-1003.216	-1070.537	67.32113	0.8460649	0.96209	1.836912
3534	-1005.42	-1073.158	67.73813	0.7424295	1.343553	1.356182
3540	-997.5049	-1065.254	67.74914	0.9720252	0.901122	1.486115
3546	-997.0378	-1064.936	67.89837	0.9450736	1.103945	1.228251
3552	-995.6258	-1063.215	67.58958	0.9601058	0.629805	1.846984
3558	-995.3103	-1062.727	67.41656	0.7825658	0.7329687	1.991379
3564	-995.7429	-1062.536	66.79309	0.4614934	1.415017	2.178058
3570	-1003.124	-1070.53	67.40516	0.4346015	1.190434	1.9125
3576	-1003.582	-1070.789	67.20628	0.4332241	1.436202	1.9125
3582	-1003.555	-1070.784	67.22848	0.5336585	1.281526	1.9125
3588	-1000.886	-1068.104	67.21834	0.7268297	1.186685	1.84291
3594	-1002.579	-1068.954	66.37528	0.8160792	1.387312	2.232805
3600	-1001.657	-1069.553	67.89583	1.728137	0.8615609	0.3991138
3606	-1007.067	-1075.178	68.11094	1.732142	0.676745	0.6318215
3612	-1007.649	-1075.794	68.14455	1.614157	0.7422018	0.6318215
3618	-1004.587	-1072.769	68.18166	1.645156	0.7117877	0.5039888
3624	-1000.956	-1068.831	67.87499	1.239394	0.9103803	1.161137
3630	-993.3017	-1061.306	68.00421	1.139842	0.6762921	1.367824
3636	-991.7329	-1059.735	68.00202	0.9676614	0.6762921	1.501692
3642	-998.6544	-1066.341	67.68642	0.8231169	0.6762921	1.830865
3648	-993.4801	-1061.046	67.56631	0.8637318	1.027593	1.605178
3654	-998.8439	-1066.203	67.35922	0.9300272	0.7755795	1.895346
3660	-999.901	-1067.178	67.27702	0.7365396	0.9614663	1.941821
3666	-1000.108	-1067.479	67.3713	0.8906538	1.107267	1.67153
3672	-1003.275	-1070.895	67.61972	1.107083	1.406733	1.106539
3678	-1003.922	-1071.735	67.81262	1.042163	0.7015991	1.562253
3684	-1007.008	-1074.249	67.24144	0.7557723	1.397468	1.685259
3690	-1002.786	-1070.097	67.3102	0.7486654	0.9227471	1.938578
3696	-998.5812	-1065.648	67.06674	0.6203983	1.297015	1.954464
3702	-1001.279	-1068.596	67.31685	0.7058173	1.419904	1.654747
3708	-996.1287	-1064.016	67.88706	0.774404	0.7020619	1.701225
3714	-996.2002	-1063.619	67.41917	0.8097905	0.8725134	1.860092
3720	-991.8135	-1059.347	67.53309	0.6852908	0.7543467	1.960672
3726	-993.0294	-1059.876	66.84689	0.5068981	1.458632	2.091668
3732	-997.2395	-1063.246	66.00615	0.3962896	1.063698	2.896683
3738	-999.0179	-1065.009	65.99083	0.4191966	1.055781	2.896683
3744	-992.1725	-1058.976	66.80332	0.5791295	0.7954691	2.469071
3750	-990.0374	-1056.675	66.63784	0.7537435	1.156107	2.228198
3756	-994.4689	-1061.503	67.03394	0.5551021	0.9447928	2.232457
3762	-992.3513	-1059.008	66.65625	0.648146	1.248695	2.232457
3768	-991.7581	-1057.639	65.88107	0.4503176	0.862971	3.063678
3774	-986.4916	-1052.966	66.4742	0.5107461	1.109055	2.513098
3780	-989.3842	-1056.535	67.15045	0.5301394	1.073893	2.089419
3786	-991.4157	-1057.631	66.21529	0.5342999	1.100659	2.663783
3792	-998.3623	-1065.175	66.81304	0.2728104	1.100659	2.454803
3798	-1002.147	-1069.249	67.10196	0.1782583	0.9061802	2.454803
3804	-995.7546	-1062.913	67.15877	0.1064765	1.231744	2.266884
3810	-997.2959	-1063.425	66.12906	0.08801513	1.231744	2.917051
3816	-991.1721	-1058.036	66.8636	0.1582072	1.068416	2.513882
3822	-991.5269	-1058.516	66.98934	0.3565674	1.033177	2.331057
3828	-996.9627	-1063.678	66.71518	0.2899266	1.358522	2.366272
3834	-1000.669	-1067.41	66.74114	0.3730711	0.8307337	2.610467
3840	-996.8343	-1063.26	66.42585	0.499398	1.183445	2.508455
3846	-999.4593	-1066.228	66.76909	0.5544343	1.377812	2.152004
3852	-990.428	-1057.384	66.95624	0.7467379	1.023207	2.106838
3858	-990.0456	-1057.322	67.27595	0.7507848	0.686361	2.144686
3864	-1003.769	-1070.316	66.54653	0.6586827	1.380029	2.227538
3870	-992.1463	-1059.148	67.00149	0.5442017	1.240747	2.079749
3876	-997.9564	-1064.662	66.70561	0.4508264	1.182316	2.363625
3882	-995.4084	-1062.226	66.818	0.5122996	1.182316	2.252645
3888	-997.7071	-1064.75	67.04266	0.5355248	0.925283	2.252645
3894	-998.9566	-1065.475	66.518	0.2509317	1.121963	2.639741
3900	-994.4536	-1061.461	67.00782	0.1008927	1.330284	2.314742
3906	-991.1837	-1058.387	67.20302	0.1607654	1.023167	2.325914
3912	-986.2289	-1053.492	67.26341	0.1826926	1.019967	2.275341
3918	-984.6636	-1051.649	66.98577	0.1549546	1.019967	2.468835
3924	-987.0178	-1053.936	66.91784	0.4324639	0.7649385	2.512144
3930	-989.292	-1056.174	66.88195	0.5140677	1.118431	2.247358
3936	-991.5723	-1058.122	66.54958	0.543543	1.008705	2.505602
3942	-991.3768	-1058.664	67.28701	0.6414832	1.008705	1.966874
3948	-990.3641	-1057.234	66.86983	0.8009383	1.154676	2.046785
3954	-985.7455	-1053.162	67.416	0.8035738	0.692421	2.012467
3960	-988.6277	-1055.591	66.96298	0.6439524	1.431116	1.93711
3966	-992.4967	-1059.357	66.86001	0.8183114	0.8000006	2.278235
3972	-990.1502	-1056.853	66.70308	0.5808497	1.1897	2.278235
3978	-998.7655	-1065.827	67.06176	0.5462343	0.8612434	2.278235
3984	-994.0407	-1061.771	67.7302	0.966595	1.023905	1.408122
3990	-991.3325	-1058.988	67.65559	1.001426	0.8170277	1.603225
3996	-992.1554	-1058.887	66.73167	0.6770199	1.406046	2.081876
4002	-996.4831	-1063.076	66.59279	0.3406423	1.406046	2.388121
4008	-997.2317	-1063.535	66.3037	0.6055458	1.229439	2.49351
4014	-995.6992	-1062.092	66.3926	0.4604142	1.404788	2.43945
4020	-990.3215	-1056.613	66.29186	0.3648249	1.287545	2.620146
4026	-996.5676	-1064.131	67.56295	0.3205	1.125326	1.922383
4032	-987.9261	-1054.834	66.90822	0.5811361	1.125326	2.183001
4038	-986.3131	-1052.776	66.46292	0.5115625	1.116196	2.515513
4044	-991.7593	-1058.608	66.84842	0.3317978	0.9089722	2.515513
4050	-990.4055	-1057.693	67.28743	0.410989	0.9089722	2.18628
4056	-994.1756	-1061.344	67.16807	0.6225089	0.9799807	2.077651
4062	-993.7415	-1060.617	66.87544	0.4660644	1.211866	2.228831
4068	-993.5848	-1060.419	66.83444	0.5829896	1.207431	2.182226
4074	-994.783	-1062.519	67.73562	0.9783044	0.8640229	1.522041
4080	-993.1633	-1061.241	68.07731	1.110797	0.8640229	1.140786
4086	-994.2538	-1062.529	68.27531	1.071113	0.704035	1.17051
4092	-994.3565	-1062.247	67.89042	0.9565047	0.704035	1.565709
4098	-995.3711	-1062.632	67.26123	0.7274555	1.480187	1.646528
4104	-996.1375	-1063.133	66.99592	0.5282451	1.271936	2.076644
4110	-999.4697	-1066.421	66.95142	0.3252514	1.029648	2.377202
4116	-994.9809	-1061.984	67.00338	0.1591102	0.8205337	2.587863
4122	-991.2125	-1057.732	66.51947	0.1566423	0.9885318	2.77532
4128	-993.6964	-1060.53	66.83353	0.1339047	1.176868	2.485714
4134	-999.3693	-1066.951	67.58219	0.88068	0.9753876	1.619179
4140	-1005.307	-1072.928	67.6208	0.7919117	1.012091	1.628775
4146	-1001.924	-1069.439	67.51481	0.9387642	1.278357	1.418796
4152	-999.319	-1066.866	67.54752	0.5554636	0.7970134	2.003387
4158	-1007.805	-1074.858	67.05246	0.6297834	1.11114	2.065382
4164	-1012.115	-1079.405	67.29089	0.5764537	1.22307	1.874525
4170	-995.5807	-1062.583	67.00242	0.2330307	1.013105	2.413535
4176	-999.3673	-1066.247	66.87944	0.2930821	1.078169	2.413535
4182	-995.9053	-1062.65	66.74456	0.2814897	1.082171	2.503104
4188	-996.361	-1063.082	66.721	0.4282261	1.082171	2.425838
4194	-1008.827	-1075.01	66.1823	0.2967993	1.082171	2.839651
4200	-995.5745	-1063.363	67.78903	0.990433	0.9548578	1.397978
4206	-996.6089	-1064.155	67.54632	1.075112	0.9548578	1.518269
4212	-1005.459	-1073.48	68.0216	1.000588	0.9548578	1.200456
4218	-1002.176	-1069.905	67.72871	1.254774	0.9548578	1.233309
4224	-1000.013	-1067.656	67.64287	0.8765661	1.170407	1.439408
4230	-998.5934	-1066.233	67.63957	0.9415231	0.838869	1.639941
4236	-1001.242	-1068.636	67.39423	0.8348055	1.192831	1.639941
4242	-1001.341	-1068.828	67.48737	0.7722791	1.158242	1.639941
4248	-1001.948	-1069.117	67.16898	0.7321702	0.9177337	2.047412
4254	-999.4687	-1066.831	67.36207	0.6427291	0.7329158	2.11983
4260	-1000.834	-1067.347	66.51274	0.7900517	1.659334	2.03082
4266	-1001.607	-1068.124	66.51648	0.5490148	0.8947053	2.596411
4272	-991.9541	-1058.906	66.95227	0.8254508	0.8947053	2.144744
4278	-992.2307	-1060.092	67.86144	1.054883	0.7976172	1.426583
4284	-984.9194	-1052.927	68.00803	0.8477732	0.9791103	1.317872
4290	-997.1541	-1064.929	67.77484	0.8477732	0.8060789	1.637349
4296	-1005.652	-1073.043	67.39072	0.7023336	1.188843	1.739006
4302	-997.0017	-1064.249	67.24742	0.5315598	0.7600957	2.244423
4308	-1002.49	-1069.453	66.96369	0.3745401	0.8654345	2.446382
4314	-1004.223	-1069.906	65.68272	0.4295437	1.132722	3.03252
4320	-999.6574	-1066.317	66.65992	0.3500051	0.6990333	2.773307
4326	-1000.971	-1067.54	66.56874	0.1632417	0.989569	2.740559
4332	-998.9382	-1065.331	66.3932	0.1578632	1.121683	2.773521
4338	-1010.59	-1076.977	66.38713	0.1817734	1.102367	2.773521
4344	-1008.796	-1075.046	66.24998	0.2730409	1.152768	2.773417
4350	-1001.549	-1068.762	67.21316	0.4778155	0.8355516	2.243603
4356	-1008.075	-1075.091	67.01526	0.8258878	0.9462893	2.067164
4362	-1010.724	-1077.251	66.52638	0.6583568	1.241374	2.31314
4368	-1008.135	-1075.498	67.36343	0.8354573	0.9849903	1.798938
4374	-1003.592	-1071.342	67.75085	0.9403861	1.042846	1.39808
4380	-997.1364	-1065.169	68.03247	1.112434	0.7135957	1.328357
4386	-995.367	-1063.431	68.06428	0.9543564	0.724344	1.416898
4392	-997.5223	-1065.139	67.61691	0.6616942	0.8094846	1.87517
4398	-1001.765	-1068.604	66.83922	0.4039431	1.647579	2.075526
4404	-995.5782	-1062.147	66.56894	0.6175094	1.08837	2.398684
4410	-995.1843	-1061.7	66.51556	0.3936296	1.197324	2.510885
4416	-991.2674	-1057.852	66.5844	0.6015347	0.9676983	2.473422
4422	-989.2085	-1056.429	67.22036	0.541114	1.006059	2.079554
4428	-1000.113	-1067.793	67.68015	0.8294748	0.9970164	1.569201
4434	-989.0795	-1056.308	67.22823	1.081942	1.535135	1.375921
4440	-994.8769	-1061.97	67.09309	0.9996457	1.888578	1.362258
4446	-996.8799	-1064.363	67.48299	0.941777	1.135177	1.534582
4452	-999.381	-1066.696	67.31483	1.125971	1.401787	1.351403
4458	-995.0785	-1062.876	67.79787	1.181325	1.106679	1.107254
4464	-989.0827	-1056.945	67.86194	1.241149	1.200375	0.8991223
4470	-997.1082	-1064.8	67.6915	1.19891	0.9503044	1.313827
4476	-991.493	-1058.968	67.47537	1.052608	1.226865	1.394769
4482	-994.0567	-1061.472	67.41579	0.9881933	1.234433	1.484805
4488	-997.121	-1064.964	67.84257	0.9385171	0.5587665	1.758866
4494	-993.2971	-1060.415	67.11826	0.783998	1.276831	1.819451
4500	-996.5211	-1063.493	66.97215	0.5481633	1.17619	2.133077
4506	-1007.21	-1073.679	66.46953	0.7473836	0.8775982	2.513917
4512	-1007.256	-1073.507	66.25101	0.3116036	0.8775982	2.915098
4518	-1007.587	-1073.872	66.28491	0.3283026	0.8775982	2.884527
4524	-998.8326	-1066.27	67.43773	0.3814011	1.197102	1.922511
4530	-997.9	-1064.838	66.93828	0.8543852	1.140554	1.974126
4536	-992.3267	-1059.484	67.15694	0.6846851	1.140554	1.941253
4542	-998.6059	-1066.182	67.57567	0.7049009	0.7417233	1.929351
4548	-988.3882	-1055.389	67.00081	0.6610891	0.8329307	2.264214
4554	-990.0686	-1056.809	66.74082	0.8477694	1.280289	2.029468
4560	-997.8794	-1065.104	67.22464	0.8295078	1.120763	1.808629
4566	-998.7352	-1064.986	66.25113	0.5475224	1.414389	2.468945
4572	-999.7143	-1065.633	65.91892	0.5168879	1.376345	2.712098
4578	-994.4709	-1062.199	67.72833	0.6956405	0.8995669	1.70394
4584	-998.8908	-1066.969	68.07795	0.8118019	0.9173575	1.342164
4590	-995.5089	-1062.978	67.46947	0.9744457	1.233217	1.455338
4596	-990.7575	-1058.159	67.4019	0.820573	1.414715	1.511598
4602	-991.9809	-1059.252	67.27075	0.7030284	0.9845019	1.952764
4608	-987.6563	-1054.763	67.10645	0.471412	1.046522	2.17364
4614	-991.8043	-1059.354	67.54952	0.630204	0.7831537	1.963119
4620	-996.2052	-1063.461	67.25602	0.6526497	0.8989079	2.055811
4626	-1001.628	-1069.602	67.97446	0.7689662	0.7256677	1.620929
4632	-995.7577	-1063.68	67.9219	1.013132	1.037995	1.203675
4638	-994.969	-1062.543	67.57359	0.9309103	1.037995	1.543175
4644	-995.9693	-1063.398	67.42913	0.9871443	1.276022	1.448921
4650	-990.9368	-1058.708	67.77096	0.8838464	1.012701	1.448921
4656	-998.1784	-1065.451	67.27237	1.098254	1.849478	1.151274
4662	-990.278	-1058.194	67.91562	1.096793	0.9609548	1.203431
4668	-994.1389	-1062.149	68.00957	1.092234	0.7269248	1.349193
4674	-994.8053	-1062.988	68.18251	1.140703	0.5943852	1.316203
4680	-997.9588	-1065.534	67.57467	0.8984173	1.116309	1.511459
4686	-996.3728	-1064.067	67.69453	0.8984173	1.103914	1.429317
4692	-996.4268	-1064.357	67.9299	0.866031	1.079063	1.287031
4698	-994.5301	-1062.463	67.9326	1.075763	0.8923712	1.267839
4704	-986.821	-1054.511	67.68957	1.018238	1.202098	1.267839
4710	-994.3418	-1061.938	67.59606	1.120722	0.8224526	1.55489
4716	-992.4427	-1060.634	68.19124	1.191385	0.7534522	1.081748
4722	-1001.857	-1069.499	67.64136	1.273785	1.349676	0.9676906
4728	-1002.549	-1071.059	68.51045	1.157971	0.5167427	1.124599
4734	-998.6279	-1066.639	68.01087	0.9036117	0.8636726	1.368958
4740	-995.4531	-1063.339	67.88629	1.066385	1.099121	1.137498
4746	-998.7483	-1066.68	67.93195	0.9513291	0.8502571	1.405122
4752	-995.6215	-1063.48	67.85813	0.8421573	0.8110016	1.576783
4758	-985.9453	-1054.015	68.06997	0.8056502	0.6803948	1.567407
4764	-996.9864	-1064.831	67.84473	0.8942343	0.8458147	1.518636
4770	-996.7327	-1064.318	67.58509	0.9105515	1.081771	1.518636
4776	-998.8311	-1066.475	67.64354	0.8141469	1.212077	1.45868
4782	-997.845	-1065.164	67.31908	0.865503	1.18545	1.676397
4788	-998.8712	-1066.371	67.49985	0.9118073	1.18545	1.510887
4794	-999.9084	-1067.719	67.81055	1.129576	1.18545	1.077733
4800	-998.7642	-1066.803	68.03897	1.254155	0.877745	1.029202
4806	-999.7517	-1068.135	68.38307	1.195359	0.4011105	1.370045
4812	-996.3808	-1063.873	67.49202	1.136657	1.181275	1.346692
4818	-993.7895	-1061.711	67.92118	0.8362501	1.088721	1.31094
4824	-988.8478	-1056.797	67.94888	0.9705624	1.023121	1.22926
4830	-991.5736	-1058.552	66.97817	0.9799827	1.178363	1.839031
4836	-992.0311	-1059.599	67.56831	0.6881832	0.8896716	1.828273
4842	-992.217	-1059.726	67.5087	0.9329029	0.6270222	1.923196
4848	-999.9156	-1067.66	67.74386	0.8450191	1.014192	1.497704
4854	-995.579	-1063.121	67.54251	0.8249187	1.125436	1.583329
4860	-990.3764	-1057.008	66.63181	0.5356774	1.125436	2.388961
4866	-991.5603	-1058.522	66.96181	0.4527491	1.030073	2.289185
4872	-997.5447	-1064.479	66.93425	0.1908449	0.970904	2.509422
4878	-1001.057	-1067.712	66.65505	0.2019917	1.669619	2.315891
4884	-1002.256	-1069.359	67.10242	0.2080787	1.173726	2.270229
4890	-1003.27	-1069.436	66.16646	0.1912431	1.153307	2.873573
4896	-999.5881	-1066.571	66.98301	0.1205764	1.103662	2.441909
4902	-997.2652	-1063.674	66.40917	0.12911	1.103662	2.791451
4908	-993.0115	-1059.972	66.96057	0.1462746	1.171389	2.40112
4914	-988.4966	-1055.393	66.89645	0.2361247	1.200044	2.368904
4920	-998.7411	-1065.354	66.61296	0.2473025	0.790046	2.795463
4926	-996.534	-1063.537	67.00279	0.1349108	1.003967	2.480667
4932	-1002.245	-1069.882	67.63686	0.9265866	0.8500661	1.643499
4938	-1009.487	-1077.448	67.96062	0.5242205	1.059503	1.542364
4944	-1007.118	-1074.941	67.8226	0.9818567	1.165441	1.213918
4950	-1013.683	-1081.76	68.07727	1.569544	0.6769382	0.9149659
4956	-1001.504	-1069.968	68.4636	1.605012	0.4096255	0.9149659
4962	-1007.053	-1075.024	67.97113	1.038649	0.9224604	1.239745
4968	-1007.619	-1075.175	67.5561	1.007246	1.169729	1.40602
4974	-1001.848	-1069.77	67.92214	1.191009	0.9444315	1.130268
4980	-1008.253	-1076.315	68.062	1.151575	0.8518009	1.130268
4986	-1003.003	-1070.58	67.57731	1.200775	1.176401	1.228012
4992	-995.3471	-1063.213	67.86626	1.200775	1.176401	0.9608926
4998	-1002.696	-1070.86	68.16423	1.095865	0.9453216	0.9901646
5004	-997.6115	-1065.507	67.895	0.8227204	0.720094	1.644555
5010	-994.5246	-1062.188	67.66321	0.7314734	0.720094	1.870425
5016	-994.7587	-1061.606	66.84736	0.6103265	1.306165	2.101776
5022	-989.5207	-1056.595	67.07434	0.3902764	0.8067818	2.409001
5028	-994.2465	-1061.182	66.9351	0.3273857	0.8914219	2.475944
5034	-993.2581	-1059.405	66.14667	0.4348189	1.112173	2.760298
5040	-993.3428	-1059.197	65.85388	0.4577457	1.435154	2.760298
5046	-995.1035	-1062.113	67.00975	0.3956349	1.026598	2.297228
5052	-994.3665	-1060.462	66.09553	0.35515	1.584897	2.607597
5058	-992.2573	-1058.866	66.60904	0.6359362	0.905578	2.477311
5064	-989.5552	-1056.354	66.79839	0.7032456	1.316444	2.06736
5070	-994.6951	-1062.134	67.43904	0.6313991	0.9116991	1.938718
5076	-1000.236	-1067.474	67.2379	0.6621585	1.375071	1.765963
5082	-998.7637	-1066.151	67.38767	0.8483296	0.9952533	1.765963
5088	-998.4865	-1066.327	67.84103	0.8612738	0.6049287	1.765963
5094	-999.2476	-1066.811	67.56345	0.8141594	0.8454038	1.778532
5100	-995.9728	-1063.162	67.18936	0.751308	1.157805	1.86353
5106	-997.5091	-1063.537	66.02799	0.4336344	0.9791619	2.911212
5112	-1000.715	-1067.317	66.60245	0.5618624	1.059143	2.430111
5118	-1002.025	-1068.981	66.95507	0.2369909	0.8580538	2.542948
5124	-1000.797	-1066.672	65.8746	0.3025893	1.110704	3.005714
5130	-1002.813	-1069.449	66.63592	0.3469664	0.9766195	2.594229
5136	-998.1666	-1065.093	66.92645	0.587969	1.088417	2.188918
5142	-991.7051	-1058.918	67.21257	0.7274814	1.068527	1.919943
5148	-987.563	-1054.588	67.02456	0.772122	0.9418739	2.099451
5154	-993.2388	-1060.475	67.23652	0.5601638	0.9418739	2.099451
5160	-991.0411	-1058.176	67.1354	0.8389861	0.9696179	1.962529
5166	-996.4049	-1063.025	66.6197	0.6375585	0.9696179	2.427377
5172	-995.5734	-1062.642	67.06839	0.9438516	1.225994	1.77297
5178	-997.7457	-1065.528	67.78217	0.9150206	0.9043658	1.501501
5184	-1002.129	-1070.057	67.92852	1.015066	0.9988015	1.229239
5190	-1001.647	-1069.485	67.83773	0.7766105	0.6676423	1.766314
5196	-1002.989	-1070.631	67.64153	0.7520148	0.7497258	1.845745
5202	-1000.782	-1068.12	67.3375	0.8818789	1.543795	1.441472
5208	-1009.016	-1075.783	66.76734	0.9146773	2.103	1.578126
5214	-1002.104	-1069.581	67.47643	0.9435403	1.076595	1.578126
5220	-1001.559	-1069.511	67.95141	0.8106621	1.080086	1.313749
5226	-994.3282	-1062.16	67.83163	0.8911326	0.8846057	1.498432
5232	-1001.317	-1069.19	67.87261	0.6913701	0.7073469	1.76492
5238	-1001.747	-1068.854	67.10741	0.6118668	1.491689	1.82973
5244	-1003.256	-1070.641	67.3854	0.7287346	1.082454	1.791761
5250	-994.22	-1061.49	67.27053	0.7640872	1.296134	1.716041
5256	-993.1565	-1060.818	67.66156	0.8795373	0.9016889	1.618512
5262	-991.4407	-1059.087	67.64645	1.015222	0.9016889	1.530159
5268	-993.4816	-1060.681	67.19952	0.9193218	0.6755383	2.093812
5274	-995.4246	-1062.531	67.10645	0.8415471	1.399324	1.719081
5280	-1000.789	-1068.022	67.23363	0.7143653	1.399324	1.719081
5286	-996.9325	-1063.623	66.69017	0.6671952	1.819663	1.924041
5292	-997.8333	-1064.452	66.61904	0.8250714	0.9632456	2.313113
5298	-997.1173	-1064.375	67.25768	0.8977303	1.429123	1.553188
5304	-998.7827	-1066.005	67.2224	0.9317331	1.501164	1.514167
5310	-992.1903	-1059.557	67.36656	0.9610824	1.054697	1.660024
5316	-995.7674	-1063.388	67.62018	0.6743742	1.342895	1.499769
5322	-995.0694	-1062.112	67.04254	0.8850913	1.285373	1.797022
5328	-1000.849	-1067.974	67.12506	0.9556075	1.472845	1.583865
5334	-1002.501	-1070.11	67.60924	0.8250105	1.050084	1.586192
5340	-1006.408	-1074.141	67.73311	0.8486803	0.9735744	1.53344
5346	-1004.174	-1071.733	67.55892	0.6412968	0.8897886	1.866765
5352	-1004.951	-1072.713	67.7625	0.7888196	0.8897886	1.620468
5358	-1004.769	-1072.153	67.38483	0.8109725	1.165005	1.681296
5364	-1004.082	-1071.506	67.42476	0.9986598	0.7475204	1.82709
5370	-1005.201	-1072.773	67.57228	0.5237394	0.8589901	1.960337
5376	-1007.527	-1074.035	66.50773	0.5727961	0.9304001	2.563381
5382	-1000.858	-1067.522	66.66421	0.4269311	1.283725	2.350116
5388	-999.5976	-1066.546	66.94806	0.3973539	1.188852	2.239227
5394	-999.0463	-1065.649	66.60294	0.3605695	1.463666	2.34129
5400	-1000.137	-1067.058	66.92083	0.368191	1.328369	2.199918
5406	-995.1168	-1062.105	66.9885	0.4920747	1.192734	2.149503
5412	-999.7134	-1067.271	67.55777	0.3277414	0.8764454	2.087259
5418	-998.4976	-1066.019	67.52144	0.5283744	0.8628578	1.988383
5424	-1005.798	-1073.43	67.6313	0.1058878	0.9709565	2.118734
5430	-1000.999	-1067.705	66.7052	0.685347	0.8219159	2.444547
5436	-1000.467	-1067.41	66.94226	0.3997384	1.046816	2.325113
5442	-996.4157	-1063.396	66.98036	0.4896536	1.114093	2.20221
5448	-999.2381	-1066.096	66.85741	0.6801518	0.9428952	2.266832
5454	-995.3666	-1062.577	67.21038	0.3971531	0.6716835	2.425592
5460	-996.0825	-1063.132	67.04905	0.5584851	0.6716835	2.425592
5466	-1001.845	-1068.817	66.97272	0.6348157	0.6716835	2.425592
5472	-998.9936	-1065.211	66.21741	0.3706024	1.404	2.605108
5478	-1004.427	-1070.335	65.90823	0.4194074	1.773664	2.605108
5484	-1007.442	-1074.653	67.21094	0.5007312	1.167395	2.012105
5490	-1011.758	-1078.238	66.48016	0.4083647	1.167395	2.540215
5496	-1001.573	-1068.373	66.80023	0.3011478	0.946036	2.540215
5502	-1007.041	-1073.795	66.75484	0.2564118	1.035497	2.540215
5508	-1002.258	-1068.668	66.41054	0.3403785	1.003573	2.720376
5514	-1003.323	-1069.891	66.56746	0.4325888	1.364753	2.366358
5520	-998.788	-1065.597	66.80886	0.5748818	1.112591	2.258703
5526	-1000.414	-1066.595	66.18022	0.6310312	1.354858	2.490174
5532	-1000.789	-1067.151	66.36191	0.3705215	1.456944	2.490174
5538	-994.0538	-1060.868	66.81415	0.4899831	1.124815	2.302487
5544	-993.7	-1060.997	67.29708	0.6747062	1.083446	1.888853
5550	-997.8474	-1064.921	67.07318	0.6510716	0.9788892	2.121906
5556	-994.5464	-1061.087	66.541	0.2649271	1.033216	2.668656
5562	-988.8478	-1055.575	66.72683	0.4202444	0.9423962	2.514102
5568	-990.3618	-1057.452	67.08984	0.662561	1.25015	1.936811
5574	-997.6446	-1064.604	66.95961	0.5612109	1.363804	2.029587
5580	-990.5567	-1057.651	67.09473	0.6431699	1.0215	2.085004
5586	-998.077	-1065.388	67.31099	0.5682079	1.453912	1.738168
5592	-999.1338	-1066.25	67.11566	0.6967898	1.450231	1.786698
5598	-996.4248	-1064.301	67.87618	0.5572384	0.9999461	1.62255
5604	-993.793	-1061.224	67.43105	0.6550065	0.9999461	1.866179
5610	-999.7906	-1067.182	67.39158	0.6579473	1.036981	1.866179
5616	-1004.903	-1072.17	67.26683	0.8524421	0.9671495	1.866179
5622	-1010.709	-1078.433	67.72455	0.8109563	0.60556	1.880262
5628	-1010.129	-1078.188	68.05875	0.8699783	0.7435852	1.467198
5634	-1008.147	-1075.489	67.34192	0.5891467	0.9229627	2.023898
5640	-997.3745	-1065.393	68.01854	1.216623	0.514739	1.480243
5646	-1004.979	-1072.482	67.50263	0.9229532	1.630736	1.227451
5652	-1006.696	-1074.059	67.36331	0.7796674	0.7704617	1.997935
5658	-997.3747	-1064.992	67.6177	1.117272	1.002852	1.394642
5664	-996.3122	-1064.463	68.15095	1.025716	0.6885658	1.328976
5670	-999.1825	-1066.056	66.87402	0.7579734	1.216478	2.03647
5676	-997.1247	-1064.907	67.78234	1.138502	0.8409273	1.384078
5682	-999.9496	-1067.733	67.78375	0.8209176	0.7889736	1.664734
5688	-998.5993	-1065.633	67.03349	0.8244895	1.03574	1.996244
5694	-1006.612	-1074.745	68.13291	0.9701738	0.556104	1.530305
5700	-1003.948	-1071.754	67.80574	0.9608168	1.186028	1.230573
5706	-1005.876	-1073.772	67.89611	0.9673646	1.284889	1.070117
5712	-997.4733	-1065.443	67.96933	1.208173	0.8082068	1.205617
5718	-1000.259	-1067.992	67.73284	1.371456	1.218269	0.8800495
5724	-996.4788	-1064.201	67.7218	1.19464	1.278829	1.02424
5730	-999.9215	-1067.475	67.55366	1.210269	1.052196	1.33362
5736	-1002.987	-1070.453	67.46622	1.255104	1.263698	1.212448
5742	-1001.623	-1069.514	67.89163	1.121856	1.007	1.162127
5748	-1004.399	-1072.568	68.16862	1.053335	0.5972106	1.393194
5754	-1002.819	-1070.99	68.17094	1.152816	0.6157811	1.290676
5760	-1006.689	-1074.11	67.42106	1.083482	1.351439	1.332082
5766	-1006.985	-1074.409	67.424	0.8722428	1.225992	1.570268
5772	-1000.144	-1067.689	67.54461	0.851492	1.185547	1.52242
5778	-1006.727	-1074.611	67.88459	0.7408318	0.8587363	1.591585
5784	-998.571	-1065.904	67.33311	0.9063576	0.9081657	1.826206
5790	-996.218	-1063.919	67.70066	0.7831994	1.089066	1.522303
5796	-1002.142	-1069.739	67.59749	1.213908	1.109969	1.250436
5802	-1008.289	-1076.425	68.13569	0.7795594	0.830107	1.398103
5808	-1005.309	-1072.525	67.21614	0.5300478	1.036332	2.069988
5814	-1002.95	-1070.123	67.17333	0.572857	1.036332	2.069988
5820	-1013.582	-1081.038	67.45558	0.4513899	1.036332	1.963088
5826	-1012.864	-1079.974	67.11005	0.5117679	0.9994086	2.175174
5832	-1007.823	-1074.837	67.01346	0.5689029	1.245706	2.052785
5838	-1008.423	-1075.662	67.23937	0.3992459	1.245706	2.01549
5844	-1006.702	-1074.101	67.39935	1.09154	1.054499	1.541441
5850	-994.8428	-1062.378	67.53533	1.132449	1.141815	1.343622
5856	-997.7579	-1065.526	67.76791	0.8427968	0.8574759	1.603325
5862	-1002.801	-1070.486	67.68505	1.115434	1.019404	1.329923
5868	-1002.981	-1069.903	66.92209	1.267585	2.367118	1.049138
5874	-995.1064	-1062.827	67.72086	1.240348	1.00999	1.204816
5880	-994.4775	-1062.125	67.64749	1.257444	1.00999	1.252273
5886	-993.106	-1061.06	67.95363	1.188365	0.9074904	1.139465
5892	-994.0675	-1061.767	67.69926	1.197097	1.000806	1.266965
5898	-989.543	-1057.361	67.8183	0.9451349	0.8468985	1.499417
5904	-1002.484	-1069.381	66.89737	0.9451349	1.707449	1.637036
5910	-1001.25	-1067.886	66.63646	0.8982908	2.143483	1.668178
5916	-995.9666	-1064.025	68.05879	1.101561	0.9227394	1.108249
5922	-999.5736	-1067.8	68.22597	1.150982	0.8820634	0.9391069
5928	-994.1486	-1062.186	68.03719	1.176196	1.056845	0.9222274
5934	-1002.656	-1070.807	68.1502	1.127739	0.8796473	1.041862
5940	-994.924	-1063.122	68.19806	0.8675562	0.8221463	1.285534
5946	-990.3547	-1057.98	67.62517	0.6000843	0.8697047	1.864754
5952	-1000.09	-1068.097	68.007	0.6393001	0.6012184	1.808572
5958	-998.8	-1066.062	67.2615	0.8293987	1.363183	1.637447
5964	-996.6594	-1064.926	68.26696	0.9921621	0.7589457	1.186213
5970	-990.0193	-1058.09	68.07101	1.122679	0.8225143	1.177317
5976	-995.0042	-1062.845	67.8411	1.026319	1.15066	1.171096
5982	-996.3697	-1064.388	68.01835	1.035407	1.09876	1.044457
5988	-991.9001	-1059.747	67.84711	0.8291907	0.7287184	1.666388
5994	-991.5141	-1058.774	67.26031	0.6155875	0.9387031	2.049452
6000	-987.3423	-1054.548	67.20615	0.4648467	1.049007	2.111329
6006	-995.3936	-1062.666	67.27193	0.7087172	0.8918972	2.013142
6012	-1001.118	-1067.901	66.78238	0.6180497	1.390117	2.095424
6018	-999.727	-1066.699	66.97184	0.6499624	0.7848379	2.325843
6024	-1001.438	-1068.107	66.66939	0.4890826	1.532558	2.183631
6030	-986.7676	-1053.717	66.94956	0.5097063	0.8783212	2.360955
6036	-993.2724	-1060.291	67.01833	0.2977252	1.015666	2.360955
6042	-997.9684	-1065.117	67.14881	0.1593093	1.015666	2.365983
6048	-995.506	-1062.677	67.17127	0.1875005	1.015666	2.333816
6054	-998.1672	-1064.288	66.12037	0.3002715	1.015666	2.913868
6060	-999.1915	-1066.182	66.99027	0.3579675	1.015666	2.340514
6066	-998.1317	-1065.089	66.95756	0.4007419	1.068449	2.30148
6072	-1001.983	-1068.467	66.48419	0.3025079	0.7134656	2.897493
6078	-998.6822	-1065.63	66.94761	0.2636174	0.9406574	2.475119
6084	-1002.685	-1068.666	65.98069	0.5398	0.9406574	2.899636
6090	-999.8848	-1066.387	66.50186	0.1957884	0.78422	2.898319
6096	-1005.931	-1072.277	66.34638	0.1486594	1.47379	2.629859
6102	-999.5674	-1067.651	68.08349	1.219785	0.8307224	1.070015
6108	-994.4633	-1062.664	68.20045	1.014534	0.6685312	1.319617
6114	-995.6139	-1063.305	67.69116	0.9498365	1.251234	1.28813
6120	-999.0247	-1065.771	66.74614	0.5935236	1.636574	2.016655
6126	-998.4906	-1064.928	66.43707	0.5896585	1.081473	2.503086
6132	-999.6038	-1066.731	67.12739	0.499944	1.15947	2.072627
6138	-1002.333	-1068.864	66.53122	0.5414892	1.529724	2.240364
6144	-998.4472	-1065.349	66.90183	0.3199826	0.9933077	2.434571
6150	-998.727	-1065.725	66.99817	0.6408794	0.9047258	2.227611
6156	-1003.587	-1071.093	67.50627	0.8301212	1.261869	1.518088
6162	-999.7493	-1066.054	66.30446	0.07746482	1.276083	2.794482
6168	-1006.072	-1072.705	66.63329	0.1169632	1.098278	2.664741
6174	-1002.445	-1068.803	66.35818	0.1106252	1.125797	2.821311
6180	-998.245	-1065.006	66.76105	0.2061187	1.125797	2.514581
6186	-999.7335	-1066.772	67.03881	0.4363563	1.091576	2.212401
6192	-996.9007	-1063.758	66.8571	0.2643232	1.132797	2.41381
6198	-1000.753	-1067.918	67.16465	0.2213563	0.869	2.41381
6204	-1002.059	-1068.343	66.28318	0.1638412	1.407016	2.690577
6210	-998.4545	-1065.104	66.64935	0.2468875	0.9941879	2.636814
6216	-1001.622	-1068.44	66.81797	0.2564827	0.9941879	2.5263
6222	-996.6363	-1063.161	66.52494	0.3425265	0.9010221	2.714181
6228	-996.638	-1064.404	67.76624	0.4720753	0.9010221	1.832294
6234	-1002.407	-1068.342	65.93557	0.4996748	1.303982	2.747918
6240	-992.2094	-1059.283	67.07359	0.7745515	0.904759	2.091532
6246	-996.478	-1063.532	67.05399	0.6766526	0.9988282	2.104553
6252	-1010.73	-1078.289	67.55866	0.5026366	1.032853	1.860884
6258	-1003.178	-1070.415	67.2373	0.8240034	1.032853	1.860884
6264	-1001.95	-1068.798	66.84817	0.8480061	1.138113	2.039852
6270	-996.2897	-1064.352	68.06193	0.7130946	0.5914529	1.728779
6276	-1001.035	-1068.261	67.22544	0.7876931	0.9909036	1.921889
6282	-996.3392	-1063.975	67.63601	0.8882782	0.9128077	1.622024
6288	-1000.522	-1068.454	67.93269	1.203202	0.9128077	1.139822
6294	-1011.129	-1078.786	67.65681	1.203202	1.143503	1.183145
6300	-1005.008	-1072.887	67.87923	1.166868	0.951182	1.183145
6306	-1004.314	-1072.278	67.96402	0.7923737	0.9786357	1.396957
6312	-993.7918	-1061.405	67.61339	0.8419097	1.062127	1.562305
6318	-992.3595	-1059.702	67.34291	0.7519053	0.8516892	1.966652
6324	-988.5418	-1055.821	67.27908	0.7896559	0.9303699	1.926476
6330	-994.9968	-1061.096	66.09973	0.6534943	1.56082	2.429465
6336	-995.3273	-1062.04	66.7132	0.552343	1.56082	2.100577
6342	-993.3573	-1060.035	66.6772	0.5883364	1.56082	2.100577
6348	-989.0896	-1056.443	67.35296	0.6495491	1.276579	1.749959
6354	-988.7904	-1055.874	67.08365	0.5643682	1.217531	2.025236
6360	-994.3215	-1061.517	67.19537	0.6099159	0.8485118	2.160127
6366	-989.8245	-1057.362	67.53742	0.7809938	1.010146	1.697571
6372	-994.7155	-1062.107	67.39124	0.8957538	1.142048	1.630742
6378	-997.335	-1064.626	67.2912	1.003768	1.40594	1.462073
6384	-994.2269	-1061.808	67.58152	1.082542	1.373172	1.185399
6390	-990.9071	-1058.542	67.63476	1.073494	1.396945	1.130157
6396	-996.1982	-1064.204	68.00585	1.191786	0.8681269	1.128175
6402	-991.7498	-1058.926	67.17642	1.045849	1.500565	1.463196
6408	-987.904	-1055.596	67.69217	0.9617767	0.8662965	1.56453
6414	-989.1913	-1057.476	68.28486	0.9236969	0.7206555	1.269269
6420	-993.6819	-1061.069	67.38672	1.037293	1.893712	1.078057
6426	-991.6651	-1059.554	67.88881	1.127537	1.116264	1.064622
6432	-997.1156	-1065.231	68.11529	1.214117	0.8039065	1.074721
6438	-998.8305	-1067.126	68.29574	1.386635	0.6493534	0.9169099
6444	-996.7189	-1064.69	67.97152	1.133428	0.6493534	1.426672
6450	-988.9248	-1056.641	67.71607	0.9432435	1.097105	1.382737
6456	-991.7443	-1058.561	66.81631	0.6936809	1.446469	1.994309
6462	-991.0034	-1058.408	67.40462	0.9405412	1.253466	1.516814
6468	-1001.97	-1069.711	67.74142	0.7894833	0.9269021	1.606366
6474	-998.0443	-1065.427	67.38261	0.8036333	0.9269021	1.849044
6480	-1005.265	-1072.852	67.58706	0.8900299	0.9269021	1.645223
6486	-997.9263	-1065.525	67.59864	0.819184	1.202283	1.49523
6492	-1000.44	-1068.21	67.76955	0.8000354	0.6604332	1.804164
6498	-1002.114	-1069.225	67.1113	0.6466682	0.6604332	2.339998
6504	-992.5148	-1059.639	67.12367	0.4907613	1.367176	1.965373
6510	-992.9171	-1059.697	66.77997	0.4043433	0.9921811	2.458844
6516	-997.821	-1064.452	66.63095	0.571342	1.294054	2.273767
6522	-993.6453	-1060.739	67.09355	0.5742893	0.9940411	2.148743
6528	-998.3486	-1065.326	66.97761	0.4068039	1.163855	2.228348
6534	-992.579	-1059.82	67.24107	0.5706246	0.9172183	2.106683
6540	-990.8502	-1057.042	66.19206	0.6058935	1.063001	2.655863
6546	-992.7996	-1058.826	66.02609	0.4861997	1.063001	2.830542
6552	-1001.841	-1067.01	65.1693	0.4626413	1.417096	3.177398
6558	-997.1353	-1062.425	65.28991	0.342023	1.417096	3.177398
6564	-982.5546	-1049.383	66.8281	0.6445303	0.957303	2.298818
6570	-989.4741	-1055.884	66.4104	0.648753	1.305297	2.359159
6576	-984.9301	-1051.909	66.97869	0.642331	1.136922	2.090153
6582	-992.8318	-1060.577	67.74565	0.8129734	1.00437	1.527589
6588	-993.3894	-1060.335	66.94511	0.5576721	1.054644	2.217182
6594	-1003.935	-1070.403	66.46768	0.5298518	0.9628556	2.593882
6600	-996.9153	-1064.121	67.2059	0.7039742	0.9027736	2.052257
6606	-994.1013	-1061.289	67.18776	0.5803564	0.7897953	2.228308
6612	-997.4312	-1064.574	67.14272	0.8395224	0.8267051	2.060473
6618	-996.6601	-1063.586	66.92589	0.7846531	1.187855	2.000812
6624	-1004.737	-1072.681	67.94327	0.7846531	1.029417	1.379636
6630	-1002.856	-1070.684	67.82787	0.6253239	0.5482776	1.993498
6636	-1001.654	-1069.047	67.39296	0.8908882	0.9971188	1.731144
6642	-1003.259	-1070.637	67.37862	1.020514	1.327695	1.429634
6648	-998.2582	-1065.673	67.41515	0.68807	1.295301	1.667835
6654	-998.8887	-1065.858	66.96971	0.7672273	1.000587	2.09927
6660	-996.9844	-1064.158	67.17383	0.4518378	0.7291683	2.366874
6666	-997.9828	-1065.057	67.0737	0.4811501	1.311951	2.034592
6672	-998.9615	-1066.254	67.29297	0.5611974	1.063493	1.980918
6678	-1000.975	-1068.198	67.22296	0.8280941	1.064392	1.847059
6684	-993.1426	-1060.823	67.68014	0.9801734	0.9834282	1.467043
6690	-990.7365	-1058.853	68.11604	0.9352182	0.6499715	1.467043
6696	-1000.738	-1068.435	67.69731	0.8806454	1.286568	1.315351
6702	-1000.126	-1068.051	67.92437	1.00584	0.8056827	1.408508
6708	-996.5898	-1063.844	67.25461	0.8329331	1.360454	1.641412
6714	-1000.491	-1067.338	66.84715	0.8401721	1.360454	1.91987
6720	-1004.452	-1071.661	67.2089	0.6297916	1.535882	1.724212
6726	-1003.006	-1070.312	67.30597	0.977685	1.164242	1.61876
6732	-1002.603	-1070.06	67.45748	1.021235	1.164242	1.474588
6738	-991.04	-1059.066	68.02551	0.9521673	0.7192422	1.453307
6744	-993.0039	-1060.657	67.65334	0.8818175	0.7205937	1.773168
6750	-994.0441	-1062.084	68.04005	1.165652	0.9159108	1.073094
6756	-993.1365	-1061.495	68.3581	1.230253	0.6838521	0.9675368
6762	-995.6451	-1063.834	68.18886	1.239039	0.6838521	1.12168
6768	-993.8141	-1061.942	68.1281	1.21672	0.9374415	0.9093555
6774	-1001.23	-1068.908	67.67785	1.838996	0.9660954	0.4091571
6780	-1006.671	-1074.635	67.96418	1.633277	0.9069783	0.5125174
6786	-1001.574	-1069.449	67.87527	1.660103	0.9648598	0.5284929
6792	-1000.228	-1067.879	67.65111	1.359987	1.522494	0.6709018
6798	-998.1822	-1066.058	67.8761	1.282573	1.162894	0.8732528
6804	-988.1691	-1055.662	67.49275	0.7369283	0.8735695	1.858802
6810	-982.7418	-1050.669	67.92751	0.8831635	0.9106077	1.409951
6816	-992.3113	-1060.047	67.73563	0.7942357	0.8784238	1.644905
6822	-993.6943	-1061.2	67.50531	0.6701181	0.9277049	1.855869
6828	-1000.68	-1067.745	67.06417	0.6644841	0.9277049	2.153665
6834	-995.7531	-1062.98	67.2265	0.607989	0.8315774	2.153665
6840	-992.5696	-1059.74	67.17044	0.5069395	1.263581	1.979599
6846	-1001.578	-1069.652	68.0742	0.7129705	0.8098976	1.51351
6852	-1002.445	-1069.669	67.22408	0.6814109	1.361643	1.769553
6858	-998.8075	-1066.339	67.53133	0.6138908	1.317557	1.624621
6864	-994.5736	-1062.345	67.77137	0.7205128	0.846543	1.697406
6870	-1000.185	-1067.539	67.35439	1.003247	1.064074	1.632035
6876	-996.1809	-1063.535	67.35365	0.9660737	1.290376	1.512841
6882	-998.5997	-1065.786	67.18652	0.8277358	1.358635	1.694767
6888	-996.0924	-1063.275	67.18242	0.718797	1.325984	1.792332
6894	-988.6794	-1055.739	67.0598	0.7324004	1.08104	2.011147
6900	-993.143	-1060.517	67.37444	0.6471926	0.9330562	1.956286
6906	-989.2286	-1057.122	67.89291	0.716134	0.8463607	1.613616
6912	-993.8375	-1061.956	68.11859	1.092383	0.6168039	1.379686
6918	-995.4415	-1063.183	67.74195	1.278209	1.238318	0.9537409
6924	-999.4757	-1067.385	67.90977	1.312717	1.110119	0.8543976
6930	-995.7826	-1063.909	68.12657	1.136825	0.8664619	1.06953
6936	-997.2368	-1064.407	67.17072	0.8834786	0.8437058	1.999843
6942	-999.9337	-1067.392	67.45876	0.7542319	1.003743	1.776074
6948	-1001.235	-1068.505	67.26944	0.5123532	0.944206	2.107619
6954	-995.7247	-1062.961	67.23642	0.7480446	0.6678927	2.188168
6960	-998.7728	-1066.163	67.38987	0.9344908	0.6270138	2.001874
6966	-993.0001	-1060.38	67.37968	0.7222949	1.020435	1.84136
6972	-991.9155	-1058.577	66.66182	0.8666703	1.274671	2.072294
6978	-998.6855	-1066.308	67.6227	0.8785266	1.429713	1.285459
6984	-997.5652	-1064.649	67.08356	0.9488056	1.360963	1.680594
6990	-998.0839	-1065.416	67.3316	1.073623	0.9482373	1.680594
6996	-993.2993	-1060.933	67.63368	0.8395687	0.8339898	1.72068
7002	-992.7507	-1060.09	67.33912	0.7528816	0.918575	1.919204
7008	-999.0149	-1066.234	67.21934	0.5797105	1.225975	1.919204
7014	-998.3735	-1065.49	67.11689	0.5568248	0.9357614	2.18384
7020	-994.0403	-1061.166	67.12577	0.6175525	0.9357614	2.138565
7026	-999.465	-1066.858	67.39314	0.5290239	0.6403017	2.252707
7032	-997.2991	-1065.149	67.84994	0.6752838	0.7738981	1.733844
7038	-999.0122	-1067.382	68.36935	1.071089	0.5813183	1.235655
7044	-994.2156	-1062.502	68.28646	1.315591	0.5443032	1.144844
7050	-992.2863	-1060.144	67.8576	1.309541	0.9007993	1.123399
7056	-1001.872	-1069.857	67.98553	1.065196	0.9007993	1.224829
7062	-995.1192	-1063.076	67.95721	1.004266	0.813241	1.377226
7068	-1002.58	-1070.549	67.96904	1.038518	0.9823243	1.188848
7074	-1000.53	-1068.581	68.05099	1.038518	0.7395974	1.346301
7080	-998.2999	-1065.772	67.4721	1.051074	1.306222	1.346301
7086	-1001.826	-1069.994	68.168	1.171434	0.7869727	1.084077
7092	-995.0895	-1063.429	68.33964	1.387453	0.5963326	0.9496098
7098	-1002.107	-1070.451	68.34368	1.369871	0.5963326	0.9637976
7104	-998.1829	-1066.394	68.21145	1.304567	0.8156414	0.8673818
7110	-998.7314	-1066.814	68.08309	1.196903	1.065579	0.8351573
7116	-1003.195	-1071.229	68.03348	1.499311	0.7739888	0.9048396
7122	-998.0588	-1065.986	67.92752	1.295431	0.9153725	1.057381
7128	-1000.86	-1068.798	67.93768	1.298797	1.137224	0.8055591
7134	-1001.067	-1069.265	68.19845	1.411238	0.7887604	0.7890595
7140	-995.3775	-1063.461	68.08332	1.24476	0.8801472	0.9919847
7146	-992.4052	-1059.678	67.27261	1.171873	1.531524	1.270022
7152	-991.3841	-1058.801	67.41729	1.112657	1.074155	1.498363
7158	-988.5148	-1056.645	68.12982	1.112657	0.6051805	1.368034
7164	-986.707	-1054.535	67.82766	0.9909165	0.953341	1.368584
7170	-997.2163	-1065.103	67.88712	1.211276	0.9526715	1.135799
7176	-998.0038	-1066.038	68.03452	1.211276	1.041853	0.9023637
7182	-990.8145	-1058.933	68.11837	1.291768	0.7957859	1.006211
7188	-989.1071	-1057.269	68.1621	1.434258	0.8650539	0.6699453
7194	-993.5956	-1061.533	67.93793	1.689486	0.8650539	0.5956258
7200	-988.3364	-1056.231	67.89462	1.577171	0.9758202	0.6826741
7206	-989.6332	-1057.834	68.20095	1.502086	0.8028361	0.5810388
7212	-988.1499	-1055.932	67.78239	1.805134	0.8728435	0.3613154
7218	-991.8666	-1059.561	67.69448	1.830127	0.9477158	0.3872105
7224	-994.4554	-1061.914	67.45901	1.9954	1.000357	0.3625302
7230	-987.0579	-1054.61	67.55249	1.974625	0.884268	0.3122444
7236	-992.9562	-1060.54	67.58376	2.071567	0.7136549	0.2626257
7242	-1004.778	-1071.976	67.19824	2.071567	1.084761	0.2740887
7248	-996.8198	-1064.156	67.33625	2.071567	0.9453327	0.2740887
7254	-999.0991	-1065.859	66.75959	2.068094	1.566055	0.2466548
7260	-1000.386	-1067.841	67.45542	2.061033	0.8043728	0.2482685
7266	-994.6796	-1061.469	66.78922	2.061033	1.506458	0.237104
7272	-986.2211	-1053.253	67.03211	2.163765	0.9568112	0.1894594
7278	-985.1861	-1052.869	67.68323	2.027613	0.7302174	0.3145779
7284	-988.3043	-1056.249	67.94452	1.804442	0.7302174	0.3526697
7290	-989.6844	-1057.423	67.73871	1.732841	0.9928658	0.3761441
7296	-994.7786	-1062.66	67.88128	1.577901	1.038875	0.4575666
7302	-1001.723	-1069.454	67.73083	1.708237	1.051026	0.5821349
7308	-1004.241	-1072.311	68.06964	1.63651	0.7999293	0.5821349
7314	-1002.803	-1070.656	67.85296	1.637883	1.003687	0.4439306
7320	-992.2584	-1060.114	67.85527	1.636426	1.003687	0.5565062
7326	-993.6387	-1061.292	67.65347	1.789158	1.003687	0.3519537
7332	-994.8291	-1062.493	67.66399	1.789158	1.003687	0.36529
7338	-990.4539	-1058.011	67.55657	1.884081	0.9976775	0.3428718
7344	-990.4311	-1058.146	67.71507	1.766514	0.9976775	0.4021891
7350	-997.4955	-1065.47	67.97435	1.990254	0.5951055	0.4021891
7356	-995.324	-1063.415	68.09057	1.778647	0.6598815	0.3940993
7362	-1005.076	-1073.03	67.95343	1.801898	0.7636731	0.445019
7368	-1004.649	-1072.475	67.82625	1.862968	0.7826027	0.3584382
7374	-1004.99	-1072.495	67.50509	1.862968	1.092593	0.3663399
7380	-998.0502	-1065.452	67.40155	1.862968	1.181716	0.3392704
7386	-998.0589	-1065.364	67.30472	2.098231	0.9560699	0.2779647
7392	-997.7493	-1064.668	66.919	2.080406	1.363253	0.2567308
7398	-992.5623	-1059.328	66.76567	2.169146	1.363253	0.2265963
7404	-995.2209	-1061.949	66.72799	2.141891	1.400317	0.2125353
7410	-996.1708	-1062.494	66.32329	2.335765	1.400317	0.1527297
7416	-995.7378	-1062.057	66.31924	2.556919	1.01896	0.1301289
7422	-1001.958	-1067.967	66.00847	2.556919	1.216173	0.1098152
7428	-1003.242	-1069.169	65.92722	2.552317	1.443069	0.1246832
7434	-1003.245	-1070.257	67.01254	2.492735	0.5890521	0.1529763
7440	-1002.1	-1069.931	67.83131	1.030619	0.8702788	1.404308
7446	-998.7217	-1066.887	68.16568	1.017704	0.7282234	1.282067
7452	-992.3114	-1060.405	68.09403	0.9662055	0.7282234	1.380698
7458	-992.6643	-1060.483	67.81891	0.8847449	1.053031	1.380698
7464	-996.5715	-1064.16	67.58841	1.105025	1.222814	1.264911
7470	-990.4896	-1058.438	67.94834	1.094239	1.054062	1.094677
7476	-993.9511	-1061.483	67.53212	1.013497	0.9509506	1.577256
7482	-992.2698	-1060.047	67.77707	1.008088	1.166831	1.229209
7488	-996.6207	-1064.492	67.87106	1.00522	0.9185664	1.351851
7494	-996.5944	-1064.461	67.86653	1.008851	0.8205198	1.437435
7500	-1000.08	-1067.32	67.24039	1.008851	0.9345526	1.800089
7506	-1003.416	-1071.076	67.66017	0.818661	0.9593478	1.619531
7512	-1010.22	-1077.057	66.83647	2.331976	0.9765712	0.187295
7518	-1002.994	-1070.068	67.07466	2.168073	1.122484	0.279012
7524	-991.4533	-1058.659	67.20578	2.122513	0.9919935	0.2561957
7530	-990.1949	-1057.293	67.09785	2.122513	1.116818	0.2627217
7536	-990.98	-1058.862	67.88208	1.601202	1.010615	0.4413513
7542	-989.3158	-1057.111	67.79517	1.603864	1.10197	0.5461552
7548	-993.6601	-1061.738	68.07774	1.603864	0.8309616	0.5176624
7554	-994.4151	-1062.32	67.90477	1.609579	0.9858414	0.4758445
7560	-999.3242	-1067.26	67.93549	1.57843	0.9858414	0.4719419
7566	-998.2719	-1065.582	67.3104	1.57843	1.771085	0.5054843
7572	-993.8994	-1061.431	67.53206	1.550453	1.488657	0.524315
7578	-992.1486	-1060.08	67.93184	1.184222	1.176719	0.9078437
7584	-995.7272	-1063.388	67.66111	0.9486114	1.452837	1.179401
7590	-998.5144	-1065.71	67.19524	0.4691687	1.039368	2.121754
7596	-996.6925	-1064.611	67.91846	0.7153135	1.039368	1.445008
7602	-990.3706	-1058.148	67.77747	0.8735336	1.021744	1.445008
7608	-1004.82	-1071.273	66.45325	0.7042708	1.856718	2.042131
7614	-997.4514	-1063.82	66.36836	0.3379241	1.221306	2.623983
7620	-1001.06	-1068.27	67.20936	0.4667866	1.221306	2.00437
7626	-1001.945	-1068.689	66.74377	0.6895778	1.499953	2.018828
7632	-1002.421	-1069.654	67.23244	0.5093704	1.122817	2.018828
7638	-1008.119	-1075.403	67.28355	0.6510383	0.7959267	2.115438
7644	-1002.86	-1070.574	67.71495	0.865646	1.20109	1.370995
7650	-1003.299	-1071.426	68.12705	1.194196	0.7129435	1.182415
7656	-999.9122	-1067.759	67.8471	0.964064	1.061373	1.288316
7662	-989.9092	-1057.999	68.08938	1.052711	0.755362	1.28815
7668	-993.3978	-1061.516	68.118	1.068926	0.7714142	1.234771
7674	-995.104	-1063.106	68.00158	0.8895647	0.7714142	1.46977
7680	-1000.478	-1068.058	67.58078	0.7253362	0.8006491	1.863478
7686	-1002.678	-1070.475	67.79717	1.0004	0.8727368	1.451734
7692	-1000.131	-1067.869	67.73814	0.8475211	1.059768	1.466665
7698	-1002.865	-1070.665	67.80015	0.989942	1.041888	1.320615
7704	-1010.3	-1078.243	67.94266	1.281761	0.9435571	1.027357
7710	-1002.766	-1070.736	67.96939	1.255035	0.9435571	1.027357
7716	-1003.676	-1072.054	68.37808	1.171271	0.7503453	0.9185209
7722	-1006.38	-1074.182	67.80172	1.270507	1.089744	1.034781
7728	-1000.01	-1068.161	68.15095	1.363083	0.7451604	0.9630829
7734	-997.7254	-1065.94	68.21473	1.366089	0.7570703	0.8735224
7740	-1012.024	-1079.814	67.79004	1.469792	1.114795	0.8017951
7746	-1007.183	-1074.715	67.53197	1.252548	1.656434	0.8631346
7752	-1001.503	-1069.614	68.11097	1.18888	0.9102838	0.987438
7758	-998.0853	-1066.028	67.94242	1.032176	0.9102838	1.279697
7764	-1000.892	-1068.318	67.4255	1.032176	1.382432	1.349961
7770	-1003.05	-1070.39	67.34053	0.5699888	1.281629	1.811005
7776	-1000.681	-1067.667	66.9858	0.3977967	1.332838	2.13612
7782	-1003.381	-1070.603	67.22169	0.3150448	0.9289033	2.276789
7788	-997.336	-1064.457	67.12052	0.4360516	0.8747587	2.30152
7794	-1002.563	-1069.648	67.08493	0.4696914	1.067191	2.175854
7800	-1004.214	-1071.863	67.64914	1.097349	1.228961	1.216054
7806	-1000.894	-1068.899	68.00508	1.136081	0.6833327	1.362718
7812	-996.1266	-1063.735	67.60883	0.9940808	1.129557	1.403381
7818	-999.7104	-1067.777	68.0671	0.8182135	0.8470543	1.406353
7824	-998.472	-1066.224	67.75197	0.9005583	1.145391	1.35317
7830	-993.8132	-1061.576	67.76264	0.8963032	1.131975	1.357724
7836	-993.3326	-1060.984	67.65092	1.028728	1.193607	1.296981
7842	-995.8038	-1063.695	67.89133	1.150759	0.9190164	1.215579
7848	-994.9401	-1062.89	67.94986	0.9992624	0.9432916	1.271909
7854	-993.4629	-1061.398	67.93536	0.9276111	0.6461953	1.610401
7860	-999.8456	-1066.998	67.15262	1.015803	1.313177	1.610401
7866	-1003.078	-1070.753	67.67562	0.9726551	1.140401	1.360116
7872	-1007.051	-1074.181	67.13059	0.8556929	1.811648	1.481396
7878	-999.3063	-1066.904	67.59797	0.8773654	1.10379	1.518415
7884	-997.7163	-1064.963	67.24702	0.963218	1.287132	1.595526
7890	-995.0287	-1062.851	67.82259	1.022738	1.144546	1.195002
7896	-996.2597	-1063.828	67.56857	1.057255	1.20685	1.331114
7902	-996.5863	-1063.9	67.31379	1.012128	1.530351	1.366242
7908	-999.517	-1067.08	67.56344	0.798073	1.147122	1.573241
7914	-1000.485	-1068.335	67.84963	0.9529673	0.7820299	1.526615
7920	-995.163	-1063.205	68.04206	1.16504	1.069016	0.9163685
7926	-990.3132	-1057.376	67.0625	0.857446	1.069016	1.933203
7932	-989.9466	-1057.266	67.31919	0.8767754	0.860775	1.89149
7938	-994.204	-1061.515	67.31143	0.6352274	1.106199	1.89149
7944	-994.8268	-1062.142	67.31555	0.734431	1.106199	1.820776
7950	-996.2686	-1064.176	67.90778	0.7900361	1.106199	1.345671
7956	-994.1175	-1061.597	67.47942	1.013087	0.9901624	1.586768
7962	-991.5528	-1058.735	67.18186	0.9941274	1.527567	1.483327
7968	-985.6504	-1053.231	67.58107	0.8864528	1.262793	1.41805
7974	-995.7938	-1063.626	67.83237	0.986009	1.262793	1.12836
7980	-991.37	-1058.96	67.58958	0.7942186	1.03092	1.636256
7986	-1006.955	-1074.395	67.43957	0.8525215	1.260256	1.551939
7992	-1006.838	-1073.79	66.95186	0.721611	0.9568403	2.169745
7998	-999.408	-1067.046	67.63764	0.5561464	0.83256	1.914628
8004	-997.5367	-1064.483	66.94674	0.6200253	1.221354	2.076781
8010	-1006.999	-1074.347	67.34841	0.5663081	1.221354	1.84313
8016	-1003.573	-1069.863	66.29007	0.634495	1.059495	2.579682
8022	-1008.573	-1075.749	67.17627	0.721276	0.8582177	2.092671
8028	-1003.664	-1071.111	67.44724	0.7021121	0.8582177	1.925016
8034	-999.9242	-1067.418	67.49346	0.7234813	1.361985	1.546239
8040	-993.8787	-1061.325	67.44682	0.8206706	0.9487965	1.777083
8046	-993.2494	-1060.862	67.61304	0.8795119	0.6752827	1.843456
8052	-997.9409	-1064.355	66.41445	0.5318561	1.164917	2.505556
8058	-1001.544	-1067.824	66.28002	0.5248773	1.155503	2.598723
8064	-1000.46	-1067.792	67.33268	0.5415851	1.126258	1.928017
8070	-993.7202	-1061.149	67.42839	0.7197606	0.8553278	1.928017
8076	-997.157	-1064.118	66.96066	0.7563547	1.286439	1.940228
8082	-992.6394	-1060.273	67.63333	0.7426875	0.8381971	1.785333
8088	-994.3057	-1061.45	67.14467	0.7473901	1.349982	1.785332
8094	-992.1056	-1059.188	67.08205	0.6108924	1.231818	1.987151
8100	-995.9132	-1062.969	67.05564	0.6693508	0.9954912	2.11045
8106	-992.7345	-1060.367	67.63223	0.6464229	0.900559	1.804825
8112	-995.0197	-1061.446	66.42601	0.570285	1.505875	2.300486
8118	-993.7662	-1061.229	67.46323	0.8609422	0.854865	1.808175
8124	-998.7914	-1065.801	67.00963	0.8296594	1.168352	1.926002
8130	-987.6387	-1054.958	67.31912	0.8307709	0.9289563	1.872409
8136	-984.5567	-1051.566	67.00955	0.6428053	0.7986493	2.295872
8142	-996.4243	-1062.777	66.35242	0.750463	1.374782	2.295872
8148	-992.1543	-1059.675	67.52092	0.7048928	1.054669	1.73225
8154	-989.9372	-1057.595	67.65806	0.7311148	0.6704041	1.918317
8160	-991.2326	-1058.24	67.00698	0.5952886	0.9828944	2.198625
8166	-998.42	-1065.61	67.18967	0.7502991	0.6300526	2.250453
8172	-995.0795	-1062.671	67.59141	0.923884	0.8711716	1.661093
8178	-991.1102	-1058.677	67.56685	0.7098804	0.7581627	1.918203
8184	-995.3102	-1062.482	67.17215	0.7415026	1.330281	1.781293
8190	-994.9303	-1062.101	67.17072	0.6452687	0.891304	2.122166
8196	-998.2113	-1064.565	66.35371	0.8362009	0.8778279	2.5306
8202	-987.7332	-1054.464	66.73037	0.4935397	0.8778279	2.509392
8208	-988.5887	-1055.244	66.65569	0.4869466	1.151088	2.389967
8214	-986.8857	-1054.036	67.15073	0.2761102	0.7999164	2.43789
8220	-988.5222	-1055.04	66.51807	0.2706291	1.240671	2.562681
8226	-985.4328	-1052.108	66.67499	0.1336376	1.16864	2.589149
8232	-991.7638	-1058.735	66.97158	0.1853345	0.9215328	2.521683
8238	-993.2818	-1060.215	66.93321	0.1988518	0.9276136	2.533151
8244	-990.6462	-1056.709	66.06308	0.5280233	1.03023	2.801881
8250	-991.0973	-1058.166	67.06883	0.7201567	0.9874357	2.07373
8256	-993.5349	-1061.243	67.70835	0.6352086	0.9580229	1.717098
8262	-990.2052	-1057.822	67.61662	0.6788895	0.856319	1.826824
8268	-988.8793	-1055.888	67.00831	0.7261807	1.235663	1.957124
8274	-988.2388	-1055.603	67.36444	0.7755954	1.103847	1.75981
8280	-987.7944	-1055.351	67.55662	0.8139533	0.8757081	1.75981
8286	-987.752	-1055.599	67.84664	0.8322706	0.7598417	1.636743
8292	-990.9942	-1058.597	67.60323	0.8299032	0.941852	1.665442
8298	-1003.172	-1070.603	67.43017	0.8372256	1.086728	1.681304
8304	-995.2895	-1062.461	67.17156	0.7612212	1.143384	1.877765
8310	-1004.79	-1072.042	67.25251	0.6273273	1.255505	1.847126
8316	-1001.628	-1069.294	67.6652	0.5479924	0.9743952	1.796478
8322	-994.6626	-1061.674	67.01139	0.5874561	1.133854	2.106537
8328	-993.7028	-1060.662	66.95949	0.8009072	0.7706463	2.248099
8334	-1001.405	-1067.914	66.50939	0.579971	0.8492246	2.612815
8340	-993.1831	-1059.562	66.37915	0.4184263	1.173809	2.593151
8346	-990.0798	-1057.288	67.20777	0.6708464	1.10678	1.93717
8352	-990.3666	-1057.221	66.85409	0.8854013	1.077893	2.048087
8358	-991.0272	-1057.909	66.8817	0.761312	1.330568	1.965771
8364	-993.6088	-1061.198	67.58886	0.7456958	0.9125474	1.756992
8370	-994.3798	-1061.679	67.29928	0.8027615	0.9125474	1.916772
8376	-1005.352	-1073.188	67.83521	1.123855	0.9125474	1.290422
8382	-998.7587	-1066.742	67.98338	0.8646793	0.9593862	1.34026
8388	-1001.236	-1068.2	66.96434	0.4890857	0.9697162	2.302931
8394	-1007.629	-1075.662	68.03301	1.049678	0.699968	1.391483
8400	-997.8821	-1064.5	66.61805	0.7192717	1.354332	2.155085
8406	-996.0867	-1062.876	66.78973	0.6531544	0.8155171	2.416276
8412	-994.7112	-1062.444	67.73272	0.9848065	1.167806	1.284643
8418	-996.7553	-1064.639	67.8841	0.8987238	0.8938031	1.445345
8424	-1004.594	-1071.51	66.9161	0.737463	1.068314	2.110634
8430	-1016.832	-1084.118	67.28577	0.7520347	0.9052909	1.965284
8436	-1011.359	-1078.335	66.97625	0.6852527	1.081931	2.096968
8442	-1004.34	-1071.826	67.48547	0.8119287	1.063555	1.675566
8448	-997.945	-1065.294	67.34895	0.7571056	1.088137	1.793656
8454	-1000.044	-1067.398	67.35405	0.5832925	1.088137	1.909234
8460	-1000.957	-1068.01	67.05282	0.3701876	1.109153	2.235494
8466	-998.3696	-1065.144	66.77431	0.4456217	0.9412177	2.469296
8472	-993.3795	-1060.51	67.1308	0.5885797	0.9412177	2.150446
8478	-986.1008	-1053.246	67.14527	0.647409	1.339369	1.859653
8484	-996.9624	-1064.259	67.29711	0.4734066	1.170623	1.970902
8490	-1000.745	-1068.02	67.27524	0.6252183	1.387775	1.75874
8496	-1000.766	-1068.383	67.61698	0.87356	1.059672	1.538028
8502	-995.9004	-1063.395	67.49433	0.7034395	1.059672	1.748557
8508	-994.6137	-1062.696	68.08187	0.9359669	0.6179436	1.525763
8514	-989.0765	-1056.595	67.518	0.8257158	0.9347458	1.734065
8520	-997.4334	-1064.927	67.49387	0.9927979	0.8779544	1.676184
8526	-997.7826	-1065.006	67.22307	0.5870169	0.9349514	2.095414
8532	-996.2136	-1063.49	67.27651	0.7193611	1.008848	1.921425
8538	-996.4295	-1063.95	67.52025	0.8660597	0.9058166	1.725761
8544	-994.0201	-1061.446	67.42557	0.8102763	0.9058166	1.830437
8550	-999.0011	-1067.037	68.03603	1.013004	0.9219115	1.207044
8556	-1008.149	-1075.976	67.82662	1.02387	1.182871	1.160822
8562	-1007.253	-1074.754	67.50128	0.9772862	1.352865	1.351876
8568	-1000.071	-1067.675	67.6046	0.8699222	1.033428	1.568539
8574	-998.1893	-1065.486	67.29713	0.6732224	1.033428	1.922315
8580	-997.9825	-1064.465	66.48224	0.6859723	1.28747	2.299045
8586	-994.4065	-1061.982	67.5758	0.8367967	0.9468235	1.676391
8592	-1002.242	-1070.008	67.76529	0.8241294	0.9132252	1.574306
8598	-999.7206	-1067.121	67.4001	1.024618	0.9132252	1.692998
8604	-998.8301	-1066.307	67.47672	1.019684	0.8480438	1.692998
8610	-997.5066	-1064.545	67.03868	0.8540566	1.031367	1.975869
8616	-997.2039	-1064.39	67.18569	0.6144778	0.8830709	2.138388
8622	-1004.358	-1071.93	67.57184	0.564765	0.914988	1.89156
8628	-1003.875	-1071.331	67.45561	0.8805624	0.8629722	1.793583
8634	-1001.257	-1069.021	67.76322	0.5622082	0.8726401	1.793583
8640	-999.7334	-1066.953	67.21946	0.7539438	1.163555	1.837582
8646	-1003.38	-1070.515	67.13528	0.6480188	1.091415	2.010581
8652	-995.8081	-1063.581	67.77287	0.7418309	1.073202	1.510452
8658	-1004.452	-1072.139	67.68638	1.349856	1.359534	0.8210932
8664	-994.7288	-1062.294	67.56532	1.297983	1.591782	0.8210932
8670	-994.6338	-1062.997	68.36281	1.279119	0.7356154	0.8318505
8676	-993.1922	-1061.07	67.87815	1.278969	1.134355	0.9044145
8682	-989.5489	-1057.442	67.89354	1.520129	1.085567	0.5500933
8688	-995.6384	-1063.581	67.94227	1.441964	1.07494	0.663679
8694	-991.6681	-1059.402	67.73394	1.809052	0.9301048	0.387085
8700	-991.8614	-1059.89	68.02904	1.468006	0.9301048	0.7211813
8706	-992.2702	-1060.577	68.3063	1.332334	0.5795086	1.062339
8712	-991.2585	-1059.623	68.3648	1.273148	0.5739789	1.07077
8718	-988.2115	-1056.126	67.9143	1.336461	0.8766748	1.07077
8724	-993.6477	-1062.136	68.48792	1.264045	0.6340581	0.8616127
8730	-995.498	-1063.493	67.99544	1.341886	1.009574	0.8316019
8736	-1003.799	-1071.737	67.9377	1.333708	1.151447	0.7376044
8742	-1004.706	-1073.115	68.40869	1.426415	0.6289296	0.7626025
8748	-1005.91	-1073.688	67.77837	1.48957	1.19939	0.6702178
8754	-1010.387	-1078.512	68.12511	1.31414	0.8609158	0.8964119
8760	-1012.576	-1080.415	67.83915	1.460439	1.083892	0.7869755
8766	-1015.941	-1083.745	67.80444	1.406434	1.212644	0.7476888
8772	-1016.621	-1084.159	67.53836	1.507446	1.532731	0.5551565
8778	-1008.629	-1076.574	67.94558	1.328993	1.137875	0.751451
8784	-1005.506	-1073.398	67.8914	1.334589	1.137875	0.818436
8790	-1000.87	-1068.909	68.03876	1.531972	0.8488743	0.7447853
8796	-1007.508	-1075.751	68.24286	1.28636	0.8742744	0.7642433
8802	-1004.373	-1072.337	67.96434	1.214935	1.037705	0.977764
8808	-1001.485	-1069.151	67.66626	0.6950075	0.8987898	1.74867
8814	-998.004	-1065.113	67.10913	0.6352798	1.466084	1.825517
8820	-996.7922	-1064.053	67.26055	0.7067698	1.190281	1.825517
8826	-1000.229	-1067.655	67.42565	1.100703	1.491671	1.225993
8832	-1009.14	-1076.871	67.73086	0.9011447	1.019465	1.461203
8838	-1004.2	-1071.696	67.49643	0.8248246	0.8534157	1.811317
8844	-1005.53	-1073.579	68.0494	0.4710056	0.6894961	1.811317
8850	-1002.8	-1070.32	67.52049	0.5783201	0.5887642	2.186249
8856	-1002.458	-1070.277	67.81907	0.4868288	1.028995	1.693275
8862	-990.2882	-1057.774	67.48611	0.8222076	0.8327751	1.836377
8868	-994.9622	-1062.489	67.52706	0.4999226	0.8327751	2.026236
8874	-1000.994	-1067.473	66.47948	0.5787058	0.8327751	2.643621
8880	-1005.416	-1072.206	66.78987	0.4738935	0.8327751	2.516116
8886	-993.3408	-1060.717	67.37628	0.7468111	1.066073	1.79631
8892	-992.3813	-1059.758	67.37708	0.759	1.09827	1.766193
8898	-997.6785	-1065.235	67.55611	0.6656169	1.009216	1.766193
8904	-998.219	-1065.655	67.43612	1.081208	1.155945	1.450885
8910	-996.6404	-1064.091	67.45054	1.053165	0.8123842	1.716808
8916	-996.9737	-1064.6	67.6263	1.000451	0.8299347	1.614361
8922	-998.0638	-1064.607	66.54356	0.7478841	1.51638	2.104571
8928	-996.5983	-1064.106	67.50734	0.9201675	1.398274	1.364078
8934	-992.549	-1060.378	67.82877	0.6040618	1.203481	1.483151
8940	-988.7259	-1056.216	67.49022	0.6064485	0.8180512	1.991152
8946	-992.9764	-1060.516	67.53995	0.5137554	1.085039	1.831813
8952	-993.2549	-1060.163	66.9079	0.414262	1.394906	2.144201
8958	-995.7912	-1062.818	67.02649	0.3391783	0.8723758	2.424268
8964	-999.4225	-1066.414	66.991	0.6013049	0.945471	2.229901
8970	-999.6817	-1066.923	67.24156	0.6874913	0.6971143	2.198973
8976	-992.1977	-1058.802	66.60478	0.4404793	1.354545	2.342789
8982	-990.4399	-1057.16	66.72018	0.5437785	1.099821	2.342789
8988	-989.9515	-1057.31	67.35888	0.7637329	0.639855	2.123182
8994	-997.2584	-1064.124	66.86572	0.7012017	0.9685304	2.230902
9000	-997.4953	-1064.218	66.72286	0.6655515	1.154957	2.230902
9006	-999.1045	-1066.127	67.02274	0.3656787	1.154957	2.230902
9012	-989.0189	-1055.729	66.71039	0.3800018	1.21417	2.387851
9018	-992.3254	-1059.319	66.99347	0.6942712	0.9234715	2.183162
9024	-1008.309	-1076.037	67.72725	0.7353905	0.9234715	1.658189
9030	-995.9017	-1063.541	67.63919	0.6662583	1.095813	1.648027
9036	-999.59	-1066.513	66.92253	0.9053133	1.029859	2.02013
9042	-1004.158	-1071.181	67.02363	0.8012337	0.746124	2.225973
9048	-1005.633	-1073.061	67.42808	0.8649381	0.9743344	1.740877
9054	-1000.504	-1068.208	67.70413	0.9564854	0.9743344	1.473814
9060	-1000.859	-1068.133	67.27326	0.6199699	1.248522	1.841985
9066	-996.8523	-1064.53	67.67736	0.7727063	0.9707555	1.63184
9072	-994.2824	-1062.029	67.74628	0.8362513	0.9463425	1.553661
9078	-993.2258	-1061.152	67.92585	0.8919918	0.7098529	1.581518
9084	-996.189	-1064.262	68.07315	1.058903	0.8744825	1.17983
9090	-1002.662	-1070.116	67.45435	0.696142	1.22381	1.676939
9096	-1005.265	-1072.747	67.48123	0.8717895	1.541375	1.338437
9102	-997.9166	-1066.245	68.32885	1.135724	0.8268041	0.911386
9108	-999.7441	-1067.708	67.96349	1.300934	1.014569	0.911386
9114	-1004.364	-1072.433	68.06976	1.511754	0.8027423	0.8046454
9120	-1003.532	-1071.792	68.26026	1.333429	0.8027423	0.7882886
9126	-999.2073	-1067.409	68.20128	1.442992	0.7623189	0.7854329
9132	-1006.855	-1074.559	67.70347	1.407986	1.112211	0.9749346
9138	-1002.939	-1070.747	67.80887	1.463924	1.224055	0.6102815
9144	-1004.087	-1071.938	67.8517	1.162914	0.7504691	1.394618
9150	-1001.585	-1069.681	68.09649	1.326431	0.947735	0.8022993
9156	-1002.099	-1070.705	68.60609	1.378996	0.4856429	0.8547565
9162	-1002.364	-1070.344	67.9801	1.407351	0.9618541	0.8292399
9168	-1006.466	-1074.754	68.28848	1.330371	0.5756293	1.086264
9174	-996.7211	-1064.904	68.18317	1.339043	0.7554569	0.9410498
9180	-998.834	-1066.568	67.7338	1.393908	1.162176	0.9092618
9186	-998.9594	-1066.836	67.87646	1.362518	1.162176	0.7714394
9192	-1005.417	-1073.234	67.8172	1.169513	1.18925	1.030233
9198	-1005.805	-1073.661	67.85632	1.130387	1.18925	1.030233
9204	-1000.987	-1069.011	68.02493	1.245044	0.8662495	1.063563
9210	-1001.654	-1069.231	67.57662	1.167975	1.426532	1.076095
9216	-997.3978	-1065.333	67.93521	0.988489	0.8879988	1.34037
9222	-1001.856	-1069.949	68.0928	1.125393	0.8161694	1.162351
9228	-1009.858	-1077.872	68.01371	1.216011	0.8063001	1.162351
9234	-1010.893	-1078.108	67.21567	0.7299266	0.8063001	2.100204
9240	-1010.38	-1076.51	66.13022	0.6547825	1.652954	2.368873
9246	-1007.8	-1075.208	67.4077	0.6601233	0.7432882	2.069914
9252	-1002.196	-1069.66	67.46366	0.6553274	0.7030292	2.069914
9258	-993.9103	-1061.329	67.41835	0.7803901	1.352521	1.565184
9264	-1002.319	-1068.659	66.33953	0.5627339	1.352521	2.434237
9270	-997.4729	-1064.611	67.13854	0.5157462	1.069449	2.109455
9276	-1000.713	-1067.415	66.70257	0.6852773	1.646016	1.98021
9282	-1003.557	-1070.938	67.38128	0.6549912	0.9292688	1.949132
9288	-1002.282	-1069.633	67.35115	0.685128	0.9292688	1.949132
9294	-998.282	-1065.97	67.6882	0.6788016	0.7525233	1.86155
9300	-994.624	-1062.698	68.07376	1.226598	0.8655786	1.035256
9306	-999.8248	-1067.392	67.56732	1.28824	1.601818	0.8220114
9312	-996.9023	-1065.097	68.19423	1.394585	0.8508501	0.7123961
9318	-996.982	-1065.149	68.16716	1.393744	0.8508501	0.7561604
9324	-997.1327	-1065.432	68.29916	1.25947	0.8076751	0.8267205
9330	-993.8265	-1061.719	67.89269	1.398706	1.184077	0.6494817
9336	-993.1121	-1060.906	67.79391	1.752162	0.9533614	0.5378805
9342	-994.0854	-1062.162	68.07656	1.678824	0.7631014	0.4425066
9348	-1004.45	-1072.259	67.80879	1.712744	0.9644499	0.4162409
9354	-1001.289	-1068.957	67.66876	1.720979	1.095812	0.4086594
9360	-1009.683	-1076.802	67.11808	1.899737	1.564321	0.4293583
9366	-999.2653	-1067.307	68.04167	1.639084	0.81484	0.4063617
9372	-997.9335	-1065.411	67.47796	1.651374	1.422144	0.4549662
9378	-1002.431	-1070.507	68.07602	1.701848	0.7484502	0.4640818
9384	-1005.459	-1073.332	67.87317	1.701848	0.9257557	0.4640818
9390	-1007.433	-1074.872	67.43868	1.809642	1.2245	0.3641561
9396	-1005.751	-1073.27	67.51843	1.633315	1.387513	0.4370443
9402	-1005.861	-1074.093	68.23259	1.710851	0.6182414	0.4330697
9408	-1003.176	-1071.217	68.04124	1.414382	0.9988918	0.6689699
9414	-1010.037	-1077.309	67.27195	1.417976	2.072687	0.595314
9420	-999.5273	-1067.207	67.67965	1.590621	1.250761	0.5231151
9426	-1000.394	-1068.061	67.66685	1.439264	1.332738	0.7546568
9432	-1004.641	-1072.876	68.23491	1.323065	0.8564237	0.7511924
9438	-1001.722	-1069.497	67.77479	1.287269	1.187251	0.9560928
9444	-994.5326	-1062.023	67.49039	0.8500724	0.9891446	1.696834
9450	-1003.646	-1070.611	66.96478	0.6394284	0.9891446	2.193279
9456	-1002.125	-1069.207	67.08131	0.5683487	0.9448337	2.193279
9462	-1000.422	-1067.622	67.1992	0.5849334	0.9448337	2.105655
9468	-1003.991	-1071.328	67.3367	0.7847108	0.9201617	1.898133
9474	-1000.733	-1068.339	67.60565	0.824199	0.9909229	1.631666
9480	-1006.365	-1074.406	68.04173	1.691112	0.7791937	0.4319632
9486	-998.7116	-1066.38	67.66817	1.691112	1.145931	0.4593118
9492	-1003.529	-1071.305	67.77529	1.691112	1.031855	0.5426305
9498	-1004.652	-1072.561	67.90906	1.471149	1.083181	0.6559357
9504	-997.2863	-1065.175	67.88897	1.471149	1.136065	0.5800772
9510	-1008.12	-1075.863	67.74291	1.584383	1.173984	0.5756449
9516	-1005.833	-1073.657	67.82353	1.589611	1.080075	0.5756449
9522	-1001.622	-1069.451	67.82965	1.46054	1.222719	0.5516818
9528	-1001.934	-1069.172	67.23794	1.673781	1.735897	0.4947652
9534	-1001.456	-1069.544	68.08813	1.545511	0.8656079	0.5717341
9540	-1006.676	-1074.734	68.05863	1.538073	0.8656079	0.6680465
9546	-1007.852	-1075.874	68.02189	1.626644	0.8601549	0.4829086
9552	-1010.782	-1078.806	68.02437	1.62451	0.8601549	0.5113451
9558	-1008.162	-1075.821	67.65896	1.648301	1.204196	0.4569408
9564	-998.9425	-1066.665	67.72246	1.648301	1.129812	0.4445474
9570	-1003.736	-1071.18	67.44382	1.451509	1.665547	0.6996091
9576	-1002.441	-1070.032	67.59111	1.396146	1.538547	0.6938003
9582	-1003.88	-1071.532	67.65171	1.322628	1.206779	1.027391
9588	-999.4018	-1067.39	67.9882	1.340635	0.982405	0.8747883
9594	-1008.798	-1076.133	67.33517	1.424668	1.859254	0.716503
9600	-1004.728	-1072.638	67.91007	1.325766	1.075662	0.8767494
9606	-1004.826	-1072.565	67.73871	1.429293	1.115266	0.9117418
9612	-1002.688	-1069.551	66.86332	0.6305241	1.236507	2.116152
9618	-1005.58	-1071.818	66.2383	0.6535224	1.043299	2.60962
9624	-995.1045	-1062.587	67.4823	0.9357029	0.7005326	1.871693
9630	-1001.443	-1068.907	67.46428	1.026836	1.006743	1.575651
9636	-996.5482	-1063.755	67.20656	0.9565312	0.9147402	1.873713
9642	-1002.719	-1069.827	67.10828	0.8304242	0.8327518	2.084583
9648	-1001.834	-1068.703	66.86923	0.7764528	0.9460887	2.195006
9654	-994.2557	-1061.26	67.00448	0.7984205	1.026814	2.038658
9660	-996.3844	-1063.865	67.48072	0.6669662	0.9405039	1.865628
9666	-1000.513	-1068.125	67.61197	0.9825135	0.5799765	1.865628
9672	-998.4108	-1065.751	67.33996	0.9003948	0.7056182	1.987148
9678	-993.6299	-1061.409	67.77933	1.042458	0.8547908	1.448528
9684	-1001.884	-1069.714	67.83017	1.016023	0.9186845	1.375503
9690	-1001.863	-1069.964	68.10126	0.9938898	0.8754663	1.210617
9696	-1000.592	-1067.984	67.39258	1.368965	1.305423	1.147595
9702	-1003.803	-1071.817	68.01322	1.360011	1.000899	0.7962508
9708	-1007.126	-1075.221	68.09565	1.221749	0.8080209	1.081416
9714	-1003.872	-1072.322	68.44986	1.196354	0.678681	0.9130681
9720	-998.3622	-1066.409	68.04669	1.209914	0.9411575	0.9980463
9726	-998.3624	-1065.972	67.60952	1.26135	1.323364	1.033073
9732	-997.6436	-1064.808	67.16452	1.001596	1.343044	1.594575
9738	-996.3436	-1063.868	67.52451	0.879431	1.085754	1.583537
9744	-997.7063	-1065.88	68.17415	1.017053	0.6157743	1.396282
9750	-1004.133	-1071.591	67.45866	1.00808	1.348504	1.363989
9756	-1001.884	-1069.591	67.70707	1.025885	0.8888229	1.487301
9762	-1000.107	-1068.268	68.16185	1.237399	0.8869629	0.9089598
9768	-1004.728	-1072.259	67.53025	1.237399	1.548567	0.9649579
9774	-999.8511	-1067.858	68.00657	1.02188	0.9002999	1.243999
9780	-1005.279	-1072.454	67.1755	0.9535272	1.629407	1.46446
9786	-998.0192	-1065.791	67.77213	0.8032255	0.935981	1.566919
9792	-1003.373	-1071.351	67.97764	1.357432	1.058939	0.7705106
9798	-999.9836	-1068.26	68.27621	1.443589	0.7292245	0.7351524
9804	-997.5844	-1065.988	68.40367	1.367916	0.6726936	0.7676265
9810	-997.086	-1065.069	67.98327	1.375674	0.9292918	0.9031771
9816	-1009.998	-1078.309	68.31124	1.403091	0.744166	0.7137482
9822	-1008.35	-1074.788	66.43853	0.3880717	1.405442	2.455733
9828	-1013.181	-1080.179	66.99822	0.4061399	1.409755	2.082842
9834	-1003.023	-1070.957	67.93393	0.9436044	0.7808931	1.471415
9840	-992.0429	-1060.021	67.97788	0.9754482	0.9836148	1.233906
9846	-996.8611	-1064.761	67.89968	1.212956	1.087037	0.9975059
9852	-997.5504	-1065.681	68.13035	0.8755636	0.7780549	1.375073
9858	-1003.338	-1071.749	68.4105	1.278505	0.5641429	1.036306
9864	-1000.106	-1068.105	67.99968	1.236923	1.027721	0.927683
9870	-997.6041	-1065.604	68.0001	1.200776	0.7958972	1.198015
9876	-994.5764	-1062.649	68.07271	1.066768	0.8717934	1.17597
9882	-1000.499	-1067.68	67.1815	0.7595239	1.539473	1.649651
9888	-998.789	-1066.031	67.24213	0.7392013	0.8241074	2.063049
9894	-995.8796	-1063.559	67.6795	0.7420135	1.28043	1.442121
9900	-991.333	-1059.517	68.18366	1.115787	0.7386134	1.173081
9906	-999.4621	-1067.767	68.30461	1.173047	0.8583067	0.8550443
9912	-999.5393	-1067.735	68.19563	1.204314	0.5589993	1.296925
9918	-992.2468	-1060.327	68.07981	0.8332445	0.7643268	1.459682
9924	-995.6581	-1062.926	67.26744	0.892526	1.037514	1.789808
9930	-992.8324	-1060.347	67.51496	0.8256905	1.037514	1.662607
9936	-994.7123	-1062.502	67.78943	1.013359	0.990181	1.351307
9942	-997.8688	-1065.536	67.66769	1.082796	1.04312	1.351307
9948	-994.261	-1062.387	68.12589	1.206153	0.7202803	1.164833
9954	-995.2384	-1063.243	68.00411	1.121051	0.6645494	1.394981
9960	-1000.421	-1068.169	67.74773	0.9945991	0.982278	1.405017
9966	-1001.569	-1069.525	67.95601	0.9945991	0.8580343	1.345345
9972	-1000.351	-1068.524	68.1738	1.077382	0.8580343	1.089672
9978	-998.3984	-1065.991	67.59264	1.070517	1.362181	1.193654
9984	-997.5775	-1064.979	67.40158	1.023112	1.499286	1.305395
9990	-997.7857	-1065.793	68.00708	0.9148902	1.002413	1.244353
9996	-1000.299	-1068.094	67.79499	0.884601	1.033011	1.414533
10002	-1004.081	-1071.756	67.67497	1.082198	1.335597	1.129705
10008	-1015.866	-1084.191	68.32559	1.130952	0.6558887	1.129705
10014	-1002.039	-1069.87	67.83049	1.197369	1.09847	1.069291
10020	-999.7098	-1067.328	67.61846	1.050722	1.192108	1.306545
10026	-998.7047	-1065.935	67.23063	1.052351	1.41548	1.465592
10032	-997.3762	-1065.388	68.01215	0.9601642	0.88897	1.300394
10038	-1004.468	-1072.121	67.6532	1.157384	1.076717	1.276838
10044	-1003.537	-1071.309	67.77156	1.011294	1.076717	1.299499
10050	-1000.743	-1068.656	67.91229	1.236566	1.076717	0.9705709
10056	-998.839	-1066.388	67.5493	1.206256	1.166052	1.254567
10062	-992.4123	-1060.347	67.9351	1.283438	0.8913695	1.085795
10068	-998.1341	-1066.068	67.9336	1.412605	1.130531	0.6339638
10074	-1009.108	-1076.912	67.804	1.412605	1.316808	0.5043286
10080	-997.4241	-1065.12	67.69565	1.560692	1.22451	0.6492933
10086	-1004.384	-1072.554	68.17004	1.489968	0.7670991	0.7546664
10092	-1016.691	-1084.964	68.2721	1.223977	0.7723336	0.9469274
10098	-1018.559	-1086.576	68.01772	0.9630703	1.042481	1.160249
10104	-1010.574	-1079.033	68.45922	1.264549	0.5286065	1.055905
10110	-999.0847	-1067.531	68.44675	1.25233	0.647053	0.9018725
10116	-1003.758	-1071.904	68.1453	1.484317	0.7936333	0.7524354
10122	-1000.096	-1068.252	68.1567	1.484317	0.7936333	0.7350376
10128	-999.8195	-1067.653	67.83361	1.29953	1.020335	1.040356
10134	-1002.039	-1070.123	68.08367	1.125436	0.9453713	1.040356
10140	-1002.617	-1070.143	67.52579	0.9689184	1.132701	1.483964
10146	-1001.174	-1068.797	67.62359	0.9200687	1.215548	1.390119
10152	-1001.481	-1068.966	67.48487	0.7145967	1.052493	1.75219
10158	-999.1766	-1066.859	67.68256	0.7354389	0.8430879	1.75219
10164	-1005.776	-1073.25	67.47419	0.8432992	0.9351036	1.75219
10170	-1004.451	-1072.485	68.0345	1.29191	0.9511963	0.9138423
10176	-998.5611	-1066.555	67.99414	1.366515	0.9511963	0.8750116
10182	-1003.394	-1071.152	67.75793	1.208332	1.366316	0.8983702
10188	-1001.696	-1068.967	67.27147	1.208332	1.544128	1.233053
10194	-993.8976	-1061.603	67.70543	1.002445	1.048233	1.381014
10200	-996.7643	-1064.747	67.98321	0.8878486	1.048233	1.249312
10206	-997.4483	-1065.396	67.94732	1.093357	1.013172	1.132604
10212	-996.3767	-1063.59	67.21346	0.7699748	0.9178066	1.99268
10218	-996.5472	-1063.559	67.0114	0.611698	0.9837623	2.184564
10224	-1001.099	-1067.966	66.86763	0.7115474	1.062024	2.163104
10230	-998.9899	-1065.646	66.65619	0.554357	1.504422	2.163104
10236	-1002.215	-1069.653	67.43717	0.7531447	1.257519	1.627858
10242	-998.26	-1065.83	67.56952	0.8569146	0.8619091	1.731405
10248	-1000.029	-1067.033	67.00336	0.6156627	1.629573	1.831125
10254	-996.5066	-1063.903	67.39596	0.4356596	1.027327	2.019266
10260	-1004.282	-1071.398	67.11612	0.9031986	1.275272	1.738936
10266	-997.1172	-1064.261	67.14386	0.7357738	1.140673	1.915522
10272	-1001.563	-1068.731	67.16774	0.5493621	0.8072882	2.247844
10278	-1000.102	-1067.462	67.36019	0.8347015	1.124355	1.70798
10284	-997.7369	-1065.392	67.65538	0.9705813	1.168748	1.357644
10290	-1001.602	-1069.577	67.97545	0.8216331	0.9898948	1.356058
10296	-994.9124	-1062.693	67.78064	1.174507	1.082814	1.148876
10302	-998.6737	-1066.337	67.66329	1.231454	1.082814	1.201454
10308	-995.6809	-1063.293	67.61206	0.9442568	1.132661	1.437152
10314	-1001.644	-1069.465	67.82155	0.9294346	0.8953605	1.468296
10320	-1007.315	-1075.363	68.04806	0.8821392	0.7293057	1.479639
10326	-1004.821	-1072.758	67.93755	1.12174	1.179996	0.9656373
10332	-1003.948	-1071.408	67.46047	1.19056	1.1641	1.341018
10338	-993.3914	-1061.495	68.10386	0.9970094	0.6593972	1.419236
10344	-994.2838	-1062.196	67.9119	1.086792	0.9721792	1.205317
10350	-996.6118	-1064.5	67.88843	1.13343	0.5395333	1.608766
10356	-994.6347	-1062.523	67.88807	0.7681339	0.9592227	1.488839
10362	-988.7028	-1056.606	67.90351	1.049968	0.7823155	1.411969
10368	-1000.668	-1067.968	67.30033	1.114933	1.336104	1.411969
10374	-1002.134	-1069.282	67.14734	0.6707911	1.098567	1.982891
10380	-1013.837	-1080.15	66.31345	0.666824	1.098567	2.522089
10386	-1008.322	-1075.146	66.82395	0.7775006	1.01205	2.180228
10392	-1016.701	-1083.987	67.28536	0.391768	0.9966805	2.140957
10398	-1007.283	-1074.494	67.21099	0.724005	0.7631344	2.140957
10404	-1005.748	-1073.578	67.83029	1.335989	1.235819	0.783322
10410	-1000.165	-1067.385	67.21976	0.8170045	1.081508	1.845729
10416	-1000.485	-1067.411	66.92666	0.6702938	0.977357	2.205699
10422	-999.8124	-1067.136	67.32364	0.7119348	0.8281487	2.024061
10428	-1003.682	-1071.027	67.34517	0.8903435	0.7706375	1.935753
10434	-1004.244	-1071.706	67.46142	0.7978475	0.9143505	1.807975
10440	-1007.104	-1075.125	68.02108	0.7360944	0.8498576	1.501601
10446	-1012.424	-1079.813	67.38961	0.8582329	1.39914	1.501601
10452	-1012.897	-1080.335	67.43797	0.8467267	1.239428	1.570321
10458	-1010.149	-1077.194	67.0446	0.7063304	1.153029	1.994506
10464	-1006.639	-1072.634	65.99474	2.600723	1.191992	0.1111004
10470	-1002.664	-1068.769	66.10531	2.601593	1.191992	0.1286278
10476	-1001.936	-1068.321	66.38423	2.580986	0.8607944	0.1174962
10482	-998.9305	-1065.193	66.26289	2.580986	0.8956079	0.1055953
10488	-1000.176	-1066.322	66.14658	2.580986	1.074795	0.1148062
10494	-994.3203	-1060.771	66.45054	2.545957	0.9183056	0.1332021
10500	-997.7893	-1064.848	67.05861	2.35942	0.759073	0.1894281
10506	-999.2102	-1065.461	66.25057	2.460653	1.285234	0.1443053
10512	-1002.268	-1068.633	66.36521	2.460653	1.080011	0.1316522
10518	-997.0602	-1063.535	66.47484	2.460653	1.080011	0.153453
10524	-994.6143	-1060.927	66.31316	2.460653	1.118252	0.1287595
10530	-997.5882	-1064.267	66.67843	2.583265	0.7022058	0.135333
10536	-997.2492	-1063.451	66.2021	2.583265	1.047838	0.1197102
10542	-998.6192	-1064.908	66.2888	2.521775	1.000058	0.1163517
10548	-999.7721	-1065.743	65.97054	2.521775	1.321	0.1118808
10554	-991.9462	-1059.477	67.53039	1.035378	0.7994991	1.68356
10560	-989.1684	-1056.661	67.4925	0.6391356	1.32953	1.627435
10566	-984.6497	-1051.713	67.06309	0.8332395	1.403721	1.752975
10572	-991.3326	-1058.785	67.45243	0.5783654	0.8554798	2.006575
10578	-996.9214	-1063.904	66.98242	0.9330688	1.064091	1.93937
10584	-996.2469	-1063.611	67.36365	0.4973081	0.9212838	2.071456
10590	-1000.726	-1068.102	67.37603	0.4619458	1.218723	1.897047
10596	-1002.628	-1069.997	67.36895	0.59425	1.003737	1.946886
10602	-1009.941	-1076.491	66.5506	0.3934423	1.115653	2.534807
10608	-1007.569	-1074.948	67.37965	0.6500248	0.9352257	1.949346
10614	-1007.745	-1074.541	66.79599	0.6186478	1.054034	2.274256
10620	-1002.219	-1068.704	66.48563	0.6436912	1.002842	2.48662
10626	-1001.307	-1068.496	67.18921	0.3868756	1.227155	2.067358
10632	-995.3532	-1062.174	66.82109	0.4797055	0.9398034	2.419396
10638	-1000.248	-1066.836	66.58871	0.5584996	0.9398034	2.515707
10644	-1010.45	-1076.472	66.02203	0.5106176	0.9350994	2.895815
10650	-1000.491	-1067.479	66.98813	0.4547553	1.048139	2.259778
10656	-991.6343	-1058.513	66.87829	0.5014394	1.421059	2.093328
10662	-995.9785	-1062.572	66.59392	0.5011605	1.212994	2.385529
10668	-997.8735	-1064.622	66.74867	0.3348361	1.35597	2.317718
10674	-994.9259	-1061.662	66.73603	0.3659805	0.9729249	2.522541
10680	-996.8987	-1064.495	67.59664	0.743414	1.156525	1.582761
10686	-992.5685	-1060.058	67.48918	0.6575851	1.069406	1.777674
10692	-988.3492	-1054.838	66.48905	0.4587327	1.069406	2.559399
10698	-991.375	-1057.791	66.4157	0.2942717	1.05213	2.716316
10704	-990.8825	-1057.479	66.5963	0.4650818	1.195301	2.416522
10710	-998.9854	-1065.88	66.89433	0.5206402	1.195301	2.190667
10716	-995.7317	-1062.016	66.28401	0.2856569	1.281435	2.676895
10722	-997.2011	-1063.601	66.40018	0.3656026	0.8792052	2.790847
10728	-993.4929	-1059.993	66.50005	0.2305719	1.221344	2.608915
10734	-997.0731	-1063.64	66.56667	0.1811474	1.221344	2.598278
10740	-987.5107	-1054.311	66.80078	0.1919399	1.176054	2.470323
10746	-989.787	-1056.553	66.76578	0.2626037	1.0855	2.499682
10752	-991.8402	-1058.444	66.60417	0.352718	1.154717	2.504644
10758	-994.3516	-1061.917	67.56546	0.5600109	0.9000602	1.910004
10764	-990.023	-1057.307	67.28363	0.529134	0.9409091	2.089549
10770	-997.8757	-1065.09	67.21476	0.6500344	1.053334	1.980315
10776	-990.1381	-1057.193	67.05523	0.6542732	1.023869	2.102129
10782	-988.3603	-1055.47	67.1098	0.6052192	1.036324	2.090511
10788	-986.0946	-1053.009	66.91457	0.5972365	1.036324	2.222793
10794	-986.2151	-1052.986	66.7706	0.4997743	1.307713	2.222793
10800	-987.7937	-1054.399	66.60577	0.4524557	0.9604514	2.557765
10806	-985.8903	-1052.605	66.71478	0.2096188	1.253091	2.471448
10812	-1000.309	-1067.961	67.65192	0.3947041	0.9911354	1.899046
10818	-999.6361	-1066.588	66.95221	0.4280723	0.7910163	2.473746
10824	-992.2197	-1059.497	67.27698	0.6094548	0.7585793	2.176188
10830	-997.3404	-1064.697	67.35622	0.6299038	0.6365291	2.214881
10836	-988.6295	-1055.556	66.9261	0.6531104	1.044635	2.17395
10842	-987.4039	-1054.954	67.54984	0.8182021	0.9416236	1.711848
10848	-993.2335	-1060.802	67.56876	0.9109614	1.039418	1.560432
10854	-1002.097	-1069.179	67.0819	0.6850361	1.039418	2.054312
10860	-998.7127	-1066.394	67.68132	0.8399842	1.039418	1.529696
10866	-994.8865	-1062.649	67.76232	1.072268	0.8939222	1.405378
10872	-1001.156	-1069.069	67.91311	1.027424	0.9321065	1.288583
10878	-994.2031	-1062.07	67.86696	1.102157	1.218503	1.022598
10884	-998.1494	-1066.404	68.25444	1.211556	0.8095872	0.9316784
10890	-1000.81	-1068.364	67.55455	1.273697	1.144689	1.209516
10896	-995.9977	-1063.9	67.90225	0.9627642	0.8050637	1.459128
10902	-990.0628	-1056.968	66.90512	0.8662704	1.258128	1.919449
10908	-993.5802	-1061.34	67.75946	0.8662704	0.993063	1.485836
10914	-990.3351	-1058.506	68.17102	1.055172	0.7613202	1.211962
10920	-993.6171	-1061.162	67.545	1.102221	1.391122	1.187817
10926	-996.4605	-1064.397	67.93623	1.019213	1.031236	1.191813
10932	-1000.749	-1069.023	68.27304	1.162939	0.4611056	1.39547
10938	-991.1822	-1058.554	67.37135	0.9645912	1.093851	1.6274
10944	-996.9037	-1064.653	67.74961	0.8328316	0.9352393	1.562288
10950	-994.3807	-1061.651	67.27012	0.8567745	1.250429	1.677607
10956	-988.7185	-1055.553	66.83465	0.5350374	1.28454	2.170829
10962	-988.772	-1056.047	67.27531	0.6712076	0.8649827	2.055425
10968	-995.5451	-1062.798	67.25321	0.5779712	0.7582743	2.212208
10974	-994.5946	-1061.436	66.84086	0.5190805	1.22036	2.212208
10980	-989.1245	-1056.354	67.22915	0.4852325	0.8385197	2.226343
10986	-996.0953	-1062.856	66.76047	0.3649507	0.9536862	2.520278
10992	-1002.309	-1068.64	66.33107	0.438472	1.454943	2.467873
10998	-1004.958	-1072.183	67.2248	0.6153306	0.8155298	2.16206
11004	-1004.005	-1071.286	67.28073	0.6153306	0.9139082	2.053479
11010	-1010.149	-1077.86	67.71071	1.934504	0.8364504	0.3861074
11016	-1004.836	-1071.767	66.93087	2.18988	1.036035	0.1907896
11022	-997.9089	-1065.095	67.18618	2.193	0.9004273	0.2347193
11028	-998.2442	-1065.586	67.34197	2.130946	0.9004273	0.2851319
11034	-1004.824	-1071.968	67.14428	2.162272	0.979239	0.239205
11040	-1008.729	-1076.826	68.09653	1.191285	1.09897	0.7837561
11046	-995.087	-1063.19	68.10269	1.191285	0.8201084	1.090067
11052	-991.7947	-1059.851	68.05608	1.11062	0.8431318	1.180241
11058	-996.8008	-1064.843	68.04206	1.128588	0.8792568	1.141301
11064	-988.0388	-1055.858	67.81951	1.057775	0.8482744	1.411507
11070	-991.0447	-1058.728	67.68333	1.056937	0.8380918	1.524204
11076	-1000.838	-1067.982	67.14387	0.8824931	1.3711	1.679168
11082	-1007.342	-1074.655	67.31324	0.8824931	1.032816	1.768117
11088	-999.6833	-1067.373	67.68987	0.9476604	0.6486953	1.768117
11094	-997.6692	-1065.553	67.88425	1.171746	0.8524261	1.26502
11100	-1004.65	-1072.704	68.05352	1.803317	0.6867998	0.4651076
11106	-1009.104	-1077.237	68.13278	1.71083	0.6859465	0.5976737
11112	-1005.558	-1073.286	67.72831	1.983112	0.7454065	0.3325331
11118	-1009.383	-1076.859	67.47625	2.084237	0.8191389	0.2828699
11124	-1004.966	-1072.399	67.43226	2.06769	0.8191389	0.2486335
11130	-1005.146	-1072.463	67.31682	2.118076	0.9005236	0.2622344
11136	-996.2545	-1063.619	67.36475	2.029224	0.9199924	0.251648
11142	-999.2899	-1067.046	67.75612	1.851077	0.8958544	0.4648811
11148	-998.2952	-1065.674	67.37845	2.085036	0.8958544	0.2759394
11154	-999.2172	-1066.793	67.57602	2.068279	0.8357968	0.3833343
11160	-995.126	-1062.826	67.6997	1.819107	0.9801321	0.465227
11166	-996.3818	-1064.122	67.74003	1.574503	1.194621	0.5517455
11172	-999.9683	-1067.698	67.72984	1.664251	1.106221	0.5517455
11178	-998.9816	-1066.268	67.28596	1.901627	1.256588	0.326839
11184	-995.0368	-1062.107	67.07003	1.977305	1.391037	0.3003781
11190	-997.5052	-1064.51	67.0046	2.284515	0.9846606	0.2338463
11196	-991.68	-1058.566	66.88602	2.284515	0.9094959	0.1685376
11202	-992.7527	-1059.774	67.02166	2.277339	0.8649073	0.1908485
11208	-990.1262	-1057.386	67.25952	2.277339	0.631549	0.1755895
11214	-992.8599	-1059.191	66.33123	2.413643	1.141963	0.1274992
11220	-990.3893	-1056.603	66.21363	2.440249	1.380928	0.1483643
11226	-992.1735	-1058.322	66.14882	2.408056	1.43973	0.1379929
11232	-992.6326	-1058.861	66.22866	2.408056	1.367117	0.1426178
11238	-993.8783	-1060.208	66.33015	2.485771	1.269233	0.1646999
11244	-1000.846	-1066.887	66.04092	2.459876	1.619634	0.1532001
11250	-999.9095	-1067.486	67.577	1.34923	1.55244	0.774068
11256	-999.8009	-1067.375	67.57429	1.292227	1.55244	0.8517337
11262	-997.031	-1064.425	67.39404	1.346618	1.55244	0.9897504
11268	-999.2552	-1067.096	67.8411	0.8980845	1.219312	1.229238
11274	-1001.215	-1068.647	67.43168	0.87529	1.178037	1.592936
11280	-997.7243	-1063.638	65.91404	2.398538	1.583738	0.1145747
11286	-995.0953	-1060.618	65.52263	2.586139	1.834384	0.1091995
11292	-995.841	-1061.693	65.85185	2.626425	1.315012	0.1091995
11298	-991.944	-1058.212	66.2679	2.53628	0.9747097	0.1116295
11304	-993.9124	-1059.931	66.0187	2.42371	1.559044	0.1330117
11310	-993.0029	-1059.121	66.11857	2.482322	1.321547	0.1291535
11316	-992.7612	-1059.05	66.28906	2.482322	1.094406	0.1245974
11322	-995.4481	-1061.591	66.14317	2.482322	1.259196	0.1245974
11328	-989.2978	-1055.692	66.39451	2.482322	1.093089	0.1436572
11334	-994.3991	-1060.632	66.23259	2.482578	1.130721	0.1209042
11340	-992.81	-1058.916	66.10591	2.482578	1.276319	0.1209042
11346	-995.1398	-1061.629	66.48903	2.392202	1.053105	0.1371161
11352	-995.2897	-1063.038	67.74838	2.125043	0.5931577	0.2961127
11358	-994.8572	-1062.076	67.21888	2.130821	0.8809903	0.2141158
11364	-991.9869	-1058.857	66.86966	2.130821	1.238596	0.212325
11370	-995.8617	-1062.995	67.13369	2.337083	0.7447102	0.2006152
11376	-997.7916	-1064.549	66.75763	2.337083	1.122901	0.2094528
11382	-995.7821	-1062.291	66.50929	2.349315	1.196163	0.1599648
11388	-990.0174	-1056.261	66.24317	2.368741	1.325499	0.1316618
11394	-991.3448	-1058.02	66.67532	2.368829	1.18742	0.2121185
11400	-1003.528	-1070.191	66.6632	2.137404	1.527984	0.2226518
11406	-1007.766	-1074.933	67.16746	2.124101	1.07504	0.2819668
11412	-1001.057	-1068.061	67.00362	2.162709	1.07504	0.2196079
11418	-1002.705	-1069.807	67.10199	2.200383	0.9468352	0.2230933
11424	-1005.156	-1072.524	67.36775	1.961361	0.9909516	0.2560721
11430	-1007.61	-1074.781	67.17032	2.177761	0.9845637	0.2628276
11436	-1014.215	-1080.712	66.49661	2.177761	1.581349	0.1915927
11442	-1010.575	-1077.291	66.71572	2.237018	1.317206	0.2189825
11448	-1013.252	-1080.172	66.91977	2.130848	1.317206	0.2645325
11454	-1005.404	-1072.515	67.11059	0.864631	1.192945	1.81846
11460	-997.7817	-1065.566	67.78428	0.8368672	1.192945	1.344522
11466	-998.1335	-1065.864	67.73025	0.8849677	1.192945	1.34924
11472	-999.5829	-1067.848	68.2651	0.8619949	0.7641794	1.291577
11478	-998.6118	-1066.506	67.89411	0.9378648	0.7641794	1.520833
11484	-1001.335	-1068.495	67.15973	0.9519344	1.147407	1.751787
11490	-1010.843	-1077.961	67.11719	0.8166274	1.050504	1.935803
11496	-1001.688	-1068.671	66.98344	0.7915083	1.34827	1.86691
11502	-1006.608	-1074.003	67.39554	0.6411524	0.8789544	1.985229
11508	-999.3811	-1067.108	67.72718	0.7059564	0.8789544	1.713365
11514	-1002.74	-1069.225	66.48437	0.5799917	1.041226	2.503623
11520	-1014.201	-1082.42	68.21946	1.637542	0.6882418	0.4845022
11526	-997.2175	-1065.367	68.14914	1.637542	0.7431453	0.4845022
11532	-1001.502	-1069.203	67.70034	1.469406	1.260072	0.7487871
11538	-1007.54	-1075.778	68.23826	1.362878	0.7728188	0.8254652
11544	-997.8252	-1065.887	68.06163	1.295987	0.9169954	0.9191062
11550	-1001.905	-1069.687	67.78223	1.295987	0.9169954	1.186481
11556	-999.5293	-1067.511	67.98207	1.400988	1.003734	0.7789206
11562	-1000.762	-1068.599	67.8366	1.548139	1.097334	0.6140245
11568	-999.9265	-1067.284	67.35734	1.548139	1.727944	0.5797664
11574	-990.0826	-1057.908	67.8255	1.76115	0.8983199	0.4055533
11580	-996.9723	-1064.811	67.83834	1.765523	0.8983199	0.541396
11586	-998.4414	-1065.918	67.47642	1.755848	1.272459	0.4047313
11592	-992.7133	-1060.328	67.6145	1.84136	1.024887	0.4048234
11598	-993.1686	-1061.459	68.29058	1.640067	0.6311736	0.5482548
11604	-999.9995	-1067.905	67.90535	1.40975	1.133562	0.6917655
11610	-999.1716	-1067.234	68.06206	1.427654	0.9613667	0.6767745
11616	-999.0409	-1066.795	67.75367	1.352873	1.390368	0.6783215
11622	-1001.632	-1069.603	67.97077	1.364111	0.7999058	1.074007
11628	-1011.668	-1080.085	68.41698	1.469064	0.5368746	0.8732842
11634	-1016.001	-1084.023	68.02228	1.755627	0.7441111	0.4391768
11640	-1009.282	-1076.925	67.64312	1.725602	1.109113	0.391368
11646	-1008.905	-1076.921	68.01629	1.602	0.8650456	0.6212622
11652	-1004.148	-1071.808	67.65969	1.384764	1.40221	0.7647218
11658	-1010.461	-1078.145	67.68387	1.439863	1.40221	0.6209499
11664	-1002.051	-1069.485	67.43332	0.8776548	1.040214	1.681896
11670	-1000.57	-1067.796	67.22615	0.8534706	0.8083171	2.010083
11676	-1006.736	-1074.641	67.90562	0.9332363	0.9062072	1.391711
11682	-999.089	-1067.412	68.32281	1.057939	0.5108598	1.37299
11688	-998.1051	-1066.639	68.53375	1.622196	0.2404646	1.193249
11694	-997.0165	-1065.502	68.48589	1.179771	0.5661087	1.055812
11700	-998.8617	-1067.007	68.14518	1.162582	0.9248117	0.9634265
11706	-992.8439	-1060.873	68.02955	1.025177	0.8315647	1.285567
11712	-997.1665	-1065.284	68.11791	1.039487	0.9137414	1.119635
11718	-996.4448	-1064.362	67.91755	1.134404	1.031077	1.106497
11724	-998.9855	-1067.237	68.25169	1.262264	0.8514943	0.8194838
11730	-999.2217	-1066.925	67.70286	1.083007	1.357514	1.087636
11736	-991.6658	-1059.536	67.86979	1.459363	0.9849693	0.8713704
11742	-991.0441	-1058.615	67.57095	1.3627	1.340589	0.9559735
11748	-1005.518	-1073.443	67.92522	1.323678	0.7649999	1.188654
11754	-999.362	-1067.301	67.93944	1.1706	0.8852276	1.188654
11760	-999.113	-1066.534	67.4208	1.115978	1.330978	1.319352
11766	-1000.592	-1068.715	68.12301	1.142059	0.9566017	0.973154
11772	-993.5168	-1061.696	68.1796	1.208228	0.7392006	1.093316
11778	-1002.656	-1070.866	68.21051	0.977866	0.8496972	1.15478
11784	-1008.522	-1076.112	67.58969	1.290799	1.261904	1.072111
11790	-1003.39	-1070.907	67.51752	1.692535	1.324909	0.4963072
11796	-1004.271	-1072.104	67.83234	1.816961	0.8592384	0.4795595
11802	-1001.931	-1069.536	67.60446	1.922232	0.8955635	0.3225833
11808	-999.9354	-1067.349	67.41331	1.922232	1.092053	0.3288038
11814	-1005.136	-1072.375	67.23886	1.937453	1.275856	0.3315077
11820	-1004.041	-1071.157	67.11603	2.192708	0.96272	0.2326411
11826	-1001.55	-1068.833	67.28354	2.141069	0.9281015	0.2733004
11832	-1009.219	-1076.469	67.24953	2.218546	0.9281015	0.3027779
11838	-1005.717	-1072.74	67.02343	2.218546	0.9777923	0.2121018
11844	-998.9488	-1066.453	67.50412	0.9983792	1.449604	1.272034
11850	-1001.051	-1069.014	67.96245	0.9167786	0.9430734	1.328881
11856	-1002.202	-1069.857	67.6545	1.000179	0.8721373	1.559226
11862	-1009.098	-1076.125	67.02732	0.6924689	1.533828	1.808183
11868	-1001.732	-1068.706	66.97397	0.7230875	1.095624	2.065116
11874	-1001.131	-1068.078	66.94706	0.6090161	1.472183	1.950523
11880	-1008.729	-1075.666	66.93658	0.6451192	1.64304	1.850405
11886	-1000.847	-1066.871	66.02468	0.5986343	1.075647	2.755601
11892	-988.9968	-1055.957	66.96006	0.4877	1.115376	2.21583
11898	-992.4415	-1059.315	66.87343	0.2069172	0.8408581	2.624246
11904	-993.656	-1060.412	66.75602	0.2331854	1.185705	2.467193
11910	-991.3565	-1058.399	67.04216	0.397817	1.185705	2.179904
11916	-996.8099	-1062.57	65.76054	0.4562141	1.383173	2.842419
11922	-996.2253	-1063.116	66.89099	0.4201029	1.383173	2.15737
11928	-1000.534	-1067.458	66.92422	0.5754327	0.8633942	2.345823
11934	-992.9955	-1059.967	66.97128	0.345267	1.03949	2.345823
11940	-1002.889	-1069.341	66.45195	0.2880711	1.492745	2.468741
11946	-1001.578	-1068.501	66.92352	0.519224	1.174171	2.184713
11952	-995.7899	-1063.487	67.69745	0.7501305	0.6506624	1.896889
11958	-996.2394	-1063.293	67.05362	0.7409545	1.373328	1.839892
11964	-991.2277	-1058.266	67.03857	0.8103524	1.305507	1.839892
11970	-984.087	-1051.561	67.47366	0.777453	0.9235897	1.806807
11976	-989.4087	-1056.779	67.37032	0.8223917	0.9798554	1.806807
11982	-998.07	-1065.914	67.84386	0.9072714	1.145112	1.273756
11988	-995.7961	-1062.978	67.18151	0.7451796	0.9262761	2.024468
11994	-1004.553	-1071.106	66.55265	0.6265407	1.375109	2.246784
12000	-999.6493	-1066.78	67.13055	0.8448493	1.016265	1.930286
12006	-991.0027	-1058.18	67.17766	0.5342303	0.8265427	2.236796
12012	-991.9025	-1059.053	67.1504	0.5584463	1.129179	2.036843
12018	-997.773	-1064.903	67.13044	0.5784141	1.129179	2.036843
12024	-1001.926	-1069.132	67.20617	0.5071034	0.8285696	2.234403
12030	-997.2994	-1064.143	66.84411	0.4635789	1.138535	2.292229
12036	-996.648	-1063.648	67.00015	0.5304418	0.8839653	2.311635
12042	-996.8951	-1063.799	66.90348	0.4450722	1.059303	2.31328
12048	-992.1318	-1059.169	67.03705	0.552859	1.20448	2.071145
12054	-990.9927	-1058.807	67.814	0.8671765	0.6273499	1.758384
12060	-990.8719	-1058.968	68.09659	0.59138	0.7612488	1.628972
12066	-998.1	-1065.687	67.58674	0.6389612	0.8836944	1.853893
12072	-1001.628	-1069.198	67.56926	0.639771	0.731704	1.985828
12078	-993.911	-1061.215	67.30362	0.457713	1.239839	1.936676
12084	-990.5923	-1057.855	67.26297	0.734834	1.239839	1.774797
12090	-994.6992	-1061.799	67.09935	0.7269812	0.9189974	2.095833
12096	-993.9722	-1060.903	66.93131	0.687021	1.444646	1.922493
12102	-1001.154	-1068.512	67.35727	0.801139	0.9325388	1.864012
12108	-997.4955	-1064.812	67.31622	0.7771249	1.13434	1.772837
12114	-993.583	-1060.684	67.10151	0.6273261	0.8519151	2.207213
12120	-994.6862	-1062.068	67.38157	0.8234959	0.8519151	1.892069
12126	-995.6241	-1063.009	67.38469	0.6769692	0.9864169	1.892069
12132	-1004.303	-1070.678	66.37472	0.524833	1.50399	2.362939
12138	-1003.337	-1069.518	66.18113	0.4495067	1.433535	2.564651
12144	-995.6714	-1063.048	67.37657	0.6994741	1.105466	1.803243
12150	-1004.648	-1072.559	67.91052	0.669347	0.563709	1.89226
12156	-1001.334	-1068.625	67.29083	0.6573577	0.9197885	2.01476
12162	-1005.406	-1072.04	66.63407	0.5306809	1.393828	2.246667
12168	-998.5214	-1065.275	66.75355	0.5019106	1.223693	2.277577
12174	-1001.98	-1068.94	66.96008	0.3822047	1.125688	2.277577
12180	-1003.497	-1070.818	67.32049	0.779753	1.021513	1.841818
12186	-1012.487	-1079.645	67.15876	0.5448733	0.7301152	2.316548
12192	-1011.152	-1077.819	66.66682	0.6341337	1.474189	2.118686
12198	-1005.932	-1074.162	68.22934	1.142552	0.7269571	1.12188
12204	-1009.222	-1077.313	68.09131	1.044652	0.8339767	1.215577
12210	-1001.661	-1069.656	67.99463	1.087353	0.8821312	1.215577
12216	-1002.952	-1070.838	67.88576	0.8806912	0.6607449	1.665549
12222	-999.4073	-1066.987	67.57969	0.9659589	1.494374	1.207919
12228	-999.0348	-1066.269	67.23375	0.6681382	1.562894	1.665676
12234	-996.2322	-1063.539	67.30648	0.7218711	1.070277	1.858768
12240	-991.1373	-1057.709	66.57191	0.6887507	1.070277	2.362525
12246	-984.9548	-1051.654	66.69964	0.561022	1.070277	2.362525
12252	-991.1592	-1058.04	66.88037	0.6147967	1.042413	2.229712
12258	-998.7098	-1065.446	66.73654	0.4448804	1.406308	2.229712
12264	-1003.531	-1070.511	66.97956	0.6582258	0.9028794	2.229712
12270	-1002.635	-1069.236	66.60063	0.6099671	0.6552864	2.686172
12276	-1006.356	-1073.616	67.26036	0.7554864	1.077944	1.862353
12282	-1003.032	-1070.78	67.74819	0.8583107	0.6991249	1.742639
12288	-1005.366	-1073.015	67.64907	0.6128639	1.134255	1.653835
12294	-990.8714	-1057.985	67.11345	0.724205	1.134255	1.947768
12300	-992.2776	-1059.535	67.25722	0.6436656	0.9668286	2.013533
12306	-995.6832	-1062.832	67.14865	0.7924607	1.377875	1.735688
12312	-1001.253	-1069.238	67.98492	1.190025	1.009535	1.009978
12318	-999.3725	-1067.008	67.6353	0.9606014	1.262329	1.317151
12324	-1002.148	-1069.923	67.77504	0.9664756	1.262329	1.196165
12330	-998.4265	-1065.976	67.54968	0.9093339	1.021173	1.588676
12336	-995.2406	-1062.634	67.39293	0.8893459	0.9180785	1.789284
12342	-1004.596	-1071.865	67.26914	0.9147986	1.231339	1.648413
12348	-1006.623	-1073.837	67.21419	0.6403499	1.181314	1.907921
12354	-1005.323	-1072.502	67.17903	0.9098024	1.134432	1.775918
12360	-995.9656	-1063.394	67.4289	0.9993643	1.088691	1.563691
12366	-995.8717	-1063.819	67.94682	1.018119	0.707602	1.474325
12372	-996.0105	-1063.22	67.20899	1.040349	0.8713263	1.847041
12378	-995.9045	-1063.474	67.57002	0.969079	0.7912854	1.709375
12384	-995.851	-1063.429	67.57802	1.075826	1.082822	1.397456
12390	-996.0422	-1063.841	67.79832	1.037781	0.8325372	1.456873
12396	-1008.941	-1076.785	67.8438	1.052656	0.6885055	1.544157
12402	-1004.688	-1072.686	67.99795	0.933521	0.6885055	1.518156
12408	-997.8863	-1065.774	67.88786	1.160717	0.876942	1.2485
12414	-1005.3	-1072.466	67.1664	1.018816	1.396848	1.549502
12420	-1006.825	-1073.883	67.05762	0.8478873	1.397159	1.750109
12426	-999.3351	-1066.443	67.10751	0.8219136	1.289588	1.793364
12432	-996.4865	-1063.699	67.21228	0.8387783	1.07774	1.838358
12438	-998.7393	-1065.893	67.15345	0.9281384	1.04581	1.838358
12444	-993.8459	-1061.448	67.60229	0.767969	1.28793	1.476383
12450	-1001.678	-1068.787	67.10956	0.6779546	0.8569648	2.165494
12456	-999.0461	-1067.08	68.03407	0.7844639	0.8569648	1.449143
12462	-996.1261	-1063.489	67.36306	1.052012	1.130159	1.545141
12468	-1004.558	-1071.629	67.07101	0.9834699	1.126754	1.804606
12474	-996.6122	-1063.981	67.36927	1.048498	1.002821	1.631779
12480	-988.9966	-1056.101	67.10393	0.7578602	0.8639025	2.111956
12486	-993.3828	-1061.198	67.81504	0.682695	0.8639025	1.679392
12492	-991.3251	-1058.741	67.4162	0.6682201	0.8639025	1.964439
12498	-985.4687	-1052.944	67.47519	0.8537207	1.020758	1.682673
12504	-985.6395	-1053.527	67.88799	1.025724	1.020758	1.236031
12510	-990.5613	-1058.639	68.07748	1.091994	0.7494274	1.271697
12516	-1000.104	-1068.028	67.92348	1.053692	0.7244444	1.448643
12522	-993.8262	-1062.19	68.36409	1.290448	0.7244444	0.8337165
12528	-996.6425	-1064.592	67.94982	1.361607	1.051837	0.811906
12534	-993.6949	-1061.944	68.2495	1.312257	0.7115473	0.9576232
12540	-992.8146	-1061.013	68.19871	1.419105	0.8292961	0.7048273
12546	-991.0312	-1059.164	68.13276	1.484246	0.8211225	0.7219393
12552	-990.0822	-1058.137	68.05471	1.617992	0.8386889	0.4819887
12558	-996.1562	-1064.048	67.89153	1.634453	0.9736821	0.5316751
12564	-999.1019	-1067.29	68.1878	1.793439	0.5737782	0.3759985
12570	-1003.695	-1071.561	67.86587	2.028697	0.5861873	0.3042899
12576	-996.007	-1063.363	67.3557	2.036884	0.9072163	0.2442427
12582	-995.7828	-1062.651	66.86795	2.03153	1.423271	0.2313761
12588	-991.9759	-1059.168	67.19165	2.051905	1.036856	0.2366135
12594	-992.7436	-1060.081	67.33733	2.066405	0.8563807	0.2245426
12600	-989.3246	-1056.152	66.82694	2.350559	0.8908314	0.1652235
12606	-998.7732	-1065.349	66.57609	2.263609	1.204866	0.157332
12612	-1003.43	-1070.478	67.0483	2.263609	0.7405488	0.1556038
12618	-999.4896	-1066.605	67.11567	2.25794	0.7385651	0.1698778
12624	-997.6152	-1064.814	67.19868	2.25794	0.7794101	0.2104859
12630	-998.2016	-1065.206	67.00485	2.25794	1.018069	0.2369845
12636	-987.8969	-1055.272	67.37532	2.085425	0.8317302	0.2369845
12642	-993.9545	-1061.625	67.6703	1.811125	0.9352368	0.3199957
12648	-993.4756	-1061.064	67.58802	1.702659	1.205027	0.4070066
12654	-1000.586	-1068.485	67.89917	1.546173	1.028872	0.6263864
12660	-1001.814	-1069.681	67.86668	1.555381	1.045707	0.6426722
12666	-1000.156	-1068.218	68.06216	1.248506	1.053858	0.8103727
12672	-1004.305	-1072.403	68.09762	1.264857	0.837834	1.005006
12678	-1006.002	-1074.272	68.27071	1.219287	0.837834	0.8679209
12684	-995.7283	-1063.865	68.13708	1.128414	0.837834	1.097526
12690	-996.66	-1064.335	67.67481	1.128414	1.208942	1.182183
12696	-996.5744	-1063.829	67.25506	0.9259423	0.7051647	2.027061
12702	-997.4918	-1064.949	67.45733	0.9614889	0.9587039	1.663161
12708	-995.1853	-1063.35	68.1644	0.983936	0.5502255	1.50331
12714	-999.2261	-1066.807	67.58106	1.046056	0.7177824	1.711195
12720	-1001.71	-1069.48	67.76938	0.8958964	1.251901	1.267725
12726	-1004.444	-1071.743	67.29925	0.7304887	1.288107	1.724135
12732	-991.9784	-1059.631	67.65297	0.8063609	1.011017	1.595757
12738	-996.0053	-1063.228	67.22234	0.6951621	1.224127	1.839581
12744	-992.3496	-1059.669	67.3191	0.8996861	1.015965	1.763582
12750	-991.0613	-1059.095	68.03331	0.8959328	0.7552383	1.45584
12756	-996.9744	-1064.688	67.71355	0.7079037	0.7884463	1.794067
12762	-991.7636	-1058.786	67.02243	0.7737947	1.119081	1.984848
12768	-996.1772	-1063.724	67.54709	0.64941	1.119081	1.710262
12774	-1000.172	-1067.387	67.21509	0.6796764	0.6920093	2.225433
12780	-995.2267	-1062.397	67.17049	0.6974622	1.077922	1.962497
12786	-999.9271	-1067.026	67.09929	0.441134	1.21264	2.099039
12792	-994.8345	-1061.408	66.57324	0.4720314	1.101364	2.479841
12798	-998.5765	-1066.083	67.50694	0.4590611	1.024017	1.931477
12804	-994.6152	-1062.231	67.61535	0.5853402	0.9353828	1.832985
12810	-999.0946	-1066.619	67.52442	0.3373403	1.135989	1.930469
12816	-1005.494	-1072.236	66.74264	0.2018477	0.9613686	2.627632
12822	-996.8368	-1063.756	66.91966	0.05098977	1.309488	2.412978
12828	-1000.337	-1066.619	66.28167	0.09859059	1.309488	2.778743
12834	-1003.019	-1069.531	66.51189	0.06062819	1.129617	2.755999
12840	-1000.859	-1066.824	65.96551	0.137375	1.129617	3.039822
12846	-1002.598	-1068.657	66.05901	0.2775838	1.165169	2.879929
12852	-1005.576	-1072.439	66.86298	0.1794329	1.383262	2.330209
12858	-1007.303	-1073.262	65.95931	0.226259	1.369839	2.867665
12864	-1006.705	-1073.076	66.37008	0.308835	1.134364	2.688181
12870	-1005.804	-1072.324	66.52022	0.1338405	1.294523	2.618213
12876	-999.092	-1065.599	66.50744	0.4124224	1.11191	2.552
12882	-991.7647	-1057.746	65.98149	0.5898621	1.022943	2.818241
12888	-998.7564	-1065.62	66.86399	0.2748074	1.321944	2.299837
12894	-991.9181	-1058.6	66.68228	0.1812707	0.9214129	2.703176
12900	-990.8123	-1057.844	67.03135	0.2742882	1.233972	2.239707
12906	-1000.769	-1068.061	67.29275	0.2577605	1.098931	2.159101
12912	-996.3641	-1063.165	66.80108	0.281598	1.098931	2.457807
12918	-1001.472	-1067.873	66.40071	0.3302934	1.788626	2.346302
12924	-998.3091	-1065.474	67.16473	0.5810446	0.6790455	2.331845
12930	-998.5255	-1065.554	67.02861	0.7599036	1.125369	1.986152
12936	-1000.386	-1067.854	67.46793	0.6699213	0.5872174	2.16238
12942	-994.2203	-1061.719	67.49844	0.9079454	0.905302	1.711996
12948	-993.456	-1061.27	67.81346	0.6793692	0.905302	1.650475
12954	-995.0597	-1062.547	67.48731	0.7436159	0.8551153	1.872009
12960	-991.2908	-1058.708	67.41729	0.932708	1.078361	1.627765
12966	-994.335	-1061.816	67.48082	0.8718138	1.07557	1.627765
12972	-988.7035	-1056.211	67.50721	0.7982231	0.9485524	1.750787
12978	-994.181	-1061.724	67.54309	0.6921979	0.7180966	1.979814
12984	-993.752	-1061.274	67.5224	0.9340619	1.047072	1.572073
12990	-997.1699	-1065.11	67.94059	0.9463836	0.9759678	1.295214
12996	-1004.751	-1072.796	68.04504	0.7950139	0.8390377	1.448193
13002	-1000.991	-1068.409	67.41747	0.7147399	0.8390377	1.951172
13008	-992.4902	-1059.792	67.30223	0.7418021	0.8390377	2.010146
13014	-992.8517	-1060.68	67.82872	0.9951511	1.10959	1.240306
13020	-991.7033	-1059.295	67.59153	0.8007796	1.320503	1.439333
13026	-994.217	-1061.768	67.5513	0.8031422	0.7812095	1.846233
13032	-996.4757	-1063.526	67.04979	0.7245933	1.120901	1.998313
13038	-990.376	-1057.27	66.89437	0.4331599	1.164008	2.264848
13044	-992.1548	-1059.584	67.42905	0.8316206	0.8654129	1.843773
13050	-991.7368	-1058.897	67.15976	0.9178795	1.647666	1.493819
13056	-991.2213	-1058.861	67.64011	0.8853877	0.8070876	1.70579
13062	-991.8102	-1059.502	67.69146	1.060632	0.8884254	1.473178
13068	-999.5688	-1066.568	66.99944	0.8144322	0.6305464	2.330669
13074	-989.0572	-1056.596	67.53902	0.6115304	0.8101839	1.961223
13080	-988.4358	-1055.705	67.26904	0.721454	0.8750575	2.018879
13086	-985.7157	-1053.148	67.43189	0.6905709	0.8750575	1.93052
13092	-987.4754	-1054.297	66.82177	0.7413544	0.8750575	2.297123
13098	-993.347	-1060.107	66.76008	0.4037306	0.6475436	2.721382
13104	-994.2913	-1060.67	66.37828	0.4011431	1.405492	2.485285
13110	-997.0201	-1063.348	66.32806	0.158879	1.405492	2.666766
13116	-1002.676	-1069.939	67.26233	0.4819955	0.7937667	2.240591
13122	-999.9474	-1066.551	66.60354	0.7980322	1.12384	2.240591
13128	-989.238	-1056.682	67.44414	0.9187845	0.679999	1.927396
13134	-991.6746	-1059.199	67.52471	0.735544	0.9781588	1.761083
13140	-999.8681	-1065.535	65.66705	0.4714016	1.378374	2.892117
13146	-994.6184	-1061.77	67.15189	0.5627528	1.012038	2.106416
13152	-992.4698	-1059.872	67.40193	0.774064	1.012038	1.796038
13158	-989.4383	-1057.324	67.88562	0.9080019	0.9050158	1.427753
13164	-999.6091	-1067.372	67.76275	0.9330517	0.8497437	1.547368
13170	-995.6586	-1063.458	67.79954	1.043537	0.8497437	1.436581
13176	-996.6877	-1065.009	68.32129	1.287561	0.6192154	1.035589
13182	-1001.417	-1069.394	67.97686	1.00492	0.6948086	1.474167
13188	-1008.622	-1076.491	67.86907	1.028031	0.6550196	1.576715
13194	-997.2992	-1064.81	67.5107	0.7806994	1.055745	1.685157
13200	-994.279	-1061.745	67.46645	0.7533393	1.099889	1.706348
13206	-1000.478	-1068.274	67.79533	0.7599481	0.8550345	1.645344
13212	-997.6174	-1065.364	67.7467	0.8470829	1.067769	1.454685
13218	-993.5092	-1060.918	67.40917	0.9178564	1.186899	1.572568
13224	-987.7127	-1055.048	67.33515	0.8931532	1.186899	1.644205
13230	-989.0058	-1056.003	66.99723	0.6880813	0.7389141	2.321185
13236	-992.5826	-1059.395	66.81199	0.3429929	0.9950048	2.47546
13242	-987.0997	-1053.991	66.89177	0.4126639	1.113672	2.308832
13248	-989.4709	-1056.07	66.5995	0.4142133	1.113672	2.492459
13254	-990.4509	-1056.989	66.53808	0.5638156	1.021095	2.492459
13260	-989.9717	-1056.466	66.49458	0.4063904	1.345591	2.438525
13266	-994.2229	-1060.651	66.4285	0.511623	0.8220479	2.72376
13272	-992.7928	-1059.903	67.11057	0.7212901	1.050223	2.004304
13278	-994.7637	-1061.458	66.69411	0.3487159	0.8758541	2.623201
13284	-997.5283	-1064.081	66.55243	0.437786	0.9255282	2.622515
13290	-994.6019	-1061.114	66.51199	0.5055796	0.9255282	2.605605
13296	-994.3865	-1061.441	67.05487	0.8977619	1.245901	1.802581
13302	-994.417	-1061.831	67.41382	0.5778614	1.095949	1.86731
13308	-992.702	-1060.304	67.602	1.09616	1.097968	1.351481
13314	-993.9014	-1061.617	67.71527	0.793921	1.041923	1.536876
13320	-990.9104	-1057.493	66.58207	0.6995132	1.042535	2.366137
13326	-990.0673	-1057.561	67.49404	0.6525455	0.9182452	1.88241
13332	-995.9974	-1063.718	67.72081	0.7227162	0.7685535	1.79537
13338	-1000.664	-1068.238	67.57481	0.6304793	0.8552691	1.889348
13344	-995.6957	-1062.086	66.39001	0.5353535	0.8920737	2.68461
13350	-1005.65	-1072.219	66.56884	0.2573098	1.040931	2.651582
13356	-996.7885	-1063.676	66.88734	0.276828	0.8320156	2.578615
13362	-997.7959	-1064.161	66.36458	0.4055679	1.232311	2.578615
13368	-994.5976	-1061.6	67.00269	0.2805847	1.217508	2.263152
13374	-996.8109	-1063.654	66.84352	0.4397542	1.217508	2.263152
13380	-995.8987	-1063.033	67.13476	0.2850086	0.9710176	2.323551
13386	-996.6312	-1063.457	66.82613	0.3540839	1.023001	2.442167
13392	-1001.202	-1068.253	67.05173	0.4720304	0.620014	2.522759
13398	-987.8781	-1055.066	67.18783	0.6402705	0.813449	2.171458
13404	-990.8999	-1057.385	66.48522	0.6801635	1.394289	2.246027
13410	-991.1457	-1057.708	66.56269	0.4659197	1.394289	2.333524
13416	-994.6857	-1060.986	66.30036	0.4799159	1.55643	2.414391
13422	-999.373	-1066.155	66.78181	0.5140391	1.454631	2.131594
13428	-993.2682	-1059.728	66.45951	0.3428596	0.7761739	2.840765
13434	-993.7242	-1060.824	67.09964	0.5926235	0.8429428	2.237356
13440	-996.5737	-1063.775	67.20146	0.5463496	0.8429428	2.201505
13446	-999.8811	-1066.99	67.10912	0.404821	1.172717	2.139244
13452	-998.7592	-1065.881	67.1222	0.6588235	1.172717	1.962613
13458	-992.144	-1059.537	67.39335	0.7399286	0.8232583	1.962613
13464	-993.436	-1060.451	67.01511	0.77147	1.387516	1.83776
13470	-996.1888	-1063.787	67.59792	0.7183658	0.7290466	1.915972
13476	-986.5363	-1053.765	67.22832	0.7580346	0.7290466	2.135075
13482	-987.4557	-1054.63	67.17474	0.8949624	1.182011	1.759557
13488	-991.4006	-1058.343	66.94225	0.5861183	0.8478637	2.338656
13494	-995.7605	-1063.472	67.71159	1.79902	0.9855274	0.5530883
13500	-994.294	-1062.159	67.86519	1.546761	0.9484647	0.8156656
13506	-999.0246	-1066.547	67.52229	1.215009	1.167762	1.268428
13512	-997.0485	-1064.203	67.15408	0.9747577	1.176737	1.721337
13518	-1004.099	-1071.818	67.71958	0.9700251	1.176737	1.300951
13524	-994.5941	-1062.132	67.53813	0.7938186	0.9345481	1.742476
13530	-995.5223	-1062.854	67.33158	0.6604595	0.9137896	1.989805
13536	-1001.71	-1069.7	67.99074	1.065483	0.9137896	1.208298
13542	-994.5484	-1062.205	67.65634	0.975187	0.9137896	1.542857
13548	-992.8912	-1060.402	67.51112	1.074845	1.066586	1.461487
13554	-998.1782	-1065.927	67.7492	0.9141273	0.9504404	1.490318
13560	-994.8858	-1062.866	67.98014	0.9922883	0.8067048	1.374626
13566	-1001.679	-1069.52	67.84135	1.012266	0.9127819	1.374626
13572	-1004.704	-1072.922	68.2184	1.137284	0.5198834	1.381197
13578	-997.9014	-1065.648	67.74648	0.7002207	0.8256621	1.746058
13584	-1001.783	-1069.02	67.23652	0.7978461	1.371334	1.673341
13590	-997.3905	-1064.775	67.38489	0.7114959	1.371334	1.628857
13596	-995.4946	-1062.582	67.08765	0.7835178	1.024099	1.995045
13602	-1000.12	-1067.398	67.27801	0.7556812	1.739217	1.480833
13608	-1007.298	-1074.773	67.47503	0.651596	0.7085342	2.060174
13614	-1003.938	-1070.84	66.90251	0.5921281	1.338623	2.060174
13620	-1000.156	-1066.647	66.49117	0.5676992	1.194791	2.418383
13626	-999.5264	-1066.464	66.93757	0.5639674	1.150525	2.160237
13632	-995.2614	-1061.77	66.50902	0.4842667	1.087994	2.520134
13638	-994.8966	-1061.823	66.92675	0.3631988	1.087994	2.333287
13644	-994.734	-1061.783	67.04949	0.4426615	0.8880413	2.333287
13650	-996.1054	-1063.156	67.0506	0.6082879	0.8880413	2.226494
13656	-996.1711	-1062.924	66.75302	0.3242591	0.8985619	2.586518
13662	-995.2499	-1061.62	66.37032	0.3076166	0.8985619	2.83142
13668	-998.1022	-1064.703	66.60048	0.3855288	1.34417	2.385601
13674	-997.9961	-1064.138	66.14229	0.5717843	1.139695	2.663587
13680	-993.8024	-1060.767	66.96456	0.8340911	1.139695	1.97064
13686	-996.032	-1063.302	67.26971	0.8238662	0.9285295	1.91099
13692	-995.1417	-1062.639	67.49687	0.9204615	0.9285295	1.686685
13698	-986.2187	-1053.851	67.6324	0.7811306	0.9321313	1.686685
13704	-996.4262	-1063.665	67.23912	1.039274	1.067104	1.686685
13710	-998.0452	-1065.976	67.93123	1.093877	0.6491178	1.487697
13716	-991.298	-1059.16	67.86179	0.9744011	0.7974915	1.487697
13722	-990.8237	-1058.89	68.06657	0.8013259	0.7027383	1.551511
13728	-996.9151	-1064.298	67.38246	0.7929127	1.419453	1.543902
13734	-994.9397	-1062.522	67.58188	1.006834	0.9531141	1.543902
13740	-994.9551	-1062.386	67.43054	0.9415907	0.8665957	1.765777
13746	-991.7145	-1059.401	67.68643	0.9104547	1.143296	1.398367
13752	-1003.381	-1070.576	67.19537	0.3252029	1.143296	2.152087
13758	-1001.59	-1068.194	66.60473	0.3766105	0.964209	2.603045
13764	-1002.585	-1069.158	66.57327	0.3319221	0.9972434	2.629395
13770	-991.2517	-1057.688	66.43645	0.3828633	1.016851	2.670304
13776	-993.5263	-1059.6	66.07366	0.370743	1.111413	2.844154
13782	-995.7047	-1062.563	66.85797	0.2741633	0.9181958	2.53934
13788	-997.2397	-1064.565	67.32496	0.3938844	0.717238	2.317279
13794	-993.5708	-1060.161	66.59051	0.4955878	0.9149592	2.570105
13800	-993.5308	-1060.948	67.41728	0.6423379	0.9149592	1.943654
13806	-993.3393	-1060.769	67.42947	0.5652036	0.9772498	1.943654
13812	-998.0142	-1065.291	67.27727	0.730993	1.169774	1.80976
13818	-994.6796	-1062.474	67.79485	0.9139357	0.7420481	1.631066
13824	-999.5247	-1067.474	67.94904	0.8796124	0.8488284	1.448411
13830	-1000.055	-1068.062	68.0072	0.8980181	0.8039877	1.429343
13836	-997.7482	-1065.699	67.9505	0.9647542	0.8089503	1.417121
13842	-994.5053	-1062.12	67.61514	0.9620794	0.918329	1.579244
13848	-995.1744	-1062.351	67.17697	0.923712	0.9628953	1.881833
13854	-993.0797	-1060.424	67.34424	0.778864	1.174558	1.726733
13860	-994.1214	-1061.386	67.26471	0.6979613	0.7201387	2.157883
13866	-998.3514	-1065.831	67.47994	0.7502919	0.7920612	1.921952
13872	-997.7439	-1065.282	67.53768	0.844293	1.028876	1.639014
13878	-998.4492	-1065.723	67.27401	0.7689784	1.117	1.818721
13884	-998.2921	-1065.69	67.39753	0.4304077	0.858763	2.137849
13890	-1004.04	-1070.856	66.81682	0.6746671	2.091104	1.719712
13896	-1000.75	-1067.679	66.92928	0.7299927	1.685448	1.777018
13902	-1000.342	-1068.36	68.01808	0.8607259	0.6939326	1.551927
13908	-1003.077	-1070.431	67.35427	0.8607259	1.354726	1.551927
13914	-1000.832	-1068.105	67.27226	0.9826716	1.193291	1.620972
13920	-999.8518	-1066.892	67.04066	0.6874463	0.843251	2.214013
13926	-1000.622	-1067.374	66.75188	0.5880506	1.004349	2.352931
13932	-1003.401	-1070.512	67.11082	0.5581525	1.141712	2.055691
13938	-1000.254	-1067.589	67.33491	0.9687417	1.141712	1.618928
13944	-999.7348	-1067.366	67.63158	1.056176	1.141712	1.327729
13950	-1005.288	-1073.553	68.26503	1.047098	0.564418	1.360709
13956	-998.0473	-1065.858	67.81109	0.7211386	0.8762966	1.644896
13962	-998.4713	-1066.209	67.73753	0.8523684	0.9432127	1.550637
13968	-992.5607	-1060.097	67.53673	0.7425285	1.048807	1.698512
13974	-998.3224	-1066.015	67.69232	0.8092136	0.7486938	1.771998
13980	-992.7954	-1059.367	66.57135	0.6702171	1.345303	2.221804
13986	-999.8995	-1067.555	67.65595	0.5101157	0.7584508	1.992314
13992	-995.6437	-1062.347	66.70376	0.6602007	0.8885537	2.41413
13998	-996.7689	-1063.364	66.59497	0.4679652	1.197862	2.41413
14004	-1004.748	-1073.133	68.3851	1.310968	0.5660674	1.026617
14010	-992.8789	-1060.074	67.19495	0.7285467	1.359917	1.75794
14016	-1000.442	-1067.667	67.22519	1.210673	1.330767	1.399316
14022	-996.4434	-1063.779	67.336	0.8069835	1.037532	1.801566
14028	-987.791	-1055.27	67.47894	0.8412485	1.037532	1.677198
14034	-991.4263	-1057.752	66.32555	0.6193027	1.132551	2.524657
14040	-991.6781	-1058.393	66.71504	0.4935498	0.8695547	2.524657
14046	-992.5118	-1058.993	66.48102	0.3456767	0.9788419	2.689167
14052	-991.8542	-1058.372	66.51767	0.6900773	0.9788419	2.4526
14058	-995.2702	-1061.095	65.82465	0.7508664	1.722724	2.471432
14064	-993.7456	-1060.229	66.48357	0.5451187	0.9667348	2.572097
14070	-997.5363	-1063.897	66.36103	0.4157153	1.236896	2.572097
14076	-994.2525	-1060.805	66.55271	0.1979156	0.7667624	2.879032
14082	-1004.684	-1071.12	66.43543	0.3668679	1.288607	2.529251
14088	-995.8095	-1062.736	66.9264	0.4211214	0.881397	2.42943
14094	-987.1327	-1054.087	66.95448	0.7135683	1.364837	1.930552
14100	-992.6903	-1060.157	67.46665	0.8696367	1.005217	1.688371
14106	-990.7375	-1058.127	67.38945	0.8365898	0.9030934	1.839194
14112	-985.8203	-1053.502	67.68166	1.060526	0.9471059	1.433026
14118	-994.154	-1062.218	68.06391	1.054625	0.4508832	1.645655
14124	-990.3732	-1058.177	67.80342	0.8800499	1.028504	1.414942
14130	-990.9647	-1058.694	67.72921	0.9720016	0.9166788	1.48856
14136	-993.9478	-1061.467	67.51911	0.9587681	0.9166788	1.652451
14142	-991.0931	-1058.648	67.55498	0.7750596	0.943407	1.737301
14148	-992.6481	-1059.028	66.37974	0.8025201	1.032798	2.434848
14154	-998.3299	-1064.956	66.62593	0.8747742	1.332923	2.059188
14160	-998.086	-1066.09	68.00437	0.7758466	0.8346665	1.49727
14166	-990.6175	-1058.191	67.57339	0.7285868	0.9390624	1.760131
14172	-987.6992	-1054.459	66.75943	0.594313	1.39108	2.125523
14178	-984.9399	-1052.574	67.63412	1.005804	0.969032	1.493503
14184	-991.3002	-1058.811	67.51127	0.9883561	1.282892	1.380041
14190	-989.0988	-1056.299	67.20025	0.8397633	0.9494099	1.932401
14196	-990.8686	-1058.985	68.11688	0.9076019	0.6253194	1.513014
14202	-991.3023	-1059.633	68.33081	1.047925	0.7642687	1.072998
14208	-1000.097	-1068.1	68.00334	1.015505	0.7996296	1.344502
14214	-1002.615	-1070.69	68.07493	1.083939	0.8680776	1.162627
14220	-1005.417	-1072.974	67.55714	0.9583296	1.007157	1.557458
14226	-1003.667	-1071.748	68.08112	0.8624333	0.8188626	1.386148
14232	-1000.322	-1067.993	67.67155	0.8624333	0.9768455	1.566273
14238	-996.9703	-1064.79	67.82007	1.142187	0.6359162	1.548182
14244	-993.5295	-1061.831	68.301	1.318855	0.5777443	1.082398
14250	-1001.555	-1069.486	67.93056	1.164165	1.068936	1.032028
14256	-1006.174	-1073.855	67.68057	1.179212	1.099193	1.218176
14262	-1010.768	-1078.474	67.70541	1.320721	1.072582	1.093537
14268	-1008.55	-1076.979	68.4286	1.336935	0.6389726	0.8367806
14274	-999.6495	-1067.889	68.23955	1.430758	0.7888922	0.6957446
14280	-994.7871	-1062.909	68.12224	1.292729	0.8428069	0.9453049
14286	-996.6939	-1064.219	67.52456	1.219113	1.412941	1.086637
14292	-995.9852	-1064.141	68.15567	1.239502	0.7479425	1.076406
14298	-1000.443	-1068.695	68.2523	1.28809	0.791372	0.8723073
14304	-995.7117	-1063.948	68.23655	1.180788	0.791372	1.004272
14310	-1001.844	-1069.398	67.55433	1.083076	1.468725	1.144647
14316	-1000.001	-1067.707	67.70636	1.079791	1.14184	1.247185
14322	-994.5674	-1061.983	67.41563	0.9380858	1.459716	1.38526
14328	-992.6635	-1060.713	68.04942	0.9597497	0.6503376	1.498417
14334	-995.5987	-1063.192	67.59339	0.71652	0.84501	1.825691
14340	-986.9948	-1054.149	67.15399	0.7735031	1.236073	1.825691
14346	-997.1072	-1064.764	67.65724	0.7440794	1.090508	1.582189
14352	-990.1242	-1057.55	67.42582	0.946514	0.8698745	1.763089
14358	-987.1192	-1054.585	67.46618	0.9219253	1.113185	1.576433
14364	-1000.432	-1068.21	67.77795	1.086317	1.366742	1.00556
14370	-1003.477	-1071.248	67.77102	1.137103	0.9535301	1.296755
14376	-999.4942	-1067.559	68.06511	1.00428	1.001509	1.117193
14382	-1002.926	-1070.657	67.73126	1.125777	1.121436	1.202998
14388	-997.4568	-1065.499	68.04268	1.12683	1.005096	1.019685
14394	-1001.173	-1069.492	68.31851	1.469897	0.7268972	0.6044043
14400	-995.9411	-1063.851	67.90944	1.738788	0.8584923	0.4637448
14406	-995.8358	-1064.173	68.33764	1.650465	0.5700534	0.645897
14412	-1008.94	-1077.139	68.19902	1.417127	0.8725798	0.6043608
14418	-1009.442	-1077.746	68.30428	1.223484	0.8725798	0.7690246
14424	-1007.51	-1074.265	66.75487	0.2915061	1.450841	2.294602
14430	-1001.527	-1069.244	67.71742	0.3404566	0.9854702	1.895288
14436	-1000.391	-1067.23	66.83888	0.2499437	1.381049	2.301711
14442	-998.0753	-1065.114	67.03909	0.3222691	0.8974412	2.409673
14448	-1001.285	-1068.291	67.00608	0.333203	0.9301774	2.401502
14454	-1004.19	-1071.581	67.39117	0.6580991	0.9546235	1.922499
14460	-998.6333	-1066.043	67.40939	0.4159241	0.8880613	2.118382
14466	-1000.129	-1067.018	66.88882	0.7661143	0.9754213	2.169395
14472	-998.9609	-1065.933	66.97169	0.4171849	1.444472	2.075596
14478	-992.4095	-1059.889	67.47926	0.8633843	0.9425047	1.7291
14484	-994.6777	-1062.618	67.94003	0.9824944	0.7433262	1.472144
14490	-994.3218	-1062.161	67.83886	1.161368	0.6828189	1.472144
14496	-994.7868	-1062.778	67.99082	0.866966	0.6828189	1.57813
14502	-996.7121	-1063.912	67.2002	0.7320703	0.8889673	2.047353
14508	-995.2827	-1062.261	66.97861	0.4441147	0.8411814	2.410367
14514	-995.8102	-1062.377	66.56706	0.4738602	1.51406	2.268094
14520	-993.7056	-1060.502	66.79623	0.4602965	1.239763	2.268094
14526	-1006.338	-1073.559	67.22052	0.6991941	1.425811	1.724654
14532	-1002.548	-1070.304	67.75559	0.7249845	1.423456	1.306155
14538	-999.8335	-1067.344	67.51051	0.94779	1.134725	1.509921
14544	-1003.025	-1070.052	67.0269	0.8254652	1.134725	1.937581
14550	-1001.923	-1068.879	66.95593	0.6622346	1.134725	2.093341
14556	-996.7732	-1063.886	67.11302	0.6819502	0.9165892	2.118078
14562	-990.6001	-1057.568	66.96751	0.2579442	1.090208	2.372918
14568	-990.9568	-1057.405	66.44843	0.23174	1.453664	2.52435
14574	-985.3938	-1052.178	66.78463	0.3591879	1.209663	2.356475
14580	-986.2728	-1053.227	66.95413	0.1703435	1.209663	2.368744
14586	-985.788	-1052.376	66.58827	0.2272873	1.345988	2.491893
14592	-988.5546	-1055.382	66.82767	0.1586653	1.178104	2.47319
14598	-995.2069	-1062.26	67.05329	0.1442368	1.136133	2.363764
14604	-992.6464	-1059.16	66.51341	0.1870878	1.491015	2.494285
14610	-990.4416	-1056.681	66.23966	0.2973702	1.501634	2.591166
14616	-994.2165	-1060.941	66.72488	0.5743869	0.9139705	2.437576
14622	-987.2461	-1054.536	67.28987	0.4735882	0.9139705	2.1405
14628	-988.7411	-1056.33	67.5893	0.8581326	0.8305919	1.741565
14634	-994.8733	-1061.205	66.3316	0.5591259	1.144197	2.551783
14640	-1005.878	-1072.495	66.61731	0.6096229	0.8150837	2.551783
14646	-987.1033	-1054.293	67.18956	0.6096229	0.8369129	2.172658
14652	-989.0295	-1056.405	67.3757	0.5743725	0.7122223	2.172658
14658	-988.269	-1055.311	67.04233	0.5708937	1.0606	2.14182
14664	-987.8796	-1055.133	67.25287	0.509167	0.9134024	2.14182
14670	-987.6124	-1054.311	66.69874	0.4361579	1.288606	2.31971
14676	-992.6529	-1059.881	67.22841	0.6708787	0.7342708	2.18743
14682	-998.9152	-1066.173	67.25763	0.4290937	0.7342708	2.32399
14688	-997.5964	-1064.005	66.40837	0.4628424	1.309672	2.475393
14694	-989.691	-1056.105	66.41414	0.3319087	1.43628	2.491414
14700	-990.9298	-1057.656	66.72621	0.4012224	1.421909	2.256735
14706	-992.8333	-1060.204	67.37076	0.9011844	0.9753994	1.754881
14712	-996.855	-1064.459	67.60361	0.8221743	0.8328895	1.754881
14718	-992.2853	-1060.386	68.10099	1.240096	0.8328895	1.031572
14724	-996.5684	-1064.343	67.77471	0.950104	0.8328895	1.540081
14730	-997.6955	-1064.981	67.28517	0.7954632	1.007404	1.864807
14736	-1001.319	-1068	66.68146	0.5957989	1.35946	2.191447
14742	-996.4149	-1064.081	67.66583	0.9512187	0.8459652	1.608143
14748	-999.8993	-1068.083	68.18368	0.8545038	0.649781	1.477144
14754	-998.1588	-1065.808	67.64882	1.172135	0.9615646	1.360002
14760	-1000.577	-1068.327	67.74945	0.7871554	1.109058	1.468692
14766	-998.7087	-1066.282	67.57349	0.5794741	0.8665308	1.916296
14772	-1003.539	-1070.226	66.68699	0.5224103	1.017103	2.427461
14778	-997.9903	-1064.614	66.62346	0.592426	1.512372	2.155851
14784	-993.7776	-1060.598	66.81996	0.5336423	1.512372	2.065615
14790	-994.0433	-1060.896	66.85271	0.8564499	1.08192	2.065615
14796	-999.8802	-1067.056	67.17585	0.6539799	1.474018	1.762199
14802	-1007.287	-1073.79	66.50297	0.7094834	1.474018	2.176449
14808	-1004.603	-1072.263	67.66038	0.9867772	1.026605	1.444293
14814	-998.1976	-1065.89	67.69236	1.229883	1.236811	1.052704
14820	-996.9654	-1064.824	67.85909	1.361766	1.053299	0.9177741
14826	-1003.887	-1070.946	67.05909	1.19302	1.527763	1.425215
14832	-1007.518	-1075.191	67.67367	1.197233	1.239066	1.098876
14838	-1011.474	-1079.332	67.85798	1.372682	0.9189306	1.046415
14844	-1006.676	-1074.447	67.77178	1.445667	1.211192	0.7395742
14850	-1002.646	-1070.584	67.93837	1.656715	0.9091957	0.512403
14856	-1003.938	-1071.875	67.93698	1.656715	0.9091957	0.4715056
14862	-999.7156	-1067.876	68.16053	1.550885	0.7855844	0.6175618
14868	-998.1269	-1066.272	68.14534	1.550885	0.8038452	0.599409
14874	-995.9539	-1063.893	67.93863	1.551317	0.9958138	0.5934964
14880	-1004.75	-1072.138	67.38828	1.565783	1.670483	0.5253037
14886	-1003.163	-1070.554	67.3904	1.519894	1.670483	0.6653803
14892	-1000.817	-1068.64	67.82355	1.323812	1.167541	0.8815948
14898	-1000.365	-1068.768	68.40318	1.479357	0.5669144	0.8209767
14904	-998.838	-1066.269	67.43063	1.743441	1.362799	0.5554659
14910	-1002.259	-1069.82	67.56126	1.743441	1.211687	0.5015342
14916	-1002.511	-1070.458	67.94773	1.732834	0.832396	0.5015342
14922	-1000.843	-1068.566	67.72327	1.732834	1.045666	0.487575
14928	-1002.093	-1069.695	67.60247	1.732834	1.165799	0.4336612
14934	-1000.466	-1068.039	67.57283	1.732834	1.208099	0.533422
14940	-1002.475	-1070.704	68.22958	1.609166	0.6686623	0.6649625
14946	-1000.258	-1068.014	67.7564	1.681362	1.053298	0.4285437
14952	-992.994	-1060.731	67.73706	1.732842	1.007329	0.3980884
14958	-998.3487	-1066.026	67.67726	1.531949	1.323616	0.4696778
14964	-995.0044	-1062.65	67.64542	1.620427	1.254976	0.4696778
14970	-996.337	-1063.921	67.58418	1.66759	1.254976	0.5948149
14976	-995.6368	-1063.592	67.95524	1.724825	0.8304896	0.5375187
14982	-1009.449	-1077.004	67.55485	1.903497	0.9582913	0.3208324
14988	-1003.934	-1071.354	67.41911	1.933902	1.101534	0.3575426
14994	-1000.966	-1068.512	67.54626	1.862665	1.079906	0.4188702
15000	-1009.48	-1076.736	67.2561	1.623509	1.783601	0.5251731
15006	-997.8261	-1066.168	68.34164	1.547171	0.6632324	0.5328025
15012	-1005.382	-1073.084	67.70227	1.547171	1.271802	0.5473559
15018	-1003.985	-1072.374	68.3889	1.404902	0.7207215	0.6113002
15024	-1012.238	-1079.621	67.38287	1.0933	1.382185	1.335378
15030	-1002.266	-1070.106	67.83988	1.194575	0.8193839	1.313461
15036	-1004.242	-1071.937	67.69523	0.8921891	0.8673718	1.612203
15042	-1008.07	-1074.801	66.7309	0.844583	1.10833	2.137138
15048	-1011.37	-1079.36	67.98993	1.023063	0.5982449	1.550364
15054	-996.6169	-1064.508	67.89145	0.8184923	0.9350502	1.46726
15060	-999.2176	-1066.601	67.38366	0.770861	0.9350502	1.864866
15066	-1002.038	-1069.502	67.46347	0.7204465	0.9891795	1.806367
15072	-1015.667	-1083.486	67.81925	0.9546313	0.9891795	1.374929
15078	-1014.198	-1081.841	67.64333	1.062264	0.8352184	1.552321
15084	-1013.278	-1081.312	68.03388	1.023048	0.8184303	1.296143
15090	-1004.684	-1071.711	67.02792	0.5695863	1.067944	2.147494
15096	-1008.547	-1075.081	66.53453	0.6141383	1.067944	2.434667
15102	-1008.913	-1076.371	67.45896	0.7435951	0.8231625	1.916015
15108	-1007.427	-1075.86	68.43311	1.085472	0.6544408	1.074731
15114	-1008.736	-1076.359	67.62334	0.4216235	0.8047538	2.03588
15120	-1010.3	-1078.011	67.71033	0.4935964	1.103863	1.714946
15126	-1009.626	-1076.798	67.17179	0.5088096	1.103863	2.070914
15132	-1011.335	-1078.521	67.18675	0.6437731	1.158669	1.937742
15138	-1014.482	-1081.285	66.80251	0.7039005	1.201278	2.127772
15144	-1007.938	-1075.98	68.0416	1.072101	0.9536911	1.12111
15150	-1003.058	-1071.044	67.98523	1.168224	0.9562522	1.082289
15156	-993.0574	-1061.172	68.11426	1.046061	0.8596157	1.16962
15162	-993.3706	-1061.405	68.03395	0.9250713	0.7010536	1.485198
15168	-992.3687	-1059.907	67.53849	1.013587	1.087307	1.472328
15174	-989.8264	-1057.524	67.69806	0.8020744	1.127471	1.483476
15180	-991.9425	-1059.22	67.27769	0.515488	0.8772359	2.147127
15186	-991.5483	-1058.835	67.28649	0.631946	0.7689571	2.147127
15192	-993.2369	-1060.639	67.40181	0.6836646	0.7689571	2.037374
15198	-998.6167	-1065.606	66.98967	0.6510313	1.429629	1.915067
15204	-998.4036	-1065.999	67.59537	0.5552371	0.7416937	2.016424
15210	-991.4474	-1058.593	67.14574	0.6802842	1.052386	2.006799
15216	-998.2694	-1066.017	67.74747	0.8253219	0.4755597	1.992687
15222	-997.5639	-1065.266	67.70196	0.6925198	0.9658193	1.675305
15228	-1000.121	-1067.157	67.03595	0.7398398	1.342144	1.869675
15234	-993.346	-1061.061	67.71526	0.753591	0.7181277	1.821279
15240	-993.9472	-1062.324	68.37676	1.093355	0.7334117	1.022149
15246	-995.3734	-1063.668	68.29447	1.084964	0.7080409	1.136802
15252	-1001.512	-1069.532	68.01963	0.9039041	0.7529001	1.462374
15258	-993.7658	-1061.137	67.3712	0.8943747	1.340579	1.522803
15264	-985.2117	-1052.497	67.28564	0.7546264	1.335296	1.689521
15270	-993.4525	-1061.018	67.56526	0.7812949	0.810607	1.827724
15276	-999.1309	-1066.527	67.39614	0.7537235	1.317503	1.621297
15282	-999.6971	-1066.904	67.20736	0.9072049	1.265982	1.677081
15288	-998.66	-1065.759	67.09888	0.5958318	1.104155	2.061425
15294	-1003.387	-1070.352	66.96556	0.9013736	1.597447	1.673231
15300	-1002.989	-1070.149	67.15933	0.9045928	1.468078	1.598671
15306	-996.5347	-1064.341	67.80582	0.9906013	0.8019407	1.513577
15312	-1004.778	-1072.268	67.4899	0.6919992	0.9502654	1.835212
15318	-994.7419	-1062.327	67.58464	0.7986588	0.8467399	1.77352
15324	-995.5689	-1063.854	68.28488	1.249822	0.5976229	1.133278
15330	-994.5069	-1062.149	67.64245	1.002785	1.016971	1.453001
15336	-992.0672	-1060.076	68.0089	1.139122	0.9307623	1.111741
15342	-993.199	-1060.99	67.79102	0.9714367	0.7193929	1.612929
15348	-992.3892	-1060.203	67.81359	1.047665	0.6566308	1.601263
15354	-995.0048	-1061.865	66.85999	0.5110917	0.941306	2.374
15360	-994.9158	-1062.125	67.20872	0.8769179	1.211504	1.730347
15366	-991.8459	-1059.822	67.976	0.9796344	1.007313	1.211843
15372	-992.5324	-1059.974	67.44112	0.9582665	1.007313	1.641787
15378	-987.694	-1055.442	67.74808	0.7899319	0.9212073	1.605587
15384	-991.133	-1057.999	66.86596	0.5200036	1.47793	2.060984
15390	-990.8072	-1057.838	67.0304	0.5514029	1.23177	2.060984
15396	-990.1081	-1057.427	67.31913	0.6735422	0.8998503	1.999386
15402	-991.945	-1059.17	67.22527	0.6866503	0.9768198	1.999386
15408	-991.4599	-1058.912	67.45184	0.855266	1.448674	1.427858
15414	-996.3778	-1063.544	67.16581	1.054358	1.448674	1.493954
15420	-991.0543	-1058.689	67.63476	0.728561	1.16658	1.559108
15426	-995.983	-1063.901	67.91761	0.9440993	0.911266	1.369535
15432	-1000.162	-1068.251	68.08933	0.9524062	0.9428613	1.194384
15438	-1000.647	-1068.497	67.85026	0.9648533	1.208318	1.172316
15444	-1003.707	-1071.372	67.66469	0.8753735	1.124573	1.455221
15450	-1005.972	-1073.527	67.5547	0.8502618	1.174121	1.523337
15456	-1001.34	-1069.048	67.70823	0.9959782	1.174121	1.290946
15462	-998.9758	-1067.113	68.13669	1.122743	0.8674215	1.072251
15468	-1003.75	-1072.019	68.26902	1.100155	0.7127541	1.140541
15474	-1008.294	-1076.332	68.03872	1.186829	1.039715	0.9269836
15480	-1003.333	-1071.275	67.94208	1.256445	0.9894623	1.0065
15486	-1002.931	-1071.022	68.09082	1.256445	0.9894623	0.8442296
15492	-1003.988	-1071.824	67.83596	1.363327	1.261357	0.6992669
15498	-998.23	-1066.445	68.21521	1.294973	0.9554048	0.6475161
15504	-985.0116	-1053.274	68.26227	1.715862	0.6009499	0.5028655
15510	-985.5786	-1053.495	67.91631	1.639103	0.9441907	0.4627106
15516	-991.1717	-1059.483	68.31165	1.573817	0.6550196	0.5966263
15522	-997.9516	-1065.635	67.6838	1.573817	1.237584	0.6199286
15528	-1003.189	-1070.817	67.62739	1.652421	1.237584	0.4643106
15534	-999.8295	-1067.475	67.64596	1.768344	1.040061	0.3612431
15540	-1009.68	-1077.345	67.66506	1.824073	0.9774049	0.3791413
15546	-1001.071	-1068.45	67.37887	1.820847	1.262205	0.3440002
15552	-1004.623	-1071.661	67.03829	0.5808351	1.249979	2.02604
15558	-1005.452	-1072.474	67.02244	0.425133	1.297235	2.113203
15564	-1005.142	-1072.902	67.76083	1.976441	0.7203182	0.3269888
15570	-1006.525	-1074.184	67.65829	2.181261	0.5789181	0.261583
15576	-1005.046	-1071.99	66.94366	2.149911	1.139722	0.2146753
15582	-997.1615	-1064.107	66.94553	2.301811	0.8907093	0.1838922
15588	-990.3757	-1057.44	67.06468	2.214214	0.8759307	0.1884412
15594	-989.3389	-1056.34	67.00143	2.214214	0.8704496	0.1691763
15600	-990.6537	-1057.766	67.11205	2.214214	0.8296859	0.1870254
15606	-1003.045	-1069.453	66.4086	2.214214	1.569356	0.1742934
15612	-991.4409	-1058.425	66.98434	2.217648	0.9556466	0.1909667
15618	-993.2256	-1060.034	66.80821	2.407005	0.8729706	0.1697829
15624	-996.0664	-1063.148	67.08192	1.936076	1.27685	0.232177
15630	-993.1231	-1060.352	67.22914	2.109838	0.9268837	0.2295664
15636	-999.6823	-1066.884	67.20178	2.109838	0.9177951	0.2147761
15642	-1001.841	-1068.793	66.95265	2.262789	0.8971614	0.1768713
15648	-994.2868	-1061.701	67.41432	1.998582	0.8971614	0.2488433
15654	-998.7566	-1066.311	67.55482	1.998582	0.8971614	0.3520102
15660	-999.2326	-1066.46	67.22719	1.702112	1.640264	0.362546
15666	-991.5306	-1059.446	67.91535	1.654611	0.9327188	0.5144323
15672	-988.489	-1056.284	67.79517	1.567087	1.146065	0.5144323
15678	-990.5992	-1058.519	67.91985	1.581324	1.000151	0.4998185
15684	-1001.777	-1070.103	68.32576	1.50842	0.6892541	0.6122661
15690	-997.5473	-1065.599	68.05177	1.442042	0.9586062	0.6743553
15696	-1013.608	-1081.598	67.98989	1.382294	0.9921577	0.8092504
15702	-1012.925	-1080.135	67.21034	1.558059	1.935295	0.6014695
15708	-1013.717	-1081.461	67.7438	1.317606	1.269419	0.8794902
15714	-1017.711	-1085.345	67.63363	0.9686043	1.318857	1.274045
15720	-1002.72	-1070.617	67.8975	1.304186	1.189283	0.7899335
15726	-999.4295	-1067.384	67.9547	1.368419	1.062286	0.7827919
15732	-1006.421	-1074.43	68.00967	1.115746	1.062286	1.008145
15738	-996.692	-1064.592	67.90005	1.225365	1.062286	1.008145
15744	-998.0653	-1066.043	67.97788	1.380216	0.9750568	0.8488265
15750	-997.0927	-1064.53	67.43756	1.058297	1.178053	1.45226
15756	-1003.417	-1070.654	67.23661	0.7391503	1.528176	1.630532
15762	-1000.625	-1068.142	67.51688	1.029052	1.285181	1.341946
15768	-999.7073	-1067.711	68.0036	0.9986434	0.8819505	1.282245
15774	-998.2379	-1066.005	67.76669	0.9926404	0.8353078	1.512357
15780	-1001.291	-1068.968	67.67647	0.8859364	0.8353078	1.656271
15786	-993.2831	-1061.128	67.84481	0.775352	0.7632325	1.675846
15792	-999.9893	-1068.227	68.23767	0.8029331	0.7002189	1.423865
15798	-995.3909	-1063.749	68.35808	1.123773	0.55458	1.234824
15804	-1004.078	-1072.318	68.23962	0.8254163	0.7883465	1.318243
15810	-1004.703	-1072.611	67.90812	1.055804	0.7872454	1.399289
15816	-995.476	-1063.392	67.91566	0.9822129	0.7872454	1.450173
15822	-1006.295	-1073.234	66.93871	0.902407	1.815256	1.587395
15828	-1007.311	-1074.567	67.25617	0.9401653	1.815256	1.316056
15834	-1006.324	-1073.845	67.52042	1.076148	1.441013	1.19845
15840	-1005.176	-1072.849	67.67278	0.9102252	1.113775	1.429952
15846	-1004.529	-1072.463	67.93393	0.9104353	0.8863299	1.404215
15852	-1003.007	-1070.117	67.10985	0.8079303	1.264163	1.81603
15858	-1010.386	-1078.187	67.80016	0.5794331	0.8916132	1.741294
15864	-1004.909	-1072.526	67.61696	0.7980773	0.8916132	1.716355
15870	-994.3543	-1061.626	67.27147	0.6978166	0.7986265	2.090585
15876	-997.715	-1064.086	66.3711	0.622248	1.234023	2.438314
15882	-992.2163	-1059.73	67.51339	0.7744874	0.7958997	1.879747
15888	-1004.221	-1071.455	67.23399	0.8731814	0.7220748	2.061572
15894	-1000.734	-1068.615	67.88106	0.7956832	0.7377126	1.657981
15900	-997.9792	-1064.784	66.80515	0.5666438	1.195866	2.218269
15906	-995.2681	-1062.541	67.27301	0.77986	1.19816	1.761425
15912	-998.5421	-1066.445	67.90341	0.8815907	0.6769161	1.636649
15918	-991.2948	-1059.115	67.82039	1.049829	1.115655	1.196257
15924	-998.5807	-1065.99	67.4089	0.7220152	0.937688	1.879082
15930	-996.1381	-1063.387	67.24902	0.738285	0.8677279	2.02639
15936	-995.3928	-1061.73	66.33689	0.4958099	0.8677279	2.75778
15942	-991.362	-1058.256	66.89365	0.7954463	1.331179	1.934453
15948	-999.6655	-1066.644	66.97866	0.7104336	1.331179	1.934453
15954	-994.4992	-1061.881	67.38225	0.6917559	0.9142764	1.934453
15960	-1002.057	-1069.865	67.80833	0.8624531	0.7822899	1.622973
15966	-997.1508	-1064.818	67.66773	0.7928656	0.7822899	1.771986
15972	-1001.214	-1069.078	67.86346	1.000717	0.790061	1.473227
15978	-994.5588	-1062.225	67.66662	0.839005	1.136331	1.473227
15984	-995.4201	-1063.072	67.65177	0.9806236	1.145799	1.368796
15990	-998.7927	-1066.783	67.99007	1.220402	0.8610822	1.123697
15996	-995.7838	-1063.992	68.20785	1.118433	0.7526008	1.134053
16002	-993.6032	-1061.655	68.05228	1.073045	0.9432817	1.120392
16008	-995.196	-1062.747	67.55122	1.205784	1.405383	1.079665
16014	-1004.015	-1071.97	67.95593	1.088627	0.8742985	1.254274
16020	-991.7938	-1059.506	67.71252	1.206491	1.091988	1.173051
16026	-990.5672	-1058.19	67.62326	0.8583985	1.091988	1.5219
16032	-996.4249	-1064.048	67.62353	0.9799224	1.091988	1.429788
16038	-997.8841	-1065.337	67.45258	0.9837113	1.500913	1.295007
16044	-1003.263	-1070.654	67.3907	0.7685214	1.290672	1.630378
16050	-999.3425	-1066.157	66.8148	0.5885818	1.54371	2.017631
16056	-998.5584	-1065.357	66.79831	0.475061	0.7631649	2.561403
16062	-994.1444	-1060.968	66.82361	0.3210056	1.040519	2.453785
16068	-1004.42	-1070.41	65.98994	0.3426833	1.040519	2.952247
16074	-1007.661	-1074.225	66.56366	0.3562145	0.9943731	2.622105
16080	-1006.643	-1073.715	67.07216	0.6223676	0.8794759	2.209552
16086	-1004.674	-1071.319	66.64465	0.680885	1.352826	2.163537
16092	-1000.211	-1067.175	66.96446	0.7035475	1.044948	2.115859
16098	-998.6208	-1066.001	67.38062	0.8313728	1.051491	1.744093
16104	-1003.237	-1070.475	67.23798	0.641645	1.145958	1.912296
16110	-1003.755	-1070.048	66.29328	0.4745161	1.168984	2.614233
16116	-995.5819	-1062.015	66.43297	0.5030937	1.194431	2.495672
16122	-997.1306	-1064.636	67.50499	0.7011807	0.9246766	1.836986
16128	-992.3772	-1060.21	67.83291	1.070095	1.094962	1.184534
16134	-997.0219	-1064.855	67.83271	1.060476	0.8481757	1.399246
16140	-991.2215	-1058.955	67.7336	1.076352	0.8216699	1.486154
16146	-994.1725	-1061.959	67.78613	0.8980419	0.8001568	1.597841
16152	-993.2349	-1060.712	67.47699	0.701889	1.044459	1.771974
16158	-998.2715	-1065.722	67.45092	0.7694095	1.106972	1.701311
16164	-990.9075	-1058.772	67.8644	1.264823	0.971158	1.090538
16170	-990.384	-1058.225	67.8414	1.281377	1.070897	1.002608
16176	-994.6832	-1062.148	67.4651	1.227877	1.170757	1.302518
16182	-995.1613	-1062.512	67.35072	0.7120625	1.140536	1.790173
16188	-997.2621	-1064.576	67.31436	1.017433	0.9897528	1.702541
16194	-994.8574	-1062.494	67.63676	1.077962	1.425146	1.10466
16200	-992.9683	-1060.604	67.63563	0.9632317	0.9677151	1.525216
16206	-989.7913	-1057.409	67.61812	0.909346	0.9127743	1.619748
16212	-994.1966	-1061.969	67.77282	0.9605977	1.118079	1.308308
16218	-1000.189	-1067.981	67.79209	1.220274	1.026502	1.146126
16224	-1003.778	-1071.63	67.8516	1.507734	1.071737	0.7146424
16230	-1001.959	-1069.838	67.8783	1.552737	1.049093	0.6125448
16236	-998.5051	-1066.244	67.73921	1.543362	1.152506	0.7182547
16242	-999.2888	-1067.398	68.10952	1.422677	0.9061559	0.7050791
16248	-996.1724	-1063.841	67.66821	1.376951	1.440677	0.7184123
16254	-1005.655	-1073.604	67.9493	1.751014	0.7981372	0.6071489
16260	-1006.378	-1074.14	67.76176	1.418142	1.265822	0.7255105
16266	-993.3186	-1061.308	67.98968	1.386263	0.8033255	1.031059
16272	-1000.184	-1068.126	67.94215	0.9557336	0.8652077	1.380658
16278	-1002.463	-1070.575	68.11232	1.155209	0.8850158	1.046194
16284	-998.1387	-1066.289	68.15011	1.153932	0.7221175	1.18715
16290	-991.23	-1058.776	67.54547	1.054383	1.144264	1.395373
16296	-990.9099	-1058.668	67.75804	1.220212	1.087138	1.124621
16302	-997.1197	-1065.062	67.94218	1.083643	0.9498859	1.20176
16308	-1001.697	-1069.524	67.82746	0.8987863	0.9498859	1.443021
16314	-1000.522	-1067.623	67.10133	2.200832	0.9469823	0.223069
16320	-1009.409	-1076.666	67.25641	2.013564	1.115931	0.2931967
16326	-1009.598	-1076.991	67.39293	2.013564	0.9759888	0.2939745
16332	-1007.404	-1074.25	66.84541	2.189424	1.327845	0.2605654
16338	-1010.724	-1078.042	67.31788	2.058345	1.051797	0.3312019
16344	-1007.701	-1075.606	67.90546	2.058345	0.5848116	0.3745149
16350	-1004.093	-1072.415	68.32294	1.680561	0.5085267	0.7822055
16356	-1004.548	-1072.38	67.83199	1.393764	1.168399	0.7822055
16362	-1009.485	-1077.443	67.95758	1.140925	1.25908	0.8456516
16368	-1003.923	-1071.816	67.89265	1.216935	0.7760338	1.294118
16374	-1004.223	-1072.31	68.08641	1.018772	0.7760338	1.297702
16380	-1009.443	-1077.332	67.88873	1.044159	0.7760338	1.433674
16386	-1003.57	-1071.137	67.56712	0.962814	1.219674	1.398051
16392	-1000.879	-1068.469	67.58922	0.9761936	0.9165734	1.589241
16398	-1002.728	-1070.492	67.76417	0.8300812	0.7635336	1.694011
16404	-999.1867	-1066.804	67.61723	0.9491422	1.226985	1.364572
16410	-998.6799	-1066.77	68.09009	1.227942	0.7780064	1.113579
16416	-1000.794	-1069.067	68.27243	1.153525	0.8828122	0.8839044
16422	-1008.53	-1075.689	67.15938	0.793718	1.496066	1.663626
16428	-1007.4	-1076.025	68.62501	0.824429	0.4222587	1.439158
16434	-994.6371	-1062.493	67.85623	0.8044221	0.8081101	1.608137
16440	-988.7264	-1056.704	67.97785	1.005408	0.8081101	1.364806
16446	-992.167	-1060.117	67.95023	1.137614	0.7186235	1.368591
16452	-994.3036	-1062.049	67.74543	0.9109076	0.9697984	1.480545
16458	-997.4478	-1065.426	67.97773	1.091249	0.9697984	1.146281
16464	-997.7951	-1065.915	68.11979	0.9831026	0.906559	1.174774
16470	-1007.028	-1074.445	67.41718	0.8939636	1.902467	1.174774
16476	-997.7183	-1065.685	67.96676	0.9800311	0.6740098	1.521078
16482	-995.9867	-1064.074	68.08721	1.010046	0.7050919	1.374867
16488	-992.6871	-1060.324	67.63667	0.9096373	1.203583	1.396142
16494	-992.4541	-1060.68	68.22596	1.137527	0.839336	1.002287
16500	-990.1862	-1058.287	68.10111	1.309118	0.839336	0.9544861
16506	-989.2733	-1057.336	68.0624	1.348402	0.909589	0.8677001
16512	-990.1887	-1058.253	68.06442	1.268715	0.9446763	0.9139069
16518	-1000.967	-1068.637	67.66984	1.067642	1.216008	1.233069
16524	-999.3666	-1067.076	67.70925	0.9232435	0.9621884	1.504344
16530	-996.6715	-1064.542	67.87035	0.942456	0.8915034	1.424255
16536	-1001.914	-1069.834	67.92001	1.061983	0.9647737	1.225941
16542	-997.5484	-1065.284	67.73583	0.9966329	1.132354	1.298492
16548	-1000.053	-1067.803	67.75032	0.9821433	1.132354	1.298492
16554	-1006.035	-1073.628	67.5927	1.146342	1.584886	0.9678763
16560	-1010.967	-1078.632	67.66448	1.74306	1.053645	0.3698799
16566	-1007.963	-1075.664	67.70078	1.74306	1.053645	0.4521684
16572	-1005.817	-1073.465	67.64814	1.568189	1.316919	0.489345
16578	-999.3511	-1067.326	67.97459	1.596263	0.9218605	0.5779029
16584	-994.4226	-1062.246	67.82376	1.415941	1.254564	0.6288207
16590	-995.0332	-1063.012	67.97848	1.382083	0.8247047	1.021761
16596	-1001.339	-1069.437	68.09755	1.19507	1.03089	0.860582
16602	-1002.913	-1070.559	67.64592	1.339287	1.266421	0.9654819
16608	-1003.802	-1071.326	67.52452	1.166436	1.472739	1.093536
16614	-1002.072	-1069.573	67.50106	0.9650673	0.9415542	1.642018
16620	-995.9184	-1063.067	67.14867	0.9650673	1.008566	1.841342
16626	-992.7703	-1060.177	67.40655	0.8059881	1.128992	1.692479
16632	-991.3344	-1059.232	67.89779	0.6380864	0.9944726	1.55176
16638	-997.3996	-1065.721	68.32092	0.7946932	0.8670605	1.201099
16644	-1003.335	-1071.275	67.94014	1.013794	0.8322233	1.365891
16650	-1009.779	-1077.125	67.34608	1.03415	1.805485	1.167186
16656	-1009.877	-1077.586	67.70915	0.9765416	1.237351	1.261033
16662	-1007.157	-1074.991	67.83388	1.100901	0.9035324	1.317965
16668	-1010.433	-1078.55	68.11758	1.106669	0.6965185	1.281959
16674	-998.1098	-1066.509	68.39877	1.161068	0.6965185	0.9797331
16680	-1000.702	-1068.476	67.7734	1.161068	1.21139	1.061798
16686	-994.5493	-1062.39	67.84026	1.264794	1.118556	0.9755061
16692	-997.8877	-1065.664	67.77642	1.074377	1.071236	1.247844
16698	-999.8755	-1067.721	67.84505	1.019677	0.9792497	1.310552
16704	-1007.971	-1075.522	67.5508	0.9992221	0.9792497	1.55267
16710	-1003.365	-1070.906	67.54186	0.7941656	0.9129492	1.755665
16716	-1006.604	-1074.128	67.52363	0.7853216	0.9129492	1.774556
16722	-1001.048	-1068.494	67.44604	0.8658997	0.9129492	1.772474
16728	-1001.757	-1069.008	67.25059	1.070252	1.352312	1.474305
16734	-999.7832	-1067.283	67.50032	0.9147467	0.9862714	1.64568
16740	-1000.353	-1067.85	67.49658	0.9013189	0.9862714	1.65799
16746	-1000.507	-1068.172	67.6647	0.7574031	0.942459	1.672863
16752	-998.9539	-1066.491	67.53685	1.000824	0.8366332	1.672863
16758	-999.791	-1067.656	67.86481	0.9769557	0.7894029	1.490729
16764	-996.9022	-1065.211	68.30883	1.347076	0.7695786	0.7562816
16770	-1000.686	-1068.942	68.25511	1.347076	0.7695786	0.8291063
16776	-996.41	-1064.243	67.83333	1.43113	1.12605	0.7814882
16782	-999.3821	-1067.563	68.18081	1.368469	0.6407422	1.063607
16788	-998.4022	-1066.475	68.07316	1.168253	0.9904194	0.9619335
16794	-998.786	-1066.603	67.8174	1.318373	0.9169754	1.135949
16800	-1000.914	-1069.264	68.34946	1.331723	0.7015514	0.8371408
16806	-1001.016	-1068.655	67.6391	1.244868	1.258338	1.071657
16812	-1004.493	-1072.71	68.21619	1.358338	0.7944849	0.8262817
16818	-997.3733	-1065.23	67.85694	1.429815	1.069914	0.821431
16824	-992.8007	-1060.577	67.77593	1.429815	1.177806	0.7980986
16830	-992.229	-1060.208	67.97856	0.9093655	0.8989059	1.359356
16836	-997.8702	-1065.687	67.81693	1.175521	1.395415	0.8407423
16842	-1003.135	-1070.883	67.74748	1.216794	1.465153	0.8090567
16848	-995.0777	-1063.08	68.00272	1.277527	0.9644627	0.9488859
16854	-994.9329	-1062.517	67.58379	1.161492	1.118404	1.29844
16860	-997.9348	-1065.239	67.3039	1.032566	1.82416	1.194887
16866	-999.2574	-1066.721	67.46365	0.8018279	0.8383395	1.861381
16872	-992.5858	-1060.47	67.88389	0.993761	0.8383395	1.419938
16878	-988.7397	-1056.134	67.39445	0.8631944	1.219947	1.602237
16884	-994.0225	-1061.659	67.63681	0.7983955	1.109229	1.54447
16890	-999.2686	-1065.885	66.6164	0.5369694	1.33866	2.281902
16896	-1001.915	-1068.809	66.89345	0.8423297	1.33866	1.898804
16902	-1004.802	-1071.219	66.41774	0.4562589	1.302519	2.477306
16908	-1009.387	-1075.484	66.09733	0.5730518	1.388249	2.561615
16914	-998.772	-1065.899	67.1266	0.557683	1.204917	2.008383
16920	-1000.528	-1067.325	66.79692	0.5862993	1.823157	1.905052
16926	-998.1823	-1065.565	67.3824	0.8635578	0.771256	1.928202
16932	-994.6903	-1062.645	67.95424	1.089178	0.5605418	1.569335
16938	-994.8983	-1062.963	68.06477	0.9433173	0.8395909	1.315996
16944	-998.067	-1066.045	67.97843	1.110762	0.731844	1.354274
16950	-997.0523	-1065.335	68.28227	0.8969059	0.6734352	1.343019
16956	-994.2787	-1062.09	67.81171	1.086048	1.02991	1.241878
16962	-995.2699	-1063.155	67.88502	1.311437	1.235954	0.7391655
16968	-988.803	-1056.645	67.84186	1.112002	1.073544	1.157745
16974	-988.737	-1056.211	67.47388	0.8729203	0.9427278	1.726011
16980	-999.786	-1066.795	67.00904	0.6681834	1.163509	2.037279
16986	-997.6691	-1064.854	67.18532	0.6249103	0.7198637	2.256655
16992	-991.41	-1058.334	66.92447	0.5978594	0.972995	2.256655
16998	-1001.84	-1069.103	67.26347	0.661765	0.8343522	2.092233
17004	-1007.872	-1075.952	68.08007	1.261763	0.9938778	0.8454301
17010	-1007.175	-1074.23	67.05518	0.4218905	0.6741313	2.50536
17016	-1008.484	-1074.864	66.37954	0.6084584	1.330882	2.391082
17022	-1007.008	-1073.609	66.60076	0.6044642	1.28591	2.27619
17028	-1000.996	-1068.376	67.37959	0.8556194	1.039466	1.735968
17034	-997.8245	-1065.533	67.70828	1.040898	0.8676622	1.492634
17040	-999.5672	-1066.857	67.28949	0.9707418	0.7340045	1.949567
17046	-1003.772	-1071.344	67.57165	0.7687591	0.7340045	1.895382
17052	-1001.808	-1069.997	68.18954	1.082781	0.7931572	1.138394
17058	-999.1633	-1067.162	67.99874	1.121507	0.6812023	1.381397
17064	-1004.759	-1072.67	67.91045	1.167103	1.001296	1.109985
17070	-1007.253	-1075.108	67.85493	1.167103	1.155645	1.024861
17076	-999.0338	-1066.636	67.60203	1.193593	1.155645	1.228812
17082	-996.7446	-1064.653	67.90825	1.014965	1.056942	1.198123
17088	-994.8206	-1062.667	67.84659	0.8344186	1.04738	1.402625
17094	-999.5675	-1067.282	67.71422	1.183761	1.065093	1.213021
17100	-1008.216	-1076.204	67.98783	1.23662	0.7885801	1.185204
17106	-1001.136	-1069.358	68.22204	1.461425	0.7329584	0.7815948
17112	-1004.423	-1072.522	68.09859	1.444695	0.7061358	0.9838669
17118	-995.7728	-1063.674	67.90101	1.241548	0.8810999	1.164313
17124	-999.9061	-1067.789	67.8833	1.224908	1.223532	0.8701974
17130	-1003.92	-1071.384	67.46405	1.203451	1.113734	1.364176
17136	-999.6685	-1067.558	67.88966	1.017116	1.148147	1.138384
17142	-997.6377	-1065.265	67.62711	1.028095	1.042981	1.425872
17148	-996.8716	-1064.679	67.80787	1.191364	1.130526	1.068432
17154	-991.8368	-1059.707	67.87047	1.240387	0.9488391	1.128209
17160	-992.7209	-1060.629	67.90821	1.202641	0.9488391	1.128209
17166	-989.7818	-1057.605	67.82336	1.011322	0.8507184	1.442172
17172	-992.1787	-1060.162	67.98329	1.032321	1.10224	1.07748
17178	-991.0431	-1059.164	68.12069	0.9416589	0.795251	1.313784
17184	-987.7955	-1055.345	67.54923	0.6504897	0.9524155	1.821408
17190	-992.2536	-1059.283	67.0295	0.8266303	0.9524155	2.053062
17196	-998.4889	-1065.434	66.94486	0.7044115	0.6635924	2.406143
17202	-1005.033	-1072.356	67.32372	0.6395084	1.31008	1.758147
17208	-997.4125	-1064.969	67.5568	0.6220373	1.056014	1.764241
17214	-1001.437	-1069.349	67.91246	0.862155	1.000784	1.365181
17220	-998.0577	-1065.706	67.6488	0.9680164	1.092601	1.419047
17226	-996.4124	-1063.951	67.53847	0.8398941	0.9266701	1.715675
17232	-995.0541	-1062.751	67.69646	0.7596292	0.7480116	1.804132
17238	-998.2474	-1065.546	67.29902	0.6402585	0.9087136	2.028543
17244	-1005.369	-1071.423	66.05377	0.3625506	1.42204	2.702337
17250	-1001.007	-1067.532	66.5254	0.5879636	1.222099	2.368987
17256	-1000.108	-1067.264	67.15606	0.6422899	1.302766	1.876018
17262	-1002.024	-1068.59	66.56622	0.3386659	1.053115	2.595668
17268	-1009.963	-1077.154	67.19064	0.3493169	0.88914	2.302042
17274	-995.6443	-1062.308	66.66418	0.4505368	0.9775383	2.511677
17280	-1005.604	-1072.353	66.74848	0.442916	1.2859	2.285051
17286	-1000.025	-1066.073	66.04794	0.3583296	0.8687626	3.015006
17292	-1000.042	-1066.572	66.52982	0.4905616	1.222931	2.427271
17298	-994.3558	-1061.194	66.83795	0.6632544	0.9888074	2.259918
17304	-998.5307	-1066.06	67.52903	0.8698693	1.02951	1.626363
17310	-991.7866	-1059.25	67.46295	0.9442387	1.02951	1.620377
17316	-989.4204	-1056.875	67.45509	0.892413	0.8395657	1.804016
17322	-989.1533	-1056.545	67.39137	0.6782934	1.306818	1.68502
17328	-991.4976	-1059.626	68.12853	1.105573	0.8719565	1.09112
17334	-991.5347	-1059.316	67.78112	1.105573	1.254083	1.072463
17340	-993.7095	-1062.044	68.3348	1.021916	0.6343122	1.241825
17346	-993.0608	-1061.027	67.96584	1.088689	0.9421019	1.184031
17352	-996.1969	-1064.053	67.85619	1.052397	1.335606	0.9859329
17358	-1000.93	-1068.672	67.74129	1.034497	1.349313	1.102912
17364	-992.0032	-1060.155	68.1523	1.090261	0.7773491	1.181179
17370	-992.768	-1060.903	68.13459	1.313555	0.7630284	1.007614
17376	-993.5945	-1061.438	67.84316	1.028955	1.014918	1.275387
17382	-995.0348	-1062.546	67.51086	1.060345	1.340784	1.285014
17388	-994.1594	-1062.166	68.0069	1.06022	1.007585	1.113763
17394	-997.7343	-1065.11	67.37555	0.8581229	1.007585	1.758988
17400	-1000.89	-1068.346	67.45582	0.6812255	1.108339	1.758988
17406	-998.231	-1065.943	67.71242	1.058669	1.252404	1.177827
17412	-999.6281	-1067.618	67.98999	0.8430576	0.8731564	1.424177
17418	-1003.787	-1071.8	68.01315	0.9413671	0.7683715	1.424177
17424	-1000.572	-1068.6	68.0278	1.072828	0.9658771	1.121569
17430	-999.5685	-1067.498	67.92926	0.9743097	0.9762641	1.281404
17436	-1003.051	-1071.169	68.1181	1.18668	0.8075261	1.093631
17442	-1005.499	-1073.738	68.23892	1.205581	0.642936	1.156225
17448	-1002.419	-1070.664	68.24479	1.131427	0.6116254	1.252347
17454	-994.6553	-1061.618	66.96305	0.9164047	1.250051	1.850542
17460	-994.2365	-1061.928	67.6916	0.9166093	1.122367	1.404371
17466	-995.1468	-1062.822	67.67539	0.9898836	1.284636	1.24501
17472	-994.3865	-1062.144	67.75726	1.103773	1.072931	1.237937
17478	-987.9306	-1055.773	67.84281	1.097766	1.072931	1.169902
17484	-993.1243	-1061.132	68.00777	1.059562	0.7218997	1.381426
17490	-999.3736	-1067.398	68.02442	1.042905	0.7218997	1.381426
17496	-997.0703	-1064.665	67.59489	0.7591106	1.009478	1.672747
17502	-1003.62	-1071.587	67.96642	0.9828322	0.7546187	1.441145
17508	-995.987	-1063.485	67.49764	0.7976438	0.7105986	1.946013
17514	-994.9476	-1062.432	67.48415	0.8727915	0.7285738	1.888799
17520	-995.3758	-1062.918	67.54264	0.5869745	0.8245869	1.964039
17526	-994.7143	-1061.75	67.03533	0.3957071	0.6984651	2.514048
17532	-995.1063	-1062.08	66.97336	0.6282247	1.286195	2.017591
17538	-999.5544	-1066.603	67.04845	0.8893389	1.18093	1.851442
17544	-997.0486	-1064.421	67.37245	0.7980929	1.04181	1.779564
17550	-1010.955	-1078.857	67.90178	1.024688	0.4916479	1.732184
17556	-993.7961	-1061.57	67.77423	0.9876655	0.7011916	1.630273
17562	-994.5741	-1061.784	67.20936	0.7979851	0.9756691	1.936203
17568	-998.7585	-1065.871	67.11221	0.6659999	0.9756691	2.088674
17574	-1008.92	-1075.844	66.92395	0.7272222	0.9279501	2.203776
17580	-1002.617	-1069.405	66.78841	0.3703691	1.109341	2.403816
17586	-990.9741	-1057.594	66.61961	0.3903272	1.037177	2.540015
17592	-995.785	-1062.289	66.504	0.5059362	1.037177	2.540015
17598	-999.6294	-1067.687	68.05729	0.8095165	1.037177	1.261749
17604	-994.9917	-1062.688	67.69624	0.882664	0.9243152	1.573354
17610	-1000.299	-1068.004	67.70505	0.882664	0.9243152	1.566886
17616	-999.7114	-1067.211	67.49999	0.8289868	0.7895864	1.856813
17622	-992.5384	-1060.044	67.50584	0.8212568	1.197276	1.565847
17628	-993.1141	-1061.159	68.04443	1.101595	0.6816932	1.360594
17634	-991.6563	-1059.942	68.28571	1.577919	0.6529508	0.6576556
17640	-986.6225	-1054.745	68.12246	1.544605	0.7971719	0.6837624
17646	-989.231	-1056.981	67.74949	1.156032	1.016511	1.246397
17652	-996.3288	-1064.276	67.94767	1.232397	1.071386	0.9431746
17658	-1009.065	-1077.662	68.59662	1.603893	0.4305386	0.6842056
17664	-1009.626	-1078.144	68.51757	1.245881	0.6518485	0.8169418
17670	-998.5191	-1066.709	68.19037	1.306262	0.8201026	0.8839371
17676	-992.5784	-1060.861	68.28221	1.279024	0.7366504	0.9241769
17682	-1000.42	-1068.41	67.99003	1.408349	0.7217012	1.103889
17688	-998.4496	-1066.355	67.90492	0.8267045	0.8617772	1.510712
17694	-993.9313	-1061.381	67.44938	0.736443	1.096459	1.732545
17700	-999.7355	-1067.226	67.4904	0.8003713	1.096459	1.658118
17706	-1005.158	-1072.384	67.22562	1.055715	1.307168	1.531166
17712	-997.3692	-1065.553	68.18339	1.055715	0.688845	1.27803
17718	-1002.175	-1070.582	68.40736	1.193132	0.6524109	0.998261
17724	-996.8542	-1065.246	68.39184	1.363199	0.4877987	1.08912
17730	-996.2392	-1064.465	68.22606	1.167109	0.8500337	0.9596426
17736	-996.7812	-1064.873	68.09166	1.225267	0.8500337	1.03609
17742	-1000.099	-1067.849	67.75031	0.9189714	0.8768888	1.544576
17748	-1006.447	-1074.129	67.68153	0.7868362	1.07696	1.542266
17754	-1004.996	-1072.469	67.47307	0.5113924	1.07696	1.884389
17760	-1004.805	-1071.688	66.8835	0.369268	1.29255	2.242145
17766	-999.1241	-1065.346	66.22164	0.3646444	1.29255	2.661025
17772	-994.5259	-1061.262	66.73585	0.3374675	1.145219	2.437015
17778	-990.7071	-1057.558	66.85072	0.420182	0.9194494	2.451732
17784	-989.2338	-1056.027	66.79281	0.2812095	1.381263	2.311059
17790	-991.7202	-1059.111	67.39029	0.6131987	0.9493988	1.956988
17796	-993.7483	-1060.976	67.22773	0.7757575	0.9493988	1.956988
17802	-993.3082	-1060.981	67.67259	0.9348816	0.579718	1.85701
17808	-992.4328	-1059.79	67.35733	0.684775	1.102057	1.828846
17814	-1003.118	-1070.635	67.51735	0.6628696	1.131507	1.713734
17820	-996.1389	-1063.606	67.46711	0.7635909	1.131507	1.677941
17826	-992.6857	-1060.162	67.47613	0.9037611	0.9764726	1.677941
17832	-990.541	-1058.074	67.53276	0.7324846	0.6675406	2.004071
17838	-988.9603	-1056.134	67.17369	0.8853876	0.833857	2.004071
17844	-993.4531	-1060.887	67.43384	0.7857623	1.377911	1.534989
17850	-990.2659	-1057.897	67.6314	0.7712612	0.8984524	1.719849
17856	-993.111	-1061.023	67.91206	0.7109936	0.8628578	1.589952
17862	-996.1223	-1063.131	67.00835	0.5960341	0.6585096	2.438767
17868	-992.7086	-1060.605	67.89661	0.8373942	0.7120528	1.640251
17874	-993.6558	-1060.932	67.27604	0.8994153	1.254738	1.640251
17880	-992.9369	-1060.561	67.62383	0.9065341	0.7104475	1.785538
17886	-997.3489	-1065.308	67.95908	1.107406	0.8826959	1.228171
17892	-1004.274	-1071.94	67.66615	1.155471	1.224202	1.154603
17898	-999.5746	-1067.48	67.90534	1.152743	1.132628	1.009856
17904	-999.5646	-1067.475	67.91069	1.030754	1.212946	1.053909
17910	-988.5714	-1056.036	67.46509	0.7569154	1.123096	1.689586
17916	-992.869	-1060.57	67.7008	1.036679	1.31925	1.158901
17922	-1000.63	-1067.881	67.25157	1.110901	1.711025	1.23493
17928	-1003.274	-1070.904	67.62964	1.377347	1.36444	0.8526086
17934	-999.7016	-1067.884	68.18247	1.39065	0.7778609	0.8526086
17940	-996.7644	-1064.714	67.94927	1.135209	0.9735116	1.129073
17946	-1007.801	-1075.201	67.4007	0.7702499	1.619048	1.437938
17952	-994.4275	-1061.901	67.47386	0.7702499	1.229235	1.60628
17958	-997.2279	-1065.054	67.82574	0.7327483	0.9012193	1.60628
17964	-1000.124	-1067.611	67.48661	1.077307	0.9757873	1.545006
17970	-1005.421	-1073.208	67.7875	0.9838317	1.012125	1.358855
17976	-1006.981	-1074.407	67.42628	0.6404379	1.336506	1.670001
17982	-1000.246	-1066.562	66.31534	0.6426028	1.598341	2.28272
17988	-1001.402	-1068.109	66.70708	0.5060902	0.9380477	2.475614
17994	-990.7516	-1057.993	67.24121	0.6781216	0.8692428	2.070241
18000	-992.3508	-1060.031	67.6799	0.7310857	0.8215544	1.774311
18006	-993.7084	-1061.233	67.52414	0.8216986	0.82539	1.816386
18012	-995.8647	-1063.765	67.90065	0.8628721	0.8302729	1.513538
18018	-995.1416	-1062.497	67.35544	0.7044689	1.260783	1.7189
18024	-1004.16	-1071.534	67.37361	0.7723095	1.118146	1.746451
18030	-997.6642	-1065.36	67.69625	0.8022726	0.9037455	1.6476
18036	-995.1713	-1062.689	67.51798	0.7895738	1.169472	1.598042
18042	-995.8026	-1062.587	66.7843	0.5390519	1.169472	2.264407
18048	-996.665	-1063.946	67.28055	0.6083947	1.210572	1.867138
18054	-998.7963	-1066.357	67.56036	0.7647832	1.108468	1.625384
18060	-996.0349	-1063.684	67.6491	0.8213804	1.164672	1.480521
18066	-992.2037	-1059.854	67.6501	0.9955081	1.206311	1.315591
18072	-1001.78	-1069.553	67.77287	0.988888	1.206311	1.219663
18078	-1000.229	-1067.722	67.49284	0.9941229	1.067341	1.535247
18084	-999.4045	-1066.931	67.52625	0.8653984	0.9191502	1.711929
18090	-997.1692	-1065.046	67.87653	0.825263	0.9363627	1.472384
18096	-996.5231	-1063.573	67.04977	0.8168098	1.100629	1.949119
18102	-992.2674	-1059.951	67.684	0.9478905	0.6578022	1.763363
18108	-994.561	-1062.471	67.90957	0.8441472	0.6963343	1.640717
18114	-1001.467	-1067.91	66.44252	0.6040968	1.349572	2.34444
18120	-993.7385	-1060.035	66.29652	0.7500958	1.349572	2.34444
18126	-991.8518	-1058.88	67.02789	0.695888	1.349572	1.901036
18132	-991.124	-1058.307	67.18332	0.832758	1.052355	1.878847
18138	-993.5129	-1061.185	67.67244	0.8458684	1.185102	1.430307
18144	-992.313	-1060.229	67.91566	0.97708	0.9576559	1.30578
18150	-999	-1066.818	67.8184	1.071638	0.9576559	1.307968
18156	-999.7457	-1067.543	67.79737	0.8734422	1.188245	1.307968
18162	-998.2963	-1066.053	67.75707	1.025805	1.211706	1.197663
18168	-1000.281	-1068.202	67.92078	0.9132318	1.001781	1.317027
18174	-994.4917	-1062.404	67.91212	0.9809233	1.123762	1.170041
18180	-990.4232	-1058.094	67.67064	1.013131	1.123762	1.343971
18186	-995.643	-1063.936	68.29252	1.017274	0.6317743	1.283606
18192	-993.5563	-1061.474	67.91748	1.067012	1.069605	1.133889
18198	-996.0628	-1063.875	67.81243	1.077485	1.172644	1.133889
18204	-999.2858	-1067.293	68.0071	1.089286	0.8942973	1.191896
18210	-999.5602	-1067.167	67.60693	0.6905919	0.6560439	1.992938
18216	-996.2834	-1064.052	67.76883	0.6551517	0.8935329	1.708568
18222	-992.2244	-1059.782	67.55726	0.7852714	1.050315	1.652386
18228	-992.3611	-1060.352	67.99048	0.8047416	0.7490546	1.561795
18234	-989.9856	-1056.953	66.96694	0.5039053	1.063322	2.232419
18240	-989.2863	-1056.126	66.84018	0.6478144	0.898879	2.328428
18246	-989.2725	-1056.409	67.13617	0.3374899	0.9121882	2.328428
18252	-988.4801	-1055.401	66.92078	0.4858863	1.210946	2.187228
18258	-991.3332	-1058.778	67.44485	0.6584883	1.013767	1.844943
18264	-993.5748	-1060.827	67.25223	0.5997461	1.18997	1.904503
18270	-998.0715	-1065.41	67.33813	0.8924212	1.14323	1.670458
18276	-999.9557	-1067.887	67.93167	0.8165055	0.820123	1.533672
18282	-999.7462	-1067.825	68.07846	1.389746	0.7205921	1.039757
18288	-1008.815	-1076.388	67.57347	1.435844	1.186669	1.010295
18294	-1002.081	-1069.542	67.46127	1.457092	1.324953	0.9847211
18300	-998.2351	-1066.341	68.10594	1.441561	0.8281509	0.8104695
18306	-1002.133	-1070.415	68.28258	1.441561	0.6975045	0.7881381
18312	-1009.236	-1076.749	67.5139	1.006297	1.123954	1.470741
18318	-1005.448	-1072.789	67.34036	0.9195494	1.247001	1.58377
18324	-1025.431	-1092.576	67.1445	0.9394322	1.35863	1.645044
18330	-1004.424	-1071.763	67.33943	0.8707111	0.9365576	1.825628
18336	-992.7262	-1060.575	67.84893	0.8418631	0.996392	1.433815
18342	-992.9129	-1060.666	67.75312	1.014749	0.9217155	1.433815
18348	-993.5826	-1061.16	67.57776	0.6237685	0.9217155	1.842328
18354	-995.2635	-1062.392	67.12896	0.6906474	0.7931329	2.192471
18360	-998.2482	-1065.625	67.37702	0.6336215	0.7931329	2.067645
18366	-996.7755	-1063.881	67.10549	0.8732773	0.6704539	2.189628
18372	-997.773	-1064.821	67.04749	0.5868388	1.307977	1.983842
18378	-996.6918	-1064.235	67.5435	0.6452284	1.046819	1.763514
18384	-999.2481	-1066.526	67.27801	0.596407	0.902928	2.075545
18390	-1001.241	-1068.455	67.21395	0.7721893	1.197662	1.808079
18396	-999.1954	-1066.646	67.45096	0.6517967	0.9193724	1.911354
18402	-993.8555	-1060.796	66.94055	0.5664414	0.9225997	2.300088
18408	-994.3408	-1061.588	67.24689	0.5767125	0.9225997	2.095109
18414	-1009.279	-1076.433	67.15469	0.5074841	1.084225	2.095109
18420	-1005.411	-1071.46	66.049	0.5614756	1.304575	2.640038
18426	-995.913	-1063.328	67.41461	0.4861447	0.7673781	2.159893
18432	-995.4395	-1062.401	66.96118	0.543332	1.509858	1.966483
18438	-1006.972	-1074.137	67.16479	0.6809761	0.7028333	2.247892
18444	-1003.541	-1070.039	66.49845	0.6830506	1.051326	2.424017
18450	-989.4416	-1055.794	66.3528	0.6190687	1.26391	2.43593
18456	-996.0836	-1063.638	67.55468	0.8293067	1.004143	1.655109
18462	-994.5402	-1062.132	67.59224	0.9276383	1.004143	1.556426
18468	-998.231	-1065.631	67.40033	0.6411644	1.004143	1.893678
18474	-994.5809	-1061.972	67.39134	0.5662907	0.8307672	2.073624
18480	-990.4505	-1057.647	67.19622	0.6457213	0.98348	2.041392
18486	-995.8919	-1063.443	67.55103	0.7157538	0.5293763	2.136066
18492	-992.9886	-1060.271	67.28289	0.579898	0.830441	2.136066
18498	-999.3662	-1067.02	67.65358	0.6496441	1.081432	1.659293
18504	-992.4495	-1059.523	67.07303	0.6212643	1.023814	2.112138
18510	-1000.231	-1067.52	67.28886	0.4013976	1.023814	2.114779
18516	-1003.526	-1070.556	67.02975	0.385294	1.023814	2.292795
18522	-1001.08	-1068.459	67.37882	0.4633751	1.023814	2.01453
18528	-992.341	-1059.36	67.01938	0.5620627	1.386271	1.977442
18534	-996.751	-1063.474	66.7228	0.5723246	1.142719	2.297841
18540	-999.6249	-1066.966	67.34104	0.8981888	0.8478238	1.871949
18546	-988.2727	-1056.023	67.75041	0.8741297	1.194285	1.340886
18552	-993.4902	-1060.954	67.46375	1.025509	1.194285	1.446399
18558	-999.7495	-1067.358	67.60867	1.22868	0.843474	1.446399
18564	-990.4052	-1058.391	67.98627	0.8059161	0.6904409	1.618542
18570	-989.6564	-1056.715	67.05831	0.8092203	1.128474	1.931193
18576	-992.7626	-1060.453	67.69087	0.8223675	1.128474	1.472879
18582	-991.8999	-1059.02	67.12007	0.7510408	1.094622	1.94984
18588	-991.9932	-1059.576	67.5828	0.9868801	1.163309	1.405539
18594	-991.9669	-1059.812	67.8453	1.072102	0.7875912	1.43491
18600	-994.4431	-1062.32	67.87692	1.052608	0.9901327	1.248321
18606	-1001.271	-1069.261	67.9901	1.067248	0.8283126	1.286483
18612	-994.0035	-1061.507	67.50327	1.026787	1.367129	1.301494
18618	-1001.925	-1069.669	67.74365	1.240114	1.520783	0.7216461
18624	-996.71	-1064.708	67.99778	1.181463	1.021015	0.9943631
18630	-998.5327	-1066.545	68.01263	1.401981	1.021015	0.7040624
18636	-994.3791	-1062.353	67.97434	1.220925	1.021015	0.978116
18642	-1008.559	-1076.658	68.09877	1.327429	0.9662387	0.7715684
18648	-1007.217	-1075.128	67.91107	0.9989562	0.9792549	1.273602
18654	-995.4408	-1062.828	67.38755	0.8630366	0.9737817	1.770939
18660	-997.5815	-1065.396	67.81408	0.9917097	0.9737817	1.36209
18666	-994.2659	-1062.333	68.06746	1.13737	0.9737817	1.015996
18672	-1001.459	-1069.266	67.8066	1.04229	0.7972007	1.478373
18678	-1000.221	-1067.958	67.73699	0.824349	1.069052	1.478373
18684	-998.9302	-1066.728	67.79768	1.034685	1.139418	1.210065
18690	-996.0829	-1064.292	68.20885	1.02932	0.9438343	1.013596
18696	-1000.134	-1067.771	67.63667	1.070193	1.117257	1.330298
18702	-995.7134	-1063.458	67.74446	1.069312	1.321921	1.088205
18708	-1007.969	-1075.633	67.6646	1.401055	1.371297	0.7688993
18714	-998.5294	-1066.401	67.87183	1.392269	1.192004	0.6896647
18720	-1004.056	-1071.882	67.82507	1.258772	1.1875	0.9327209
18726	-1002.32	-1070.461	68.14107	1.12986	0.9884982	0.9327209
18732	-999.3543	-1067.304	67.94949	1.512203	0.9884982	0.6774636
18738	-998.4195	-1066.284	67.86478	1.636888	0.9884982	0.5786268
18744	-1000.967	-1069.018	68.05038	1.809478	0.6734538	0.4127419
18750	-1004.657	-1071.863	67.20618	1.758053	1.629235	0.4083236
18756	-1003.373	-1071.328	67.95501	1.769373	0.7942369	0.4817802
18762	-1003.097	-1071.221	68.12341	1.665799	0.7403419	0.527491
18768	-1000.734	-1068.694	67.96016	1.376456	1.083306	0.7336733
18774	-1002.64	-1070.986	68.34563	1.55147	0.5428836	0.8488651
18780	-1003.957	-1071.686	67.72938	1.575273	1.170786	0.6461663
18786	-998.6266	-1066.678	68.051	1.474086	0.9585481	0.6019789
18792	-990.3795	-1058.25	67.87072	1.537199	1.094387	0.5338683
18798	-991.2149	-1059.125	67.90966	1.740476	0.8573	0.5338683
18804	-990.06	-1058.491	68.4313	1.147136	0.7223594	0.9250913
18810	-992.3202	-1060.305	67.9843	1.235446	1.017722	0.9561309
18816	-988.6847	-1056.791	68.10673	1.076192	0.9322729	1.078157
18822	-997.9607	-1065.964	68.00321	0.9559172	1.095149	1.135052
18828	-988.6986	-1055.436	66.73748	0.6259376	1.054221	2.306901
18834	-990.0617	-1057.246	67.18437	0.6075477	0.9097008	2.1249
18840	-994.2312	-1061.313	67.08218	0.7670949	0.7240068	2.228142
18846	-994.0456	-1061.627	67.58144	0.7752701	0.7240068	1.892889
18852	-996.0254	-1063.24	67.21452	0.6148216	1.232079	1.895139
18858	-995.0448	-1062.155	67.10985	0.7153217	0.9001428	2.109873
18864	-996.5749	-1063.661	67.08609	0.4995347	0.7421697	2.381902
18870	-999.0749	-1066.997	67.92255	0.963626	0.6614029	1.578351
18876	-1001.171	-1069.131	67.95962	1.098928	1.117423	1.02309
18882	-1000.812	-1068.629	67.81636	1.142969	1.249806	1.005923
18888	-996.9275	-1064.818	67.89086	1.152079	0.9611289	1.176956
18894	-999.1831	-1066.938	67.75452	1.045664	0.9818447	1.36004
18900	-1000.722	-1068.596	67.87375	1.054965	1.07514	1.178408
18906	-1002.389	-1070.593	68.2037	1.387696	0.7781994	0.8295741
18912	-1004.133	-1072.372	68.23908	1.370622	0.7631048	0.8295741
18918	-999.7526	-1067.393	67.64083	1.355862	1.506319	0.7177462
18924	-1002.788	-1070.769	67.9815	1.308808	0.9033488	1.004511
18930	-1006.531	-1074.361	67.83047	1.249718	1.322195	0.8027851
18936	-1011.751	-1079.597	67.84645	1.356845	0.9440063	1.047299
18942	-1006.215	-1073.465	67.24925	0.7192407	1.25528	1.786095
18948	-1005.466	-1073.254	67.78869	0.7094952	0.7238669	1.795962
18954	-1000.239	-1067.444	67.20493	0.8687271	1.119454	1.795962
18960	-1012.105	-1080.121	68.01546	1.285839	1.110704	0.7486703
18966	-1001.546	-1069.859	68.31267	1.285839	0.5983135	1.074011
18972	-994.8777	-1063.076	68.19855	1.329142	0.7785969	0.9043155
18978	-999.729	-1067.957	68.22829	1.463625	0.7785969	0.6787281
18984	-998.2958	-1066.365	68.06947	1.389415	0.945945	0.7546098
18990	-1006.137	-1074.258	68.12071	1.549245	0.838833	0.5414317
18996	-1004.633	-1072.629	67.99669	1.58092	0.9258532	0.4973352
19002	-1008.818	-1076.104	67.28642	1.636303	1.71319	0.456514
19008	-1013.257	-1081.368	68.11101	1.806129	0.6046882	0.351269
19014	-1007.907	-1075.114	67.20736	1.806129	1.49202	0.3378662
19020	-1008.489	-1075.625	67.13565	0.9397627	1.755187	1.441195
19026	-1002.334	-1069.951	67.61647	1.089125	1.101829	1.342712
19032	-1004.821	-1072.86	68.03939	1.208354	0.8823413	1.067747
19038	-1004.749	-1072.612	67.86285	1.402942	0.8660127	1.067747
19044	-996.4589	-1064.37	67.91148	1.122043	0.9208776	1.221166
19050	-1003.793	-1071.746	67.95314	1.122043	0.8603942	1.241622
19056	-1005.067	-1073.187	68.11962	1.309372	0.7044672	1.096111
19062	-1017.185	-1084.853	67.66739	1.136988	1.020137	1.326219
19068	-1011.317	-1078.478	67.16129	1.195756	1.027491	1.657874
19074	-1002.776	-1070.923	68.14677	1.122904	0.9677664	0.9564534
19080	-1008.827	-1076.344	67.51711	0.8113629	0.7618843	1.87999
19086	-1005.074	-1072.739	67.66459	0.947452	1.033289	1.466062
19092	-1005.117	-1072.857	67.73923	0.972893	0.75382	1.618111
19098	-1005.887	-1073.785	67.89822	0.5730905	0.9685753	1.618111
19104	-1004.998	-1071.699	66.70097	0.703337	1.051453	2.282466
19110	-1006.444	-1073.569	67.1252	0.7351314	1.434677	1.761558
19116	-1002.745	-1070.508	67.76315	0.7269438	0.7764314	1.756322
19122	-1002.821	-1069.917	67.09654	0.6241226	0.9710746	2.129462
19128	-1000.686	-1067.862	67.17631	0.7261336	0.9710746	2.009603
19134	-1008.226	-1074.844	66.61826	0.5936801	1.163945	2.338719
19140	-1014.706	-1081.735	67.02894	0.6662575	1.163945	2.025099
19146	-1012.971	-1080.409	67.43732	0.882163	1.044737	1.672713
19152	-1006.642	-1074.553	67.91055	0.9434507	0.9549088	1.339212
19158	-1013.562	-1080.899	67.33697	1.081363	1.298928	1.43286
19164	-1010.036	-1078.284	68.24809	1.326956	0.8192644	0.7873857
19170	-1008.643	-1076.689	68.04648	1.503441	0.9219114	0.6370935
19176	-1000.946	-1068.964	68.01801	1.262252	1.095498	0.7984181
19182	-1005.046	-1072.492	67.44607	1.129208	1.655707	1.080131
19188	-1002.263	-1070.161	67.89764	0.9433302	0.8733088	1.417935
19194	-1007.646	-1074.773	67.12658	1.018247	1.76143	1.384343
19200	-1009.638	-1077.43	67.79224	1.093021	0.8723316	1.384343
19206	-1011.505	-1079.266	67.76139	1.062174	0.9293955	1.384343
19212	-1004.47	-1072.151	67.68099	0.6470738	0.8021716	1.847226
19218	-1004.611	-1072.008	67.39652	0.8272027	0.9129156	1.833531
19224	-1008.799	-1076.775	67.97535	0.6207377	0.8869666	1.590196
19230	-1001.701	-1069.2	67.49923	0.8109337	1.178674	1.590196
19236	-1002.377	-1069.929	67.55266	0.8132458	1.11684	1.590196
19242	-1000.479	-1068.467	67.98842	1.004262	1.007495	1.179851
19248	-995.4275	-1063.569	68.14144	0.9221692	0.8299999	1.27976
19254	-999.3945	-1067.667	68.27268	1.09444	0.5950017	1.27976
19260	-1006.963	-1074.482	67.51927	1.043194	1.119821	1.441438
19266	-1004.702	-1072.479	67.77766	1.007858	0.6726852	1.64034
19272	-1015.799	-1083.666	67.86733	1.307467	1.082137	0.9379512
19278	-1014.094	-1081.406	67.31182	1.252293	1.22116	1.370298
19284	-1009.294	-1076.374	67.08004	1.000029	1.134361	1.78206
19290	-1010.364	-1078.192	67.82791	0.6965682	0.8314652	1.686471
19296	-1005.802	-1072.54	66.73742	0.7615514	0.9339686	2.297529
19302	-998.4998	-1065.327	66.82745	0.6503342	1.269157	2.108634
19308	-1000.167	-1067	66.83359	0.6492375	1.263133	2.108634
19314	-1001.207	-1069.413	68.20602	1.081509	0.8879726	1.023719
19320	-991.2485	-1059.203	67.95445	1.277084	0.8285875	1.137837
19326	-990.3121	-1058.198	67.8864	1.120814	0.8681118	1.290681
19332	-987.2655	-1055.32	68.05415	1.062718	0.6316458	1.436389
19338	-987.5344	-1055.026	67.49154	0.9702454	1.135587	1.506726
19344	-986.5421	-1054.027	67.48482	0.8073283	1.135587	1.631246
19350	-989.3016	-1057.066	67.76453	0.7629707	0.6839209	1.8115
19356	-983.605	-1050.917	67.31209	0.7647332	0.9972139	1.874346
19362	-993.6556	-1061.372	67.71648	0.9754865	0.6834262	1.69692
19368	-992.1736	-1059.754	67.58076	0.8153265	1.275391	1.464691
19374	-987.5292	-1055.807	68.27734	1.169712	0.7889473	0.9771899
19380	-988.3434	-1055.784	67.44074	1.025843	1.519317	1.259062
19386	-990.332	-1058.446	68.11398	1.098956	0.9254652	1.056693
19392	-989.3371	-1057.678	68.3411	1.248987	0.631513	1.036948
19398	-987.3632	-1055.557	68.19343	1.155391	1.029898	0.790494
19404	-987.2869	-1054.808	67.52061	1.200558	1.336149	1.161255
19410	-984.7647	-1052.578	67.813	1.160799	1.048519	1.161255
19416	-994.0711	-1061.703	67.63145	0.9637016	1.087672	1.439266
19422	-994.206	-1061.636	67.4303	0.6416435	0.9608789	1.90277
19428	-992.4974	-1059.956	67.4583	0.5133243	0.9329655	1.989844
19434	-992.2686	-1058.614	66.34564	0.3874676	1.073849	2.6894
19440	-993.3898	-1060.454	67.06419	0.4182288	1.138208	2.179889
19446	-995.8734	-1063.041	67.16752	0.6020493	1.157383	1.979441
19452	-997.6415	-1064.808	67.1666	0.8330827	1.023123	1.909297
19458	-992.0449	-1058.76	66.71517	0.8005609	1.613303	1.909297
19464	-995.6439	-1063.283	67.63887	1.14627	0.9658306	1.384724
19470	-993.6674	-1061.523	67.8561	1.18335	0.8175963	1.311106
19476	-993.1071	-1061.031	67.92353	1.220752	0.9214082	1.124091
19482	-1003.871	-1071.03	67.15854	1.027516	1.82646	1.318641
19488	-1000.711	-1068.488	67.77692	0.9011376	1.234882	1.269088
19494	-999.0116	-1067.302	68.29	1.199118	0.8450253	0.8592462
19500	-1006.63	-1074.245	67.61432	0.7974543	0.9089575	1.705408
19506	-1001.14	-1068.175	67.03525	0.6521119	1.283314	1.961901
19512	-1001.356	-1068.179	66.82255	0.4632095	1.020272	2.377269
19518	-1003.565	-1071.075	67.51033	0.4002756	0.7414672	2.174243
19524	-1000.216	-1066.37	66.15377	0.3761315	1.2231	2.731474
19530	-1001.159	-1068.594	67.43521	0.4008196	1.2231	1.895816
19536	-999.9653	-1066.882	66.9172	0.563619	1.136033	2.182207
19542	-1000.947	-1068.353	67.40617	0.8070893	1.447797	1.499638
19548	-1000.135	-1068.032	67.89664	0.7757799	0.8533661	1.561586
19554	-1002.384	-1069.924	67.5397	0.8951051	0.8533661	1.732254
19560	-1015.846	-1083.563	67.71706	0.6234298	0.7736437	1.862029
19566	-1012.392	-1079.589	67.19724	0.7165303	1.039775	1.956274
19572	-1006.702	-1074.723	68.02043	1.1839	0.6745413	1.321705
19578	-1007.538	-1075.296	67.75781	0.9861797	0.7226432	1.623294
19584	-1006.219	-1074.081	67.86194	1.024455	0.7876677	1.458533
19590	-1012.219	-1080.112	67.89342	1.121973	0.831642	1.317431
19596	-1013.403	-1081.599	68.19678	1.16527	0.623651	1.249886
19602	-1006.676	-1074.074	67.39806	0.8064913	1.199703	1.653208
19608	-1007.984	-1075.514	67.52978	1.009743	1.13266	1.449999
19614	-1008.581	-1076.286	67.70453	0.7853401	1.047467	1.547201
19620	-1004.098	-1071.97	67.87227	0.9781925	0.8865335	1.399304
19626	-1004.875	-1072.686	67.81084	1.095504	0.9889852	1.268518
19632	-1000.19	-1068.395	68.20441	1.032607	0.640463	1.332709
19638	-1002.353	-1070.541	68.18781	1.139462	0.6553145	1.242195
19644	-1004.65	-1072.46	67.80966	1.15139	1.199368	1.046452
19650	-1002.142	-1069.547	67.40444	1.787183	1.233414	0.3129964
19656	-1008.044	-1075.987	67.94306	1.787183	0.7898375	0.4950637
19662	-1004.988	-1073.129	68.14082	1.439805	0.9229749	0.4950637
19668	-1007.309	-1075.209	67.8995	1.630846	0.9706894	0.5176764
19674	-1007.955	-1075.724	67.76865	1.6512	1.074489	0.4359351
19680	-1017.999	-1085.479	67.47994	1.381089	1.403519	0.9798871
19686	-1023.617	-1091.705	68.08834	1.599804	0.7853632	0.6703195
19692	-1019.155	-1087.216	68.06137	1.817808	0.6486258	0.3845701
19698	-1020.986	-1088.852	67.86611	2.059781	0.6153401	0.3847041
19704	-1016.281	-1084.532	68.2509	1.482562	0.7098979	0.7519203
19710	-1004.589	-1072.918	68.32859	1.388112	0.6881332	0.8143726
19716	-1005.706	-1073.835	68.1284	1.413038	0.7595676	0.9147335
19722	-1000.402	-1068.268	67.86609	1.369263	1.040999	0.9148943
19728	-999.7067	-1067.967	68.25984	1.378182	0.7166543	0.8658385
19734	-1009.045	-1077.415	68.37059	1.549475	0.5687454	0.7664955
19740	-996.4376	-1064.497	68.059	1.492182	0.8583577	0.758045
19746	-997.6864	-1066.108	68.42192	1.411594	0.6479802	0.7245758
19752	-994.3965	-1062.484	68.0878	1.366324	0.8702109	0.8672786
19758	-1001.501	-1070.07	68.5693	1.507555	0.5286235	0.5784226
19764	-1008.022	-1075.586	67.56447	0.8004852	1.090387	1.608755
19770	-1005.614	-1073.26	67.64516	0.7500498	0.7852349	1.814873
19776	-1003.181	-1071.01	67.82878	0.7459166	1.160198	1.403806
19782	-999.8962	-1067.388	67.49199	0.9426597	0.8071755	1.769494
19788	-1002.492	-1070.434	67.9418	1.173755	1.111306	0.9715757
19794	-1007.779	-1075.838	68.05968	0.8052515	0.6158599	1.639714
19800	-999.2194	-1067.373	68.15354	0.9678341	0.8606417	1.202297
19806	-999.9133	-1067.143	67.22993	0.7280976	1.267427	1.786285
19812	-1001.304	-1068.813	67.5097	0.7516073	0.9420368	1.786285
19818	-1003.378	-1070.023	66.64479	0.4001817	0.9420368	2.577864
19824	-1001.427	-1068.408	66.98113	0.5282408	0.9296395	2.2938
19830	-1007.672	-1075.337	67.6645	0.9583265	0.7007368	1.729702
19836	-1003.459	-1070.638	67.17867	0.6714442	1.430717	1.770785
19842	-1008.132	-1075.168	67.0355	0.5512156	1.016156	2.187146
19848	-999.8983	-1066.483	66.58453	0.5401414	1.016156	2.481251
19854	-1000.637	-1067.152	66.51485	0.6098183	1.016156	2.481251
19860	-1002.786	-1069.954	67.16849	0.6751226	0.8792721	2.112708
19866	-997.8696	-1065.028	67.15814	0.4476255	1.117193	2.111993
19872	-1002.139	-1069.097	66.95779	0.377145	0.9616898	2.383488
19878	-1003.799	-1070.338	66.53904	0.4598512	1.223057	2.44073
19884	-1008.284	-1074.454	66.16966	0.5973678	1.018477	2.701438
19890	-1005.948	-1073.117	67.169	0.3772451	1.041485	2.197301
19896	-1001.714	-1067.806	66.0915	0.717103	0.6338885	2.948541
19902	-998.7567	-1066.585	67.82832	0.66016	0.7567683	1.774148
19908	-993.4345	-1061.024	67.5896	0.6603458	0.9544495	1.785202
19914	-997.1833	-1064.793	67.60925	0.5546569	1.112875	1.73724
19920	-994.6701	-1062.602	67.93176	0.8626869	0.7307192	1.579171
19926	-994.919	-1062.326	67.4067	0.8281335	1.284481	1.579171
19932	-1000.649	-1067.791	67.14134	0.8038152	1.118167	1.884998
19938	-1009.904	-1077.25	67.34552	0.5621163	1.16299	1.8829
19944	-1000.509	-1068.143	67.63416	0.9480357	1.129975	1.419125
19950	-1001.631	-1069.795	68.16383	1.048591	0.6736004	1.316203
19956	-1002.988	-1070.408	67.42053	1.210998	1.485911	1.138518
19962	-996.8043	-1064.279	67.47463	1.258449	1.485911	1.044782
19968	-999.5276	-1067.022	67.49407	1.153084	1.336678	1.224614
19974	-994.842	-1062.633	67.79058	1.365387	1.177768	0.860853
19980	-998.3623	-1066.375	68.01264	1.149863	0.9761644	1.054585
19986	-998.5831	-1066.445	67.86187	1.132868	1.151673	1.054585
19992	-1000.956	-1068.844	67.88833	1.154803	0.900191	1.231786
19998	-1001.953	-1069.993	68.04038	1.067425	0.6194178	1.456496
20004	-1000.032	-1067.877	67.84458	0.9146372	1.091256	1.307571
20010	-999.7733	-1067.287	67.51418	0.7964184	1.037022	1.684377
20016	-998.6646	-1065.757	67.09201	0.539927	0.8962825	2.238073
20022	-999.9818	-1067.064	67.0818	0.5541719	0.9879283	2.173479
20028	-1001.282	-1068.167	66.88468	0.4899098	0.9665288	2.355203
20034	-1000.172	-1067.054	66.88261	0.4714765	0.8271534	2.463645
20040	-1000.636	-1068.389	67.75319	0.6684913	0.9504832	1.667201
20046	-1002.906	-1069.745	66.83938	0.6454723	1.442215	2.013204
20052	-1001.217	-1068.86	67.64256	0.8209265	0.7435555	1.802843
20058	-1003.72	-1070.878	67.15838	0.7764296	1.398151	1.729012
20064	-1000.373	-1067.153	66.78005	0.9020466	1.197133	2.014347
20070	-998.4027	-1065.945	67.54219	0.9809211	0.7692532	1.739282
20076	-1000.531	-1068.426	67.89533	0.8120358	0.7360266	1.637517
20082	-1004.16	-1072.074	67.91406	0.7430737	0.5453933	1.858779
20088	-1002.506	-1069.868	67.36228	0.6965301	1.117449	1.807508
20094	-1007.952	-1075.329	67.37688	0.804089	0.9642581	1.825902
20100	-1014.033	-1081.592	67.55874	1.387842	0.9294747	1.285912
20106	-1007.122	-1074.632	67.5105	1.190991	0.9037468	1.498777
20112	-1004.62	-1072.224	67.60422	1.186916	0.9037468	1.43072
20118	-1006.451	-1074.488	68.03693	1.258861	1.002088	0.8900712
20124	-1008.815	-1076.779	67.96429	1.158622	0.9004451	1.163051
20130	-1004.178	-1071.737	67.55928	1.10587	0.7468358	1.658134
20136	-1006.807	-1074.753	67.94645	0.8301206	0.7468358	1.577502
20142	-998.7474	-1066.378	67.63079	0.9837302	0.7981909	1.64984
20148	-997.8191	-1065.831	68.01158	1.044847	0.7981909	1.315756
20154	-1002.252	-1070.205	67.95365	1.268128	0.7786138	1.197797
20160	-996.2303	-1063.645	67.41447	0.9061545	0.8489421	1.815238
20166	-993.2548	-1060.456	67.2015	0.7908605	1.244011	1.776123
20172	-1010.571	-1077.713	67.14266	0.7304187	1.214447	1.875675
20178	-1001.582	-1069.259	67.67664	0.8476983	0.9922718	1.56189
20184	-1007.737	-1075.215	67.47801	1.150831	0.5832159	1.838802
20190	-993.8534	-1061.5	67.64643	0.992035	1.096281	1.399606
20196	-997.7926	-1065.16	67.36704	0.9853559	0.8716739	1.775597
20202	-996.1236	-1063.541	67.41783	0.849181	0.8930615	1.818478
20208	-992.2653	-1059.408	67.14233	0.7753442	1.301317	1.79483
20214	-995.4377	-1063.099	67.66123	0.9282987	0.9985671	1.508867
20220	-994.3247	-1062.371	68.04629	0.9544011	0.9605791	1.213755
20226	-1001.51	-1068.823	67.31266	0.8981476	1.138489	1.687577
20232	-1005.667	-1073.348	67.68124	0.9217133	0.8011452	1.655638
20238	-1004.683	-1071.712	67.029	0.7964087	1.295727	1.861487
20244	-1001.588	-1068.74	67.15193	0.6746412	1.294315	1.861487
20250	-1002.935	-1070.059	67.12444	0.6863811	1.294315	1.872245
20256	-1010.389	-1078.161	67.7719	0.95697	0.7069548	1.648657
20262	-1003.395	-1071.148	67.75306	0.9758182	0.7069548	1.648657
20268	-1002.807	-1070.21	67.40244	1.200264	0.9379749	1.545232
20274	-999.2102	-1066.934	67.72416	1.016015	1.109282	1.30941
20280	-999.2345	-1067.142	67.90725	1.141894	1.059212	1.08404
20286	-1002.495	-1070.246	67.7509	1.228877	0.960991	1.231092
20292	-1003.701	-1071.177	67.47639	0.9017473	0.960991	1.690466
20298	-1000.854	-1068.289	67.43416	0.7496662	0.9983343	1.800068
20304	-1005.472	-1073.132	67.65982	0.782399	0.9983343	1.617354
20310	-1001.277	-1068.86	67.58347	0.8766374	0.9983343	1.604386
20316	-998.9693	-1066.337	67.36778	0.9099514	0.9806222	1.74711
20322	-1001.736	-1068.148	66.41134	0.605501	1.108852	2.493283
20328	-1004.33	-1070.954	66.62386	0.7624241	0.9284783	2.372911
20334	-1005.67	-1072.425	66.75534	0.6309498	0.9284783	2.372911
20340	-1010.84	-1079.082	68.24197	1.476374	0.7388426	0.7180896
20346	-1014.833	-1082.824	67.99099	1.451321	1.000477	0.6911218
20352	-1011.799	-1080.089	68.28917	1.285424	0.7067128	0.9506869
20358	-1005.538	-1073.765	68.22757	1.290398	0.6635123	1.063727
20364	-1018.526	-1086.4	67.87399	1.345793	1.097252	0.8718102
20370	-1014.503	-1082.631	68.12751	1.392952	0.8813232	0.7656716
20376	-1011.653	-1079.795	68.14196	1.479184	0.8791883	0.5609083
20382	-1010.925	-1078.297	67.37261	0.8097442	0.9648548	1.824526
20388	-1007.23	-1074.698	67.46769	0.970422	0.8043582	1.769389
20394	-1004.753	-1071.91	67.15713	0.8194161	1.274344	1.769389
20400	-1006.619	-1074.314	67.69451	0.8929881	1.029738	1.487244
20406	-1004.529	-1071.977	67.44835	1.006912	1.029738	1.585278
20412	-1002.304	-1070.432	68.12794	1.257244	0.6487711	1.200758
20418	-1009.909	-1078.238	68.32938	1.330922	0.5483478	1.086363
20424	-1006.599	-1074.061	67.46141	0.9237346	1.164554	1.544344
20430	-1008.616	-1076.363	67.74661	1.229776	1.164554	1.061053
20436	-1012.915	-1080.045	67.12928	1.063602	1.26405	1.622048
20442	-1009.059	-1077.207	68.1475	1.152816	0.7527708	1.156908
20448	-1001.474	-1069.52	68.04653	1.082055	0.7527708	1.301756
20454	-1011.016	-1078.112	67.09601	1.21887	1.252716	1.53979
20460	-1001.807	-1069.553	67.74581	1.088456	0.8545991	1.439143
20466	-1006.565	-1074.171	67.60639	0.9864435	1.064404	1.457845
20472	-1006.856	-1074.311	67.45561	0.9530903	0.6903993	1.88706
20478	-1002.734	-1070.528	67.79345	0.9751911	0.9531732	1.407743
20484	-1004.268	-1071.54	67.27281	0.981828	1.333734	1.535012
20490	-1008.302	-1075.67	67.3685	1.086218	1.10196	1.535012
20496	-1004.321	-1072.452	68.13059	0.9188007	1.085738	1.060228
20502	-1002.045	-1069.503	67.45779	0.8794142	0.6019547	2.017162
20508	-1004.974	-1072.177	67.20252	0.7217009	0.6510128	2.241879
20514	-1002.27	-1069.646	67.3761	0.9103905	1.354913	1.498633
20520	-1000.543	-1067.963	67.41985	1.042367	1.329758	1.379364
20526	-1003.743	-1071.174	67.4312	1.042367	1.33175	1.369179
20532	-1004.917	-1072.964	68.04689	1.003322	1.124386	1.024993
20538	-1003.449	-1070.987	67.53786	0.843529	1.217664	1.512544
20544	-998.7464	-1065.938	67.19128	0.6039934	1.276551	1.892826
20550	-1002.538	-1069.914	67.37599	0.8406411	0.6228456	2.077133
20556	-1005.593	-1072.528	66.93406	0.7075157	1.107118	2.094599
20562	-1001.886	-1069.064	67.17849	0.3339536	1.00045	2.245182
20568	-1008.864	-1076.595	67.73126	0.6147866	0.9008208	1.757783
20574	-999.9893	-1068.059	68.07012	0.6945469	0.6007811	1.72648
20580	-1000.862	-1068.083	67.22127	0.6214902	0.6007811	2.339324
20586	-1006.339	-1073.505	67.16649	0.6969685	1.134013	1.930534
20592	-995.8687	-1063.189	67.32068	0.696522	1.12493	1.831462
20598	-998.4622	-1065.946	67.48363	0.6515387	1.064337	1.789081
20604	-995.8012	-1063.146	67.34511	0.6333786	1.051591	1.904891
20610	-997.0289	-1063.981	66.95233	0.7247165	1.401864	1.904891
20616	-989.2033	-1056.828	67.62483	0.6400107	0.7841779	1.904891
20622	-986.3647	-1054.066	67.70145	0.7968655	0.80992	1.722637
20628	-987.2149	-1054.654	67.43934	0.7199596	0.80992	1.955553
20634	-990.1667	-1058.011	67.84423	0.9828442	0.6293626	1.653166
20640	-988.3413	-1055.509	67.16801	0.9155862	0.9108531	1.930455
20646	-988.6007	-1055.992	67.39091	1.003858	1.220297	1.50084
20652	-991.0593	-1058.499	67.43966	0.7956222	0.9291059	1.813713
20658	-991.7893	-1058.655	66.86539	0.852594	1.204312	1.986252
20664	-988.8355	-1056.19	67.35446	0.6898832	1.255648	1.732896
20670	-990.02	-1057.04	67.02027	0.4920201	1.065965	2.204042
20676	-986.6704	-1053.498	66.8273	0.8077871	1.15416	2.070655
20682	-988.3147	-1055.763	67.4481	0.6405357	0.9666125	1.887431
20688	-995.0049	-1061.386	66.38062	0.7349735	0.9960136	2.499477
20694	-988.1004	-1055.303	67.20282	0.5717633	1.327749	1.878383
20700	-991.9263	-1058.585	66.65848	0.6683578	0.8839434	2.440686
20706	-998.1765	-1065.375	67.19825	0.8167395	1.016057	1.903646
20712	-994.2108	-1060.915	66.70426	0.6068642	0.9965851	2.376116
20718	-994.3718	-1061.134	66.76266	0.7372211	1.508066	1.970467
20724	-996.5901	-1064	67.41001	0.702688	0.8309548	1.970467
20730	-993.3522	-1060.788	67.43573	0.8325793	0.896793	1.814787
20736	-995.1625	-1062.487	67.32478	0.797898	0.8755465	1.93001
20742	-996.2033	-1062.905	66.70124	0.6474983	0.8755465	2.432718
20748	-992.3474	-1059.887	67.53958	0.8080964	1.197649	1.550457
20754	-993.2854	-1061.032	67.7461	0.8486946	1.219006	1.347489
20760	-998.3172	-1066.393	68.07573	0.9728136	0.4968762	1.639202
20766	-995.8617	-1063.283	67.42084	0.9549351	1.42777	1.386901
20772	-999.7077	-1067.527	67.81951	1.01757	0.8146386	1.471824
20778	-1002.788	-1070.396	67.60792	0.9164575	0.8963474	1.634763
20784	-1002.866	-1070.754	67.88775	1.101244	1.027813	1.165588
20790	-1001.312	-1068.79	67.47712	0.7710542	1.221609	1.608081
20796	-994.6231	-1062.083	67.45998	0.97818	0.8301747	1.748404
20802	-989.0808	-1056.308	67.22674	0.9586636	1.072876	1.748404
20808	-992.3227	-1059.463	67.13992	0.6888855	1.072876	1.991898
20814	-992.8299	-1060.497	67.66751	0.8204039	0.7196077	1.806822
20820	-990.5121	-1058.562	68.04968	0.9657888	0.7163201	1.427221
20826	-992.4033	-1060.003	67.59934	1.006615	1.239597	1.324496
20832	-984.7231	-1052.293	67.57008	1.03078	0.9781046	1.515824
20838	-989.6189	-1057.496	67.87757	1.0812	0.8457813	1.349839
20844	-990.5102	-1058.116	67.60631	1.0812	0.8457813	1.556782
20850	-998.0318	-1066.09	68.0579	0.7581536	1.098901	1.255109
20856	-991.031	-1058.866	67.83545	1.065045	0.823186	1.415728
20862	-991.8169	-1059.026	67.20957	1.056651	0.9109385	1.805692
20868	-987.7645	-1055.615	67.85018	0.7306308	0.7380925	1.725733
20874	-992.9045	-1060.904	67.99949	0.8488587	0.7380925	1.532637
20880	-993.6562	-1061.052	67.39538	0.7365283	0.84795	1.944565
20886	-988.2971	-1055.566	67.26873	0.7078688	0.9713188	1.959872
20892	-988.2331	-1055.148	66.91471	0.6285082	0.9713188	2.244327
20898	-990.2681	-1057.908	67.64015	0.6946231	0.9602558	1.721669
20904	-990.0331	-1057.343	67.30959	0.6320807	0.9720266	1.982786
20910	-991.376	-1058.831	67.45478	0.5386092	0.740153	2.121361
20916	-997.5463	-1064.521	66.97496	0.6062356	0.9411918	2.239932
20922	-992.6745	-1059.561	66.88697	0.6312126	0.9781848	2.255923
20928	-991.3887	-1058.852	67.46334	0.7613696	0.9557912	1.801733
20934	-986.2803	-1053.32	67.04004	0.605448	0.8102308	2.291557
20940	-990.9872	-1058.72	67.7329	0.716264	0.8135251	1.75418
20946	-988.6353	-1055.814	67.17819	0.3073891	1.002887	2.260878
20952	-988.2385	-1055.747	67.50847	0.4932655	0.8732225	2.012754
20958	-989.4543	-1056.761	67.30701	0.6190526	0.9623987	1.999799
20964	-995.7037	-1063.256	67.55223	0.7739865	1.135748	1.606494
20970	-990.9766	-1058.32	67.34391	0.7894137	0.78468	1.992945
20976	-991.7435	-1059.054	67.31049	0.8918486	1.13665	1.69477
20982	-995.1791	-1062.256	67.07649	0.6021394	1.418419	1.895164
20988	-990.8255	-1058.883	68.05729	0.8506054	0.631807	1.592281
20994	-983.1349	-1050.178	67.04339	0.8601084	1.408408	1.745428
21000	-981.5279	-1049.357	67.82909	0.9207496	0.6920518	1.647531
21006	-986.9217	-1054.637	67.71579	0.8562866	0.9039742	1.594234
21012	-992.0886	-1059.697	67.60848	0.8888968	1.156586	1.465634
21018	-991.6955	-1058.915	67.21959	0.9203352	1.332323	1.619825
21024	-994.4708	-1061.734	67.26356	0.8089516	0.9914252	1.881252
21030	-997.3043	-1064.466	67.16217	0.9761712	0.9680692	1.852493
21036	-994.184	-1061.554	67.37007	0.7444011	0.9755475	1.863591
21042	-990.6178	-1057.825	67.20723	0.8619852	1.029246	1.857878
21048	-1003.143	-1070.093	66.95001	0.9631493	0.8720668	2.072247
21054	-999.8353	-1067.413	67.57755	0.849691	0.8720668	1.722886
21060	-1006.24	-1073.34	67.10011	0.818811	1.484111	1.694239
21066	-998.846	-1065.799	66.95299	0.9555621	1.484111	1.701593
21072	-999.3495	-1066.764	67.41414	0.5935634	1.005234	1.915854
21078	-1000.623	-1067.564	66.9412	0.6862413	0.784477	2.322529
21084	-999.708	-1066.813	67.10535	0.8366456	1.078422	1.912282
21090	-999.8835	-1067.63	67.74654	0.7289548	0.8875386	1.676645
21096	-1001.761	-1068.786	67.0255	0.9010989	1.088745	1.916125
21102	-1000.794	-1069.015	68.22037	1.041494	0.5226398	1.450313
21108	-999.0473	-1066.792	67.74512	1.503315	1.12648	0.8026874
21114	-1006.608	-1074.862	68.25375	1.357598	0.6744702	0.9565968
21120	-1002.517	-1070.584	68.06731	1.24472	0.7318094	1.169553
21126	-1006.019	-1074.087	68.06778	1.24472	0.7026528	1.201383
21132	-1003.456	-1071.316	67.8607	1.053274	0.9412106	1.302428
21138	-1001.115	-1068.747	67.6315	0.7706163	0.9412106	1.688022
21144	-1002.676	-1070.472	67.79654	1.182741	1.229189	1.003507
21150	-998.6021	-1066.353	67.75043	0.9194529	0.8245929	1.587475
21156	-1003.67	-1070.828	67.15873	0.7794663	1.106415	1.897098
21162	-1004.486	-1072.062	67.57596	1.415143	1.411065	0.8273106
21168	-999.7619	-1067.993	68.23103	1.241688	0.8830884	0.8272543
21174	-1003.37	-1071.385	68.01462	1.241688	1.144914	0.7688215
21180	-994.6168	-1062.552	67.93536	1.038047	0.9088571	1.281925
21186	-1001.558	-1068.677	67.11902	0.962827	1.033634	1.84629
21192	-992.7875	-1060.074	67.28689	0.7955964	1.083195	1.813178
21198	-996.3075	-1064.396	68.08853	0.8901189	0.8331462	1.345471
21204	-997.2631	-1064.921	67.65781	0.7879571	1.18099	1.488242
21210	-993.0548	-1060.567	67.51183	0.866985	1.10299	1.590116
21216	-988.831	-1056.142	67.31148	0.8767727	1.10299	1.726564
21222	-990.3447	-1057.628	67.28316	0.8763795	1.27316	1.640598
21228	-999.1724	-1066.702	67.52938	0.7962187	0.7376514	1.902328
21234	-1001.275	-1068.215	66.93997	0.4987984	1.165308	2.19239
21240	-1001.284	-1069.037	67.75296	0.7997559	0.7294643	1.753063
21246	-995.3812	-1062.71	67.32858	0.8239213	1.317767	1.619232
21252	-993.2568	-1060.565	67.30813	0.6711885	1.287819	1.759664
21258	-1001.185	-1067.963	66.77759	0.5241422	1.296781	2.208324
21264	-1004.808	-1071.713	66.90497	0.7666487	1.129794	2.061094
21270	-1004.252	-1071.882	67.63042	0.7001808	0.7267273	1.908266
21276	-996.2985	-1063.445	67.14661	0.8715059	1.084351	1.856672
21282	-998.3079	-1065.141	66.83303	0.9401615	1.369389	1.856672
21288	-988.3432	-1055.655	67.31205	0.7403749	1.051798	1.854392
21294	-996.5268	-1064.747	68.22005	0.8236782	0.651943	1.4707
21300	-993.9237	-1061.075	67.15135	0.7093418	1.217078	1.882572
21306	-1003.108	-1070.202	67.09452	1.157183	1.721405	1.320309
21312	-1005.514	-1073.309	67.7954	0.8258927	0.9974086	1.485892
21318	-997.8977	-1065.584	67.68683	1.042776	0.9974086	1.403055
21324	-996.955	-1065.183	68.22837	1.042776	0.6376135	1.308426
21330	-1000.789	-1068.232	67.44253	1.042019	1.570471	1.213151
21336	-995.928	-1063.867	67.9391	1.080635	0.9612874	1.196864
21342	-991.5999	-1059.454	67.85438	0.9940775	1.156889	1.182723
21348	-1006.421	-1074.216	67.79508	1.299125	1.074805	1.027116
21354	-1003.136	-1070.986	67.84988	1.064246	1.123005	1.152137
21360	-1006.237	-1074.196	67.95917	1.269462	0.8936807	1.074048
21366	-1003.155	-1071.293	68.13785	1.301564	0.8936807	0.8540722
21372	-1002.663	-1070.752	68.08853	1.114235	0.9256251	1.066153
21378	-1000.183	-1068.322	68.13905	1.158949	0.6426994	1.280806
21384	-996.2403	-1063.838	67.59807	1.037259	1.246003	1.296356
21390	-995.0529	-1062.964	67.91127	1.01163	0.5588387	1.658541
21396	-992.6086	-1060.153	67.54487	1.022928	0.7672828	1.7095
21402	-989.971	-1056.857	66.88612	0.6001861	1.133649	2.180051
21408	-992.4595	-1059.345	66.88552	0.5539051	1.123817	2.216201
21414	-994.8617	-1062.312	67.44993	0.6885721	1.012706	1.821486
21420	-992.4085	-1059.377	66.96844	0.5460209	1.012706	2.236031
21426	-1000.452	-1067.09	66.63793	0.4462892	1.392148	2.299124
21432	-1004.456	-1070.285	65.82905	0.6683451	1.876671	2.458874
21438	-1011.897	-1078.371	66.47371	0.7195188	1.876671	2.010227
21444	-1013.097	-1079.832	66.73518	0.6979371	1.047841	2.266232
21450	-999.7356	-1066.662	66.92596	0.7345296	1.070931	2.104465
21456	-990.5468	-1057.086	66.53972	0.7003227	1.14844	2.329682
21462	-997.7539	-1064.49	66.73642	0.7487804	1.367054	2.051476
21468	-999.3986	-1066.037	66.63811	0.6118939	1.367054	2.205202
21474	-1000.65	-1066.204	65.55397	0.4824475	1.213878	3.034851
21480	-995.938	-1062.519	66.58132	0.335151	1.041347	2.595534
21486	-993.4	-1059.429	66.02883	0.3457637	1.041347	2.926481
21492	-990.5014	-1056.8	66.29822	0.2781668	1.193406	2.718775
21498	-993.0987	-1060.085	66.9867	0.3929633	1.193406	2.214572
21504	-993.7807	-1060.478	66.69701	0.4174861	1.193406	2.384019
21510	-1003.818	-1070.925	67.10648	0.4187939	0.7889296	2.384019
21516	-1003.701	-1070.173	66.47231	0.2428156	1.269724	2.593142
21522	-1003.431	-1071.246	67.81428	0.9219832	0.7769337	1.58005
21528	-997.3007	-1064.949	67.64809	1.087369	0.985591	1.407743
21534	-1000.052	-1067.587	67.53492	0.9410284	1.124772	1.50351
21540	-994.527	-1062.262	67.73467	1.065451	1.124772	1.248488
21546	-999.8252	-1067.357	67.53183	0.7812572	1.142891	1.611326
21552	-994.1883	-1061.598	67.40927	0.7910088	0.9853305	1.797735
21558	-995.6212	-1063.003	67.38143	0.7138691	0.8977599	1.932084
21564	-993.9297	-1061.6	67.67075	0.8584659	0.9949717	1.556305
21570	-988.002	-1055.528	67.52602	0.8847108	0.9949717	1.642499
21576	-993.8128	-1061.983	68.16981	0.8905062	0.794174	1.316453
21582	-992.0263	-1059.116	67.08993	0.8568492	1.259439	1.798724
21588	-995.0217	-1062.614	67.59238	1.038152	1.164036	1.35735
21594	-995.3764	-1062.923	67.5467	1.201094	1.551475	0.9832174
21600	-1002.833	-1070.902	68.06926	0.9977957	0.964743	1.152567
21606	-994.3173	-1062.082	67.76518	0.7774714	1.129578	1.449758
21612	-996.0467	-1063.733	67.68633	0.9384135	1.249216	1.302747
21618	-1003.018	-1070.699	67.68105	1.043951	0.7827516	1.583168
21624	-1008.219	-1075.522	67.30347	0.9537913	0.7795275	1.913808
21630	-996.0506	-1063.16	67.10898	0.7509555	1.165426	1.913808
21636	-1003.493	-1070.856	67.36241	0.8618734	1.026213	1.752687
21642	-1003.71	-1071.686	67.97558	0.7486082	0.6312047	1.724418
21648	-996.2488	-1063.63	67.38142	0.9530847	1.053629	1.655847
21654	-993.9373	-1061.247	67.31003	0.8379559	1.053629	1.787303
21660	-1007.015	-1073.034	66.01924	0.05044727	1.044385	3.107463
21666	-1006.943	-1073.318	66.37487	0.05577219	1.591015	2.617328
21672	-1012.072	-1079.186	67.11368	0.08223201	0.7527446	2.617328
21678	-1008.295	-1075.33	67.03506	0.1547146	0.995907	2.453067
21684	-1010.888	-1077.921	67.03234	0.08533431	0.8494849	2.59511
21690	-1007.299	-1074.053	66.75373	0.06281288	0.7668055	2.839052
21696	-1011.452	-1077.698	66.2453	0.1111156	1.059706	2.92677
21702	-998.291	-1066.612	68.32067	1.235962	0.6977098	0.9814154
21708	-994.3766	-1062.286	67.90927	1.244242	1.061074	0.9810608
21714	-1002.648	-1070.369	67.72048	0.9740904	1.373134	1.158814
21720	-997.5788	-1065.787	68.20854	0.9094224	0.682122	1.38223
21726	-998.7019	-1066.414	67.7117	0.8966063	0.682122	1.757015
21732	-995.9563	-1063.294	67.33744	0.829554	1.032591	1.788259
21738	-996.3463	-1063.659	67.31245	0.9377392	1.105066	1.681367
21744	-994.6384	-1062.017	67.37877	0.8572442	1.120428	1.681367
21750	-994.153	-1061.789	67.63556	0.7127296	1.185648	1.557753
21756	-1001.546	-1069.312	67.76601	0.9188632	0.8469477	1.557753
21762	-999.1209	-1067.06	67.93915	0.9188632	0.6224391	1.637958
21768	-995.2229	-1062.765	67.54179	0.7684834	0.7755982	1.881036
21774	-994.4741	-1061.611	67.13667	0.5380275	1.090716	2.08287
21780	-988.5816	-1055.439	66.85723	0.6252956	1.090716	2.208165
21786	-989.7114	-1056.441	66.72942	0.3758572	1.213074	2.379032
21792	-985.0358	-1051.872	66.83629	0.4436076	0.9961544	2.396143
21798	-987.5737	-1054.219	66.6449	0.3310271	1.335933	2.396143
21804	-991.4468	-1058.376	66.92884	0.2331664	1.335933	2.277776
21810	-998.389	-1065.197	66.80784	0.1141197	1.335933	2.430178
21816	-1000.575	-1067.003	66.42879	0.07155026	1.261233	2.729758
21822	-993.5385	-1059.754	66.21547	0.06411128	1.255881	2.866896
21828	-1000.027	-1066.557	66.52966	0.1687353	1.512763	2.485622
21834	-996.9729	-1063.974	67.0015	0.5699126	1.286202	2.037614
21840	-994.2197	-1061.215	66.9954	0.2800558	1.028791	2.378503
21846	-1001.138	-1068.024	66.88622	0.270432	0.8209708	2.591167
21852	-997.7553	-1064.177	66.42197	0.3440955	1.259031	2.567104
21858	-998.527	-1065.325	66.7981	0.592429	0.6647568	2.567104
21864	-1003.865	-1070.158	66.29258	0.6020722	0.9682232	2.654031
21870	-1000.823	-1067.838	67.01498	0.4533837	1.318523	2.088162
21876	-1001.096	-1068.626	67.53054	0.8547146	1.158006	1.548583
21882	-999.8184	-1067.198	67.37988	1.020287	1.076026	1.592986
21888	-1002.026	-1068.658	66.63234	0.6730736	1.48285	2.111561
21894	-996.6587	-1063.869	67.2102	0.8716024	1.271238	1.69724
21900	-999.3782	-1066.51	67.13168	0.8149408	1.102384	1.893916
21906	-1009.36	-1075.735	66.37411	0.5399325	1.090288	2.568113
21912	-1009.163	-1075.788	66.62497	0.3548014	0.9676735	2.601815
21918	-1010.187	-1076.769	66.58282	0.2587736	0.8923717	2.735772
21924	-1006.438	-1073.12	66.68182	0.6183019	0.9112081	2.438896
21930	-1003.065	-1070.212	67.14651	0.8374825	0.9813606	1.948032
21936	-995.93	-1063.191	67.26056	0.9469053	0.6955726	2.017773
21942	-1002.962	-1070.263	67.3011	0.8877267	0.6955726	2.030153
21948	-1000.471	-1067.667	67.19563	0.9580388	0.7228486	2.030153
21954	-993.0017	-1060.737	67.73552	1.009964	0.6568243	1.684296
21960	-989.8041	-1057.824	68.02031	0.9512585	0.9093984	1.282955
21966	-991.1903	-1059.503	68.31244	1.38324	0.5481782	1.053395
21972	-991.1976	-1058.725	67.52767	1.38324	1.627631	0.7171485
21978	-998.6483	-1066.787	68.13917	1.221837	0.7996532	1.049603
21984	-1012.563	-1080.606	68.0431	1.197029	1.148442	0.7870228
21990	-1005.465	-1073.709	68.24428	1.112026	0.6585697	1.21397
21996	-1009.197	-1076.6	67.40216	1.027395	1.473245	1.317032
22002	-1008.181	-1075.682	67.50156	1.003604	1.664199	1.13872
22008	-1006.173	-1073.828	67.65473	0.8874666	1.559475	1.170218
22014	-1005.591	-1073.742	68.15131	1.29481	0.97377	0.7302048
22020	-1009.942	-1077.073	67.13013	0.6316939	1.284933	1.910804
22026	-1007.829	-1075.1	67.27045	0.4849816	1.101122	2.023087
22032	-1010.375	-1078.09	67.71555	0.8078037	0.8343658	1.684906
22038	-1008.127	-1075.986	67.85924	1.068795	0.8152503	1.40152
22044	-996.1405	-1063.668	67.52717	0.6877332	0.6454924	2.057399
22050	-996.9957	-1064.706	67.71032	0.6563343	0.9666275	1.694504
22056	-1002.959	-1070.2	67.24081	0.6145514	1.518358	1.721408
22062	-1005.75	-1072.985	67.23526	0.5878633	1.332229	1.842728
22068	-1006.153	-1073.342	67.18912	0.8813199	0.9339731	1.922756
22074	-995.4016	-1063.069	67.66763	1.229961	1.128418	1.162336
22080	-997.1509	-1065.151	68.00045	1.112126	0.8571073	1.213178
22086	-991.2688	-1059.263	67.99403	0.9540601	0.7208465	1.474226
22092	-995.8023	-1063.616	67.81358	1.002817	1.200926	1.176789
22098	-993.8331	-1062.092	68.25854	1.079448	0.6999971	1.182402
22104	-993.9894	-1062.112	68.12241	1.064424	0.8077888	1.198046
22110	-994.5846	-1062.126	67.54146	1.124726	1.104738	1.371766
22116	-999.5858	-1067.686	68.10032	1.285132	0.9766717	0.8123846
22122	-996.0698	-1064.397	68.3272	1.285132	0.8011469	0.7647411
22128	-996.2696	-1064.404	68.13451	1.31168	0.9320812	0.7930893
22134	-996.5449	-1064.604	68.05893	1.181465	0.9622833	0.9923019
22140	-994.6485	-1062.107	67.4589	1.315983	1.04079	1.333669
22146	-991.6588	-1059.282	67.62358	1.013875	1.04079	1.441133
22152	-1003.399	-1071.312	67.91296	0.9015208	1.177523	1.196192
22158	-996.4635	-1063.994	67.53015	0.9391634	1.009887	1.589301
22164	-1000.238	-1067.611	67.37294	0.8021414	1.024687	1.788019
22170	-998.7307	-1066.037	67.30606	0.8021414	1.113094	1.776038
22176	-1003.443	-1070.816	67.37336	0.5633815	0.690707	2.199424
22182	-1010.186	-1077.839	67.65283	1.033612	1.401994	1.14612
22188	-1004.415	-1072.176	67.76136	0.8614776	1.005871	1.478355
22194	-994.2186	-1061.718	67.49968	0.8448688	1.064599	1.641099
22200	-990.3506	-1057.809	67.45839	0.7080905	1.01291	1.802024
22206	-995.0815	-1062.699	67.61756	0.7798379	0.9747514	1.666706
22212	-991.0349	-1058.659	67.62456	0.8434117	1.058283	1.555684
22218	-994.5186	-1061.799	67.27994	0.617707	1.053752	1.958029
22224	-994.5349	-1061.603	67.06765	0.6967735	1.199367	1.958029
22230	-991.8723	-1058.993	67.1203	0.7202751	1.00838	2.025738
22236	-989.7037	-1057.057	67.35299	0.5387828	1.00838	1.991653
22242	-988.012	-1054.934	66.92224	0.630669	1.15421	2.124573
22248	-996.1289	-1063.064	66.93536	0.5618825	1.450337	2.000867
22254	-996.4729	-1063.223	66.7497	0.4424898	1.251245	2.303049
22260	-1001.219	-1066.976	65.75733	0.5000681	1.38638	2.816217
22266	-1006.881	-1073.113	66.23269	0.5527927	0.8926829	2.769845
22272	-1000.698	-1067.253	66.55582	0.5241803	1.220727	2.390849
22278	-999.1864	-1065.938	66.75153	0.3284667	1.220727	2.390849
22284	-998.3093	-1064.655	66.34601	0.4762895	1.386644	2.467582
22290	-995.8208	-1063.074	67.25347	0.76485	1.067952	1.867137
22296	-990.6417	-1057.986	67.34404	0.5728382	1.067952	1.935955
22302	-995.6805	-1063.217	67.53635	0.7888895	1.101597	1.629914
22308	-994.6702	-1062.467	67.7968	0.7633629	1.101597	1.45605
22314	-996.7956	-1064.106	67.31044	0.4574809	1.21362	1.947368
22320	-995.9201	-1062.726	66.80612	0.405232	0.8169555	2.560119
22326	-998.6295	-1065.1	66.47044	0.3203752	1.243029	2.560119
22332	-998.2942	-1065.289	66.99438	0.8285271	0.9483071	2.077795
22338	-996.0286	-1063.605	67.57629	0.6998784	0.9108727	1.79886
22344	-992.6843	-1059.983	67.29892	0.5497752	0.9702098	2.045863
22350	-991.816	-1058.174	66.35756	0.4379452	1.14173	2.612213
22356	-996.5387	-1062.911	66.37264	0.5420865	1.159703	2.528164
22362	-990.1869	-1057.566	67.37915	0.7957318	1.013586	1.795747
22368	-995.404	-1062.09	66.68637	0.5528849	0.9238547	2.468651
22374	-998.9938	-1066.204	67.20995	0.6276165	1.360791	1.817113
22380	-1004.113	-1070.846	66.73295	0.6145692	1.360791	2.145103
22386	-1000.475	-1067.737	67.26193	0.532892	1.181557	1.948096
22392	-1003.854	-1070.63	66.77604	0.646546	1.0921	2.245979
22398	-999.3829	-1065.338	65.95462	0.252627	1.106899	2.989788
22404	-990.3914	-1056.759	66.36787	0.4130113	1.084354	2.653911
22410	-992.8022	-1059.944	67.14184	0.3949999	0.9093113	2.290076
22416	-992.3783	-1059.682	67.30319	0.4977578	0.8949756	2.129391
22422	-994.991	-1061.786	66.79511	0.7267545	1.054213	2.205121
22428	-997.1894	-1064.881	67.69156	0.9978322	0.9561911	1.466124
22434	-998.5618	-1066.472	67.91066	1.034194	1.057528	1.178967
22440	-1003.798	-1071.769	67.97029	1.034194	0.7630745	1.39043
22446	-999.1739	-1066.728	67.55402	0.8215993	1.108186	1.588935
22452	-1003.728	-1071.053	67.32467	2.073384	0.8700001	0.2284849
22458	-998.1794	-1065.093	66.91362	2.050529	1.504178	0.3020647
22464	-994.6288	-1062.209	67.58021	1.949958	0.9321818	0.3704791
22470	-1003.492	-1071.044	67.55165	1.949958	0.9321818	0.3361727
22476	-1006.835	-1074.17	67.33542	1.869182	1.177818	0.2866074
22482	-1011.308	-1078.705	67.39724	1.869182	1.194253	0.3538423
22488	-1005.261	-1072.848	67.58656	1.926885	0.9104813	0.3252103
22494	-1008.991	-1076.568	67.57652	0.7735756	1.169743	1.566763
22500	-1007.994	-1075.17	67.17685	0.7476643	0.9928894	1.980119
22506	-1001.635	-1069.323	67.68858	0.797418	0.9928894	1.589515
22512	-1002.224	-1069.675	67.45123	0.6880242	1.266175	1.659333
22518	-1000.902	-1068.457	67.55527	0.980389	1.098152	1.477074
22524	-1004.442	-1072.101	67.65869	0.980389	1.151983	1.359123
22530	-999.7998	-1066.413	66.61274	0.9970718	1.264646	2.024031
22536	-1001.574	-1068.98	67.40613	0.7806805	0.545491	2.171649
22542	-993.1782	-1059.905	66.72691	0.6940404	1.268112	2.146356
22548	-993.182	-1060.328	67.14547	0.4425963	1.17626	2.088645
22554	-997.6763	-1064.734	67.05777	0.6120066	1.086601	2.088645
22560	-997.2953	-1064.589	67.29321	0.5266556	0.830778	2.16378
22566	-987.967	-1055.339	67.37221	0.5552826	1.202202	1.845732
22572	-992.3426	-1059.783	67.44069	0.6692919	0.9534345	1.882154
22578	-990.3343	-1057.022	66.68793	0.5899899	0.9382752	2.434809
22584	-991.0822	-1058.138	67.05556	0.5748832	0.9382752	2.210146
22590	-997.5703	-1064.688	67.118	0.5001253	0.8567433	2.274972
22596	-994.8197	-1062.182	67.36269	0.6442448	0.9853699	1.929841
22602	-999.6298	-1066.502	66.8722	0.6036882	1.053886	2.234998
22608	-1001.128	-1068.426	67.29743	0.6392333	1.117481	1.891197
22614	-998.2502	-1065.823	67.57265	0.5876238	0.8426614	1.929492
22620	-991.8525	-1058.805	66.95206	0.53538	0.8825525	2.340104
22626	-986.4036	-1053.556	67.15235	0.5488994	0.9768973	2.138261
22632	-998.326	-1065.034	66.70812	0.5714257	1.487066	2.126445
22638	-996.5115	-1063.644	67.13265	0.5748596	1.229054	1.978997
22644	-1001.304	-1068.47	67.16634	0.700963	1.052774	1.978997
22650	-1004.549	-1072.206	67.65628	0.3972816	0.8721139	1.978997
22656	-1002.607	-1069.487	66.88061	0.546591	1.310249	2.119568
22662	-998.0623	-1065.028	66.96548	0.4074033	1.267433	2.177987
22668	-996.5566	-1063.757	67.20043	0.6141073	0.8164538	2.177987
22674	-1002.869	-1069.783	66.91357	0.6808238	1.206928	2.066788
22680	-1001.605	-1068.402	66.79662	0.7964128	1.280222	2.026556
22686	-996.2472	-1063.869	67.62181	0.8294654	0.5180733	2.026556
22692	-996.9654	-1064.056	67.09041	0.4370325	0.850564	2.337301
22698	-997.6882	-1064.738	67.05026	0.3185219	1.222817	2.205128
22704	-1004.488	-1071.869	67.38147	0.7783699	1.212992	1.676921
22710	-1010.89	-1078.351	67.46146	0.5790938	1.54666	1.573757
22716	-1002.575	-1069.836	67.26174	0.8355656	1.084377	1.802161
22722	-1003.259	-1071.242	67.98328	0.9635366	0.8846939	1.324762
22728	-1002.194	-1069.956	67.76171	0.9382062	1.132389	1.324762
22734	-1005.429	-1073.199	67.76912	1.028349	1.029025	1.324762
22740	-1003.769	-1071.206	67.43675	0.9629439	1.261047	1.471041
22746	-995.6438	-1063.185	67.54138	0.8326478	1.261047	1.490414
22752	-1005.242	-1072.854	67.61224	1.092742	1.0351	1.393232
22758	-1002.123	-1069.983	67.85964	1.125305	1.0351	1.162897
22764	-1003.821	-1071.481	67.65981	1.150837	1.407654	1.026927
22770	-1000.877	-1068.527	67.64984	1.123964	1.191021	1.220754
22776	-1003.202	-1071.493	68.29159	1.269867	0.6173888	1.082936
22782	-997.188	-1065.258	68.0695	1.078621	0.6299089	1.414195
22788	-996.0244	-1063.874	67.84944	0.9101019	1.023119	1.359595
22794	-998.2648	-1065.646	67.38122	0.7831331	1.326957	1.605252
22800	-1003.051	-1070.41	67.35889	0.9605451	1.549089	1.360717
22806	-1008.8	-1076.612	67.81212	1.052911	0.5498958	1.709472
22812	-1017.722	-1085.446	67.72432	1.144271	1.576355	0.8281667
22818	-1007.685	-1075.712	68.02738	1.36587	0.7400106	1.087369
22824	-1006.273	-1074.105	67.83155	1.21124	1.14304	1.015634
22830	-1006.518	-1074.776	68.2579	1.40605	0.7437868	0.7897853
22836	-1003.546	-1071.778	68.23166	1.514969	0.7263647	0.6966405
22842	-1004.818	-1072.739	67.92037	1.110301	0.7263647	1.405594
22848	-999.5954	-1067.796	68.20072	1.060465	0.6728199	1.277364
22854	-998.6063	-1066.436	67.82931	1.302668	0.8549163	1.19871
22860	-1001.997	-1069.942	67.94501	1.002074	0.9836151	1.239149
22866	-999.9038	-1067.544	67.63973	1.201759	1.062716	1.262322
22872	-1001.886	-1069.53	67.64366	1.157469	1.31817	1.102622
22878	-1013.123	-1080.483	67.3594	1.42221	1.812099	0.7291802
22884	-1007.056	-1074.678	67.6219	1.378339	1.455147	0.7702487
22890	-1002.69	-1070.724	68.03461	1.590157	0.8804332	0.5312402
22896	-993.2403	-1060.938	67.69783	1.431058	1.247043	0.8203388
22902	-998.5913	-1066.336	67.74473	1.155437	1.167891	1.128488
22908	-1002.039	-1070.003	67.96417	1.205517	0.7550985	1.26574
22914	-998.8155	-1066.178	67.36276	0.6662843	1.010706	1.897707
22920	-1000.192	-1067.098	66.90575	0.7577414	1.131411	2.065488
22926	-1007.94	-1074.051	66.11032	0.6144007	1.135984	2.659101
22932	-997.7734	-1065.644	67.87107	0.9840171	0.8280972	1.446278
22938	-986.9901	-1055.286	68.29591	1.113462	0.7083063	1.109515
22944	-986.2869	-1054.167	67.88024	1.150689	0.7815411	1.352018
22950	-994.3851	-1062.371	67.98578	1.246341	0.6453379	1.331225
22956	-992.4056	-1060.387	67.98101	1.287121	1.026449	0.8941139
22962	-990.4196	-1058.028	67.6088	1.287121	1.462751	0.8941139
22968	-997.6454	-1065.351	67.7055	1.240292	1.078374	1.160817
22974	-998.6232	-1066.577	67.95375	0.9195577	0.7490625	1.50384
22980	-1007.331	-1074.634	67.30349	0.7803091	0.9022874	1.936538
22986	-1006.589	-1073.872	67.28245	0.8220466	1.205512	1.720725
22992	-1001.923	-1069.505	67.58219	0.7778164	1.011477	1.667047
22998	-992.2255	-1059.608	67.38238	0.8843068	1.462842	1.450671
23004	-994.5346	-1062.274	67.73974	0.6365883	0.7592042	1.849537
23010	-995.4672	-1062.908	67.44087	0.8343963	0.5794132	2.080056
23016	-991.1928	-1058.06	66.86763	0.8755748	1.284301	1.923753
23022	-990.7494	-1058.004	67.25473	0.9219936	0.8356784	1.923753
23028	-991.0009	-1058.897	67.89615	0.9571108	0.676478	1.587591
23034	-986.496	-1053.947	67.45121	0.8548244	1.061655	1.670702
23040	-989.1319	-1056.589	67.45706	0.8216323	0.7335518	1.937525
23046	-995.8303	-1063.036	67.20587	0.8123972	0.9666762	1.93504
23052	-990.959	-1058.288	67.32941	0.6876168	0.9666762	1.935875
23058	-997.8979	-1065.565	67.66713	0.6768016	0.6848412	1.935875
23064	-1004.055	-1071.657	67.60158	0.4178371	1.024289	1.895136
23070	-998.3219	-1065.03	66.70827	0.4035166	0.9673863	2.519979
23076	-1004.405	-1071.544	67.13831	0.5262203	1.107914	2.079022
23082	-1000.99	-1068.006	67.01602	0.4864218	1.293804	2.079022
23088	-999.8921	-1067.013	67.12067	0.6242756	1.293804	1.917277
23094	-999.2365	-1065.884	66.64793	0.7592453	1.75752	1.917277
23100	-1007.686	-1075.017	67.3314	1.273421	1.951415	0.853274
23106	-1001.351	-1069.548	68.19628	1.142497	0.8905487	0.9694572
23112	-1006.026	-1073.827	67.80178	1.324545	1.266395	0.8024695
23118	-1011.916	-1079.965	68.04916	1.182863	1.018995	0.9418297
23124	-1000.815	-1068.965	68.15063	0.9275014	0.8905037	1.211065
23130	-1002.722	-1069.445	66.72371	0.2878654	1.006672	2.557666
23136	-988.5991	-1055.876	67.27703	0.6302016	1.190362	1.866668
23142	-991.9977	-1059.23	67.23208	0.8702943	0.8316827	1.976819
23148	-990.584	-1057.487	66.90264	0.7705406	1.068951	2.097373
23154	-997.8661	-1064.811	66.94448	0.5740432	0.8685009	2.330203
23160	-996.3445	-1063.61	67.26565	0.6351248	0.8284586	2.112717
23166	-997.0866	-1063.22	66.1334	0.4919596	1.19987	2.685262
23172	-993.3511	-1059.665	66.3139	0.3114614	1.19987	2.685262
23178	-996.8607	-1064.014	67.15347	0.4298053	1.19987	2.078154
23184	-998.662	-1065.756	67.09433	0.7197188	0.9162414	2.105826
23190	-1001.098	-1068.275	67.17753	0.6081963	1.151883	1.971933
23196	-992.2982	-1059.593	67.29507	0.7949948	0.848912	1.971933
23202	-999.4008	-1066.8	67.39891	0.923075	1.248206	1.537346
23208	-998.95	-1066.301	67.35108	0.7481192	0.7749935	2.023423
23214	-999.544	-1066.972	67.42847	0.6492371	0.9526149	1.904658
23220	-999.0689	-1066.247	67.17829	0.7364335	1.01273	1.973422
23226	-988.1279	-1055.361	67.23315	0.7947108	0.9032419	1.973422
23232	-994.8472	-1062.489	67.64134	0.9176631	0.6234031	1.846781
23238	-994.1715	-1061.665	67.49365	0.6563659	0.9648067	1.846781
23244	-996.5649	-1064.187	67.62212	0.8233295	0.8125	1.757617
23250	-996.837	-1064.13	67.29294	0.8190471	1.137826	1.757617
23256	-993.3753	-1061.32	67.9443	1.074281	0.936773	1.21959
23262	-992.1439	-1060.07	67.92601	1.120776	1.194003	0.9658421
23268	-993.4066	-1060.879	67.4725	0.7609915	1.194003	1.635997
23274	-992.697	-1059.559	66.86181	0.6722418	1.098163	2.170264
23280	-991.1628	-1058.443	67.28046	0.6995843	1.098163	1.873842
23286	-987.1785	-1054.825	67.64602	0.7838218	1.364093	1.383272
23292	-991.8867	-1059.374	67.48687	0.8853208	1.429174	1.388863
23298	-993.1502	-1061.007	67.8563	0.9188783	0.9350392	1.417339
23304	-988.2658	-1056.054	67.78836	1.102518	1.231664	1.086279
23310	-995.7553	-1063.916	68.16061	1.173818	0.9953602	0.8526356
23316	-986.43	-1054.173	67.74322	1.080298	0.7640872	1.527206
23322	-986.7137	-1054.601	67.88774	0.8534403	0.9196764	1.455876
23328	-993.5352	-1061.027	67.49159	0.7176366	1.254405	1.616086
23334	-990.1677	-1058.054	67.88644	0.8382954	0.8639935	1.514008
23340	-992.9362	-1060.09	67.15335	0.4999489	1.225768	2.017023
23346	-990.7097	-1056.813	66.10315	0.3032247	1.043065	2.906294
23352	-993.7381	-1060.017	66.27909	0.1272831	1.043065	2.906294
23358	-987.9202	-1054.122	66.20203	0.2043453	1.043065	2.906294
23364	-998.5058	-1065.888	67.38177	0.3515074	0.9294492	2.149446
23370	-989.4917	-1056.479	66.98769	0.4546802	0.9294492	2.336655
23376	-993.1257	-1060.253	67.12702	0.5215279	1.008334	2.152011
23382	-1001.32	-1068.612	67.2921	0.346699	0.743501	2.347136
23388	-995.23	-1062.365	67.13554	0.5784637	0.9353938	2.157923
23394	-993.9726	-1061.347	67.37426	0.7902574	0.7169899	2.027905
23400	-992.5101	-1059.838	67.32788	0.7527077	1.441424	1.601123
23406	-990.6058	-1058.223	67.61721	0.9974589	0.7626675	1.680248
23412	-992.1843	-1058.928	66.74371	0.6164484	1.079193	2.293791
23418	-990.9654	-1058.495	67.52926	0.699808	1.129099	1.680662
23424	-991.8242	-1059.061	67.23716	0.5777447	0.9255494	2.098766
23430	-998.4811	-1065.759	67.27774	0.660822	1.180295	1.8513
23436	-995.1657	-1062.383	67.21735	0.7500235	1.022474	1.931575
23442	-990.5264	-1057.079	66.55307	0.7208231	1.370447	2.188008
23448	-984.5262	-1051.465	66.93887	0.4800627	1.195453	2.188008
23454	-985.8165	-1052.873	67.05674	0.759785	0.992237	2.052359
23460	-989.0983	-1056.709	67.61036	0.8119546	0.6923687	1.876028
23466	-989.7723	-1056.725	66.9527	0.7064771	1.03987	2.124856
23472	-990.6659	-1057.739	67.07335	0.5491968	0.9175265	2.229402
23478	-996.9792	-1063.479	66.49929	0.6978489	1.06319	2.406982
23484	-994.5644	-1060.938	66.37332	0.2598237	0.9491813	2.826004
23490	-996.1791	-1063.376	67.19702	0.2159977	0.9491813	2.342172
23496	-996.1803	-1062.796	66.61572	0.1895456	1.166625	2.592339
23502	-992.7124	-1059.443	66.73072	0.28619	0.9465459	2.592339
23508	-994.09	-1061.199	67.10858	0.4887357	1.129698	2.110021
23514	-993.2085	-1060.615	67.40606	0.4286201	0.9528412	2.066935
23520	-992.9212	-1059.509	66.58808	0.5245382	1.533591	2.212826
23526	-990.0511	-1056.881	66.82956	0.5369819	1.211605	2.212826
23532	-1000.888	-1067.968	67.0797	0.6099526	0.8792981	2.212826
23538	-997.841	-1064.635	66.79376	0.5177378	1.504818	2.096957
23544	-995.6861	-1062.942	67.2561	0.5314891	0.9542597	2.096957
23550	-1000.173	-1067.139	66.96619	0.3774826	0.9429265	2.390268
23556	-1003.102	-1070.054	66.95252	0.451243	0.8867189	2.390268
23562	-998.3659	-1065.692	67.32605	0.6521233	0.8867189	2.01855
23568	-1000.464	-1067.87	67.40569	0.5698754	1.164252	1.835672
23574	-997.0249	-1064.521	67.4965	0.7471084	0.8916195	1.835672
23580	-992.4753	-1059.546	67.07053	0.703097	1.346688	1.868676
23586	-998.4793	-1065.629	67.14976	0.4962076	1.201528	2.035787
23592	-994.5447	-1061.26	66.71515	0.4403948	1.582169	2.162554
23598	-994.2328	-1061.359	67.12574	0.6773379	1.372659	1.834414
23604	-995.3796	-1062.303	66.92373	0.7719083	0.9729397	2.144548
23610	-996.2168	-1063.685	67.46832	0.8021825	0.9729397	1.757641
23616	-997.7582	-1064.993	67.23485	0.7719458	1.400708	1.676647
23622	-1006.844	-1074.446	67.6023	0.6162014	1.00109	1.77408
23628	-992.2654	-1059.577	67.31152	0.7053102	0.8387829	2.028417
23634	-993.9472	-1060.662	66.71511	0.5334397	0.9740315	2.430022
23640	-1004.226	-1071.895	67.66811	0.9887633	1.145739	1.349472
23646	-1007.752	-1075.349	67.59749	0.9454347	1.227835	1.382438
23652	-1001.796	-1068.744	66.94735	0.8920466	1.449998	1.768073
23658	-994.1714	-1062.12	67.94852	1.170096	0.8600284	1.205245
23664	-1001.212	-1069.101	67.88914	1.334854	0.6280622	1.356866
23670	-1006.334	-1073.796	67.46219	0.8533747	1.025279	1.688998
23676	-1007.452	-1075.018	67.56562	0.6910891	1.025279	1.730594
23682	-1007.871	-1075.008	67.13718	0.7063641	0.9303778	2.07658
23688	-1006.925	-1073.718	66.79318	0.4487729	1.373729	2.207013
23694	-1007.754	-1075.206	67.45228	1.175742	1.553941	1.096952
23700	-1011.688	-1079.846	68.15769	1.382333	0.8611475	0.7696843
23706	-1008.21	-1076.382	68.17255	1.481165	0.8326627	0.6242124
23712	-1004.917	-1072.564	67.64718	0.9955224	1.145914	1.360577
23718	-1010.832	-1078.285	67.45285	1.257941	1.456594	1.086367
23724	-998.5802	-1066.165	67.58494	1.189777	1.401227	1.066089
23730	-1004.963	-1072.573	67.60952	1.075493	1.401227	1.147917
23736	-998.6816	-1066.852	68.17088	1.20236	0.7830876	1.056722
23742	-992.5715	-1060.178	67.60653	1.122601	1.161883	1.279458
23748	-996.6261	-1064.747	68.12123	1.130935	0.7237183	1.229664
23754	-1003.006	-1070.415	67.4086	0.9000769	1.383007	1.465189
23760	-998.4212	-1066.084	67.66308	0.8124535	1.181822	1.465189
23766	-996.7842	-1064.443	67.65906	0.7702822	0.9349922	1.673283
23772	-995.4661	-1062.63	67.16404	0.7511062	1.046087	1.951236
23778	-987.6036	-1054.708	67.10446	0.5380391	1.046087	2.131816
23784	-999.0824	-1065.794	66.71174	0.4372283	1.037613	2.452822
23790	-1000.643	-1066.992	66.34923	0.2904473	1.037613	2.767896
23796	-996.305	-1063.274	66.96889	0.3630928	1.277451	2.19908
23802	-991.8416	-1058.137	66.29522	0.5668911	1.024963	2.639019
23808	-992.1242	-1059.783	67.65841	0.6972009	0.7222878	1.895121
23814	-992.2752	-1059.704	67.429	0.7032676	0.9141471	1.895121
23820	-996.0105	-1063.315	67.30407	0.8351486	0.7114609	2.049362
23826	-999.1991	-1066.576	67.37719	0.7750191	1.164212	1.7127
23832	-1007.323	-1074.729	67.406	0.8232668	1.323807	1.55966
23838	-996.8376	-1064.057	67.21945	0.6367037	0.9632815	2.045628
23844	-996.565	-1063.568	67.00319	0.7254114	0.753283	2.28213
23850	-994.936	-1061.884	66.94762	0.7976629	1.375039	1.872703
23856	-991.9006	-1059.589	67.68788	0.7105379	0.7145562	1.872703
23862	-993.146	-1061.171	68.02455	0.7893104	0.5180898	1.780536
23868	-990.1904	-1057.345	67.15457	0.7196343	1.156556	1.909513
23874	-993.0782	-1060.16	67.08192	0.8335009	1.076464	1.931488
23880	-992.793	-1059.881	67.08852	0.7920355	1.076464	1.954964
23886	-992.8247	-1060.888	68.06357	1.020001	0.7353135	1.355271
23892	-995.0034	-1062.591	67.58728	1.002716	1.359735	1.257093
23898	-997.5543	-1065.696	68.14215	1.114975	0.7791413	1.166617
23904	-999.9549	-1067.375	67.4203	1.157289	1.495298	1.179854
23910	-999.6748	-1067.688	68.01282	1.232902	1.006862	0.940033
23916	-1001.296	-1069.518	68.2216	1.442446	0.6913927	0.8737339
23922	-1000.349	-1068.787	68.43812	1.350038	0.6339502	0.8170195
23928	-1004.636	-1072.546	67.91042	1.269497	1.201862	0.8043985
23934	-1004.427	-1072.898	68.47113	1.413708	0.525271	0.8958196
23940	-1000.199	-1068.464	68.26522	1.200906	0.8738987	0.8479879
23946	-1005.767	-1074.239	68.47132	1.406482	0.4364656	1.058174
23952	-999.7919	-1067.892	68.10006	1.213108	0.8217176	1.070468
23958	-1007.041	-1074.927	67.88526	0.8617297	0.7897411	1.56092
23964	-1005.745	-1073.294	67.54947	1.162346	1.273094	1.213859
23970	-997.4929	-1065.119	67.62646	0.9545708	0.7402302	1.723701
23976	-1000.703	-1068.694	67.99133	0.9336559	0.7674653	1.447671
23982	-1001.864	-1070.017	68.15331	1.072817	0.5427226	1.45334
23988	-998.2016	-1066.277	68.07504	1.103266	0.7319624	1.282361
23994	-996.6941	-1064.426	67.7322	0.9847352	1.041215	1.379233
24000	-997.5977	-1065.273	67.67506	0.9909724	1.011659	1.44113
24006	-1003.133	-1070.744	67.61092	0.8305608	1.011659	1.608271
24012	-1002.403	-1069.446	67.04278	0.7303781	1.011659	2.068189
24018	-1003.916	-1070.471	66.55444	0.6420664	1.011659	2.438965
24024	-996.7029	-1063.69	66.98704	0.6986711	0.9963794	2.135558
24030	-995.5712	-1062.69	67.11891	0.8784956	1.028387	1.907344
24036	-981.7343	-1049.03	67.29572	0.8817489	1.196954	1.674284
24042	-982.1291	-1049.633	67.50426	0.8243814	1.128521	1.609513
24048	-987.9721	-1056.037	68.06535	1.074542	0.7342951	1.311232
24054	-989.4697	-1057.11	67.64066	0.8696551	1.196043	1.429084
24060	-984.956	-1052.651	67.69455	1.042659	1.120103	1.303728
24066	-993.2259	-1060.136	66.91021	1.254248	2.052033	1.224609
24072	-989.0751	-1057.532	68.4573	1.129391	0.735923	0.8969473
24078	-987.5228	-1055.846	68.32309	1.34266	0.674849	0.8969473
24084	-995.6545	-1063.783	68.12843	1.238682	0.9511913	0.8674385
24090	-995.5719	-1063.917	68.3449	1.191012	0.6413481	1.075371
24096	-992.3868	-1060.465	68.0784	1.099299	0.7845243	1.229241
24102	-993.3823	-1061.9	68.51719	1.350572	0.552034	0.8670111
24108	-995.7961	-1064.005	68.20918	1.390183	0.6723656	0.9719626
24114	-994.2845	-1062.384	68.09972	1.434347	0.8515446	0.7929322
24120	-992.5086	-1060.689	68.18052	1.422226	0.7196871	0.9019985
24126	-1000.957	-1069.286	68.32849	1.422226	0.7196871	0.7043322
24132	-997.482	-1065.636	68.15363	1.288062	0.8951325	0.8494075
24138	-996.9577	-1064.488	67.53046	1.430739	1.530451	0.7460693
24144	-997.7399	-1065.958	68.21769	1.245848	0.8822906	0.839823
24150	-1006.503	-1074.341	67.83802	1.24032	1.091299	1.027435
24156	-996.821	-1064.857	68.03612	1.026591	0.9241001	1.193334
24162	-1003.76	-1071.107	67.34655	0.8853592	1.559732	1.423086
24168	-1004.338	-1072.002	67.6638	0.8872725	0.7156469	1.766485
24174	-1007.037	-1074.456	67.41868	1.065956	1.319453	1.368285
24180	-1003.493	-1070.951	67.45815	0.8759592	1.082017	1.636725
24186	-993.4303	-1061.239	67.80862	0.8252425	0.7972699	1.636725
24192	-1006.435	-1073.932	67.49705	0.8252425	0.9989834	1.702704
24198	-1005.484	-1072.728	67.24465	0.8014512	0.9779986	1.908411
24204	-1000.26	-1067.876	67.61622	0.9177703	0.9779986	1.565405
24210	-1001.543	-1069.531	67.98806	0.7512059	0.8559232	1.509895
24216	-1012.905	-1080.457	67.55246	1.115214	1.378665	1.178531
24222	-1003.504	-1071.472	67.96771	1.030013	0.968366	1.209478
24228	-1005.579	-1073.037	67.4582	0.9585199	1.287734	1.44116
24234	-1001.402	-1068.839	67.43721	0.9380033	1.027507	1.644831
24240	-996.7754	-1063.572	66.79621	0.6670942	1.074342	2.230529
24246	-996.0753	-1063.116	67.04075	0.4225521	1.074342	2.230529
24252	-995.6332	-1063.323	67.68995	0.7533886	0.9239773	1.671598
24258	-1002.593	-1069.921	67.32783	0.9865622	1.051634	1.671598
24264	-1009.565	-1077.944	68.37906	1.035717	0.6657055	1.155008
24270	-1007.926	-1075.755	67.8294	0.7489913	0.8218924	1.655872
24276	-1006.576	-1074.166	67.58988	0.7818893	0.8218924	1.801263
24282	-1015.453	-1083.065	67.61182	1.239991	1.595388	0.8324308
24288	-1006.88	-1074.394	67.51432	1.213213	1.610035	0.9615679
24294	-1001.71	-1069.732	68.02189	1.283118	0.977769	0.9072954
24300	-994.3788	-1062.305	67.92639	1.144847	1.183644	0.9497755
24306	-996.5518	-1063.67	67.11814	0.9109999	1.091667	1.844413
24312	-1007.844	-1074.74	66.89592	0.67973	1.541525	1.903043
24318	-1003.132	-1070.385	67.25259	0.4682013	1.541525	1.803653
24324	-1004.865	-1072.465	67.59984	0.7253658	1.019477	1.686205
24330	-1002.29	-1069.482	67.1924	0.797162	0.9575386	1.960676
24336	-999.7643	-1067.15	67.38586	0.6031837	0.6891822	2.166803
24342	-996.3849	-1063.604	67.21926	0.5250957	0.9275309	2.143549
24348	-1005.775	-1072.78	67.00485	0.381213	1.284171	2.160377
24354	-1001.638	-1068.447	66.80898	0.5297542	1.105476	2.291762
24360	-997.0153	-1064.108	67.0925	0.4923362	0.8630558	2.291762
24366	-999.3967	-1066.7	67.30365	0.6586438	1.100665	1.884347
24372	-994.8242	-1061.684	66.86005	0.5032101	1.171291	2.237716
24378	-995.0527	-1061.953	66.89988	0.3914082	0.7826948	2.535552
24384	-997.9018	-1064.698	66.79645	0.355632	1.442159	2.230961
24390	-1007.084	-1074.911	67.82657	0.842713	0.8900626	1.533873
24396	-1011.845	-1079.051	67.20549	0.7161564	0.7718839	2.142717
24402	-1010.032	-1078.263	68.23096	0.8656021	0.678589	1.402586
24408	-1009.809	-1077.691	67.88178	0.8673847	0.7389655	1.604633
24414	-1021.862	-1088.969	67.10682	1.004393	1.403173	1.600132
24420	-1010.142	-1077.19	67.04772	0.6951981	1.327749	1.899914
24426	-1008.807	-1075.861	67.05395	0.6889727	1.327749	1.899914
24432	-1008.066	-1074.89	66.82402	0.5925777	1.455555	2.051793
24438	-1009.341	-1077.06	67.7192	0.7428087	0.9374517	1.648066
24444	-1009.832	-1077.011	67.179	0.7214732	1.434913	1.733314
24450	-998.8176	-1066.792	67.9745	1.136697	0.8552957	1.216083
24456	-1002.521	-1070.744	68.2229	1.050725	0.713748	1.222293
24462	-1003.896	-1071.778	67.88181	1.088759	1.168374	1.06334
24468	-1004.252	-1072.032	67.78042	1.014966	0.8653905	1.45961
24474	-1008.624	-1075.798	67.17452	1.010529	0.816108	1.933368
24480	-1000.8	-1068.049	67.24841	0.8387231	1.065491	1.821539
24486	-1001.753	-1068.755	67.00191	0.7497866	1.266278	1.928141
24492	-1004.018	-1072.049	68.0312	0.979014	0.8828403	1.274898
24498	-1004.824	-1072.743	67.91854	0.8757074	0.8828403	1.445763
24504	-1006.866	-1074.185	67.31962	0.7132807	0.9976523	1.903914
24510	-1004.236	-1072.052	67.81624	0.8174043	1.359505	1.220647
24516	-1003.48	-1071.299	67.81882	0.9366889	0.8390134	1.512052
24522	-1009.093	-1076.574	67.48132	0.9366889	1.40704	1.366222
24528	-1010.371	-1077.679	67.30824	0.8449353	1.57059	1.477287
24534	-1006.922	-1074.416	67.49404	0.8373999	1.246306	1.531527
24540	-1006.021	-1073.877	67.85541	1.114985	1.150025	1.078894
24546	-1000.372	-1068.289	67.91767	1.301269	1.150025	0.8133607
24552	-1004.711	-1072.539	67.82794	1.159204	1.39973	0.8431471
24558	-1006.802	-1075.204	68.40205	1.269251	0.6538523	0.9222928
24564	-1002.698	-1070.703	68.00544	1.265388	1.000885	0.9193124
24570	-1012.653	-1080.695	68.0416	1.353702	0.8696235	0.9341577
24576	-1006.282	-1074.614	68.33227	1.412058	0.494719	1.088315
24582	-1004.411	-1072.632	68.22107	1.227051	0.8628134	0.8838733
24588	-1004.564	-1072.655	68.09117	1.227051	0.9008421	0.979085
24594	-1008.4	-1076.569	68.16865	1.208791	0.7562653	1.083348
24600	-1002.032	-1070.448	68.41511	1.42567	0.5168469	0.9583544
24606	-1000.238	-1068.513	68.27449	1.406219	0.7392874	0.7743397
24612	-999.1049	-1067.066	67.96076	1.476086	1.004786	0.6932116
24618	-1002.446	-1070.369	67.92282	1.476086	1.004786	0.7546307
24624	-998.8666	-1067.248	68.38112	1.437333	0.5130006	0.9877274
24630	-1003.588	-1071.351	67.76297	1.324012	1.2491	0.8695487
24636	-1005.689	-1073.16	67.47181	1.094561	1.224491	1.366265
24642	-1010.101	-1077.948	67.84682	1.939517	0.743385	0.4837708
24648	-1008.359	-1076.249	67.88994	1.603399	0.9838581	0.618268
24654	-1000.111	-1068.176	68.06425	1.398289	0.9386826	0.7604024
24660	-996.5841	-1064.031	67.44722	1.030155	1.158761	1.479299
24666	-998.4084	-1066.492	68.08342	1.030155	0.8770145	1.193382
24672	-1002.861	-1070.68	67.81881	0.9986879	1.066226	1.279337
24678	-999.5609	-1067.521	67.95997	1.205262	0.7453594	1.279337
24684	-996.1718	-1064.328	68.15615	1.459351	0.7525102	0.8385798
24690	-989.1255	-1057.06	67.93484	1.385704	1.109063	0.720932
24696	-1002.167	-1069.895	67.72794	1.411873	1.276749	0.7721498
24702	-998.4212	-1066.854	68.43269	1.411873	0.6173943	0.7724437
24708	-994.2341	-1062.412	68.17789	1.426643	0.8598348	0.6652663
24714	-996.8832	-1065.164	68.28056	1.256325	0.839955	0.8066784
24720	-996.7271	-1064.444	67.71677	0.9385652	0.5788444	1.825052
24726	-997.6744	-1064.742	67.06732	0.5357218	1.276531	2.021948
24732	-1003.165	-1069.755	66.59073	0.5521045	0.6036337	2.772086
24738	-1004.315	-1070.155	65.83984	0.5569281	1.302643	2.772086
24744	-998.4897	-1065.347	66.85713	0.7003417	1.002318	2.214955
24750	-1004.194	-1071.42	67.22552	0.6782653	1.064472	1.947006
24756	-1004.512	-1071.566	67.05366	0.7730419	1.147609	1.947006
24762	-1002.959	-1070.692	67.73297	1.126326	1.393146	0.9898181
24768	-998.987	-1066.545	67.55791	1.265229	1.61613	0.8499728
24774	-999.0117	-1066.972	67.96079	1.327625	1.076907	0.8107252
24780	-1004.249	-1072.388	68.13879	1.327625	0.9524997	0.7327121
24786	-997.2315	-1065.53	68.29895	1.382979	0.7319996	0.7853793
24792	-1000.274	-1068.76	68.48552	1.315474	0.6178056	0.8296739
24798	-998.2246	-1066.546	68.32177	1.315474	0.6321782	0.9894668
24804	-994.7659	-1062.526	67.7604	1.000045	0.8345161	1.512199
24810	-1002.64	-1070.193	67.5531	0.7167	1.138606	1.645357
24816	-992.8256	-1060.464	67.63888	0.6705515	0.9931364	1.715942
24822	-986.0195	-1053.405	67.38526	0.6696343	0.9258018	1.93907
24828	-986.3762	-1053.001	66.62517	0.5107597	1.163024	2.387443
24834	-993.9226	-1059.817	65.89425	0.4314973	1.028166	2.963632
24840	-995.5579	-1062.671	67.11271	0.2036771	1.435216	2.12776
24846	-996.2636	-1062.91	66.6466	0.09858282	1.395731	2.51141
24852	-1001.069	-1067.584	66.51547	0.06814278	1.219059	2.700689
24858	-1007.488	-1074.567	67.07873	0.06632334	1.219059	2.350538
24864	-1008.508	-1075.434	66.92551	0.9324656	1.633511	1.661772
24870	-998.6603	-1066.34	67.67977	0.7699564	0.8151101	1.752499
24876	-1000.93	-1068.319	67.38886	0.7647912	1.275586	1.643385
24882	-1002.038	-1069.531	67.49309	0.753761	1.154663	1.651435
24888	-1001.478	-1069.201	67.72286	0.8887217	1.006132	1.486647
24894	-998.7271	-1065.929	67.20195	0.7242085	1.478857	1.691874
24900	-1006.855	-1073.595	66.74041	0.6289549	1.394093	2.11377
24906	-1005.124	-1071.939	66.81486	0.5201395	0.9467267	2.393243
24912	-1011.495	-1078.1	66.60451	0.5614569	1.214185	2.339922
24918	-1004.381	-1071.621	67.23967	0.744819	0.8281639	2.057879
24924	-1010.382	-1077.253	66.87034	0.7155677	0.9659369	2.220372
24930	-1011.127	-1078.664	67.53689	1.224747	1.341471	1.12145
24936	-1002.33	-1069.545	67.21505	0.833328	1.052547	1.85667
24942	-1008.864	-1076.135	67.27129	0.7770869	1.052547	1.85667
24948	-1004.21	-1071.874	67.66402	1.303555	1.12795	1.099993
24954	-1000.15	-1068.559	68.40884	1.331963	0.5705746	0.9751045
24960	-1010.974	-1078.162	67.188	1.002203	1.446772	1.517459
24966	-1009.774	-1077.371	67.59644	0.8878145	1.026879	1.566097
24972	-1005.564	-1073.615	68.05166	1.110619	0.4819793	1.574789
24978	-1003.718	-1070.999	67.28097	0.6734313	1.330048	1.753009
24984	-996.9344	-1064.302	67.36799	0.7803681	1.330048	1.615049
24990	-1001.996	-1069.639	67.64324	1.217341	1.151079	1.176722
24996	-1005.663	-1074.022	68.35891	1.02721	0.6848742	1.157699
25002	-1001.739	-1069.421	67.68278	1.13029	1.264139	1.132111
25008	-1008.037	-1076.17	68.13314	0.8697168	0.6771279	1.475879
25014	-1005.671	-1073.413	67.74215	0.8408762	0.8596657	1.621605
25020	-1001.42	-1068.809	67.38953	0.487173	0.9977142	2.008797
25026	-997.2219	-1063.945	66.72302	0.492725	1.073347	2.389124
25032	-998.4475	-1065.115	66.6675	0.4968942	1.073347	2.421534
25038	-993.4307	-1060.123	66.69249	0.4719088	1.073347	2.421534
25044	-999.4319	-1066.673	67.24122	0.5454737	1.073347	2.019646
25050	-997.2899	-1063.631	66.34114	0.5853754	1.332376	2.429112
25056	-994.4303	-1061.442	67.01216	0.6570754	1.14971	2.050751
25062	-998.3014	-1065.406	67.10513	0.6124197	1.14971	2.018723
25068	-992.3893	-1060.114	67.72425	0.8993741	0.9281266	1.537422
25074	-994.7859	-1062.374	67.58768	0.9298115	0.9976313	1.56297
25080	-991.6697	-1059.109	67.43982	0.8967385	0.9976313	1.693557
25086	-989.5051	-1057.261	67.75549	0.7711833	0.8417462	1.676548
25092	-987.0233	-1054.454	67.43086	0.8868124	1.049353	1.670825
25098	-987.9777	-1055.101	67.12303	0.7331958	0.9416625	2.060399
25104	-987.9618	-1055.42	67.45838	0.7736411	0.9762884	1.782078
25110	-994.2669	-1061.826	67.55939	0.8888053	0.9314852	1.662459
25116	-990.0991	-1057.224	67.12485	0.6342154	0.9314852	2.131222
25122	-996.9049	-1064.68	67.77498	0.6500749	1.083574	1.569572
25128	-993.4263	-1060.984	67.55822	0.8169091	0.7742276	1.837811
25134	-987.5536	-1054.871	67.31703	0.6504822	0.7742276	2.110887
25140	-991.0368	-1058.266	67.22938	0.6554424	1.112086	1.929677
25146	-993.374	-1060.708	67.33446	0.7564461	0.8347781	1.982126
25152	-992.08	-1059.481	67.40136	0.7933803	0.8347781	1.912264
25158	-995.7992	-1063.378	67.57884	0.7047399	0.7872319	1.889692
25164	-995.065	-1062.569	67.50392	1.032594	1.284482	1.3499
25170	-995.3653	-1063.531	68.1659	1.117052	0.821823	1.098387
25176	-991.0151	-1058.741	67.72617	1.070299	1.252747	1.155364
25182	-994.236	-1061.94	67.70379	1.054498	1.038739	1.348486
25188	-996.7164	-1064.39	67.67398	1.245562	0.9181733	1.317596
25194	-994.3791	-1062.184	67.80512	1.230665	1.075497	1.08205
25200	-997.6956	-1065.567	67.87126	1.405905	1.075497	0.8268791
25206	-993.1563	-1061.015	67.85828	1.301756	1.187521	0.8455549
25212	-991.735	-1059.75	68.01447	1.255687	0.7961263	1.137186
25218	-992.564	-1060.608	68.04407	1.098776	0.9090789	1.137186
25224	-995.2907	-1062.903	67.61186	1.080319	1.380637	1.155744
25230	-992.402	-1060.329	67.92677	1.202832	0.9019376	1.155744
25236	-985.6166	-1053.718	68.10095	1.161515	0.7850115	1.155744
25242	-989.5949	-1057.556	67.96153	1.147168	0.8014237	1.270022
25248	-998.5976	-1066.732	68.13445	1.431586	0.5169362	1.213799
25254	-987.4664	-1055.145	67.67884	1.123308	1.072516	1.287013
25260	-995.7024	-1062.626	66.92347	0.7876959	1.849365	1.665739
25266	-1003.515	-1070.537	67.02247	0.8754384	2.116262	1.410198
25272	-1003.668	-1070.954	67.28633	0.8954956	1.337897	1.586121
25278	-988.5368	-1055.873	67.33616	0.9179665	1.337897	1.532908
25284	-987.414	-1055.43	68.01574	0.8688317	0.7012507	1.540613
25290	-992.9411	-1059.906	66.96467	0.6813828	1.208297	2.031832
25296	-984.6735	-1052.343	67.66964	0.7933785	0.8763027	1.69429
25302	-989.9626	-1057.922	67.95943	0.9219419	1.070355	1.222858
25308	-994.0334	-1062.144	68.111	1.14518	0.7290402	1.220581
25314	-997.7355	-1064.973	67.23756	0.9679915	1.902703	1.264165
25320	-997.6628	-1065.741	68.07855	1.440964	0.8848388	0.7614596
25326	-997.4321	-1065.245	67.81301	1.458268	1.184569	0.6884805
25332	-1000.39	-1067.836	67.44563	1.513758	1.659754	0.4611861
25338	-999.4691	-1067.243	67.77364	1.753037	0.9643804	0.5769599
25344	-998.8614	-1066.956	68.09446	1.753037	0.6903194	0.5626894
25350	-996.863	-1064.65	67.78666	1.619847	1.096376	0.4709878
25356	-998.123	-1065.855	67.73188	1.619847	1.15698	0.5241309
25362	-993.303	-1060.99	67.68728	1.650258	1.163927	0.4355182
25368	-1001.531	-1069.709	68.17864	1.650258	0.7098165	0.4844818
25374	-1000.319	-1068.456	68.13721	1.652574	0.6837257	0.7172321
25380	-1006.953	-1074.796	67.84324	1.711674	0.9016705	0.3599014
25386	-998.3737	-1065.826	67.45276	1.943444	1.057748	0.3599014
25392	-1000.21	-1067.849	67.63836	1.562369	1.331731	0.5451799
25398	-999.677	-1066.937	67.25989	1.714715	1.641684	0.4882184
25404	-999.9207	-1067.777	67.85606	1.714715	0.9115459	0.6125912
25410	-999.1486	-1066.582	67.43296	1.110687	1.014039	1.531575
25416	-1001.301	-1069.149	67.84756	1.041253	1.014039	1.262326
25422	-997.0118	-1065.282	68.27058	1.603111	0.6400723	0.6731071
25428	-1003.481	-1071.294	67.81249	1.527374	1.1216	0.66548
25434	-1007.83	-1076.163	68.33272	1.49657	0.6238421	0.7810403
25440	-1003.273	-1070.946	67.67268	1.470535	1.265077	0.7810403
25446	-996.8663	-1064.818	67.95142	1.488427	0.9616531	0.7586814
25452	-1004.491	-1072.283	67.79224	1.238101	1.160739	1.012225
25458	-1007.669	-1075.675	68.00593	1.221784	0.9377347	1.030082
25464	-1015.077	-1083.344	68.26755	1.192124	0.8062681	0.94263
25470	-1003.663	-1070.972	67.30931	0.853939	0.8960806	1.887294
25476	-1001.421	-1068.919	67.49787	0.9824164	0.8096111	1.735577
25482	-1000.153	-1067.62	67.46714	1.000874	1.260118	1.4194
25488	-1003.708	-1071.268	67.56005	0.9269982	1.237598	1.4194
25494	-1007.359	-1074.148	66.78821	0.5944804	1.071715	2.283901
25500	-1003.665	-1071.015	67.35017	0.7438591	1.257099	1.696965
25506	-1007.448	-1074.584	67.136	0.7280194	1.413581	1.770232
25512	-1001.763	-1069.854	68.09105	1.54187	0.8678223	0.5644481
25518	-999.9371	-1067.928	67.9912	1.498922	0.9947205	0.5963757
25524	-996.1012	-1064.192	68.09055	1.714736	0.7253252	0.5477046
25530	-997.6833	-1065.063	67.38002	1.714736	1.463171	0.4399154
25536	-991.8353	-1059.596	67.76098	1.986523	0.7566056	0.400266
25542	-991.1791	-1058.843	67.66389	1.940869	0.8507867	0.3520997
25548	-997.8248	-1065.73	67.90523	1.749973	0.8531273	0.5307484
25554	-999.151	-1066.687	67.53585	1.954524	0.9350647	0.3280683
25560	-1011.828	-1079.613	67.78562	1.20025	1.220817	1.004098
25566	-998.3079	-1066.299	67.99069	1.310338	1.041028	0.8383609
25572	-999.7428	-1067.741	67.99811	1.308268	1.041028	0.8317003
25578	-999.3954	-1067.446	68.05026	1.381406	0.7526477	1.036227
25584	-1005.107	-1073.013	67.9057	1.179777	0.9532581	1.14676
25590	-998.7162	-1066.883	68.16669	1.0097	0.7657379	1.24936
25596	-997.9353	-1065.949	68.01387	0.9800426	0.8317313	1.334594
25602	-1007.688	-1075.768	68.07972	1.101769	0.8215167	1.188884
25608	-1007.885	-1075.389	67.50389	1.080324	1.293784	1.305485
25614	-1004.102	-1071.204	67.10268	2.050488	1.039789	0.2024747
25620	-999.8491	-1067.307	67.45762	0.5547841	1.020007	1.902757
25626	-996.486	-1062.907	66.42089	0.5484431	0.9253868	2.6355
25632	-1002.189	-1069.191	67.00252	0.1873053	0.9509276	2.48182
25638	-996.5473	-1063.622	67.07502	0.2820712	1.062311	2.305991
25644	-995.8636	-1063.149	67.28559	0.1814509	1.231332	2.136557
25650	-996.8209	-1063.759	66.93815	0.1722517	1.231332	2.365846
25656	-993.2829	-1060.525	67.24255	0.1799153	0.9050236	2.365846
25662	-992.9146	-1060.108	67.19301	0.323763	0.9050236	2.305846
25668	-1006.003	-1072.932	66.92876	0.1239341	0.9050236	2.597421
25674	-1007.915	-1074.996	67.08049	0.7317822	1.358	1.836047
25680	-995.8704	-1062.518	66.64779	0.244765	1.032439	2.615695
25686	-991.8195	-1058.576	66.75601	0.2627606	0.9091063	2.615695
25692	-992.4906	-1058.948	66.45775	0.2448396	0.979569	2.764701
25698	-999.0732	-1064.949	65.87592	0.4726031	1.293109	2.806241
25704	-998.5394	-1065.278	66.73853	0.4175542	1.254851	2.324139
25710	-995.5615	-1062.398	66.83607	0.3783239	0.959101	2.461119
25716	-993.6113	-1060.854	67.2424	0.2914858	1.163446	2.131605
25722	-991.0342	-1058.469	67.43497	0.3775521	0.8651372	2.143259
25728	-1000.182	-1066.648	66.46587	0.5543938	1.669224	2.211306
25734	-999.3879	-1066.988	67.60018	0.6301896	0.8421558	1.882368
25740	-994.3153	-1061.876	67.56109	0.8389344	0.8421558	1.765488
25746	-989.8808	-1057.598	67.71729	0.7331093	0.79868	1.765488
25752	-988.7809	-1055.255	66.4739	0.6370015	1.017437	2.489082
25758	-997.1835	-1064.035	66.85178	0.5510494	0.8767022	2.397813
25764	-1002.797	-1070.102	67.30529	0.6888749	0.8767022	2.015233
25770	-1001.082	-1068.238	67.15554	0.7119474	1.008622	2.007683
25776	-1003.416	-1071.057	67.64132	0.7350053	0.9705773	1.684764
25782	-993.5823	-1061.098	67.51554	0.5691615	0.8250656	1.993724
25788	-994.9787	-1061.792	66.8131	0.6625889	0.8212164	2.391385
25794	-1003.145	-1069.742	66.59693	0.4218513	0.8212164	2.676082
25800	-997.4313	-1064.246	66.81437	0.2320397	0.8453126	2.64207
25806	-1001.652	-1068.262	66.60937	0.1513911	1.130441	2.640003
25812	-996.3223	-1062.831	66.50839	0.2592014	1.130441	2.635786
25818	-994.0964	-1060.911	66.81474	0.4077301	0.9156322	2.484649
25824	-996.9526	-1063.528	66.57571	0.1645988	0.9156322	2.782303
25830	-993.4424	-1060.627	67.1846	0.2155233	1.109951	2.249743
25836	-993.7777	-1060.446	66.66849	0.4479792	1.12064	2.423937
25842	-992.8233	-1059.652	66.82886	0.58562	1.12064	2.23417
25848	-992.7606	-1060.222	67.46179	0.707489	0.9074911	1.874793
25854	-996.844	-1063.438	66.59436	0.6584311	1.032865	2.390322
25860	-992.5738	-1059.509	66.93548	0.5970914	1.004371	2.229704
25866	-1004.983	-1073.131	68.14747	0.9762895	0.6569475	1.404097
25872	-998.6739	-1066.862	68.18848	0.929682	0.7708562	1.292237
25878	-999.911	-1068.01	68.09891	1.059088	1.055557	0.9818764
25884	-993.3902	-1061.692	68.30225	1.100488	0.6743399	1.155397
25890	-992.7246	-1060.765	68.04056	1.057133	0.8097456	1.27104
25896	-988.2429	-1056.213	67.97017	1.00735	1.055064	1.152434
25902	-985.6266	-1053.374	67.74742	1.107024	1.152245	1.181141
25908	-993.9682	-1061.491	67.52298	1.147979	1.221493	1.284343
25914	-996.7657	-1064.466	67.70064	1.007921	1.250996	1.232283
25920	-996.6687	-1064.109	67.44001	0.8860022	0.9936075	1.703887
25926	-996.0455	-1063.583	67.53766	1.004892	1.227172	1.383175
25932	-995.445	-1063.121	67.67567	0.8668766	1.227172	1.383175
25938	-992.2959	-1060.017	67.72135	1.166143	1.123013	1.175479
25944	-993.4397	-1061.441	68.00099	1.107646	1.050263	1.03586
25950	-993.225	-1060.953	67.7282	1.148118	1.050263	1.243286
25956	-990.9134	-1059.22	68.3071	1.146311	0.7424728	1.027376
25962	-990.8689	-1058.936	68.06678	1.271363	0.9949055	0.8486732
25968	-993.2223	-1061.4	68.17768	1.305456	0.8309825	0.8850272
25974	-1006.346	-1073.732	67.38596	1.626518	1.518742	0.6735228
25980	-1001.182	-1069.215	68.03245	1.544957	0.9259775	0.4936633
25986	-1001.991	-1070.043	68.05187	1.628272	0.8234772	0.4304326
25992	-998.0394	-1066.101	68.06191	1.628272	0.8234772	0.4822837
25998	-1007.661	-1075.852	68.19098	1.677847	0.6660165	0.6018235
26004	-1000.646	-1068.744	68.0982	1.605727	0.8017836	0.5822578
26010	-999.8936	-1067.754	67.86072	1.508022	1.085474	0.674676
26016	-1003.553	-1072.055	68.50254	1.564549	0.4693732	0.7852142
26022	-1004.557	-1072.463	67.90593	1.486148	1.024591	0.7352138
26028	-1009.54	-1077.741	68.20194	1.323915	0.8628067	0.7869039
26034	-1004.757	-1072.501	67.74341	1.459096	1.300719	0.6259962
26040	-1010.803	-1079.123	68.32048	1.478583	0.6909	0.6845242
26046	-1004.753	-1073.128	68.37521	1.37484	0.7153021	0.7149448
26052	-1011.307	-1079.528	68.22137	1.381857	0.8000059	0.7795799
26058	-1016.118	-1084.089	67.97116	1.367568	1.10756	0.6921893
26064	-1003.397	-1071.631	68.23365	1.367568	0.8031995	0.7771251
26070	-1008.274	-1076.161	67.88725	1.155174	0.8633705	1.266103
26076	-1006.591	-1074.568	67.97681	1.046816	0.9432518	1.20954
26082	-1006.441	-1073.117	66.67646	0.5284579	1.01786	2.42981
26088	-1002.421	-1069.017	66.59532	0.5677991	1.06089	2.42981
26094	-996.7831	-1063.189	66.40618	0.748206	1.356042	2.272371
26100	-1000.549	-1067.391	66.84199	0.6403963	0.9840696	2.275057
26106	-998.3459	-1065.786	67.44051	0.4977321	0.9840696	1.976891
26112	-998.387	-1065.795	67.40771	0.7609541	1.264876	1.639011
26118	-996.824	-1064.526	67.70204	0.9747141	0.9167749	1.506841
26124	-994.7013	-1062.839	68.13809	1.093884	0.5088783	1.489829
26130	-998.5498	-1066.549	67.99968	1.066959	1.025255	1.098278
26136	-1000.639	-1068.619	67.97972	1.113742	0.9982007	1.098278
26142	-1013.509	-1080.345	66.83603	0.6209273	1.123196	2.205243
26148	-1006.568	-1073.945	67.37765	0.7304272	1.268962	1.679928
26154	-1001.218	-1069.285	68.06676	1.102422	1.04757	0.9783049
26160	-1003.371	-1071.161	67.78973	1.247749	0.7445639	1.38247
26166	-1000.955	-1069.095	68.14027	1.072555	0.6980057	1.289721
26172	-990.3265	-1057.87	67.54324	1.058904	0.9917933	1.504513
26178	-992.1678	-1059.773	67.60513	0.8322243	1.166041	1.504513
26184	-994.0848	-1061.696	67.61119	0.7980605	1.166041	1.525486
26190	-990.7733	-1058.622	67.8487	1.00596	0.9614796	1.333268
26196	-989.9205	-1056.668	66.74784	0.6548766	1.401076	2.088328
26202	-994.1559	-1061.115	66.95956	0.5164411	1.13746	2.184492
26208	-988.5279	-1055.198	66.67052	0.5321695	0.7747208	2.596532
26214	-987.1925	-1054.221	67.0283	0.4454415	1.12828	2.191373
26220	-996.4704	-1063.302	66.83171	0.4938963	0.7967469	2.503698
26226	-999.1159	-1066.22	67.10382	0.5871139	1.066517	2.087226
26232	-989.3826	-1056.466	67.08313	0.59659	1.094127	2.077467
26238	-992.9904	-1059.843	66.85265	0.8224701	1.094127	2.080496
26244	-994.561	-1061.249	66.68759	0.3144578	1.367797	2.363567
26250	-995.0134	-1061.946	66.93235	0.327661	1.367797	2.198354
26256	-997.49	-1063.632	66.14174	0.2636022	1.315342	2.760532
26262	-993.5774	-1059.205	65.62781	0.3976058	1.170258	3.064279
26268	-995.2377	-1061.402	66.16459	0.5706546	1.3716	2.529368
26274	-988.9015	-1055.447	66.54506	0.4338324	1.3716	2.376341
26280	-986.8469	-1054.948	68.10087	1.046852	0.5561336	1.496946
26286	-995.0191	-1061.951	66.93194	0.7819675	0.903721	2.179895
26292	-993.7457	-1060.683	66.93736	0.6396593	1.13308	2.121292
26298	-996.3176	-1063.502	67.18437	0.7502105	1.13308	1.882907
26304	-996.4497	-1063.424	66.97395	0.6394792	0.888327	2.255549
26310	-1010.279	-1077.884	67.60523	0.3802769	1.21984	1.795218
26316	-1010.126	-1077.124	66.99776	0.7187686	1.376861	1.891309
26322	-1001.444	-1068.274	66.83065	0.4627133	1.083034	2.334082
26328	-1010.556	-1078.394	67.83784	0.4429315	1.083034	1.674253
26334	-997.8803	-1065.243	67.3629	0.4882696	1.148696	1.929856
26340	-1011.556	-1078.472	66.91653	0.7038809	0.7201586	2.377447
26346	-1005.545	-1073.074	67.52825	0.7071532	0.7162441	1.981322
26352	-999.426	-1066.629	67.2032	0.5779834	0.8869734	2.147976
26358	-1009.648	-1076.81	67.16247	0.7357647	1.674435	1.612743
26364	-1001.651	-1068.702	67.05102	0.439896	0.9059578	2.321698
26370	-998.3914	-1064.85	66.45891	0.6130424	1.362674	2.321698
26376	-1001.329	-1068.945	67.61598	0.5899818	0.8190078	1.916968
26382	-1001.159	-1067.538	66.37976	0.3543168	1.221198	2.60686
26388	-1005.636	-1072.256	66.61927	0.4026444	1.567261	2.255733
26394	-999.2086	-1065.74	66.5312	0.4699216	1.003692	2.566006
26400	-997.9581	-1065.273	67.31501	0.509582	1.003692	2.03943
26406	-993.2313	-1060.639	67.40809	0.8426058	0.7292661	1.959982
26412	-1001.374	-1068.194	66.81965	0.6958481	1.483304	1.972215
26418	-993.7228	-1061.368	67.64477	0.9121347	1.038776	1.5036
26424	-1003.394	-1071.279	67.88434	0.644549	1.062642	1.507363
26430	-1006.994	-1074.091	67.097	0.357477	1.109565	2.214955
26436	-1004.627	-1070.883	66.25607	0.4111547	0.9516991	2.803694
26442	-992.6865	-1059.621	66.93411	0.3124756	0.9516991	2.445711
26448	-997.6112	-1063.931	66.31989	0.4071618	1.092071	2.682574
26454	-996.4684	-1063.358	66.88946	0.3675749	1.129138	2.330003
26460	-1003.235	-1069.356	66.12129	0.4974863	0.8873153	2.874707
26466	-996.6071	-1063.455	66.84831	0.6202891	1.183361	2.162651
26472	-996.7118	-1063.613	66.90131	0.6251899	1.118987	2.162651
26478	-995.7323	-1063.29	67.55725	0.7760444	1.197098	1.561412
26484	-998.811	-1066.622	67.81078	0.9145206	0.8279959	1.543882
26490	-1001.874	-1069.892	68.01764	0.9145206	0.6322899	1.574053
26496	-990.0509	-1057.395	67.34458	0.815452	1.386308	1.574053
26502	-987.9938	-1055.637	67.64356	0.781677	0.6959923	1.8708
26508	-1000.158	-1067.836	67.67796	0.976716	0.6959923	1.711613
26514	-1008.208	-1075.916	67.70761	0.8755803	1.277871	1.31694
26520	-995.9052	-1063.732	67.82657	0.9935563	1.12166	1.234125
26526	-995.2488	-1062.854	67.60539	1.082241	1.334878	1.191314
26532	-1004.631	-1072.455	67.82438	1.119933	0.6989926	1.498282
26538	-999.604	-1067.502	67.89755	0.9351406	0.8238745	1.467034
26544	-1003.952	-1071.846	67.89402	0.8390371	0.8252012	1.540528
26550	-1001.197	-1068.783	67.58564	0.9514876	1.000495	1.546382
26556	-1000.522	-1068.272	67.74972	0.8462539	0.9583211	1.534533
26562	-1002.523	-1069.438	66.91525	0.4514145	1.193451	2.222936
26568	-1002.883	-1069.654	66.77125	0.2862137	1.061929	2.495471
26574	-1002.398	-1068.952	66.55405	0.5034208	1.061929	2.495471
26580	-1003.388	-1070.897	67.50961	0.8771175	0.9346794	1.703793
26586	-999.3138	-1066.752	67.43801	0.8606969	1.065561	1.67327
26592	-999.2368	-1066.637	67.39973	1.014355	0.8852245	1.721951
26598	-1003.719	-1071.358	67.63954	0.768099	1.03842	1.613759
26604	-1004.444	-1071.575	67.13117	0.795736	1.471037	1.69547
26610	-1013.426	-1080.456	67.02991	0.3352312	0.9459736	2.374672
26616	-1011.636	-1078.852	67.21524	0.1106579	0.8463729	2.467559
26622	-1005.558	-1073.525	67.96689	1.332207	1.041534	0.8401479
26628	-1004.748	-1072.774	68.02555	1.3552	0.9730646	0.8231662
26634	-1001.153	-1068.188	67.03461	0.1647541	1.171297	2.342554
26640	-996.7137	-1063.673	66.95966	0.2588266	1.171297	2.330391
26646	-1001.008	-1068.156	67.14782	0.3842182	1.140283	2.146396
26652	-997.4582	-1063.737	66.27882	0.3026952	1.166208	2.730332
26658	-1001.349	-1067.327	65.97828	0.3890755	1.166208	2.860744
26664	-997.7086	-1065.322	67.61367	0.9633344	1.099442	1.444732
26670	-993.42	-1061.443	68.02284	1.089923	0.9696846	1.107025
26676	-1000.564	-1068.572	68.00807	1.012332	0.6279003	1.513345
26682	-996.2769	-1064.315	68.03792	1.694658	0.7817888	0.4418443
26688	-993.6455	-1061.22	67.57425	1.629811	1.310451	0.6002112
26694	-992.7592	-1060.61	67.85047	1.551086	1.030503	0.7104449
26700	-998.3261	-1066.316	67.98949	1.396817	1.023338	0.746001
26706	-999.9469	-1067.646	67.69897	1.480121	1.271771	0.7187538
26712	-999.4786	-1067.741	68.26242	1.66021	0.6391598	0.5253955
26718	-1003.58	-1071.565	67.98527	1.693689	0.8149698	0.6116227
26724	-1013.211	-1081.558	68.34646	1.49554	0.633637	0.7424905
26730	-1006.875	-1075.147	68.27159	1.158389	0.6663548	1.140762
26736	-1011.663	-1079.452	67.7891	1.280091	1.162677	0.9712922
26742	-1005.123	-1073.222	68.09938	1.240069	0.8861548	0.9737065
26748	-1000.732	-1068.55	67.81847	1.281944	1.018255	1.073361
26754	-999.0986	-1067.434	68.3355	1.170437	0.6837695	1.049424
26760	-998.469	-1066.519	68.04956	1.043414	0.8174086	1.267567
26766	-999.7464	-1067.668	67.92132	1.053334	0.9392605	1.254271
26772	-1005.647	-1073.538	67.89171	1.084734	0.7767687	1.399323
26778	-1006.911	-1074.217	67.30623	0.7181184	1.217303	1.769741
26784	-999.451	-1066.436	66.98479	0.7181184	0.9417423	2.160807
26790	-1007.502	-1075.619	68.1166	1.171783	0.8819527	1.029309
26796	-1007.168	-1074.714	67.54581	0.635089	0.8315379	1.924136
26802	-1005.206	-1072.379	67.17236	0.7570338	0.8315379	2.091619
26808	-1011.953	-1078.765	66.81263	0.4418513	0.8315379	2.52279
26814	-1003.495	-1071.005	67.50955	0.6130021	0.8114217	1.979011
26820	-994.1205	-1061.157	67.03674	0.4805479	1.348228	2.040119
26826	-1002.325	-1069.575	67.24987	0.30782	1.031348	2.196281
26832	-998.3234	-1065.323	66.99968	0.8108912	1.359055	1.836644
26838	-997.4258	-1065.413	67.98737	0.7216443	0.9769481	1.434906
26844	-1000.16	-1067.058	66.89809	0.4825088	0.9488344	2.36299
26850	-999.983	-1066.771	66.78784	0.5927562	0.9488344	2.36299
26856	-994.9125	-1062.153	67.24099	0.5836753	0.9488344	2.076279
26862	-999.6521	-1066.38	66.72751	0.616643	1.167054	2.252434
26868	-1000.706	-1068.07	67.36341	0.5388506	0.6550666	2.252434
26874	-987.5576	-1055.075	67.51729	0.7591271	0.818199	1.869732
26880	-991.8937	-1058.877	66.98339	0.5989041	1.154413	2.105214
26886	-991.2001	-1058.231	67.03079	0.7202883	0.9775709	2.105214
26892	-994.3424	-1062.092	67.74973	1.169851	0.9719861	1.271831
26898	-995.8819	-1063.151	67.26931	1.100182	1.476995	1.362721
26904	-991.623	-1059.699	68.07629	1.401097	0.66133	1.104136
26910	-990.9277	-1058.884	67.95645	1.428906	0.7317772	1.104136
26916	-994.6627	-1062.688	68.02565	1.36202	0.9896132	0.7920401
26922	-992.6318	-1060.567	67.93506	1.374383	0.9544842	0.9286634
26928	-995.0813	-1063.211	68.12984	1.170457	0.8899753	1.008999
26934	-996.8496	-1064.473	67.62381	1.305814	1.281607	1.008999
26940	-997.3996	-1065.399	67.99903	1.323007	0.9158166	0.9585206
26946	-1007.664	-1075.219	67.55461	1.210253	1.561117	0.9585206
26952	-1000.955	-1068.468	67.51289	0.3879601	0.6757917	2.235347
26958	-1004.067	-1070.908	66.84144	0.5331986	1.011921	2.326072
26964	-999.3218	-1066.644	67.32261	0.3063372	1.011921	2.162449
26970	-993.7597	-1060.379	66.61955	0.3400309	1.284307	2.432983
26976	-991.9803	-1058.394	66.414	0.3104895	1.284307	2.57983
26982	-995.0091	-1061.538	66.52932	0.4523535	1.000864	2.57983
26988	-1002.839	-1069.461	66.6225	0.6591258	0.7325711	2.57983
26994	-996.8435	-1064.298	67.4541	0.6345009	0.9594675	1.892456
27000	-996.3929	-1063.918	67.52466	0.9263529	1.074285	1.556943
27006	-993.8838	-1061.657	67.77335	1.090312	0.8781501	1.396194
27012	-999.7668	-1067.626	67.85939	1.004275	0.8781501	1.396194
27018	-997.9108	-1066.04	68.12887	1.009974	0.6533392	1.396194
27024	-1001.502	-1069.383	67.88125	1.122073	0.6205184	1.533825
27030	-996.4171	-1064.359	67.94243	1.122073	0.9973752	1.125342
27036	-995.9107	-1063.743	67.83188	1.08428	1.088706	1.178202
27042	-999.7421	-1067.406	67.66412	0.9495989	1.242234	1.316451
27048	-999.3962	-1067.869	68.4727	0.9174326	0.6264716	1.222964
27054	-993.3368	-1060.067	66.73057	0.6569858	0.9841474	2.335559
27060	-1001.026	-1067.891	66.865	0.4176386	1.219359	2.262537
27066	-1005.173	-1072.392	67.21917	0.5185361	0.8257057	2.220778
27072	-1003.26	-1069.981	66.72092	0.4987135	0.8444207	2.535349
27078	-1004.923	-1071.664	66.74108	0.4566439	1.200523	2.327249
27084	-999.9555	-1066.72	66.76484	0.3165824	1.241236	2.378862
27090	-999.7442	-1067.048	67.30364	0.5501255	0.9437646	2.060576
27096	-988.7672	-1056.106	67.33897	0.7037996	1.233276	1.747299
27102	-994.9812	-1061.913	66.93157	0.6234126	1.679398	1.851807
27108	-996.1333	-1063.708	67.57499	0.8645954	0.673927	1.880899
27114	-997.1942	-1064.137	66.94247	0.6272643	0.8799716	2.289432
27120	-996.8901	-1063.145	66.25531	0.5570541	0.7460272	2.857087
27126	-998.0372	-1064.883	66.84628	0.7611702	0.7460272	2.365039
27132	-991.3828	-1058.27	66.8871	0.6982727	1.288353	2.027178
27138	-990.9753	-1058.803	67.82762	0.8454236	0.8029443	1.603547
27144	-995.9847	-1063.609	67.62426	1.058161	1.005387	1.433339
27150	-998.014	-1065.824	67.81037	0.9599462	1.134739	1.265683
27156	-1002.482	-1069.755	67.27333	1.035422	1.53466	1.377306
27162	-994.9677	-1062.625	67.65722	1.112737	1.44166	1.041172
27168	-998.3615	-1066.372	68.01092	1.218227	1.039422	0.9233745
27174	-996.9104	-1065.244	68.33332	1.063802	0.720988	1.10587
27180	-1001.162	-1069.219	68.05727	1.289157	0.9064351	0.9434136
27186	-999.0961	-1066.894	67.79786	1.392456	1.316728	0.6238325
27192	-996.8679	-1065.03	68.16195	1.338008	0.8641029	0.8192999
27198	-992.683	-1060.584	67.90135	1.358316	1.050803	0.8766415
27204	-987.9972	-1056.258	68.26095	1.415614	0.794862	0.6708421
27210	-989.3944	-1057.586	68.19198	1.176099	0.7530195	1.095689
27216	-986.0203	-1054.001	67.98062	1.146376	0.898019	1.161769
27222	-987.7813	-1055.892	68.11053	1.275404	0.9148847	0.8899657
27228	-993.9635	-1062.092	68.12842	1.11702	0.803418	1.151492
27234	-988.3305	-1056.039	67.70868	1.180303	0.9918462	1.280429
27240	-993.122	-1060.79	67.66757	1.137714	1.29463	1.116344
27246	-989.3381	-1057.631	68.29256	1.299059	0.684997	0.9625849
27252	-991.1899	-1059.412	68.2223	1.200119	0.684997	1.125259
27258	-989.3054	-1056.985	67.67998	0.9736433	0.9687144	1.483436
27264	-996.81	-1064.168	67.35762	1.117098	1.57564	1.218394
27270	-1000.81	-1068.921	68.11028	1.206896	0.8454702	1.040824
27276	-998.4888	-1066.47	67.98105	1.049486	0.8237697	1.31253
27282	-1005.473	-1073.521	68.04811	1.138247	1.035674	0.9725273
27288	-1002.493	-1070.263	67.76938	1.628196	1.035674	0.7086358
27294	-997.7208	-1065.885	68.16449	1.034907	0.8018812	1.193212
27300	-999.2286	-1066.597	67.36844	1.201809	1.73608	1.033986
27306	-1003.338	-1070.461	67.12298	0.8020816	1.598986	1.630776
27312	-996.7588	-1064.472	67.71328	1.046547	1.076483	1.318304
27318	-998.6613	-1066.442	67.78097	1.297786	1.076755	1.040285
27324	-998.456	-1065.902	67.44636	1.088499	1.287843	1.349009
27330	-993.931	-1061.759	67.82796	1.02639	0.6884562	1.57519
27336	-995.3957	-1063.443	68.04712	1.080133	0.5389332	1.532142
27342	-1008.084	-1075.796	67.71255	1.078837	0.9795189	1.368848
27348	-1007.909	-1076.2	68.29119	1.372417	0.732113	0.809753
27354	-1005.961	-1073.837	67.87544	1.134064	0.9926236	1.178162
27360	-1006.662	-1074.353	67.6904	1.173446	0.9702974	1.318628
27366	-1004.663	-1072.462	67.79982	1.264699	1.091343	1.040773
27372	-1002.932	-1070.656	67.72416	1.40725	1.091343	0.974364
27378	-1004.482	-1072.032	67.55028	0.9032407	1.144015	1.5072
27384	-1006.547	-1074.346	67.7996	1.031924	1.144015	1.207237
27390	-1000.91	-1069.086	68.17584	1.151336	0.8686162	1.005653
27396	-999.5733	-1067.281	67.70717	1.183362	1.3023	1.030621
27402	-1000.149	-1068.101	67.95161	1.133258	1.222057	0.8985072
27408	-996.8829	-1064.729	67.84596	1.162152	1.222057	0.9806075
27414	-1002.195	-1070.175	67.97951	1.415694	0.9383879	0.8497975
27420	-1004.868	-1072.696	67.8283	1.322195	1.281069	0.751392
27426	-1002.008	-1070.423	68.4145	1.494277	0.6257773	0.6416046
27432	-1003.21	-1071.478	68.26784	1.452123	0.7803103	0.6116026
27438	-998.5256	-1066.744	68.21852	1.475571	0.7620348	0.7107136
27444	-1000.365	-1068.097	67.73178	1.475571	1.172785	0.8018857
27450	-1001.532	-1069.389	67.85756	1.432219	1.219298	0.5674405
27456	-999.4662	-1067.32	67.8534	1.300467	1.219076	0.8189116
27462	-1004.06	-1072.141	68.08065	1.032634	1.098362	0.9861746
27468	-1000.39	-1068.201	67.81145	1.170808	1.284822	0.952578
27474	-997.3076	-1065.231	67.92356	1.223072	0.9846991	1.061413
27480	-999.0058	-1066.847	67.84109	1.132772	1.298284	0.9497395
27486	-999.1122	-1066.834	67.72215	1.127834	0.954033	1.343137
27492	-1004.362	-1072.549	68.18732	0.9420271	0.8377959	1.217491
27498	-1002.785	-1071.067	68.2821	1.064927	0.7064949	1.1672
27504	-1002.017	-1069.717	67.70046	0.960775	1.232053	1.284893
27510	-1005.659	-1073.21	67.5509	0.759111	1.327154	1.497657
27516	-1006.814	-1074.439	67.62555	1.149746	0.7709636	1.556699
27522	-1006.06	-1074.146	68.0865	1.16021	0.9795967	0.9677914
27528	-1002.402	-1070.219	67.81651	1.144035	1.103783	1.126575
27534	-1002.752	-1070.239	67.48739	0.8902529	1.42937	1.384488
27540	-1008.59	-1076.404	67.81447	1.066695	1.131798	1.173994
27546	-1006.589	-1075.149	68.55987	0.961954	0.5943958	1.148933
27552	-1011.297	-1079.151	67.85307	1.10565	0.826116	1.367655
27558	-1004.762	-1072.607	67.84506	1.023276	0.6639185	1.588901
27564	-1004.583	-1072.032	67.44938	0.833844	0.9602489	1.757846
27570	-1007.419	-1074.928	67.50949	1.171807	1.541628	1.055434
27576	-1000.153	-1067.947	67.79357	0.870424	1.117391	1.364284
27582	-1005.081	-1072.67	67.58927	1.195596	1.013376	1.347137
27588	-998.8309	-1066.792	67.96117	1.106278	0.7565415	1.347137
27594	-990.0367	-1058.133	68.09633	1.154911	0.6998332	1.256129
27600	-988.5802	-1056.237	67.65713	0.7865989	1.188631	1.484714
27606	-994.0198	-1061.656	67.63598	0.8615535	1.188631	1.443861
27612	-997.7289	-1064.62	66.89156	0.5522053	1.078328	2.240681
27618	-997.8166	-1064.038	66.22171	0.2793178	1.150652	2.787983
27624	-990.7929	-1057.37	66.57747	0.4719112	1.19942	2.42182
27630	-996.0158	-1063.328	67.3118	0.525006	1.165845	1.92919
27636	-999.5046	-1066.421	66.91675	0.5423657	1.158796	2.182971
27642	-1005.444	-1072.283	66.83924	0.7690498	1.022374	2.169168
27648	-1000.615	-1067.797	67.18291	0.671379	1.48076	1.741574
27654	-994.9797	-1062.277	67.29692	0.772832	1.300014	1.68891
27660	-994.4709	-1061.838	67.36712	0.8726056	1.314667	1.557416
27666	-989.4027	-1056.933	67.53035	0.772104	0.8179134	1.85216
27672	-993.7247	-1061.431	67.70677	0.5941846	0.7931798	1.873033
27678	-995.4941	-1063.026	67.53177	0.8446031	0.9760681	1.680738
27684	-1000.432	-1068.286	67.85469	0.6156425	0.7888522	1.75972
27690	-1000.852	-1068.574	67.72256	0.9100105	0.8990047	1.553843
27696	-1003.874	-1071.238	67.36409	0.8273987	0.8057051	1.937216
27702	-995.989	-1063.541	67.55183	0.6678182	0.8699988	1.868364
27708	-997.0691	-1064.376	67.30727	0.4831992	1.16855	1.95876
27714	-994.5232	-1061.625	67.10191	0.5117198	1.151629	2.086274
27720	-1002.072	-1069.326	67.25354	0.4863803	1.017492	2.086274
27726	-998.7494	-1065.446	66.69686	0.455999	0.8560036	2.568744
27732	-1001.889	-1068.511	66.62203	0.4052853	1.1318	2.473542
27738	-999.1493	-1065.992	66.84266	0.503891	1.02573	2.335284
27744	-1003.799	-1070.614	66.81452	0.4707286	0.9647007	2.412919
27750	-1001.413	-1068.092	66.67887	0.4865291	0.9647007	2.488207
27756	-1011.301	-1077.972	66.67128	0.5301608	1.336834	2.252006
27762	-1003.282	-1070.544	67.26223	0.5749036	0.8082174	2.169562
27768	-999.4892	-1066.87	67.38124	0.7781899	0.9871359	1.824685
27774	-993.395	-1060.964	67.56946	0.9933257	0.7049282	1.767941
27780	-1001.157	-1067.604	66.44743	0.5456046	1.119005	2.502316
27786	-999.8729	-1067.034	67.1608	0.524046	1.374954	1.913812
27792	-1003.072	-1069.508	66.43632	0.502491	1.374954	2.400021
27798	-1001.521	-1068.665	67.1437	0.4817154	1.034362	2.150391
27804	-993.4964	-1059.748	66.25212	0.6100298	1.405844	2.433191
27810	-995.1978	-1062.561	67.36309	0.65915	1.017967	1.897448
27816	-995.8816	-1063.369	67.48763	0.3976697	1.090921	1.942618
27822	-987.9901	-1055.128	67.13773	0.6391287	1.090921	2.015176
27828	-988.6326	-1056.199	67.5664	0.8359489	1.11191	1.566854
27834	-992.7816	-1060.45	67.66817	0.8972151	1.330028	1.296817
27840	-988.3739	-1055.318	66.94442	0.5419269	0.9327781	2.306394
27846	-994.3302	-1061.407	67.0766	0.6975499	1.225321	1.936389
27852	-996.037	-1063.49	67.45324	0.8179378	1.08467	1.679992
27858	-1000.63	-1068.362	67.73238	1.069071	1.048444	1.306322
27864	-1000.266	-1067.466	67.20009	0.6874364	1.036208	1.976196
27870	-996.1352	-1063.224	67.08905	0.6653376	1.214334	1.95605
27876	-990.1841	-1057.203	67.01921	0.5503626	1.049297	2.177286
27882	-987.7542	-1054.721	66.96707	0.4844532	1.049297	2.253515
27888	-989.3632	-1056.202	66.83861	0.6561537	1.049297	2.225682
27894	-997.0409	-1064.272	67.23092	0.4595955	1.066018	2.087813
27900	-990.2224	-1057.09	66.86744	0.6694017	1.066018	2.188111
27906	-987.9818	-1055.979	67.99757	0.8766842	0.8476833	1.414365
27912	-994.047	-1061.814	67.76684	0.993006	0.8341808	1.512933
27918	-1005.494	-1073.503	68.00959	1.032807	0.6873566	1.435442
27924	-998.0236	-1066.129	68.10518	1.096164	0.9146799	1.078393
27930	-999.7475	-1067.813	68.06587	0.9775622	0.7990688	1.325375
27936	-991.9077	-1059.165	67.25729	0.80871	1.303385	1.689613
27942	-993.3458	-1060.708	67.36207	0.7794795	0.9907985	1.834448
27948	-997.0887	-1064.719	67.63061	0.7343851	0.9576195	1.702249
27954	-992.6269	-1060.355	67.72815	0.8254749	0.9576195	1.566325
27960	-995.5814	-1063.349	67.76753	0.8352892	0.6877008	1.755699
27966	-994.6272	-1061.473	66.84559	0.8751836	1.510988	1.818945
27972	-988.7886	-1056.2	67.41123	0.8645396	1.039254	1.707532
27978	-989.0845	-1056.705	67.62009	0.9165764	0.9575579	1.578802
27984	-993.0338	-1060.729	67.69541	1.02139	0.7946328	1.578802
27990	-996.3648	-1064.084	67.71954	0.9899043	0.7905985	1.58768
27996	-994.1078	-1061.798	67.69048	0.9059422	0.7905985	1.669241
28002	-991.3548	-1059.27	67.91498	0.7771943	0.8143925	1.579831
28008	-991.9215	-1059.172	67.25035	0.8820045	1.464518	1.550479
28014	-992.1698	-1060.346	68.17606	1.078077	0.8719515	1.0725
28020	-999.7763	-1067.371	67.59506	1.095972	1.434763	1.119528
28026	-988.6925	-1056.878	68.18514	1.069187	0.6741025	1.281589
28032	-983.9517	-1051.951	67.99939	0.8433246	0.9812139	1.326677
28038	-991.3464	-1058.947	67.60041	0.7606322	1.242885	1.511642
28044	-991.5711	-1059.531	67.96035	1.121345	0.5446876	1.559165
28050	-990.3279	-1058.048	67.7204	1.271347	1.341481	0.8918512
28056	-998.9058	-1066.434	67.52843	1.397265	1.602038	0.7220093
28062	-996.3899	-1064.008	67.6186	1.254356	1.650171	0.7523867
28068	-992.4161	-1060.12	67.70399	1.254356	1.284287	0.9778419
28074	-996.4572	-1064.185	67.72788	1.220374	1.37934	0.9070823
28080	-999.23	-1067.523	68.2926	1.097194	0.8971998	0.9070823
28086	-990.5468	-1058.522	67.97481	1.126173	0.8971998	1.185206
28092	-996.8799	-1064.273	67.39283	0.8297559	1.194841	1.643314
28098	-999.0021	-1065.961	66.95854	0.7829411	1.153597	2.000466
28104	-994.9644	-1062.678	67.71409	0.8985463	1.126007	1.39834
28110	-992.2341	-1059.75	67.51591	0.8056984	1.126007	1.616273
28116	-997.8283	-1066.076	68.24759	0.8911902	0.6800877	1.367996
28122	-994.382	-1062.303	67.92119	1.028312	0.6800877	1.513013
28128	-993.8244	-1061.797	67.97224	0.907558	0.9812542	1.296681
28134	-1000.461	-1067.572	67.11071	1.079432	1.62997	1.417362
28140	-997.3028	-1065.27	67.96756	1.12336	1.098391	1.008567
28146	-990.9592	-1058.977	68.01806	1.133256	1.051656	0.9924448
28152	-991.9592	-1059.75	67.79094	1.150347	1.051656	1.186935
28158	-994.7126	-1062.353	67.64025	1.16587	1.342724	1.079773
28164	-995.7701	-1063.853	68.08328	0.9734727	0.9804257	1.147517
28170	-994.7637	-1062.076	67.31201	1.172576	0.9804257	1.599717
28176	-1002.66	-1070.462	67.8026	1.172576	1.271227	0.9717021
28182	-1003.339	-1071.508	68.16829	1.175004	0.8269208	1.03607
28188	-1000.021	-1067.836	67.81442	0.8052451	1.144134	1.379976
28194	-995.5811	-1063.275	67.69388	1.053767	1.144134	1.277346
28200	-999.7208	-1067.148	67.42768	0.7275601	0.9712059	1.838698
28206	-1001.688	-1068.566	66.87836	0.9616535	1.318579	1.838698
28212	-1002.618	-1070.21	67.59221	0.8526964	0.7170591	1.838698
28218	-1007.047	-1074.617	67.56949	0.8457059	1.028243	1.615479
28224	-1009.746	-1077.748	68.00146	0.9820757	1.028243	1.169995
28230	-1011.866	-1078.797	66.93099	2.299219	0.7786374	0.1479776
28236	-1000.665	-1066.959	66.2938	2.576605	0.9561911	0.1186918
28242	-1001.435	-1067.518	66.08303	2.576605	1.193402	0.1209752
28248	-1000.117	-1066.157	66.03985	2.576605	1.24098	0.1206293
28254	-1000.015	-1066.422	66.40721	2.576605	0.9016524	0.1278079
28260	-1000.357	-1066.53	66.17334	2.576605	1.029676	0.1117235
28266	-1007.839	-1074.675	66.83571	2.576605	0.6565116	0.1535478
28272	-1017.103	-1083.43	66.32623	2.576605	1.008004	0.1329556
28278	-1018.362	-1084.715	66.35304	2.543241	1.008004	0.1317748
28284	-1011.02	-1077.685	66.6653	2.543241	0.7486489	0.1364042
28290	-1005.244	-1071.43	66.18617	2.543241	1.115727	0.1209856
28296	-1001.192	-1067.898	66.70594	2.604481	0.5675515	0.1124185
28302	-999.4406	-1065.459	66.01828	2.636263	1.100084	0.1077553
28308	-1000.655	-1066.707	66.05261	2.576362	1.100084	0.1043144
28314	-1003.514	-1071.01	67.49653	0.5392702	0.9420645	1.940401
28320	-995.0014	-1061.741	66.73998	0.3646024	1.228798	2.370912
28326	-1002.419	-1069.073	66.65447	0.4119554	1.558888	2.230925
28332	-1010.752	-1078.569	67.81676	1.614441	1.071721	0.4887269
28338	-988.0539	-1056.171	68.11692	1.577757	0.7991965	0.6190227
28344	-998.702	-1066.288	67.58602	1.631191	1.305271	0.569427
28350	-996.8913	-1064.622	67.73053	1.498423	1.300375	0.5237479
28356	-994.5953	-1062.556	67.96076	1.583063	0.9500564	0.5676598
28362	-992.8511	-1060.922	68.07068	1.563924	0.8703125	0.5411715
28368	-992.622	-1060.224	67.6023	1.562484	1.376116	0.5491152
28374	-995.5235	-1063.378	67.85441	1.58352	1.063875	0.5226789
28380	-1000.373	-1068.766	68.39268	1.724809	0.5082172	0.5424827
28386	-990.819	-1059.002	68.18322	1.724809	0.6503822	0.486752
28392	-995.0514	-1062.92	67.86817	1.669764	0.9618649	0.468441
28398	-1000.936	-1068.621	67.68533	1.958923	0.7299822	0.2681125
28404	-996.7133	-1063.75	67.03633	2.038909	1.222832	0.2373102
28410	-988.8828	-1056.468	67.58555	2.101782	0.7454583	0.3108816
28416	-990.9558	-1058.321	67.36542	2.101782	0.7454583	0.1997341
28422	-990.813	-1057.481	66.66828	2.336528	1.191928	0.1997341
28428	-998.7611	-1065.646	66.88469	2.088717	1.191928	0.1897231
28434	-995.0655	-1061.496	66.43092	2.485315	0.9967543	0.1333489
28440	-991.9552	-1059.054	67.09893	2.221956	0.8876036	0.2062953
28446	-993.6262	-1060.364	66.7374	2.204007	1.20196	0.1828251
28452	-997.0805	-1063.891	66.81079	2.160468	1.20196	0.1917621
28458	-995.8062	-1062.501	66.69491	2.188005	1.20196	0.1670975
28464	-994.3076	-1061.199	66.89184	2.180605	1.151541	0.2108018
28470	-1002.888	-1069.673	66.7852	2.078226	1.464785	0.2293841
28476	-1003.759	-1071.187	67.4285	2.099227	0.7715936	0.2352383
28482	-1000.654	-1068.369	67.71472	1.823271	0.9249148	0.3706867
28488	-1003.052	-1070.82	67.76787	1.779093	0.9249148	0.3845183
28494	-1003.863	-1071.827	67.96437	1.752219	0.7813908	0.3986888
28500	-1004.566	-1072.238	67.67209	1.891448	0.8886347	0.353028
28506	-1006.836	-1074.797	67.96115	1.891448	0.6144082	0.3035514
28512	-1009.895	-1077.244	67.34887	1.812454	1.361111	0.406944
28518	-1003.707	-1071.357	67.65073	1.920235	0.7724479	0.2566377
28524	-997.0472	-1064.06	67.01256	2.222919	0.8853286	0.1788436
28530	-998.6449	-1064.672	66.02695	2.554962	1.339514	0.1283708
28536	-991.8642	-1057.879	66.01526	2.554962	1.227549	0.1118958
28542	-993.1779	-1059.245	66.06721	2.554962	1.142204	0.1086222
28548	-994.8313	-1061.351	66.51997	2.469754	0.8039377	0.1114569
28554	-996.6219	-1062.62	65.9977	2.692887	0.8890536	0.08659008
28560	-1002.957	-1068.998	66.04147	2.702891	0.9667958	0.1023912
28566	-992.732	-1058.782	66.0502	2.702891	0.9667958	0.103523
28572	-995.0882	-1061.05	65.96164	2.877529	0.7411662	0.08413376
28578	-993.4724	-1059.333	65.8605	2.877529	0.8400935	0.08584646
28584	-1004.386	-1070.211	65.82572	2.831438	0.9117509	0.0856657
28590	-1005.254	-1071.081	65.8272	2.831438	0.9117509	0.08581859
28596	-1006.664	-1072.333	65.66893	2.804088	0.9780199	0.07470548
28602	-1002.21	-1067.966	65.75554	2.804088	0.9780199	0.08279212
28608	-997.8361	-1063.656	65.81985	2.851588	0.8314837	0.07834565
28614	-1002.137	-1067.701	65.56313	2.780397	1.046496	0.06951518
28620	-1003.998	-1072.045	68.04711	1.433028	0.9989246	0.613043
28626	-1004.688	-1072.651	67.96346	1.753456	0.8011267	0.4994016
28632	-1008.188	-1076.122	67.93387	1.732434	0.843315	0.4705696
28638	-1002.728	-1070.788	68.06059	1.385051	1.028695	0.6260868
28644	-1001.014	-1069.083	68.06951	1.22359	1.028695	0.8625674
28650	-1006.892	-1074.918	68.02642	0.8803816	1.030992	1.233404
28656	-1005.349	-1072.603	67.25456	0.2826731	1.030992	2.209736
28662	-1006.681	-1073.291	66.61041	0.3085297	1.118593	2.548745
28668	-1007.048	-1074.443	67.39574	0.6033546	0.9382626	1.967741
28674	-1004.093	-1071.354	67.26065	0.8848568	1.318957	1.623588
28680	-1006.519	-1073.688	67.16871	2.149522	0.9866378	0.2483225
28686	-1012.256	-1078.917	66.66047	2.255864	1.264611	0.1913104
28692	-1003.367	-1070.278	66.91054	2.255864	0.8734837	0.1580263
28698	-1002.727	-1069.592	66.86524	2.181655	1.016808	0.1652315
28704	-991.6745	-1058.239	66.5645	2.345093	1.191112	0.1715004
28710	-991.8481	-1058.806	66.95771	2.10048	1.178962	0.2145691
28716	-994.0298	-1061.224	67.19433	2.005681	1.178962	0.2842236
28722	-996.9763	-1064.121	67.14456	2.041987	1.178962	0.2756627
28728	-1005.08	-1072.791	67.71074	1.741563	1.023229	0.394502
28734	-1001.773	-1069.588	67.81456	1.664476	1.015891	0.445178
28740	-1000.822	-1068.809	67.98738	1.640195	0.8687424	0.5814477
28746	-998.4255	-1066.423	67.9978	1.640195	0.8687424	0.5284455
28752	-998.642	-1065.862	67.21961	2.000229	1.05887	0.235511
28758	-996.3032	-1063.416	67.11306	2.000229	1.195302	0.2438948
28764	-995.3696	-1062.762	67.39229	1.98442	0.8982862	0.2326221
28770	-997.4956	-1065.002	67.50662	1.98442	0.8982862	0.2961019
28776	-997.7272	-1064.793	67.0653	1.941985	1.491102	0.3309156
28782	-1000.179	-1067.746	67.56622	1.879183	1.017254	0.3733686
28788	-995.0998	-1062.89	67.79052	1.826431	0.8733768	0.4122608
28794	-995.2977	-1063.218	67.92057	1.826431	0.742479	0.370143
28800	-991.5347	-1058.92	67.38566	1.889999	1.189764	0.3604793
28806	-992.8509	-1060.516	67.66534	1.919681	0.8406218	0.3201255
28812	-1009.001	-1076.651	67.65006	0.8477434	1.006695	1.570782
28818	-1008.292	-1075.926	67.63465	0.9917255	1.231329	1.31373
28824	-1011.739	-1079.539	67.80009	1.02599	1.128825	1.223583
28830	-1015.661	-1083.014	67.35278	0.775121	1.196559	1.70971
28836	-1009.73	-1077.315	67.58424	0.9069584	1.09695	1.511328
28842	-1009.773	-1077.742	67.9689	1.20382	1.09695	0.9251996
28848	-1000.821	-1068.699	67.8781	1.317346	0.8906458	1.107741
28854	-1007.417	-1075.345	67.92836	1.295236	0.9935016	0.9771198
28860	-1007.338	-1075.172	67.83406	1.110093	0.9613296	1.260558
28866	-1006.148	-1073.962	67.81364	1.110093	0.9613296	1.277408
28872	-1006.89	-1074.481	67.59063	0.9793762	0.9613296	1.55145
28878	-1011.531	-1078.953	67.4217	0.599828	1.030207	1.889759
28884	-1009.639	-1077.259	67.62013	0.9900018	1.062271	1.446211
28890	-1004.667	-1072.554	67.88711	1.196459	0.9785528	1.125277
28896	-1003.966	-1071.928	67.96183	1.240761	1.070059	0.9202302
28902	-1006.276	-1073.646	67.36964	1.269105	1.095382	1.400043
28908	-1000.189	-1067.563	67.374	1.071416	0.8516025	1.72619
28914	-1005.735	-1073.834	68.09978	1.188075	0.5785996	1.363022
28920	-1006.745	-1074.561	67.8158	0.9564155	0.6882278	1.635062
28926	-1009.27	-1076.994	67.72324	1.008349	0.719574	1.635062
28932	-1019.826	-1087.308	67.48221	1.005024	0.4469873	2.082487
28938	-1004.495	-1071.765	67.27068	0.6492651	0.8520652	2.082487
28944	-1000.098	-1067.56	67.46151	0.7190861	0.8556721	1.905805
28950	-1006.705	-1073.827	67.12225	0.5064704	1.460319	1.90748
28956	-1009.693	-1076.599	66.90629	0.503841	1.162848	2.212336
28962	-1001.843	-1068.077	66.23411	0.5831149	0.8091398	2.807938
28968	-996.8343	-1063.893	67.05878	0.5985812	1.045171	2.122681
28974	-1002.46	-1069.33	66.86989	0.6669638	1.102896	2.165587
28980	-1004.496	-1071.576	67.07988	0.7315145	0.7759363	2.211107
28986	-1003.917	-1071.495	67.57814	0.6227103	0.6692392	2.04531
28992	-998.442	-1066.217	67.77453	0.8934205	0.8275364	1.586406
28998	-1002.349	-1069.987	67.63771	0.7413677	0.7750399	1.834424
29004	-1005.336	-1072.502	67.16554	0.7840819	1.265148	1.793439
29010	-1000.682	-1067.404	66.72221	0.5764735	1.069949	2.33857
29016	-997.4712	-1064.213	66.7419	0.8465041	0.9578685	2.224118
29022	-999.0892	-1067.076	67.98641	1.02213	0.730212	1.418955
29028	-1008.064	-1075.867	67.80373	1.085791	0.9937418	1.278425
29034	-1002.757	-1070.575	67.81778	1.084702	0.8108396	1.425266
29040	-1006.655	-1073.178	66.52376	0.5523239	1.365811	2.317483
29046	-998.8613	-1066.264	67.40266	0.5719444	0.9244555	1.993857
29052	-1000.615	-1067.639	67.02386	0.8596025	1.01343	1.993857
29058	-996.2585	-1064.412	68.15348	0.9213689	0.6923466	1.405332
29064	-1004.277	-1071.592	67.31514	0.8690375	1.201528	1.666649
29070	-999.8489	-1066.952	67.1026	0.7876582	1.035903	1.974569
29076	-997.6837	-1065.074	67.39024	0.5862088	1.035903	1.916566
29082	-1000.292	-1067.563	67.27145	0.9385742	1.130301	1.693421
29088	-997.1715	-1063.987	66.81546	0.6950111	1.232335	2.107587
29094	-997.2376	-1064.598	67.36051	0.6747626	1.001729	1.899543
29100	-995.6152	-1062.137	66.5222	0.6121324	1.152982	2.394139
29106	-1000.232	-1067.556	67.32446	0.7918859	0.8746023	1.934981
29112	-1005.534	-1073.132	67.59776	1.010468	0.9679151	1.518086
29118	-999.9599	-1067.09	67.12991	0.978079	1.240372	1.697095
29124	-992.4782	-1060.095	67.61712	0.76074	1.037604	1.635842
29130	-997.5862	-1065.262	67.67569	0.9971867	0.8855999	1.534832
29136	-998.1606	-1065.453	67.29277	0.6435606	1.09582	1.905047
29142	-1000.107	-1067.394	67.28669	0.884386	0.874949	1.897698
29148	-992.5109	-1060.075	67.5637	0.9553209	1.134835	1.464102
29154	-991.6827	-1059.271	67.5886	0.6153213	0.8658119	1.882259
29160	-985.498	-1053.21	67.71197	0.7661637	1.03989	1.561262
29166	-987.9005	-1055.712	67.81142	0.9662564	1.058967	1.317361
29172	-993.8381	-1060.83	66.99228	0.848266	1.079029	1.98016
29178	-983.8438	-1050.64	66.79615	0.7525552	1.079029	2.172408
29184	-981.5036	-1048.757	67.25309	0.7720122	1.076654	1.856859
29190	-985.1633	-1052.551	67.38764	0.9626437	0.966546	1.706153
29196	-998.4134	-1066.567	68.15372	1.063882	0.8030109	1.176312
29202	-1005.623	-1072.755	67.13135	1.036385	1.245583	1.651344
29208	-1009.997	-1077.828	67.83069	1.335372	1.028979	0.9997361
29214	-1008.579	-1076.366	67.78791	1.391832	1.056261	0.958741
29220	-1011.366	-1079.033	67.66696	1.494801	1.349727	0.6288594
29226	-1005.064	-1072.501	67.43776	1.513531	1.676196	0.5088379
29232	-1006.984	-1074.499	67.51527	1.571383	1.474341	0.5642867
29238	-1011.128	-1079.281	68.15309	1.700327	0.6912475	0.492425
29244	-1013.479	-1081.673	68.19422	1.63374	0.6592065	0.7083543
29250	-1003.19	-1071.39	68.20032	1.63374	0.7061894	0.5018531
29256	-1004.976	-1072.949	67.97285	1.530725	0.9553522	0.6616249
29262	-1005.984	-1073.57	67.58581	1.475871	1.471342	0.6438212
29268	-1009.364	-1076.917	67.55382	1.693823	1.268866	0.4377223
29274	-1000.343	-1067.944	67.60132	0.8879662	0.912444	1.647515
29280	-1003.218	-1070.96	67.74228	1.072348	1.053928	1.291321
29286	-997.154	-1065.356	68.20166	1.303797	0.8027809	0.8969526
29292	-1008.025	-1076.166	68.14062	1.475173	0.8114914	0.7415451
29298	-1001.017	-1068.621	67.60322	1.353977	1.335616	0.935215
29304	-1004.277	-1072.875	68.59775	1.607247	0.444998	0.6178477
29310	-999.6599	-1068.168	68.50781	1.477094	0.444998	0.9351046
29316	-1002.666	-1070.453	67.78684	1.573846	1.076907	0.7040417
29322	-999.2719	-1067.533	68.26085	1.185615	0.7550273	1.018964
29328	-1003.215	-1071.327	68.1115	1.18367	0.823121	1.085738
29334	-1001.839	-1069.947	68.10844	1.216284	0.805627	1.077204
29340	-1001.599	-1069.65	68.05105	1.154132	1.135272	0.8474263
29346	-997.7186	-1065.682	67.96354	1.337736	1.082411	0.7865789
29352	-1005.417	-1073.027	67.61094	1.337736	1.22793	1.034609
29358	-1003.305	-1071.499	68.1937	1.319788	0.7049033	1.015275
29364	-1006.285	-1074.426	68.14158	1.387939	0.7123432	0.9897088
29370	-997.0622	-1064.97	67.90754	1.21179	0.8459154	1.21816
29376	-996.3662	-1064.359	67.99305	1.17514	0.8904354	1.13256
29382	-1007.703	-1076.199	68.4964	0.9820936	0.5716109	1.215781
29388	-999.1217	-1066.692	67.57055	1.138253	1.024636	1.398233
29394	-998.8826	-1066.895	68.01221	1.371073	0.8866725	0.9268441
29400	-1002.812	-1070.371	67.55902	0.9051923	1.269971	1.41597
29406	-1005.513	-1072.637	67.12355	0.7705982	1.403478	1.754636
29412	-1006.551	-1074.212	67.66112	0.7380657	1.08455	1.587831
29418	-1008.039	-1075.988	67.94942	0.9189731	0.7205499	1.534202
29424	-1003.205	-1069.722	66.51701	0.4416997	1.218513	2.468413
29430	-997.6185	-1064.699	67.08009	0.6630118	1.004261	2.092809
29436	-1005.02	-1071.732	66.71137	0.5135181	1.499812	2.155974
29442	-997.9583	-1065.356	67.39781	0.5194237	1.128399	1.897604
29448	-989.4267	-1056.423	66.99591	0.6081292	1.128399	2.106389
29454	-998.9067	-1065.619	66.71258	0.7783678	1.295127	2.08587
29460	-997.8143	-1064.483	66.66823	0.6773515	1.295127	2.180805
29466	-1000.195	-1067.713	67.51776	0.7988058	0.8033753	1.854134
29472	-1005.126	-1072.373	67.24665	0.6143266	0.7357609	2.211012
29478	-996.0414	-1063.341	67.29981	0.4542044	0.8986497	2.157396
29484	-1003.525	-1069.82	66.29519	0.1756725	1.120359	2.823085
29490	-1000.625	-1067.59	66.96493	0.07976592	0.857983	2.634319
29496	-994.7508	-1061.677	66.92628	0.203657	1.272237	2.331513
29502	-992.3714	-1059.293	66.92186	0.2080734	1.272237	2.331513
29508	-996.0379	-1063.132	67.09441	0.2806926	0.8437939	2.438493
29514	-1000.947	-1068.398	67.45075	0.4289317	1.025895	1.988181
29520	-997.3727	-1064.362	66.98937	0.6518126	0.8337248	2.276915
29526	-991.8371	-1058.766	66.92888	0.3092107	0.9112745	2.477791
29532	-992.9635	-1059.822	66.85827	0.289979	0.8852146	2.551481
29538	-1002.229	-1069.137	66.9082	0.604539	0.7678568	2.407971
29544	-992.3655	-1059.624	67.2584	0.7567591	1.10639	1.844597
29550	-997.5188	-1065.026	67.50755	0.8623513	0.7507003	1.861104
29556	-1001.674	-1069.355	67.68129	0.857593	0.7507003	1.744167
29562	-996.9391	-1064.563	67.62415	0.8329375	0.8705599	1.702996
29568	-992.7096	-1059.935	67.22584	0.7683379	0.8943571	2.002354
29574	-992.5007	-1059.771	67.2699	0.6794272	0.9552997	1.989162
29580	-989.8974	-1057.272	67.37502	0.7354321	0.9408471	1.890752
29586	-988.8171	-1056.278	67.46048	0.6161853	0.9386774	1.915208
29592	-991.5443	-1058.817	67.27303	0.7692992	1.236681	1.745577
29598	-989.0034	-1056.429	67.42578	0.7172283	1.007593	1.821883
29604	-982.6415	-1049.684	67.04294	0.7146809	1.285571	1.913289
29610	-988.8617	-1056.668	67.80583	0.6437661	0.615481	1.928853
29616	-996.6634	-1063.379	66.71592	0.7713172	1.113608	2.191347
29622	-996.0557	-1063.53	67.47471	0.5527342	1.132121	1.819893
29628	-990.0723	-1057.274	67.20177	0.7659113	1.121476	1.867571
29634	-999.6134	-1066.678	67.06433	0.6799947	0.7739617	2.25585
29640	-1003.211	-1070.384	67.17259	0.5758103	0.8703886	2.181168
29646	-998.2319	-1065.556	67.32454	0.6307176	0.8703886	2.045671
29652	-990.0977	-1057.38	67.28185	0.5900697	0.9574406	2.039173
29658	-996.3704	-1064.018	67.64788	0.5831772	0.9574406	1.796162
29664	-1001.019	-1068.632	67.61327	0.5835939	0.9909665	1.796162
29670	-1003.531	-1070.631	67.1002	0.7531351	0.8775202	2.107607
29676	-997.2956	-1064.932	67.63676	1.16173	1.259841	1.148306
29682	-995.2027	-1062.881	67.67877	0.7300112	1.011203	1.632243
29688	-993.2331	-1060.704	67.47092	0.7421971	1.049484	1.744663
29694	-993.7121	-1060.683	66.97074	0.5091184	1.100808	2.203798
29700	-1002.472	-1070.62	68.14827	1.442197	0.8372027	0.73478
29706	-998.2425	-1066.301	68.05808	1.590548	0.8372027	0.6239366
29712	-1001.564	-1068.211	66.64701	0.3467899	1.063715	2.534141
29718	-994.9126	-1061.533	66.62058	0.426361	1.009135	2.534141
29724	-989.8335	-1057.249	67.41545	0.6532427	1.277941	1.702576
29730	-991.5721	-1058.68	67.10792	0.752326	1.247832	1.864965
29736	-996.5972	-1064.014	67.4169	0.8574525	0.6277505	2.034421
29742	-994.7997	-1061.175	66.37523	0.6974606	1.218773	2.396532
29748	-991.5514	-1058.557	67.00608	0.6231982	1.375382	1.951071
29754	-997.1769	-1064.604	67.42755	0.7557811	0.932252	1.847166
29760	-990.2162	-1057.482	67.26593	0.5831655	1.36009	1.809536
29766	-989.5983	-1056.642	67.04352	0.7246259	1.27587	1.911615
29772	-994.299	-1061.425	67.12615	0.6419923	1.27587	1.911615
29778	-996.6245	-1064.315	67.69026	0.875614	1.153352	1.41539
29784	-992.4503	-1059.682	67.23154	0.6477857	0.8835576	2.086179
29790	-993.6689	-1060.649	66.98058	0.5435352	1.336094	2.042027
29796	-995.4693	-1062.841	67.37134	0.7379208	1.092317	1.788718
29802	-993.6176	-1060.496	66.87809	0.7075716	1.092317	2.14022
29808	-992.9629	-1060.018	67.05539	0.7452174	1.618598	1.709867
29814	-991.5904	-1059.293	67.70229	0.7474929	0.8683856	1.709867
29820	-997.6616	-1064.892	67.23047	0.6913069	0.7334597	2.173503
29826	-993.9928	-1061.054	67.06164	0.5006796	1.062916	2.173503
29832	-996.911	-1064.112	67.20087	0.4517832	1.116824	2.081429
29838	-990.4277	-1057.292	66.86386	0.6454689	1.052515	2.21428
29844	-990.9525	-1058.102	67.1496	0.6763399	1.502483	1.750219
29850	-991.9811	-1059.749	67.76836	1.030997	0.8578565	1.46299
29856	-998.0716	-1065.464	67.39199	0.7690515	1.025333	1.797313
29862	-989.9774	-1057.537	67.5593	0.8241213	0.8054941	1.806423
29868	-997.8318	-1065.232	67.4004	0.6177499	1.068837	1.866676
29874	-999.4606	-1066.969	67.50843	0.8968594	1.02896	1.622136
29880	-1004.242	-1071.344	67.10235	0.7285148	1.281248	1.865924
29886	-1001.041	-1068.864	67.82279	0.7596532	0.8737183	1.610711
29892	-996.8287	-1064.084	67.25559	0.6255719	0.9880534	2.012294
29898	-993.9855	-1061.609	67.62342	0.9064627	0.8933375	1.633147
29904	-999.2996	-1066.886	67.58681	0.9986775	1.042704	1.479239
29910	-997.8207	-1065.152	67.33164	0.8927415	1.101054	1.702329
29916	-1002.318	-1070.023	67.70476	0.5451224	1.073891	1.702329
29922	-1005.142	-1072.307	67.16526	0.6897768	1.057318	1.984287
29928	-1006.689	-1074.319	67.63024	0.7601726	0.5189478	2.065896
29934	-1007.111	-1074.649	67.53867	0.6852918	1.051785	1.735498
29940	-1010.514	-1077.246	66.73128	0.6837813	1.099789	2.2462
29946	-1012.43	-1079.549	67.11915	0.3415835	1.099789	2.216768
29952	-1004.532	-1071.122	66.58954	0.4302801	1.53099	2.273744
29958	-1008.639	-1075.642	67.00266	0.6187434	1.430367	1.927733
29964	-1009.085	-1075.904	66.81876	0.6004398	1.430367	2.06266
29970	-1009.291	-1075.744	66.453	0.4134277	1.03689	2.629161
29976	-1008.146	-1075.285	67.13876	0.4408464	1.422591	1.959865
29982	-1003.924	-1071.063	67.13879	0.6771649	1.138333	1.959865
29988	-1004.865	-1072.476	67.6102	1.00886	1.138333	1.384564
29994	-1011.27	-1079.649	68.37848	1.255029	0.643918	0.9766481
30000	-1006.321	-1074.386	68.06483	1.077076	0.9464222	1.102347
30006	-1007.378	-1075.354	67.97621	0.8948957	1.129385	1.184642
30012	-1018.621	-1086.045	67.42412	1.860367	1.22249	0.4297579
30018	-1011.885	-1079.588	67.7036	1.767	1.020796	0.4323128
30024	-1001.521	-1068.993	67.47217	0.9367385	1.01626	1.62854
30030	-993.4606	-1061.396	67.93513	1.001354	0.773994	1.432804
30036	-996.4435	-1064.714	68.27052	1.107245	0.5730417	1.297656
30042	-990.855	-1058.484	67.62881	1.085501	1.153569	1.297656
30048	-995.7508	-1063.591	67.84048	1.259886	1.086129	1.010576
30054	-998.4339	-1065.894	67.46038	1.016653	1.416318	1.313444
30060	-1002.03	-1069.808	67.77805	1.034432	0.7765537	1.524166
30066	-992.4846	-1060.811	68.32658	1.108431	0.7765537	1.004346
30072	-991.4055	-1059.101	67.6959	0.9956775	0.7765537	1.612919
30078	-1005.835	-1072.7	66.86503	0.8167434	0.7765537	2.293931
30084	-999.0844	-1066.218	67.13323	0.4607367	0.8207375	2.316649
30090	-995.048	-1062.548	67.49999	1.024481	1.407963	1.280067
30096	-1005.616	-1073.175	67.55881	1.141901	1.420491	1.120617
30102	-1004.187	-1071.706	67.51906	0.8334288	0.7995215	1.832603
30108	-1001.721	-1069.85	68.1286	1.22978	0.611321	1.267497
30114	-1007.202	-1074.014	66.81136	0.5241315	0.9846597	2.368289
30120	-1009.569	-1076.186	66.61693	0.5659382	1.284627	2.291179
30126	-1000.468	-1067.592	67.12403	0.6931775	0.7331407	2.241359
30132	-1003.615	-1070.495	66.87965	0.704157	0.8684619	2.288565
30138	-1005.841	-1072.641	66.79932	0.8800486	1.714956	1.749274
30144	-997.2417	-1065.042	67.79987	0.9849409	1.037526	1.32826
30150	-993.3565	-1060.902	67.54594	1.002297	1.126654	1.447534
30156	-1001.461	-1069.261	67.80052	1.16449	1.307535	0.9510985
30162	-997.6437	-1065.099	67.45489	1.208375	1.703299	0.962459
30168	-1003.056	-1071.083	68.02712	1.208375	0.8785699	1.083074
30174	-996.1995	-1063.97	67.77065	1.25131	0.9378314	1.215785
30180	-998.607	-1066.184	67.57695	0.932605	0.8788438	1.659142
30186	-997.7415	-1064.767	67.02534	0.687428	1.510221	1.82485
30192	-1002.213	-1069.022	66.8094	0.622274	1.283759	2.130869
30198	-998.8446	-1065.693	66.84828	0.4117275	1.283759	2.242154
30204	-1001.351	-1068.335	66.98458	0.4498322	1.283759	2.129078
30210	-997.494	-1065.486	67.99225	0.7620711	0.9662399	1.408398
30216	-995.9837	-1063.941	67.95707	0.8234106	0.7378701	1.582815
30222	-997.6199	-1064.944	67.32405	1.099686	1.184592	1.502406
30228	-1001.437	-1069.368	67.93106	0.8204501	0.9640444	1.412326
30234	-999.3522	-1067.254	67.90146	0.9020995	0.9640444	1.37171
30240	-991.8351	-1060.035	68.1996	1.255176	0.8669148	0.8708228
30246	-1003.869	-1072.109	68.23981	1.490035	0.7607218	0.6455795
30252	-1010.872	-1079.219	68.34641	1.383437	0.7607218	0.6455795
30258	-1007.128	-1075.113	67.98564	1.348667	0.9529227	0.903064
30264	-1007.338	-1075.076	67.73736	1.74229	0.9404459	0.3233237
30270	-1000.616	-1068.86	68.24355	1.005134	0.7220787	1.234346
30276	-994.4512	-1062.451	67.99968	0.9499445	0.8869112	1.320557
30282	-995.2504	-1063.456	68.20567	1.160623	0.8260612	1.01459
30288	-999.8612	-1067.818	67.95657	1.3861	0.8310034	1.032131
30294	-1011.528	-1079.257	67.72894	0.8592978	1.028563	1.48755
30300	-1002.441	-1070.372	67.9309	1.369678	1.105227	0.7572904
30306	-997.6043	-1065.911	68.30694	1.568125	0.6456287	0.6547707
30312	-1000.643	-1068.561	67.91862	1.560655	0.9817904	0.6558555
30318	-998.3057	-1066.463	68.15753	1.235782	0.9817904	0.795114
30324	-996.3986	-1064.211	67.81234	0.9805839	1.194652	1.201763
30330	-990.9248	-1058.804	67.87963	1.138887	1.012683	1.152734
30336	-997.2016	-1065.133	67.93136	1.057874	0.623324	1.541313
30342	-995.4522	-1063.486	68.03379	1.057874	0.7972087	1.28809
30348	-1002.954	-1070.422	67.46812	1.084461	1.459939	1.223762
30354	-1003.839	-1070.658	66.81853	0.7127712	0.8115967	2.363258
30360	-993.4596	-1060.919	67.459	0.6881313	0.6603035	2.088701
30366	-999.0187	-1067.109	68.09048	1.038673	0.4659905	1.618876
30372	-998.1546	-1065.605	67.45037	1.106231	1.109643	1.453085
30378	-1006.021	-1073.186	67.16486	1.055516	1.717604	1.347369
30384	-998.3622	-1065.873	67.51057	0.7793181	0.9484728	1.761709
30390	-999.8332	-1067.598	67.76473	0.6797149	0.6144684	1.933304
30396	-997.0577	-1063.643	66.58506	0.5196175	0.7487612	2.676606
30402	-989.324	-1056.773	67.44935	0.6231917	1.108907	1.803465
30408	-993.8815	-1061.18	67.2988	0.6746587	1.139041	1.852665
30414	-1001.462	-1068.598	67.13554	0.7187485	1.428174	1.769222
30420	-1005.006	-1071.79	66.78337	0.5977406	1.22455	2.196188
30426	-996.4323	-1063.577	67.14438	0.7917501	0.8747484	2.055129
30432	-1000.522	-1068.076	67.55444	0.9711857	1.248723	1.382072
30438	-998.0303	-1065.82	67.78981	0.7087928	1.045874	1.541885
30444	-996.0562	-1063.397	67.34133	0.6166922	0.8920646	2.028054
30450	-996.9008	-1063.704	66.803	0.5322723	0.9538731	2.388378
30456	-995.2567	-1062.128	66.87119	0.4539714	1.080253	2.315497
30462	-998.0402	-1064.824	66.78356	0.5478927	1.080253	2.311487
30468	-998.1643	-1065.507	67.34308	0.3654212	1.138579	2.031408
30474	-994.7076	-1061.956	67.24879	0.2657683	0.874338	2.328608
30480	-991.1278	-1058.32	67.19227	0.5367636	1.219069	1.970319
30486	-997.7803	-1064.15	66.36943	0.4638041	0.9429997	2.70782
30492	-989.4303	-1056.352	66.92139	0.3672409	0.9390263	2.427576
30498	-990.6939	-1057.515	66.82065	0.3917891	0.9390263	2.475434
30504	-993.7426	-1061.512	67.76982	0.5670639	0.7240103	1.906344
30510	-996.5043	-1063.086	66.5819	0.4622008	0.9791239	2.554669
30516	-996.5633	-1063.008	66.44514	0.4963819	0.9495716	2.637
30522	-990.97	-1057.632	66.66223	0.4634275	1.021902	2.477083
30528	-989.7892	-1056.463	66.67428	0.5365928	1.021902	2.423556
30534	-990.6565	-1057.395	66.73833	0.7818429	1.182968	2.129255
30540	-986.8294	-1054.415	67.58608	0.8712183	1.183997	1.477544
30546	-988.4262	-1055.002	66.57622	0.5990827	1.428379	2.222741
30552	-987.4847	-1055.113	67.62873	0.789347	0.9496938	1.670354
30558	-992.7171	-1060.397	67.68008	0.9384832	1.165389	1.365847
30564	-993.1485	-1060.836	67.68777	0.8406264	0.9769587	1.570286
30570	-990.972	-1058.15	67.1783	0.8120393	0.8440185	2.042032
30576	-994.6574	-1062.629	67.97106	1.001083	0.9500682	1.246967
30582	-1003.048	-1070.928	67.88045	0.98894	0.9500682	1.330923
30588	-1012.946	-1080.889	67.94259	1.141138	1.244754	0.8776584
30594	-1009.084	-1077.256	68.17215	1.243533	0.8652038	0.917338
30600	-999.3876	-1067.64	68.2528	0.9606693	0.8305571	1.15187
30606	-995.0219	-1063.062	68.03985	1.09876	0.8674988	1.180859
30612	-996.6098	-1064.602	67.99259	1.051365	0.7778028	1.345238
30618	-997.9535	-1065.961	68.00748	0.9904278	0.8270685	1.335681
30624	-1004.976	-1072.762	67.78628	0.7719163	0.7634375	1.719584
30630	-1004.61	-1072.372	67.76165	0.8276205	1.189417	1.372192
30636	-1002.929	-1070.624	67.69489	1.046746	1.022618	1.374107
30642	-1004.945	-1072.659	67.71406	1.017717	1.032671	1.374107
30648	-1000.321	-1068.09	67.76857	1.038612	0.7856533	1.519972
30654	-1004.423	-1072.441	68.0177	1.111042	0.7627798	1.291626
30660	-999.521	-1067.079	67.55775	1.069372	1.411222	1.191733
30666	-998.5395	-1066.083	67.54371	0.9745095	1.015603	1.549261
30672	-999.4306	-1067.109	67.67822	0.7842458	1.205432	1.459422
30678	-998.0174	-1064.782	66.7646	0.6182074	1.205432	2.205767
30684	-998.04	-1065.643	67.60333	0.8864668	0.6713742	1.848935
30690	-998.5592	-1066.423	67.8634	1.209464	1.127786	0.9995452
30696	-1005.686	-1073.425	67.73903	1.35266	0.8504153	1.237187
30702	-1012.324	-1080.282	67.95804	1.345249	1.111098	0.7451082
30708	-1008.394	-1075.657	67.26235	1.545019	1.894672	0.545203
30714	-1004.236	-1071.421	67.18473	0.6480079	1.120953	1.959237
30720	-1001.67	-1068.746	67.07601	0.5639576	0.9887144	2.170365
30726	-1002.741	-1069.407	66.66614	0.5454125	0.8361203	2.546261
30732	-1009.073	-1075.952	66.87859	0.9632123	1.938151	1.531086
30738	-1007.671	-1075.198	67.52673	0.9987878	0.9111553	1.622411
30744	-1004.388	-1072.056	67.66852	0.7847183	0.9111553	1.674292
30750	-994.7236	-1062.311	67.58768	0.8543859	0.8161834	1.756983
30756	-997.8875	-1065.452	67.56423	0.9071856	0.6784365	1.855063
30762	-999.2771	-1067.019	67.74235	0.8235374	0.6450219	1.821284
30768	-1001.002	-1068.456	67.45391	0.8829379	0.947342	1.729632
30774	-1002.501	-1069.567	67.06575	0.4198969	0.8970796	2.331167
30780	-989.7675	-1057.188	67.42086	0.6201176	0.9392707	1.938883
30786	-992.1027	-1059.955	67.8527	0.6675659	0.9566612	1.591459
30792	-995.2405	-1063.188	67.9479	0.8360471	0.6771304	1.637198
30798	-994.8112	-1061.868	67.05632	0.7284637	1.082383	2.015241
30804	-997.8769	-1065.171	67.29366	0.6088172	1.171034	1.881544
30810	-997.8141	-1064.293	66.47868	0.5035583	1.49892	2.312718
30816	-992.0334	-1059.268	67.23494	0.5582017	1.100191	1.998568
30822	-990.3559	-1057.121	66.76558	0.546101	1.364553	2.166501
30828	-993.3325	-1060.418	67.0851	0.6957444	0.8615315	2.166501
30834	-995.2325	-1062.197	66.96458	0.6721002	0.9415016	2.20393
30840	-994.5663	-1061.524	66.95742	0.7663508	1.40516	1.871383
30846	-992.2432	-1059.374	67.13044	0.5772808	1.123777	2.040861
30852	-995.8249	-1062.931	67.10584	0.6970219	1.186002	1.940048
30858	-996.5779	-1063.894	67.31564	0.7153232	0.9471974	1.940048
30864	-993.1186	-1060.851	67.73271	0.7600692	0.9471974	1.618553
30870	-997.7025	-1065.01	67.30712	0.8811496	1.236981	1.641849
30876	-992.6312	-1060.323	67.69186	0.6904291	0.9528865	1.693463
30882	-988.4105	-1055.9	67.48959	0.7911875	1.225012	1.58221
30888	-989.5159	-1057.28	67.76428	0.7861566	0.9398378	1.58221
30894	-997.4341	-1064.749	67.31482	0.7085449	1.291586	1.726604
30900	-995.3844	-1062.675	67.2908	0.8330769	0.9865616	1.849513
30906	-998.568	-1066.174	67.60601	1.165665	1.315789	1.131046
30912	-997.2297	-1065.223	67.99281	1.106541	0.6606689	1.419078
30918	-996.8718	-1064.704	67.83189	1.271314	0.8298561	1.247137
30924	-993.6466	-1061.959	68.31285	1.336979	0.453158	1.234085
30930	-997.1444	-1064.486	67.34162	0.9199494	0.9653925	1.769264
30936	-1000.737	-1067.932	67.19491	0.6045393	0.9653925	2.081619
30942	-1002.866	-1069.669	66.8035	0.3264521	0.8994107	2.553249
30948	-992.228	-1058.99	66.76168	0.2044159	1.06057	2.553249
30954	-998.8909	-1065.39	66.49868	0.2668144	1.257839	2.568082
30960	-1004.634	-1072.705	68.07076	1.459987	0.9354692	0.6480157
30966	-1002.543	-1070.73	68.18724	1.287948	0.836568	0.8868167
30972	-995.3529	-1062.405	67.05159	0.5533742	1.102961	2.121125
30978	-991.9361	-1059.092	67.15633	0.6314134	1.457965	1.799797
30984	-993.0045	-1060.188	67.18333	0.4417067	1.421843	1.929675
30990	-992.0409	-1059.179	67.1383	0.6670764	0.9511297	2.087401
30996	-991.3753	-1058.654	67.27831	0.5691976	0.6741091	2.27107
31002	-995.4553	-1062.551	67.09582	0.5845933	1.542273	1.831139
31008	-997.8615	-1064.798	66.93644	0.7090683	1.353585	1.951734
31014	-1000.735	-1067.757	67.02172	0.7024744	0.9892859	2.115055
31020	-993.6676	-1061.678	68.01015	0.8652011	0.6652278	1.582488
31026	-1005.378	-1073.591	68.2132	0.9964057	0.6153493	1.382386
31032	-994.6081	-1061.891	67.28285	0.914163	1.233007	1.637998
31038	-988.0366	-1055.851	67.81487	1.039143	0.8956553	1.388785
31044	-991.7105	-1060.054	68.34356	1.301728	0.3833794	1.344532
31050	-993.8678	-1062.142	68.27382	1.238734	0.6989311	1.0238
31056	-1000.588	-1069.217	68.6285	1.078501	0.5608291	1.02372
31062	-993.0337	-1060.73	67.69614	1.160067	1.289119	1.073654
31068	-999.6945	-1067.782	68.08789	1.416705	0.7872673	0.9183911
31074	-1003.855	-1071.748	67.89314	1.32705	1.152409	0.8089373
31080	-997.5222	-1065.69	68.1677	1.195678	0.975734	0.8415203
31086	-992.6436	-1060.613	67.96923	1.17148	0.975734	1.075538
31092	-997.0286	-1064.802	67.7733	1.290552	1.221951	0.9219338
31098	-997.4947	-1065.622	68.12745	1.376182	0.6749911	1.062693
31104	-998.9589	-1067.156	68.19699	1.343687	0.6861327	1.012665
31110	-992.6631	-1060.974	68.31113	1.411152	0.6861327	0.8105388
31116	-1001.58	-1069.828	68.24799	1.350492	0.8069666	0.7747524
31122	-1011.805	-1079.627	67.82179	1.360709	1.169984	0.8369585
31128	-1004.459	-1072.388	67.92914	1.310736	1.169984	0.7601332
31134	-1001.839	-1069.603	67.76401	1.325081	1.348829	0.7607458
31140	-1001.366	-1069.532	68.1665	1.363492	0.9447842	0.627163
31146	-993.1001	-1061.119	68.01941	1.43352	1.024866	0.6170422
31152	-1006.305	-1074.439	68.13424	1.607447	0.7664371	0.5973086
31158	-1002.958	-1070.537	67.57855	1.61939	1.308132	0.6222506
31164	-1004.275	-1071.99	67.71542	1.735537	1.042206	0.4365246
31170	-1001.017	-1068.45	67.43351	1.720396	1.344242	0.3706506
31176	-1002.686	-1070.312	67.62671	1.824497	1.045242	0.4488252
31182	-1004.006	-1071.683	67.67695	1.968991	0.8190684	0.3581058
31188	-1000.196	-1067.191	66.99549	2.092665	1.30563	0.2814275
31194	-1007.836	-1075.482	67.64663	2.092665	0.6811696	0.288068
31200	-1000.973	-1068.362	67.38959	2.092665	0.8958415	0.288068
31206	-1001.356	-1069.201	67.84473	1.967953	0.7018869	0.39271
31212	-1000.769	-1068.799	68.02976	1.674171	0.8021293	0.4270695
31218	-1000.749	-1068.469	67.72046	1.654474	1.132515	0.5030069
31224	-998.018	-1065.717	67.69861	1.631238	1.182264	0.5166296
31230	-1000.355	-1068.517	68.16236	1.094024	1.022761	0.9113383
31236	-998.6934	-1066.657	67.96381	1.072012	1.022761	1.12847
31242	-997.6176	-1065.587	67.96947	1.072012	0.87674	1.254587
31248	-1002.754	-1071.282	68.52769	1.048637	0.6332084	1.047888
31254	-1001.5	-1069.192	67.69274	1.054787	0.7103765	1.632068
31260	-1001.182	-1069.033	67.85035	0.8905453	0.7103765	1.636847
31266	-1000.629	-1068.775	68.14573	1.178201	0.6667151	1.232026
31272	-1005.359	-1073.257	67.89824	1.205755	0.9341131	1.148069
31278	-1000.232	-1068.061	67.82885	1.079799	0.7473849	1.47882
31284	-1004.092	-1071.285	67.19301	0.6968622	1.082127	1.945103
31290	-999.408	-1066.438	67.03024	0.7506801	1.082127	2.017969
31296	-1004.822	-1072.389	67.56631	0.8578887	0.8207245	1.765773
31302	-1008.348	-1075.191	66.84309	0.6797954	0.9318002	2.283697
31308	-1003.812	-1070.115	66.30348	0.6137883	0.7303366	2.805313
31314	-1007.757	-1074.734	66.97663	0.5000252	0.7884012	2.415121
31320	-1009.648	-1077.198	67.55055	0.9521978	0.9309456	1.623662
31326	-1006.767	-1074.117	67.35046	0.8793267	1.426725	1.499237
31332	-1006.77	-1073.366	66.59607	0.6046713	1.31442	2.264082
31338	-1006.232	-1072.907	66.67453	0.4814725	0.9176483	2.524832
31344	-999.6452	-1066.725	67.08001	0.446324	1.192736	2.119622
31350	-1004.338	-1071.326	66.98781	0.3021075	0.8665921	2.47589
31356	-1002.789	-1069.35	66.56101	0.2663627	1.0027	2.673983
31362	-1010.778	-1076.859	66.08035	0.1686571	1.542676	2.750033
31368	-1005.023	-1072.336	67.31283	0.1856274	1.004482	2.251587
31374	-1001.655	-1068.182	66.52767	0.2072103	1.376714	2.527091
31380	-995.9161	-1062.315	66.39925	0.6356325	1.449092	2.302787
31386	-994.6939	-1061.881	67.18736	0.7478607	0.8726546	2.057261
31392	-1001.44	-1068.315	66.87477	0.4940988	0.8726546	2.422059
31398	-1001.288	-1067.839	66.55065	0.4575933	1.459787	2.314656
31404	-998.9494	-1065.167	66.21732	0.5533641	1.459787	2.464873
31410	-1002.825	-1069.862	67.03716	0.5027604	0.879272	2.308971
31416	-1004.443	-1071.182	66.7392	0.4348053	1.261834	2.308971
31422	-1000.951	-1068.169	67.21754	0.8161563	0.8922617	1.977486
31428	-1004.641	-1072.618	67.97656	1.050417	0.8922617	1.252503
31434	-996.7552	-1064.493	67.73741	1.053111	1.18856	1.20838
31440	-996.4102	-1064.374	67.96431	1.161272	0.9938472	1.072547
31446	-998.7208	-1066.917	68.19661	1.216301	0.7356883	1.074117
31452	-1009.401	-1077.593	68.19171	1.117166	0.7356883	1.168054
31458	-1005.237	-1073.136	67.89881	0.9999844	0.8342348	1.407207
31464	-1010.019	-1077.641	67.62202	0.8789442	0.813822	1.71756
31470	-1002.308	-1069.943	67.63564	0.7420099	0.9106417	1.728211
31476	-1001.292	-1068.567	67.27505	0.7438861	1.170183	1.802126
31482	-1000.598	-1067.642	67.04473	0.4905014	1.298847	2.054665
31488	-1000.756	-1067.622	66.86663	0.763245	1.464989	1.904327
31494	-1002.235	-1069.408	67.17364	0.8079192	1.32324	1.73783
31500	-1002.874	-1070.183	67.30871	0.6803985	0.9328807	1.978217
31506	-998.4165	-1066.342	67.926	0.818078	0.8859937	1.481246
31512	-999.0679	-1067.003	67.93465	0.8259019	0.8944599	1.461772
31518	-1000.457	-1068.36	67.9028	1.201079	1.000785	1.086282
31524	-1002.495	-1069.702	67.20724	0.8947188	1.210272	1.719601
31530	-1002.269	-1070.151	67.88169	0.9983539	0.9361006	1.334076
31536	-1003.8	-1072.088	68.28733	1.203976	0.6225883	1.139992
31542	-1004.503	-1072.267	67.76389	1.24947	1.160871	1.028751
31548	-1000.319	-1068.178	67.85895	1.020198	1.088271	1.210392
31554	-1004.652	-1072.298	67.64544	1.079884	1.368175	1.135015
31560	-1003.376	-1071.208	67.83198	0.9625905	1.271656	1.143018
31566	-1003.106	-1070.949	67.84379	0.9590373	1.271283	1.135932
31572	-1002.965	-1070.587	67.62268	1.113395	0.9775005	1.413619
31578	-1001.065	-1068.945	67.87936	1.113338	0.9085421	1.266327
31584	-998.2244	-1066.095	67.87047	1.085313	1.002859	1.215492
31590	-999.6952	-1067.392	67.69672	0.7705226	0.9852794	1.608742
31596	-1002.837	-1070.111	67.27399	0.5850762	0.7868425	2.171736
31602	-1008.397	-1075.571	67.17427	0.4718843	1.114717	2.086982
31608	-998.0231	-1065.173	67.1503	0.5599314	1.114717	2.044707
31614	-998.512	-1065.743	67.23093	0.7094475	1.253219	1.806776
31620	-992.5077	-1059.478	66.97007	0.7979204	1.082239	2.026488
31626	-993.4443	-1060.948	67.50395	0.7979204	0.9669554	1.739964
31632	-1002.419	-1069.742	67.3229	0.8070899	1.145803	1.739964
31638	-1000.95	-1068.082	67.13211	0.5872395	1.234412	1.968001
31644	-996.7267	-1064.143	67.41647	0.7636223	1.319839	1.597998
31650	-996.16	-1063.393	67.23257	0.7518027	1.040538	1.908146
31656	-998.6569	-1065.661	67.00449	0.7547455	1.600035	1.748046
31662	-993.5761	-1061.452	67.87594	1.032526	0.9519691	1.297799
31668	-998.3429	-1065.541	67.19832	1.032526	1.771711	1.310657
31674	-997.5629	-1064.865	67.30243	0.8236429	1.430968	1.573716
31680	-1011.557	-1078.776	67.2188	0.4613326	1.087923	2.081022
31686	-1000.927	-1067.605	66.6778	0.4953144	1.22686	2.328437
31692	-995.6522	-1063.059	67.40637	0.6103642	0.9713469	1.932847
31698	-1000.344	-1067.528	67.18409	0.6796428	0.9713469	2.035135
31704	-1006.596	-1073.641	67.04438	0.5985624	1.149944	2.06797
31710	-998.797	-1065.325	66.52777	0.4630572	1.108345	2.509832
31716	-1008.246	-1075.06	66.81347	0.5207882	1.596845	2.038512
31722	-1002.01	-1069.039	67.02908	0.8651171	1.085117	1.940299
31728	-1002.688	-1069.826	67.13821	0.8430769	1.204328	1.807419
31734	-1004.457	-1071.588	67.13122	0.7428726	1.087391	1.952385
31740	-1001.781	-1069.419	67.63771	0.871389	0.9234838	1.624777
31746	-1003.926	-1071.408	67.48222	0.807719	1.269042	1.548103
31752	-1011.964	-1079.867	67.90305	1.133216	1.208302	0.9638444
31758	-1005.977	-1073.898	67.92103	0.9769949	0.9715564	1.289867
31764	-997.4245	-1065.404	67.97975	1.141434	0.9065479	1.158778
31770	-1005.017	-1072.966	67.94993	0.9938084	0.7903429	1.412082
31776	-1003.769	-1071.69	67.92107	0.9030821	1.129909	1.224372
31782	-1009.053	-1076.879	67.82621	1.14753	0.9459818	1.249186
31788	-1004.938	-1072.472	67.53358	1.49988	1.411736	0.769951
31794	-996.8315	-1064.359	67.52795	1.432166	1.490001	0.7899695
31800	-1004.327	-1072.534	68.20685	1.636451	0.5608987	0.8797231
31806	-1006.552	-1075.049	68.4968	1.789611	0.4133742	0.5197906
31812	-998.9761	-1067.072	68.09563	1.569196	0.6872443	0.8791795
31818	-998.0326	-1066.423	68.3907	1.535229	0.587646	0.7139446
31824	-1003.235	-1071.717	68.4815	1.405704	0.5443495	0.8580564
31830	-1000.662	-1068.727	68.06484	1.288177	0.7585201	1.103301
31836	-995.7773	-1064.358	68.58089	1.297822	0.5354848	0.8843188
31842	-994.7706	-1062.868	68.09688	1.271595	1.021028	0.7753304
31848	-997.4793	-1065.35	67.87104	1.488356	1.030284	0.7753304
31854	-999.0944	-1066.772	67.67813	1.40003	1.349774	0.7753304
31860	-1006.722	-1074.102	67.38016	1.364918	1.82096	0.7753304
31866	-1000.563	-1068.619	68.05594	1.594347	0.7957098	0.7161724
31872	-1004.733	-1072.769	68.03578	1.053766	1.02949	1.073204
31878	-990.2956	-1057.992	67.69626	1.061491	0.8886237	1.468725
31884	-994.5996	-1062.667	68.06756	0.9784019	0.6522166	1.468725
31890	-1000.238	-1067.541	67.30332	0.988459	1.132823	1.633325
31896	-994.6565	-1061.863	67.20649	0.9108441	1.089822	1.784732
31902	-999.7935	-1067.561	67.76727	0.8038796	1.026328	1.502037
31908	-992.9118	-1059.959	67.04767	0.9690779	1.234716	1.764637
31914	-989.9995	-1057.608	67.60859	0.701795	0.9249652	1.764637
31920	-994.1173	-1061.019	66.90174	0.5426887	0.9815092	2.301004
31926	-989.2823	-1056.428	67.14524	0.6079228	0.9660141	2.111589
31932	-996.4938	-1064.024	67.53005	0.8123761	0.9660141	1.712093
31938	-998.2909	-1066.313	68.02255	0.7921303	0.9660141	1.361343
31944	-999.093	-1066.885	67.7918	0.8774553	1.087926	1.381679
31950	-997.1265	-1064.985	67.85866	0.8105936	1.087926	1.381679
31956	-998.2913	-1065.5	67.20881	0.8113759	1.344567	1.698499
31962	-1002.77	-1070.2	67.42928	0.784295	1.016015	1.767178
31968	-998.5999	-1066.332	67.73224	0.7110375	0.896744	1.692431
31974	-996.3179	-1063.645	67.32705	0.7695266	0.896744	1.931966
31980	-1001.441	-1068.039	66.59836	0.699394	1.528288	2.094762
31986	-997.3579	-1064.291	66.93346	0.4707688	1.005505	2.311275
31992	-1000.777	-1068.273	67.49582	0.664967	0.832526	1.936943
31998	-995.6268	-1063.027	67.40056	0.827745	0.832526	1.891246
32004	-997.0637	-1064.502	67.43869	1.318084	1.082298	1.316346
32010	-994.2315	-1062.444	68.21207	1.092722	0.7004786	1.210379
32016	-993.6694	-1062.131	68.46133	1.320161	0.5432817	0.9762839
32022	-990.7418	-1058.998	68.25667	1.1797	0.5346436	1.29806
32028	-992.9454	-1060.593	67.64717	0.9885556	1.243059	1.29806
32034	-999.2491	-1067.301	68.05152	1.081147	0.8095214	1.242213
32040	-996.1801	-1064.35	68.1701	1.207154	0.7793963	1.057118
32046	-994.4199	-1062.388	67.96795	1.11793	1.039224	1.067737
32052	-1000.509	-1068.91	68.40078	1.369065	0.6580824	0.7973575
32058	-996.5789	-1064.724	68.14549	1.296389	0.762685	1.014226
32064	-996.7118	-1064.97	68.25784	1.239039	0.605561	1.156627
32070	-993.5524	-1061.226	67.67377	1.299098	1.395611	0.8642309
32076	-987.1206	-1055.45	68.32942	1.217281	0.5592777	1.173206
32082	-988.8444	-1056.903	68.0584	1.06805	0.886506	1.173206
32088	-994.4021	-1062.549	68.14656	1.255112	0.6452217	1.190784
32094	-995.0442	-1062.779	67.7349	0.9372027	0.7931042	1.61267
32100	-995.7812	-1062.965	67.18343	0.9995098	0.7058975	2.025148
32106	-991.3367	-1058.963	67.62673	0.9172359	0.8314666	1.672594
32112	-987.2819	-1054.835	67.55315	0.8833235	0.8314666	1.748544
32118	-990.0198	-1057.365	67.34562	0.5530415	1.128099	1.910384
32124	-994.4827	-1061.616	67.13317	0.4838198	0.8480375	2.281981
32130	-1000.268	-1068.223	67.95544	0.7821564	0.9193822	1.458846
32136	-1000.574	-1068.336	67.76179	0.972973	1.241763	1.216749
32142	-1000.207	-1067.908	67.70106	0.9862142	0.7248381	1.662056
32148	-988.9577	-1055.862	66.90402	0.5755792	1.075712	2.219177
32154	-991.933	-1059.32	67.38741	0.4956259	1.014863	1.993194
32160	-994.0916	-1061.76	67.66861	0.6209317	1.014863	1.714692
32166	-996.3216	-1063.198	66.87639	0.5497563	0.9735914	2.317813
32172	-997.1361	-1063.66	66.52397	0.7359997	1.241241	2.26508
32178	-997.2723	-1064.298	67.0256	0.5783734	0.9582431	2.213823
32184	-993.4544	-1060.401	66.94618	0.6035556	1.011861	2.213823
32190	-990.159	-1057.603	67.44406	0.7061096	0.9981169	1.823464
32196	-996.3826	-1063.639	67.25668	0.6674661	0.934995	2.020044
32202	-994.9912	-1062.279	67.28767	0.5683715	1.289428	1.844063
32208	-993.6626	-1060.991	67.32854	0.7168296	0.9979015	1.895282
32214	-1007.208	-1074.533	67.32451	0.9705042	0.9500914	1.756954
32220	-1010.891	-1078.333	67.44269	0.9957683	1.418166	1.343236
32226	-996.9044	-1064.864	67.95989	0.8216042	0.8070122	1.520262
32232	-999.1135	-1066.852	67.73836	0.7605373	1.102935	1.501399
32238	-1000.649	-1068.356	67.70681	0.6965377	1.002863	1.642128
32244	-998.788	-1065.949	67.16099	0.5222712	0.832093	2.251112
32250	-1000.68	-1067.687	67.00699	0.4345865	1.282422	2.125121
32256	-992.5174	-1059.869	67.35205	0.4545845	1.303995	1.869683
32262	-991.5086	-1059.119	67.61086	0.5002003	1.061977	1.807338
32268	-996.2466	-1063.639	67.39257	0.7184956	1.061977	1.807338
32274	-997.2681	-1064.745	67.47663	0.8769981	0.8502257	1.791403
32280	-997.2063	-1065.369	68.16287	1.138429	0.8881956	1.009923
32286	-996.4437	-1064.027	67.58318	1.286198	1.172378	1.152348
32292	-994.8071	-1062.445	67.63783	0.8728076	1.032237	1.542781
32298	-999.2152	-1066.673	67.4574	0.8908981	0.9102661	1.749091
32304	-999.197	-1066.856	67.65866	0.8930966	0.8485729	1.653099
32310	-996.9312	-1064.319	67.38814	0.9119921	1.447669	1.4338
32316	-997.5174	-1064.934	67.41667	0.6791084	1.023232	1.843724
32322	-999.8259	-1067.163	67.33699	0.7316537	1.019156	1.865045
32328	-988.4031	-1055.836	67.43322	0.6661573	1.074203	1.807375
32334	-990.3122	-1057.182	66.86961	0.7070902	1.074203	2.157176
32340	-990.9656	-1058.258	67.29278	0.7584689	1.074203	1.840529
32346	-990.9769	-1058.264	67.28674	0.6333094	1.018335	1.966143
32352	-988.4613	-1055.655	67.1941	0.7503193	0.9984452	1.963055
32358	-991.9565	-1059.541	67.58485	0.8481285	1.13048	1.531659
32364	-993.8175	-1061.375	67.55772	1.120987	1.52677	1.068012
32370	-994.5017	-1062.513	68.01088	1.367014	0.961905	0.841073
32376	-996.2876	-1064.114	67.82611	1.38047	1.029454	0.9578468
32382	-999.0367	-1066.865	67.82861	1.618708	1.045319	0.5718557
32388	-997.4757	-1065.482	68.00677	1.712816	0.7862163	0.4182398
32394	-993.6863	-1061.927	68.24111	1.408557	0.7324425	0.8271271
32400	-993.1745	-1061.361	68.18609	1.640548	0.7118962	0.5062263
32406	-994.0315	-1061.958	67.92605	1.640548	0.931457	0.4511902
32412	-994.0128	-1061.756	67.74361	1.738077	1.016533	0.4610397
32418	-1002.229	-1070.293	68.0642	1.529631	0.8593252	0.6869207
32424	-996.34	-1064.765	68.42458	1.338875	0.7241465	0.6705535
32430	-989.6095	-1057.181	67.57107	0.9201017	0.9047882	1.652065
32436	-994.6757	-1062.92	68.24416	1.092462	0.7714067	1.103914
32442	-1001.344	-1069.663	68.31931	0.9314614	0.8001402	1.15019
32448	-1003.774	-1071.328	67.55458	0.9797375	1.666947	1.110798
32454	-998.853	-1066.741	67.88787	0.8143765	1.021798	1.405495
32460	-988.7005	-1056.076	67.37515	0.7732911	1.074308	1.773266
32466	-998.7459	-1066.181	67.43462	0.918402	0.8741289	1.773266
32472	-1001.702	-1069.401	67.69879	0.7948756	0.6233769	1.891402
32478	-992.7666	-1060.187	67.42055	0.8210085	0.6473756	2.038052
32484	-996.5149	-1064.176	67.66126	0.7412046	0.9372267	1.69074
32490	-998.2664	-1065.617	67.35064	0.7688304	1.010391	1.836166
32496	-999.5814	-1066.668	67.0862	0.4664283	0.7151602	2.424291
32502	-1001.482	-1068.849	67.36656	0.5861102	0.8387194	2.070895
32508	-1000.819	-1067.771	66.95267	0.6318771	1.34389	1.997722
32514	-998.2707	-1065.073	66.80226	0.3741514	1.471603	2.200974
32520	-995.5295	-1062.78	67.25087	0.4178418	0.9155163	2.200974
32526	-1005.81	-1072.452	66.64221	0.2968828	1.077311	2.560137
32532	-998.6069	-1065.206	66.59865	0.2142831	1.077311	2.638244
32538	-995.8815	-1062.17	66.28831	0.2718714	1.27168	2.687709
32544	-996.2945	-1063.062	66.76761	0.2586528	0.8946654	2.620706
32550	-1007.496	-1074.335	66.83951	0.3109564	0.8946654	2.543691
32556	-1002.271	-1069.085	66.81413	0.3264568	0.9037913	2.543691
32562	-999.707	-1066.795	67.08777	0.477249	1.054354	2.177078
32568	-998.8129	-1066.677	67.86439	0.6906457	1.043917	1.501269
32574	-993.3826	-1061.227	67.844	0.8942442	0.8671494	1.501269
32580	-995.9349	-1063.073	67.13824	0.7080308	1.322837	1.832028
32586	-1004.414	-1071.391	66.97696	0.6139225	1.284788	2.025476
32592	-1005.4	-1072.661	67.26026	0.33062	1.284788	2.025476
32598	-997.3542	-1064.559	67.20456	0.380222	1.300923	2.020702
32604	-990.4908	-1057.856	67.36531	0.7539151	0.8406764	1.958637
32610	-985.2807	-1052.669	67.38793	0.9467296	0.8406764	1.812019
32616	-988.531	-1056.062	67.53092	0.6901989	0.5864938	2.108714
32622	-990.0521	-1056.832	66.78001	0.6632913	1.117761	2.217291
32628	-990.1095	-1057.065	66.95579	0.4919821	0.8081557	2.418608
32634	-995.2071	-1062.265	67.05799	0.6461798	1.269811	1.95815
32640	-995.6504	-1063.219	67.56889	0.6913642	1.269811	1.569482
32646	-995.9487	-1063.201	67.25276	0.4395691	0.7082954	2.341474
32652	-1006.159	-1073.664	67.50448	1.073549	1.292483	1.311352
32658	-1011.226	-1079.167	67.94115	1.013872	0.7550138	1.436348
32664	-998.9112	-1066.563	67.6519	0.6849408	1.182586	1.568156
32670	-996.8042	-1064.246	67.44217	0.6722803	0.8208555	1.977093
32676	-995.8424	-1062.803	66.96076	0.384158	1.3465	2.154202
32682	-993.1218	-1059.44	66.31803	0.5439469	1.3465	2.462561
32688	-991.8801	-1059.068	67.18772	0.5324513	1.265004	1.950095
32694	-999.8625	-1067.318	67.45571	0.758628	0.8847907	1.860845
32700	-992.7478	-1060.209	67.46144	0.9301399	1.187473	1.524527
32706	-994.6812	-1061.358	66.67718	0.5248246	1.494794	2.173248
32712	-993.991	-1061.196	67.20535	0.6897154	1.118747	1.918614
32718	-992.0618	-1059.389	67.32667	0.8016714	0.8857389	1.918614
32724	-987.7204	-1054.625	66.90446	0.509782	1.265289	2.152264
32730	-997.3759	-1064.793	67.41734	0.7704086	0.7456808	1.988361
32736	-989.2969	-1056.769	67.47213	0.6527858	1.271501	1.666405
32742	-988.7051	-1056.125	67.41953	1.047548	1.362656	1.354834
32748	-990.9032	-1058.734	67.83055	0.9785521	1.045511	1.302417
32754	-1005.137	-1073.278	68.14149	1.120649	0.9120968	1.023018
32760	-1004.414	-1072.391	67.9776	1.233855	0.8638598	1.120013
32766	-1013.656	-1081.682	68.02567	1.033291	0.9574946	1.166249
32772	-1005.97	-1073.481	67.51172	1.11434	1.3201	1.2535
32778	-1006.362	-1073.556	67.1944	0.8234923	1.3201	1.714041
32784	-1004.14	-1071.97	67.83006	1.201915	1.374414	0.8114436
32790	-994.8779	-1062.839	67.9607	1.021776	0.648026	1.520749
32796	-992.7823	-1060.656	67.87407	1.119002	0.6789254	1.481466
32802	-1009.689	-1076.75	67.06159	0.6551181	1.126479	2.033267
32808	-1004.397	-1071.809	67.41198	0.6238186	1.090121	1.840835
32814	-1004.112	-1071.403	67.29096	0.8457567	1.184718	1.710813
32820	-1015.962	-1083.73	67.76821	1.751611	0.9730613	0.568945
32826	-1009.209	-1076.716	67.50641	1.854429	1.085262	0.348663
32832	-1003.249	-1070.527	67.27788	0.5847781	0.9087403	2.079167
32838	-1001.074	-1068.237	67.16388	0.7568573	1.664048	1.601504
32844	-997.4578	-1065.052	67.5938	0.6662154	0.8342487	1.868302
32850	-990.6084	-1058.021	67.41213	0.6125775	1.071679	1.860348
32856	-991.5985	-1059.075	67.47697	0.901124	0.9651426	1.687461
32862	-992.0205	-1060.038	68.0179	0.9461714	0.9651426	1.240693
32868	-995.2257	-1062.353	67.12706	1.03806	1.863756	1.316724
32874	-993.2791	-1061.115	67.83586	1.091956	0.9988183	1.242472
32880	-986.6441	-1054.494	67.85038	0.9630223	0.9408233	1.382885
32886	-995.9894	-1064.424	68.43498	1.361002	0.6454763	0.7853166
32892	-1003.598	-1072.003	68.40474	1.031494	0.7879213	0.9894366
32898	-995.7444	-1063.896	68.15131	1.264985	0.9426887	0.8178235
32904	-1001.242	-1069.295	68.05316	1.517069	0.9315668	0.5264205
32910	-998.5319	-1066.899	68.36715	1.08604	0.8235956	0.9279184
32916	-998.1798	-1065.994	67.81457	1.12308	1.172983	1.09025
32922	-997.4118	-1065.186	67.77429	1.084571	1.287461	1.072449
32928	-993.3471	-1060.826	67.47904	0.9458079	1.242346	1.463931
32934	-1006.701	-1074.342	67.64051	1.045085	0.9626727	1.463931
32940	-996.4269	-1063.43	67.00334	0.75965	1.075585	2.033973
32946	-998.8997	-1066.633	67.73288	0.8183094	0.8940269	1.617217
32952	-994.6973	-1062.294	67.59678	0.8583597	0.7700821	1.786025
32958	-1001.192	-1069.108	67.91562	0.8574915	0.742087	1.584347
32964	-997.7376	-1065.213	67.47506	0.896402	1.090763	1.60377
32970	-992.9507	-1060.377	67.4258	0.8134022	1.160169	1.65338
32976	-996.1129	-1063.716	67.60274	0.7626562	1.056704	1.631527
32982	-990.8254	-1058.112	67.28612	0.7483359	0.9755904	1.917952
32988	-988.8764	-1056.139	67.26249	0.8403601	1.231848	1.705873
32994	-990.6808	-1057.684	67.00331	0.879231	1.553397	1.684287
33000	-990.7069	-1058.266	67.55893	0.7585063	1.030134	1.684287
33006	-996.4039	-1064.039	67.63533	0.8869833	1.364368	1.309536
33012	-994.5489	-1062.061	67.51183	1.060809	1.364368	1.268428
33018	-987.879	-1055.569	67.69032	1.153779	1.018012	1.295806
33024	-990.3771	-1058.151	67.77388	1.111949	0.8687025	1.387048
33030	-997.1468	-1064.716	67.56972	0.9285727	0.7350493	1.786094
33036	-994.6244	-1061.706	67.08156	0.8201918	0.8868458	2.069044
33042	-995.1311	-1063.033	67.90188	1.006303	0.9134631	1.330769
33048	-993.7528	-1061.52	67.76688	1.156216	0.8996006	1.330769
33054	-990.7107	-1058.117	67.40643	1.015368	1.407814	1.362764
33060	-992.5745	-1060.014	67.43985	0.975576	0.8539766	1.745372
33066	-997.2606	-1065.208	67.94734	1.078821	0.5210724	1.626853
33072	-1001.381	-1068.961	67.5802	1.032562	1.18583	1.35614
33078	-997.8858	-1065.648	67.76255	1.057718	0.7316361	1.559379
33084	-1001.21	-1068.991	67.78119	0.6823303	0.7316361	1.813141
33090	-990.8772	-1058.117	67.23959	0.7498837	0.7521384	2.114178
33096	-992.1105	-1058.467	66.35656	0.6562158	1.481779	2.301298
33102	-990.6777	-1057.453	66.77532	0.4837627	1.17697	2.301298
33108	-989.4736	-1056.566	67.09188	0.7581226	1.283329	1.851658
33114	-1000.922	-1068.097	67.17445	0.7817769	1.159815	1.851658
33120	-1004.305	-1072.117	67.81263	0.3925099	0.7681102	1.958254
33126	-1003.791	-1071.251	67.45923	0.6757421	1.317528	1.632033
33132	-996.7244	-1063.921	67.19632	0.7837662	1.203093	1.808996
33138	-994.9479	-1062.368	67.4197	0.6945781	0.9992342	1.847357
33144	-990.2341	-1057.216	66.98213	0.7373421	1.014849	2.101423
33150	-1001.832	-1070.003	68.17159	1.132516	0.8002209	1.102134
33156	-1004.014	-1072.11	68.09601	1.130638	0.5629436	1.429078
33162	-1000.965	-1068.859	67.89405	1.041611	1.004637	1.231003
33168	-999.1975	-1067.157	67.9595	1.139227	1.054666	1.04133
33174	-1001.256	-1068.77	67.51364	0.9982711	0.649495	1.854126
33180	-998.8483	-1065.893	67.0448	0.8479665	1.232148	1.85184
33186	-997.1982	-1064.754	67.55589	0.8753083	1.119294	1.540572
33192	-996.7896	-1064.81	68.02002	1.223475	0.7097273	1.251915
33198	-1003.07	-1071.072	68.00164	1.10507	1.056443	1.031978
33204	-1000.793	-1068.919	68.12616	1.10507	0.6852645	1.288346
33210	-996.3061	-1063.986	67.67958	1.075066	1.168853	1.253245
33216	-1003.048	-1071.004	67.95578	0.9615139	0.9209797	1.316999
33222	-999.4725	-1067.408	67.93571	1.226256	0.9209797	1.108487
33228	-1005.971	-1073.884	67.91335	1.282007	1.060608	0.9378197
33234	-1003.588	-1071.672	68.08385	1.112116	0.9288308	1.069349
33240	-1006.94	-1074.808	67.86876	0.9132161	0.6611416	1.654051
33246	-1007.754	-1075.447	67.69298	1.191785	0.8918042	1.367941
33252	-1023.705	-1090.235	66.53014	0.7133297	1.750291	2.030058
33258	-1009.265	-1076.284	67.01883	0.401572	1.088685	2.249438
33264	-1003.215	-1069.524	66.30929	0.4339944	1.336499	2.541732
33270	-1002.795	-1070.116	67.32039	0.9151311	0.6941085	2.000375
33276	-1003.539	-1070.613	67.07476	0.9405566	1.164315	1.808244
33282	-1002.246	-1070.127	67.8809	1.231167	1.210166	0.8791493
33288	-1001.7	-1070.186	68.48665	1.510094	0.5543635	0.6771377
33294	-999.3258	-1067.518	68.19172	1.447943	0.8236114	0.6771377
33300	-999.9956	-1068.148	68.15215	1.520083	0.7948984	0.6791011
33306	-1001.927	-1069.472	67.54466	1.484536	1.554173	0.5609416
33312	-1016.648	-1083.89	67.242	1.724863	1.640688	0.5689009
33318	-1004.566	-1072.591	68.02444	1.762522	0.7410942	0.5381497
33324	-1009.026	-1076.575	67.54899	1.408631	1.458531	0.824034
33330	-1007.439	-1075.188	67.74837	1.752866	0.9991504	0.5219224
33336	-1008.974	-1076.683	67.70884	1.792313	0.9991504	0.4777781
33342	-1003.501	-1071.324	67.82264	2.08586	0.5932231	0.3248667
33348	-1002.664	-1070.145	67.48103	2.033714	0.8791591	0.2981612
33354	-1011.165	-1077.935	66.76984	2.211889	1.382119	0.2552402
33360	-1005.662	-1073.074	67.41154	2.20856	0.7039643	0.238677
33366	-1002.397	-1069.767	67.36998	2.257311	0.6539917	0.2141793
33372	-1003.286	-1070.059	66.77308	2.257311	1.209559	0.2141793
33378	-1000.46	-1067.561	67.1012	2.338852	0.754685	0.1946122
33384	-1003.209	-1069.778	66.5695	2.338852	1.149629	0.161978
33390	-1000.07	-1066.572	66.50163	2.595583	0.7600073	0.1196831
33396	-999.1407	-1065.269	66.12817	2.577989	1.060105	0.1096842
33402	-1002.308	-1068.524	66.21563	2.509272	1.182951	0.1303867
33408	-1000.791	-1067.217	66.42689	2.462756	1.025229	0.1336494
33414	-998.7711	-1065.055	66.28443	2.47088	1.288616	0.1542785
33420	-1002.977	-1069.408	66.43175	2.47088	1.081953	0.1467977
33426	-999.8996	-1066.404	66.50433	2.432699	0.9283811	0.1247298
33432	-999.6147	-1066.388	66.77327	2.416411	0.8673735	0.1619085
33438	-1001.315	-1068.135	66.81993	2.345814	0.9515207	0.1790716
33444	-1006.286	-1073.06	66.77399	2.299749	1.103794	0.1962833
33450	-1001.49	-1068.341	66.85076	2.378999	0.9078712	0.1841828
33456	-993.9784	-1060.768	66.78974	2.378999	1.005343	0.196401
33462	-987.8533	-1054.639	66.78561	2.329287	1.029069	0.1869495
33468	-993.7435	-1060.497	66.75315	2.376963	1.013611	0.1869495
33474	-994.5767	-1061.353	66.77641	2.39832	0.9418015	0.1787544
33480	-995.4785	-1062.317	66.83814	2.432369	0.779159	0.1569529
33486	-998.12	-1064.984	66.86391	2.425165	0.7750253	0.160105
33492	-990.8484	-1057.349	66.50054	2.387535	1.134869	0.1542055
33498	-994.3667	-1060.832	66.46531	2.387535	1.221239	0.1637856
33504	-1000.946	-1067.759	66.81297	2.392557	1.078321	0.2373911
33510	-1003.125	-1070.521	67.39576	2.044011	0.9352696	0.28782
33516	-1009.929	-1077.7	67.77103	1.862364	0.8535114	0.3999175
33522	-1002.879	-1070.229	67.34971	2.091143	0.9685601	0.314784
33528	-1004.446	-1071.75	67.30342	2.091143	0.9611879	0.2760337
33534	-999.5451	-1066.906	67.36087	2.091143	0.8166479	0.2257288
33540	-1005.637	-1072.419	66.78281	2.139244	1.44865	0.2508413
33546	-1009.246	-1075.841	66.59466	2.260318	1.209065	0.1617645
33552	-1014.79	-1082.802	68.01164	0.965461	0.9544953	1.238982
33558	-1001.855	-1069.745	67.88968	1.433108	1.033851	0.8197511
33564	-998.9484	-1066.514	67.56586	2.236046	0.5477058	0.2219193
33570	-991.989	-1058.656	66.66674	2.232008	1.436007	0.2353046
33576	-995.7792	-1062.504	66.72449	2.288263	1.047625	0.1642363
33582	-998.1975	-1065.009	66.81178	2.304639	0.8843762	0.14959
33588	-991.6415	-1058.025	66.38323	2.35439	1.270229	0.1471719
33594	-999.6341	-1066.815	67.18118	2.217036	0.860277	0.2240736
33600	-1004.643	-1071.384	66.74153	2.108032	1.466207	0.2240736
33606	-1015.536	-1082.458	66.92218	1.960453	1.521142	0.2582194
33612	-1012.222	-1079.505	67.28295	0.9989162	1.598417	1.362827
33618	-1017.673	-1085.06	67.38722	1.124622	1.598417	1.172723
33624	-1004.107	-1071.648	67.54067	1.779601	1.174093	0.4125874
33630	-1001.972	-1070.215	68.24345	1.510147	0.7470091	0.6297017
33636	-1005.04	-1072.811	67.77126	1.596056	1.111731	0.6245737
33642	-1001.654	-1069.677	68.02376	1.523725	0.929111	0.6245737
33648	-1006.948	-1074.927	67.97911	1.480493	0.9257583	0.7838905
33654	-1016.458	-1084.446	67.9884	1.647453	0.8683894	0.5466528
33660	-1008.006	-1076.113	68.10712	1.49497	0.8683894	0.6504803
33666	-1000.833	-1068.807	67.9742	1.343126	1.038087	0.8214554
33672	-1002.375	-1070.13	67.75443	1.091813	1.004722	1.304773
33678	-996.0124	-1064.054	68.0412	0.8088263	0.8322633	1.446487
33684	-996.3211	-1064.036	67.71491	1.111615	1.027779	1.302287
33690	-998.7284	-1066.376	67.64799	1.017228	1.202666	1.302287
33696	-1002.001	-1069.398	67.39712	1.191892	1.78106	0.986515
33702	-1000.253	-1068.643	68.39033	1.232578	0.594427	1.056369
33708	-1001.638	-1069.558	67.92011	1.361009	1.153702	0.7188726
33714	-999.6386	-1067.85	68.21186	1.294883	0.8471109	0.8348542
33720	-996.0751	-1064.019	67.94405	1.441091	0.9984	0.7834253
33726	-995.6989	-1063.316	67.61686	1.234942	1.074001	1.244814
33732	-997.2951	-1065.288	67.99297	1.146933	0.6026512	1.450375
33738	-1003.095	-1071.255	68.15952	1.122273	0.6507377	1.28501
33744	-1001.466	-1069.69	68.22372	1.03647	0.661314	1.290876
33750	-1006.109	-1073.644	67.53472	1.145547	1.121201	1.348629
33756	-1004.934	-1072.59	67.6559	1.082163	1.121201	1.302219
33762	-993.6312	-1061.433	67.80212	0.9707701	0.8730916	1.470193
33768	-996.1292	-1064.142	68.01312	1.133087	0.9568895	1.088394
33774	-991.151	-1059.139	67.98817	1.088016	0.9568895	1.151657
33780	-994.7929	-1062.805	68.01168	1.023348	0.7966756	1.334378
33786	-1000.426	-1067.888	67.46201	0.8733695	1.226483	1.541124
33792	-996.0637	-1064.055	67.99149	0.8371668	0.8590865	1.439583
33798	-1004.735	-1072.468	67.73289	1.045522	0.7680073	1.557046
33804	-999.747	-1068.113	68.36574	0.8887746	0.7680073	1.180623
33810	-1006.137	-1073.661	67.52374	0.9184944	1.464677	1.311959
33816	-1001.51	-1069.177	67.66756	1.023026	1.050567	1.39277
33822	-1001.353	-1069.303	67.95013	0.8701422	0.9240445	1.39134
33828	-998.7859	-1066.603	67.81731	1.08693	0.9037343	1.342265
33834	-1005.845	-1073.399	67.55339	0.991977	1.266855	1.354507
33840	-996.2138	-1063.944	67.73031	0.991977	0.7074804	1.652893
33846	-993.5911	-1061.287	67.69573	1.161294	1.072214	1.241865
33852	-993.7601	-1061.673	67.91302	1.198996	0.9886025	1.090074
33858	-1005.241	-1073.072	67.8304	1.257206	0.9886025	1.112425
33864	-992.2815	-1060.316	68.03481	1.262244	0.9764465	0.9175818
33870	-998.2523	-1066.332	68.07965	1.318633	0.8612443	0.9409642
33876	-995.9225	-1063.974	68.0515	1.316339	0.5930834	1.281473
33882	-1000.671	-1068.6	67.92931	0.7206417	0.9472167	1.502882
33888	-1004.235	-1072.208	67.97226	0.9445218	0.9472167	1.295049
33894	-1003.861	-1071.75	67.88905	0.8650338	0.677151	1.658616
33900	-1009.546	-1077.609	68.06216	0.9274202	0.6259274	1.538339
33906	-1008.658	-1076.114	67.45596	0.7264	0.9148087	1.860503
33912	-1007.056	-1074.375	67.31907	0.6343816	1.298483	1.771581
33918	-1008.207	-1075.587	67.37934	1.042586	0.8155055	1.771581
33924	-999.998	-1067.742	67.744	0.8946492	0.644279	1.771581
33930	-1003.901	-1070.917	67.01542	0.6264718	1.086644	2.106927
33936	-1001.755	-1068.96	67.20476	0.6887617	0.8425311	2.106927
33942	-990.9	-1058.872	67.97231	0.9364329	0.6624231	1.560778
33948	-993.7168	-1061.354	67.63705	0.9480686	0.6624231	1.791539
33954	-993.2086	-1060.382	67.17297	0.6472174	0.6875041	2.277179
33960	-991.2333	-1057.977	66.74354	0.4874568	1.398825	2.201437
33966	-988.0164	-1055.125	67.10909	0.4247597	1.047692	2.201437
33972	-994.5466	-1061.367	66.82026	0.2553099	1.053569	2.489162
33978	-1001.137	-1068.055	66.91845	0.2758085	1.117172	2.376819
33984	-1003.94	-1071.378	67.43839	0.2772097	1.191996	1.995017
33990	-1002.845	-1070.637	67.79156	0.2896179	0.826439	1.995017
33996	-996.4042	-1063.316	66.91172	0.2738692	0.8422939	2.558034
34002	-993.3669	-1060.316	66.94879	0.22613	0.8517214	2.558034
34008	-1000.249	-1067.328	67.07884	0.1687364	0.8517214	2.512781
34014	-1000.126	-1066.496	66.3694	0.2063372	0.8517214	2.924579
34020	-990.7934	-1057.726	66.93264	0.3531093	1.178044	2.283639
34026	-995.3113	-1062.23	66.91826	0.3850945	0.7504598	2.55247
34032	-993.5394	-1059.998	66.45834	0.586678	0.9813615	2.552684
34038	-996.6125	-1063.616	67.00385	0.404857	0.9813615	2.323886
34044	-997.4164	-1064.669	67.2531	0.5082021	0.9813615	2.095982
34050	-989.7528	-1056.812	67.05879	0.5618862	1.12755	2.095982
34056	-996.7439	-1064.032	67.28823	0.7228428	0.8941839	1.991212
34062	-1003.819	-1071.361	67.54209	0.5783493	0.7976936	1.991212
34068	-996.1081	-1063.303	67.19498	0.6500203	0.7976936	2.172493
34074	-1006.641	-1072.802	66.16051	0.4298033	1.516728	2.551246
34080	-1012.867	-1080.698	67.83118	0.8658089	0.9545036	1.461679
34086	-1002.928	-1070.743	67.81506	0.9432432	0.9545036	1.414682
34092	-1001.688	-1068.868	67.1798	0.9288137	0.9485774	1.886515
34098	-1001.102	-1068.659	67.55674	0.8223675	0.9485774	1.698893
34104	-1008.532	-1075.994	67.46244	0.6439372	0.7379136	2.048885
34110	-998.0684	-1065.345	67.27631	0.8040756	0.7379136	2.066054
34116	-1001.613	-1069.068	67.45498	0.9277197	0.9590074	1.688679
34122	-1000.904	-1068.626	67.72246	0.9090324	0.5480655	1.873458
34128	-1005.848	-1072.945	67.09668	0.7470921	0.910365	2.090441
34134	-1012.109	-1079.046	66.93683	0.6363024	0.8485936	2.309614
34140	-1014.766	-1081.607	66.84035	0.3910811	1.344501	2.22875
34146	-1008.031	-1075.148	67.11759	0.6574295	1.271528	1.909403
34152	-1004.811	-1071.959	67.14827	0.6341834	1.26264	1.909403
34158	-1003.324	-1070.41	67.08571	0.3097715	1.26264	2.165915
34164	-1000.29	-1067.374	67.08375	0.3117342	1.26264	2.165915
34170	-992.4499	-1059.235	66.78473	0.1508923	0.8797914	2.686568
34176	-995.0731	-1061.169	66.09634	0.355912	1.28676	2.746174
34182	-996.2183	-1063.75	67.5321	0.5018582	0.8865934	1.981451
34188	-995.2843	-1062.299	67.01489	0.7589774	1.263675	1.914627
34194	-993.7863	-1060.985	67.19871	0.6594935	1.166014	1.914627
34200	-992.4919	-1059.85	67.35832	0.6191103	1.187466	1.820254
34206	-993.6014	-1061.21	67.6082	0.6156206	1.030962	1.749758
34212	-1000.856	-1068.128	67.27282	0.6085558	0.8383755	2.117978
34218	-1001.13	-1069.07	67.93989	0.7056373	0.8854687	1.555153
34224	-1002.342	-1069.547	67.20497	0.8344413	0.8854687	1.978623
34230	-1005.351	-1072.654	67.30324	0.7452715	0.9000546	1.96189
34236	-1003.694	-1070.778	67.08383	0.7218611	1.047628	2.023375
34242	-1000.346	-1068.073	67.72752	0.6885612	1.047628	1.601162
34248	-992.4082	-1060.246	67.83796	0.7525098	0.8551953	1.619853
34254	-990.1833	-1056.887	66.70354	0.5274139	1.079477	2.375827
34260	-995.2819	-1062.694	67.41188	1.007082	1.12186	1.547879
34266	-1001.302	-1069.295	67.99291	0.6273829	0.9740721	1.504364
34272	-999.1023	-1066.857	67.75486	0.9669659	0.9740721	1.427311
34278	-1004.528	-1072.206	67.67789	0.8681523	1.036875	1.513113
34284	-1005.435	-1072.999	67.56382	0.7074311	0.7436913	1.933983
34290	-1000.212	-1067.901	67.68923	0.708181	0.8547512	1.757375
34296	-1010.991	-1078.245	67.25431	0.3336646	0.8213478	2.320017
34302	-1001.39	-1069.072	67.68157	0.7928763	0.9708232	1.614175
34308	-1004.522	-1072.382	67.85994	0.7970829	0.9708232	1.47924
34314	-1010.757	-1077.552	66.795	0.576949	1.410333	2.103844
34320	-994.1075	-1061.279	67.17113	0.564402	1.098167	2.038115
34326	-994.8597	-1061.557	66.69771	0.6147919	1.098167	2.312853
34332	-998.1692	-1065.035	66.86623	0.4462753	1.098167	2.312853
34338	-1000.985	-1067.746	66.76118	0.4743416	1.293593	2.252682
34344	-991.9816	-1058.813	66.831	0.746393	0.8579227	2.300187
34350	-994.9688	-1062.022	67.0529	0.7346453	0.8579227	2.164773
34356	-1000.995	-1068.337	67.34165	0.4263905	0.7868384	2.230629
34362	-1001.558	-1068.131	66.57285	0.6277913	1.233326	2.307361
34368	-995.8543	-1062.969	67.11462	0.4183429	0.8166265	2.358488
34374	-1004.011	-1070.821	66.81073	0.4404064	0.8532052	2.509513
34380	-999.3778	-1066.533	67.15474	0.5773005	0.8532052	2.2042
34386	-1001.677	-1068.385	66.70845	0.4413708	1.290809	2.309032
34392	-995.2099	-1062.182	66.97219	0.4374674	1.101208	2.248824
34398	-1000.392	-1067.611	67.21897	0.3407571	0.8421652	2.322806
34404	-1004.95	-1072.342	67.39213	0.2811293	0.8421652	2.250147
34410	-995.9558	-1063.118	67.16198	0.1960691	0.9532442	2.37438
34416	-999.2954	-1066.371	67.07541	0.136881	1.058411	2.400304
34422	-1000.247	-1067.004	66.75661	0.2175612	1.329925	2.400304
34428	-994.2649	-1060.756	66.49117	0.4663771	1.027396	2.578508
34434	-998.237	-1064.807	66.56962	0.3886672	1.119777	2.523564
34440	-1000.358	-1065.943	65.58484	0.3488305	1.131065	3.139983
34446	-1004.817	-1071.171	66.35403	0.2397766	1.437013	2.58586
34452	-993.6064	-1061.017	67.41042	0.4828081	0.6427096	2.26914
34458	-988.9546	-1055.897	66.94276	0.481776	0.780484	2.453883
34464	-994.8391	-1061.302	66.46325	0.3832169	1.194734	2.55138
34470	-1008.983	-1077.101	68.11819	1.032438	0.8840362	1.154381
34476	-1003.498	-1071.328	67.82929	1.071957	0.9742053	1.285021
34482	-997.8697	-1065.469	67.59943	0.9747283	1.245959	1.3456
34488	-1003.454	-1071.538	68.08346	1.016607	0.6991163	1.378754
34494	-998.9317	-1067.298	68.36654	0.9416882	0.5519926	1.378754
34500	-999.7276	-1066.886	67.15875	0.74009	1.287318	1.815817
34506	-1001.95	-1069.411	67.46115	0.8961446	0.9963926	1.6797
34512	-1003.342	-1070.913	67.57157	0.8641858	0.8493329	1.734783
34518	-998.3655	-1066.14	67.77444	1.126883	1.033417	1.236021
34524	-998.6484	-1067.014	68.36595	1.078297	0.6544499	1.142443
34530	-1000.713	-1068.81	68.09695	0.9973792	0.6194576	1.466701
34536	-1001.015	-1068.554	67.53953	0.9587637	1.11072	1.496441
34542	-1001.668	-1068.382	66.71391	0.7924564	1.365962	2.03804
34548	-992.9025	-1060.77	67.86751	0.9643026	0.8822676	1.417383
34554	-996.5047	-1063.698	67.19364	1.179399	1.380542	1.417383
34560	-997.0322	-1065.078	68.04615	1.049886	0.5543968	1.537478
34566	-1001.348	-1068.753	67.40541	1.040263	0.8842122	1.700422
34572	-996.7307	-1063.968	67.2374	0.6587871	1.185406	1.877178
34578	-1001.165	-1068.52	67.35547	0.5402426	1.18594	1.877178
34584	-997.5432	-1065.398	67.85442	1.325541	0.797581	1.214176
34590	-997.9967	-1065.593	67.59623	1.330568	1.302463	0.9946736
34596	-996.2575	-1064.404	68.1469	1.330568	0.907838	0.7856162
34602	-991.5449	-1059.58	68.03547	1.177709	0.7528358	1.231802
34608	-992.2671	-1060.348	68.08115	1.139364	0.6600642	1.324371
34614	-997.3653	-1065.084	67.71871	1.181987	1.065895	1.210062
34620	-1004.878	-1071.901	67.02305	1.08038	1.645363	1.475558
34626	-1006.268	-1073.703	67.4348	1.291101	1.245987	1.221222
34632	-1002.201	-1069.751	67.55046	1.079714	1.099433	1.403772
34638	-1011.197	-1078.773	67.57654	0.8702376	1.030035	1.591261
34644	-1006.869	-1074.165	67.29595	1.011649	1.502818	1.396313
34650	-1003.374	-1070.226	66.85169	0.8403388	1.20319	2.004224
34656	-996.9584	-1063.735	66.77617	0.8830614	1.458488	1.887696
34662	-999.8537	-1067.111	67.25725	0.5053636	1.098455	2.019968
34668	-1000.776	-1068.498	67.72128	0.720462	0.9151407	1.679444
34674	-997.5467	-1065.156	67.60952	1.000067	0.7423819	1.701636
34680	-1002.356	-1068.866	66.51042	0.5696062	1.167995	2.419941
34686	-1003.29	-1069.945	66.65532	0.4867805	0.7587959	2.645947
34692	-1001.559	-1068.517	66.95809	0.1793908	1.020235	2.470707
34698	-1005.434	-1072.426	66.99194	0.0744093	1.198776	2.411476
34704	-1006.975	-1073.741	66.766	0.1213386	1.199949	2.523094
34710	-1004.18	-1070.375	66.1955	0.1061386	1.249051	2.85702
34716	-1003.74	-1070.42	66.67963	0.1954967	0.8970459	2.712124
34722	-1000.723	-1067.241	66.51818	0.2176999	1.006772	2.727637
34728	-996.8741	-1063.376	66.50229	0.2521825	1.184736	2.613858
34734	-1001.895	-1068.552	66.65701	0.3166011	0.9547578	2.613858
34740	-1000.373	-1066.994	66.62146	0.1511241	1.069862	2.667457
34746	-1002.221	-1069.127	66.90618	0.2009758	1.069862	2.459608
34752	-999.2441	-1066.272	67.02746	0.8027772	0.792076	2.186395
34758	-1005.215	-1072.821	67.6063	0.9676767	0.6058008	1.853755
34764	-1004.187	-1071.143	66.95647	0.4824141	0.9826284	2.303822
34770	-1003.035	-1069.913	66.87763	0.3947627	0.9826284	2.409489
34776	-1003.282	-1070.147	66.865	0.5249904	0.8715832	2.409489
34782	-999.099	-1066.834	67.73546	0.9593307	0.7299355	1.652059
34788	-1004.473	-1071.938	67.46502	1.040414	0.8385907	1.694205
34794	-999.4585	-1066.74	67.28163	0.6527008	0.945599	2.005886
34800	-1005.569	-1072.895	67.3259	0.9312447	1.122926	1.664663
34806	-998.5885	-1066.185	67.59645	0.7974818	1.122926	1.565592
34812	-1000.566	-1068.192	67.62606	1.17685	0.9382976	1.393158
34818	-999.8977	-1067.649	67.75114	0.988211	1.312898	1.161789
34824	-995.2706	-1062.862	67.59132	0.9551711	1.155633	1.428763
34830	-1012.076	-1078.827	66.7501	0.8652488	2.048576	1.648902
34836	-1002.841	-1069.946	67.10565	0.8142816	0.9254134	2.02956
34842	-1004.638	-1071.352	66.71403	0.4296247	0.8513866	2.57768
34848	-998.978	-1065.525	66.5473	0.350846	0.9249724	2.679611
34854	-1003.166	-1069.916	66.75072	0.5361777	1.402131	2.163519
34860	-1005.333	-1072.661	67.32845	0.8126263	0.7238082	2.037687
34866	-998.936	-1066.156	67.21968	0.6300695	1.318917	1.831824
34872	-998.1771	-1065.664	67.4868	0.9291776	0.8992805	1.709815
34878	-999.6312	-1067.597	67.96552	1.042118	0.8799653	1.279603
34884	-1000.393	-1068.114	67.72096	0.996663	0.7902026	1.582053
34890	-993.7793	-1061.896	68.11679	1.192035	0.899709	0.9898775
34896	-994.0961	-1062.467	68.37094	1.378212	0.6723903	0.7992004
34902	-995.648	-1063.885	68.23677	1.078154	0.8777107	1.007827
34908	-998.5836	-1066.584	68.00034	1.254437	0.9744829	0.9648232
34914	-996.558	-1064.605	68.04699	1.254437	0.9477045	0.9448197
34920	-1000.143	-1068.119	67.97667	1.217416	0.9477045	1.052411
34926	-997.422	-1065.458	68.0359	1.015916	0.8479337	1.272657
34932	-998.8309	-1066.869	68.03796	1.040075	0.5887149	1.512445
34938	-1002.376	-1069.972	67.59561	1.017018	1.017233	1.477553
34944	-1002.906	-1070.531	67.62493	0.8882417	0.9585273	1.595219
34950	-1000.537	-1067.648	67.11092	0.7280759	1.130758	1.949012
34956	-1001.195	-1068.472	67.27641	0.8232117	1.240762	1.702785
34962	-1001.169	-1068.973	67.804	0.9453096	0.7089985	1.632065
34968	-998.9417	-1066.994	68.05257	0.9969247	0.8514328	1.271312
34974	-1004.018	-1071.691	67.67285	1.007346	0.8767195	1.536638
34980	-999.9189	-1067.225	67.30593	0.7712629	0.8923864	1.948213
34986	-1008.15	-1075.185	67.03484	0.6016848	1.170014	2.060368
34992	-1008.178	-1075.706	67.52769	0.6236883	0.8400126	1.937517
34998	-1008.589	-1076.118	67.52936	1.005487	0.9526104	1.583879
35004	-1007.165	-1074.686	67.52171	0.8854569	0.9788324	1.656748
35010	-1000.184	-1068.267	68.08251	1.04445	0.9284903	1.132902
35016	-997.8603	-1066.012	68.15218	1.050195	0.8707957	1.121243
35022	-1004.929	-1072.547	67.61736	1.038896	1.362257	1.199523
35028	-1007.696	-1075.109	67.41301	1.036955	1.653674	1.193306
35034	-1010.069	-1077.925	67.85546	1.044828	1.316959	1.009336
35040	-1007.749	-1075.39	67.64092	1.101752	0.9796296	1.406836
35046	-1003.119	-1070.352	67.23337	0.9827565	1.063665	1.733003
35052	-994.7904	-1062.205	67.4143	0.9368193	1.050525	1.646074
35058	-997.7962	-1065.832	68.03571	1.125049	0.954764	1.076917
35064	-1002.396	-1070.176	67.78006	1.085776	1.053702	1.249273
35070	-1002.669	-1070.629	67.95993	1.132627	0.6957276	1.388096
35076	-1005.266	-1073.008	67.74184	1.353548	1.159365	0.9470219
35082	-1004.39	-1072.409	68.01858	1.380815	1.093311	0.5805047
35088	-1006.153	-1073.946	67.79283	1.61745	1.093311	0.5207581
35094	-1012.016	-1079.875	67.85956	1.365507	1.200248	0.7424675
35100	-1014.376	-1081.776	67.3995	1.365476	1.82494	0.7424675
35106	-1011.835	-1080.116	68.28058	1.320319	0.727032	0.8935548
35112	-1015.028	-1082.416	67.38775	0.8176445	0.7573761	1.966885
35118	-1014.731	-1081.705	66.97429	0.4823937	0.907372	2.342514
35124	-1006.108	-1073.12	67.01231	0.4522905	1.436404	2.029583
35130	-1003.045	-1070.388	67.34301	0.5073152	0.9061492	2.089109
35136	-1004.475	-1071.626	67.15125	0.5995884	0.9303009	2.137408
35142	-1006.774	-1073.315	66.54076	0.4255275	1.07814	2.542739
35148	-1007.72	-1074.757	67.03764	0.3653039	1.299689	2.141058
35154	-1002.449	-1069.367	66.91807	0.3889362	0.9400811	2.415301
35160	-1003.609	-1071.117	67.50777	0.3443443	0.7409496	2.212542
35166	-998.851	-1065.925	67.0735	0.3683123	1.01872	2.278874
35172	-997.5676	-1064.245	66.677	0.4500124	1.191286	2.377272
35178	-999.1542	-1065.899	66.74526	0.7916218	1.276788	2.065598
35184	-990.6253	-1058.104	67.47888	0.7090296	1.046837	1.764078
35190	-988.6856	-1055.963	67.27738	0.9400411	1.046837	1.743435
35196	-1001.603	-1069.138	67.5354	0.9257265	1.046837	1.568816
35202	-1003.71	-1071.717	68.00676	0.9469288	0.7528216	1.439448
35208	-1002.534	-1069.97	67.43563	0.9014533	0.9968913	1.693711
35214	-1002.667	-1070.478	67.8109	1.084815	1.14779	1.148502
35220	-996.5686	-1064.347	67.7782	1.033776	1.065188	1.284679
35226	-993.9692	-1061.417	67.44738	0.9181901	0.9902576	1.678203
35232	-1002.133	-1069.288	67.15444	0.8502916	0.9613481	1.947842
35238	-1004.851	-1072.44	67.58866	0.8016564	1.032177	1.630674
35244	-1006.046	-1073.879	67.83343	0.9986612	0.8337062	1.4589
35250	-1009.462	-1077.36	67.89823	0.8043753	0.9526107	1.4589
35256	-1009.981	-1077.666	67.6849	0.6154244	1.174277	1.600196
35262	-1006.889	-1074.09	67.20061	0.7902224	0.937531	1.97379
35268	-997.5981	-1065.048	67.45031	0.7261934	1.051824	1.768678
35274	-996.9065	-1064.457	67.55028	0.9479496	1.051824	1.537907
35280	-1005.422	-1073.11	67.68762	1.087004	1.138524	1.259268
35286	-1009.376	-1077.305	67.92859	1.034072	0.9449724	1.259268
35292	-1004.265	-1071.768	67.50277	0.921268	0.9337751	1.67798
35298	-1002.089	-1069.263	67.17412	0.7269993	1.074503	1.942381
35304	-1000.392	-1067.933	67.54142	0.7457079	1.271726	1.548525
35310	-1000.953	-1068.313	67.35986	0.8005752	1.271726	1.640818
35316	-1009.582	-1077.038	67.45589	0.9046905	1.271726	1.493813
35322	-1007.479	-1075.19	67.71083	0.9046905	1.093307	1.419539
35328	-1008.024	-1075.485	67.46099	0.8335128	1.284112	1.535453
35334	-1007.608	-1075.282	67.67443	0.6916068	1.042924	1.640635
35340	-1001.28	-1068.798	67.51754	1.151039	1.393495	1.167659
35346	-994.9432	-1062.926	67.98246	0.9946585	0.8885185	1.296884
35352	-996.6501	-1064.642	67.99232	0.8692206	0.9991236	1.296884
35358	-994.4018	-1062.269	67.86757	0.8673946	1.131775	1.296884
35364	-992.4038	-1060.421	68.0169	1.02718	0.8580791	1.269621
35370	-999.4816	-1067.398	67.91666	1.02718	0.8328333	1.373292
35376	-998.3904	-1066.114	67.72354	1.022653	1.021758	1.371184
35382	-994.6705	-1062.646	67.97562	1.094881	0.7296915	1.371184
35388	-999.1602	-1067.238	68.07771	1.009586	0.7538426	1.333958
35394	-1001.113	-1069.486	68.3728	1.2204	0.7633692	0.8495826
35400	-993.7842	-1062.008	68.22351	1.43138	0.8168439	0.6625675
35406	-994.0938	-1062.454	68.36029	1.422975	0.7172309	0.6477514
35412	-990.9972	-1059.299	68.30192	1.41893	0.7827981	0.6005292
35418	-988.7657	-1056.703	67.93724	1.41893	1.071301	0.7205394
35424	-990.7745	-1058.712	67.93745	1.41893	1.102504	0.6676931
35430	-996.2933	-1064.048	67.755	1.420661	1.102504	0.9163237
35436	-993.8615	-1061.547	67.68506	1.249322	1.111913	1.143226
35442	-997.238	-1065.084	67.84551	1.219302	1.111913	1.02193
35448	-990.9064	-1059.178	68.27125	1.251073	0.773535	0.917049
35454	-989.435	-1057.422	67.98668	1.290452	0.940099	0.9783904
35460	-997.3797	-1065.498	68.11809	1.129082	0.9782496	0.968731
35466	-992.9211	-1061.198	68.27708	1.090696	0.7263539	1.126279
35472	-1001.729	-1070.01	68.28079	1.049073	0.6160333	1.285398
35478	-995.5542	-1063.541	67.98682	1.087013	0.9611744	1.149823
35484	-997.5769	-1065.081	67.5036	1.033098	0.9386002	1.593189
35490	-995.6393	-1063.319	67.67985	0.940641	0.9417496	1.529117
35496	-996.1997	-1063.797	67.5976	0.9783138	1.330499	1.287921
35502	-1001.042	-1068.564	67.52193	1.108578	1.431543	1.175338
35508	-1002.135	-1070.033	67.89826	1.09958	1.120751	1.078105
35514	-1001.35	-1069.198	67.84806	1.153869	0.9759977	1.199218
35520	-997.3049	-1065.236	67.93071	0.9927165	0.8269353	1.394575
35526	-1005.624	-1073.884	68.26097	1.130691	0.6612382	1.180499
35532	-1003.82	-1071.493	67.6731	1.056194	1.193938	1.255938
35538	-998.7235	-1065.741	67.01791	1.010986	1.193938	1.780695
35544	-1006.85	-1074.524	67.67429	1.169027	1.265082	1.104041
35550	-996.3195	-1064.256	67.93647	1.205283	1.201699	0.8527199
35556	-1000.351	-1067.906	67.55493	1.205283	1.182737	1.238337
35562	-996.8443	-1064.905	68.06117	1.167802	0.6320081	1.348522
35568	-991.9348	-1060.096	68.1614	1.00897	0.6320081	1.394636
35574	-996.478	-1064.234	67.75601	0.931273	1.050999	1.395022
35580	-995.3204	-1063.239	67.91833	1.010512	1.075331	1.17814
35586	-997.4805	-1065.541	68.06012	0.9648792	0.6541096	1.482617
35592	-992.1831	-1059.264	67.0808	0.598479	1.29089	1.963124
35598	-996.2773	-1063.411	67.13387	0.7795114	1.187105	1.864424
35604	-1000.787	-1067.472	66.68421	0.5106808	0.960795	2.472252
35610	-1000.166	-1067.301	67.13517	0.8715381	1.056457	1.882542
35616	-1002.251	-1070.127	67.87528	0.9163441	0.8452912	1.479574
35622	-1000.716	-1068.567	67.85069	1.138441	0.9189306	1.260082
35628	-1003.061	-1070.869	67.80829	0.9311568	0.7391021	1.611562
35634	-1000.761	-1068.403	67.64225	1.176705	1.219145	1.160773
35640	-1003.848	-1071.65	67.80227	1.011002	0.7895683	1.511941
35646	-1006.972	-1074.708	67.73551	0.8725001	0.8929353	1.576724
35652	-1004.686	-1072.027	67.3412	0.8013188	1.16127	1.721388
35658	-1013.964	-1081.583	67.61903	0.9392528	0.7612815	1.721388
35664	-1008.069	-1076.174	68.10505	1.026688	0.7292552	1.322925
35670	-999.2636	-1067.221	67.95725	1.044352	1.040029	1.143965
35676	-998.1658	-1065.957	67.79114	1.174588	1.040029	1.175494
35682	-993.269	-1060.962	67.69295	0.8792149	1.037823	1.492847
35688	-1000.966	-1068.427	67.46021	1.151038	0.94518	1.533318
35694	-1004.818	-1072.43	67.61268	0.804007	0.7977053	1.789744
35700	-1013.513	-1080.98	67.46779	0.9767803	1.200218	1.476431
35706	-1007.622	-1074.882	67.26037	0.9534993	1.602204	1.413896
35712	-1003.949	-1071.519	67.5694	0.8620702	0.9117481	1.689325
35718	-997.5583	-1065.01	67.45174	0.8165751	0.9391447	1.783521
35724	-1002.738	-1070.098	67.35995	1.135546	1.632345	1.166454
35730	-994.4049	-1061.259	66.85426	0.730595	1.382361	1.977202
35736	-1002.927	-1070.097	67.1697	0.6109008	1.148832	1.977202
35742	-1003.39	-1070.524	67.13412	0.6464741	1.148832	1.977202
35748	-1004.919	-1072.575	67.6566	0.5903535	0.9473222	1.792415
35754	-1006.88	-1074.295	67.41465	0.5773433	1.287688	1.750879
35760	-1010.71	-1077.434	66.72492	0.4968147	1.270508	2.273801
35766	-1010.523	-1078.106	67.58275	0.7856646	0.9186085	1.728716
35772	-1001.78	-1069.43	67.65027	0.8507235	0.7344412	1.784746
35778	-1001.809	-1069.511	67.70191	0.7990785	0.7344412	1.784746
35784	-1000.405	-1067.698	67.29271	0.8719506	1.003482	1.809763
35790	-995.031	-1062.451	67.4202	0.818268	1.340149	1.543175
35796	-994.8316	-1062.819	67.98712	0.9431258	0.8770558	1.344724
35802	-994.223	-1062.154	67.93116	1.115389	1.038138	1.105147
35808	-999.0778	-1067.098	68.01971	1.141851	0.8314618	1.196172
35814	-997.219	-1064.774	67.55552	0.9627343	0.8844983	1.64845
35820	-998.6448	-1066.784	68.13961	1.142035	0.7582336	1.167397
35826	-1002.2	-1070.005	67.80466	1.125135	1.237524	1.044904
35832	-1005.259	-1073.237	67.97872	1.056706	1.064229	1.092293
35838	-1001.494	-1068.552	67.05829	0.8238882	0.6781609	2.245333
35844	-998.492	-1066.075	67.58316	0.8526	0.6781609	1.879661
35850	-1003.788	-1071.214	67.42568	0.6941812	0.6781609	2.090846
35856	-998.4838	-1065.517	67.03319	0.5853723	1.138467	2.090846
35862	-1002.582	-1070.121	67.5388	0.7069651	1.2489	1.592913
35868	-1009.104	-1076.568	67.46473	0.7784892	1.407238	1.500378
35874	-1001.662	-1069.137	67.47553	0.7502385	0.9905098	1.776413
35880	-1003.516	-1070.975	67.45889	0.7175806	1.057755	1.764723
35886	-1012.301	-1079.158	66.85674	0.7197599	1.775449	1.793426
35892	-1012.091	-1079.579	67.48739	0.8569599	1.147549	1.585515
35898	-1004.026	-1071.391	67.36502	0.6325485	1.147549	1.83084
35904	-998.1891	-1065.773	67.58396	0.8912002	0.88853	1.676113
35910	-992.2012	-1059.838	67.63653	0.9442816	0.8673085	1.617042
35916	-995.0033	-1063.142	68.13828	1.102469	0.5263203	1.461909
35922	-997.9228	-1066.025	68.10257	1.073601	0.5348671	1.500415
35928	-1002.194	-1069.433	67.23815	0.9589433	1.22134	1.645124
35934	-1010.37	-1078.622	68.25268	1.203017	0.9064128	0.8166289
35940	-1005.442	-1072.906	67.46404	1.16037	1.311016	1.260998
35946	-1002.016	-1070.336	68.31978	1.243516	0.6607173	1.02385
35952	-997.5066	-1065.81	68.30324	1.269152	0.6607173	1.014928
35958	-1007.848	-1076.023	68.17545	1.140048	0.6147644	1.298588
35964	-1007.654	-1075.041	67.38659	0.9947206	1.21393	1.515012
35970	-1004.158	-1072.275	68.11753	0.8776465	0.7812037	1.38053
35976	-1004.048	-1071.131	67.0834	0.734767	0.9488159	2.08057
35982	-1000.107	-1067.009	66.90253	0.583407	1.251686	2.112904
35988	-995.5375	-1062.635	67.0974	0.4871949	1.140775	2.11176
35994	-990.0355	-1057.026	66.99047	0.5949109	1.139912	2.11176
36000	-991.712	-1059.303	67.5905	0.7641057	1.139912	1.583069
36006	-989.4448	-1056.712	67.26712	0.702595	1.106148	1.875825
36012	-991.448	-1058.961	67.51269	1.114906	1.052911	1.439714
36018	-991.5148	-1059.378	67.86354	0.8723261	0.9448032	1.439714
36024	-995.59	-1062.849	67.25873	0.96841	0.8800637	1.855638
36030	-999.1137	-1066.526	67.41263	0.8471401	1.359242	1.516053
36036	-1005.692	-1073.116	67.42387	0.7467909	0.9139065	1.869157
36042	-1001.259	-1068.25	66.99147	0.6140203	0.9139065	2.242879
36048	-991.3445	-1059.289	67.94466	0.783496	0.9139065	1.470449
36054	-997.7913	-1065.517	67.72603	0.9389499	1.159951	1.332834
36060	-1004.86	-1072.234	67.37384	0.5375068	1.07072	1.937906
36066	-1000.912	-1068.196	67.2831	0.6594391	1.135289	1.876116
36072	-997.0983	-1064.171	67.0727	0.7643575	1.038998	2.008077
36078	-994.851	-1062.231	67.3795	0.6381354	1.038998	1.886579
36084	-998.2669	-1065.718	67.45154	0.9858534	0.669342	1.886579
36090	-996.8646	-1064.356	67.49189	1.209763	1.306468	1.199037
36096	-994.6134	-1062.27	67.65672	0.847326	0.8045677	1.723024
36102	-996.9484	-1064.495	67.54696	1.150106	0.7021425	1.67586
36108	-997.6255	-1065.456	67.83028	0.8861353	1.197616	1.263945
36114	-1001.761	-1069.117	67.35654	1.020075	1.033888	1.63934
36120	-995.8514	-1063.99	68.13886	1.016338	0.4685921	1.596704
36126	-1002.634	-1070.067	67.43354	0.8992494	0.9774004	1.710681
36132	-1009.059	-1076.587	67.52798	1.009526	0.726244	1.766529
36138	-999.3531	-1067.404	68.0512	1.191998	0.8971077	1.056824
36144	-1000.171	-1067.805	67.63484	0.913233	0.8971077	1.617052
36150	-1002.951	-1071.063	68.11182	1.087545	0.9063174	1.088555
36156	-1005.751	-1074.121	68.37001	1.161126	0.5256888	1.231439
36162	-1005.638	-1074.089	68.45174	1.267456	0.4811285	1.131971
36168	-1006.344	-1074.673	68.32931	1.202702	0.6469647	1.071759
36174	-1009.079	-1076.275	67.19587	0.4874843	1.056376	2.098575
36180	-1013.877	-1081.909	68.03165	1.194132	0.769711	1.203587
36186	-1013.665	-1082.064	68.39941	1.061184	0.769711	0.986971
36192	-1012.622	-1080.799	68.17771	1.123254	0.7035511	1.210244
36198	-1008.064	-1075.979	67.91498	0.7772824	0.895537	1.512334
36204	-1003.691	-1070.779	67.08839	0.7450776	0.895537	2.107706
36210	-998.8403	-1066.11	67.26962	0.6899356	1.281064	1.777336
36216	-1002.661	-1069.289	66.62818	0.5343003	1.279046	2.307164
36222	-996.5456	-1063.889	67.34344	0.7501393	1.123935	1.779279
36228	-1002.368	-1069.41	67.04183	0.8299211	1.052601	1.976132
36234	-998.1664	-1065.581	67.41504	0.7758371	1.002697	1.79216
36240	-1005.462	-1072.255	66.79266	0.3768303	1.091122	2.407761
36246	-1010.958	-1077.891	66.93231	0.6393979	1.097536	2.146142
36252	-1007.683	-1074.302	66.61848	0.6203171	1.501421	2.146142
36258	-1003.228	-1070.923	67.69479	0.9212167	0.6092902	1.82143
36264	-1003.909	-1071.415	67.50546	0.7337331	1.02748	1.741372
36270	-1000.317	-1067.668	67.35145	0.6752574	1.010521	1.899413
36276	-1003.443	-1070.532	67.08919	0.8218874	0.679175	2.225847
36282	-1005.316	-1072.192	66.876	2.239517	0.9599148	0.168034
36288	-1010.724	-1077.714	66.98981	2.239517	0.8963822	0.1804958
36294	-1015.071	-1081.746	66.67438	2.291656	1.271739	0.2099348
36300	-1007.931	-1075.351	67.41978	1.017918	1.273676	1.434014
36306	-1001.009	-1068.767	67.75835	1.175413	0.944315	1.283652
36312	-995.859	-1063.445	67.58559	0.9126107	1.364116	1.329114
36318	-995.956	-1063.188	67.23167	0.9065588	0.8690865	1.924336
36324	-995.411	-1063.337	67.92628	1.220388	0.8690865	1.17232
36330	-999.2501	-1067.444	68.19398	0.9526849	0.8690865	1.17232
36336	-999.2555	-1066.832	67.57688	0.7707657	1.092872	1.619608
36342	-998.3227	-1065.283	66.95984	0.6917121	1.214923	2.024385
36348	-996.8404	-1064.289	67.44856	0.9579313	1.073159	1.590353
36354	-992.5915	-1060.06	67.4687	1.028937	1.541848	1.219384
36360	-1003.066	-1071.047	67.98083	1.398701	0.7159985	1.127566
36366	-1002.944	-1070.984	68.04028	0.9077103	1.049808	1.182677
36372	-1005.52	-1073.316	67.79509	0.8138085	1.049808	1.456278
36378	-1006.512	-1074.091	67.57944	0.9161666	1.049808	1.541287
36384	-994.5922	-1061.362	66.77011	0.5201518	0.9962117	2.389553
36390	-992.8841	-1060.464	67.58	0.7720219	0.7338016	1.887665
36396	-990.3712	-1058.073	67.70133	0.6538379	0.8876484	1.761413
36402	-999.6473	-1067.182	67.53481	0.8958944	0.9548442	1.657512
36408	-987.7356	-1055.271	67.53498	0.9417932	0.9569138	1.622838
36414	-987.2446	-1055.142	67.8969	0.7969268	0.9569138	1.462189
36420	-987.2749	-1054.906	67.63117	0.9715246	1.054992	1.457201
36426	-992.0924	-1059.456	67.3641	1.037403	1.540398	1.299968
36432	-988.6077	-1055.907	67.29894	0.9685616	1.540398	1.406268
36438	-990.0217	-1057.487	67.46523	0.9950319	1.003321	1.60065
36444	-992.275	-1060.036	67.76063	0.8819016	1.163393	1.348282
36450	-994.3913	-1062.466	68.07472	1.023434	0.8486414	1.233437
36456	-996.3901	-1064.475	68.08465	0.8783438	0.8001849	1.388034
36462	-988.3617	-1056.265	67.90321	1.103864	1.044941	1.134849
36468	-999.6913	-1067.877	68.1854	1.067371	0.8131409	1.134849
36474	-992.6833	-1060.678	67.99504	0.9626713	1.07928	1.149556
36480	-990.3399	-1058.097	67.7572	1.098813	1.294242	1.069884
36486	-993.9495	-1062.158	68.20873	1.609076	0.5553014	0.9181066
36492	-997.6926	-1065.883	68.19041	1.525444	0.8019542	0.5064243
36498	-994.1771	-1062.306	68.12843	1.488791	0.8508166	0.6600559
36504	-1004.287	-1071.96	67.67328	1.377432	1.328654	0.8339761
36510	-999.2621	-1066.932	67.66965	1.359954	1.442802	0.7405717
36516	-1003.553	-1071.314	67.76059	1.35077	1.380135	0.6842888
36522	-1001.009	-1068.763	67.75319	1.373693	1.300967	0.7620293
36528	-1005.788	-1073.444	67.65543	1.150798	1.307541	1.105868
36534	-1005.271	-1073.041	67.76941	1.140398	1.185246	1.105868
36540	-1005.175	-1073.368	68.19313	1.05374	0.7313499	1.225986
36546	-1009.692	-1077.134	67.44131	1.022594	1.578243	1.225986
36552	-1007.413	-1074.569	67.15664	0.9941963	1.379652	1.584588
36558	-1002.994	-1070.704	67.71087	1.072701	1.238212	1.17743
36564	-993.8253	-1061.78	67.95465	1.195731	0.7887846	1.247884
36570	-994.3463	-1062.583	68.23702	1.063369	0.6440857	1.277272
36576	-998.8482	-1066.504	67.6556	1.06412	0.8576007	1.523072
36582	-997.8111	-1065.193	67.38202	1.090178	1.36547	1.349006
36588	-1001.096	-1068.985	67.88914	1.182293	0.8847456	1.22209
36594	-1004.971	-1072.975	68.00458	1.172214	0.8793149	1.135764
36600	-1007.443	-1075.533	68.08966	1.182832	0.7521237	1.181913
36606	-1010.996	-1079.275	68.27904	1.013157	1.019127	0.8747142
36612	-1001.818	-1069.816	67.9981	0.6885946	0.9362406	1.483892
36618	-1013.445	-1081.041	67.59651	1.149446	0.805062	1.548325
36624	-1001.6	-1069.214	67.61328	0.6518295	0.9483824	1.779038
36630	-994.9539	-1061.676	66.72183	0.5861049	1.051541	2.343884
36636	-996.4963	-1063.28	66.78325	0.3717226	0.9410818	2.510026
36642	-998.2838	-1065.329	67.04516	0.380914	0.9438534	2.337402
36648	-1002.543	-1069.19	66.64691	0.2550327	1.269818	2.476729
36654	-1000.111	-1066.955	66.84413	0.335394	1.048763	2.426817
36660	-1007.646	-1074.264	66.61834	0.3524735	0.7642135	2.747024
36666	-1004.014	-1070.851	66.83712	0.5659863	1.747441	1.924455
36672	-1003.269	-1070.923	67.65383	0.7267854	0.9237354	1.716277
36678	-998.3476	-1065.488	67.1402	0.6923308	1.226442	1.896245
36684	-995.9777	-1063.003	67.02537	0.5561415	1.226442	2.064184
36690	-994.4172	-1061.914	67.49684	0.527833	0.7857587	2.064184
36696	-997.8255	-1064.917	67.09129	0.5571114	1.176133	2.048932
36702	-993.4894	-1060.979	67.48936	0.6245854	0.7318345	2.048932
36708	-991.5022	-1058.341	66.83894	0.7719056	1.096672	2.121112
36714	-990.4734	-1056.971	66.49804	0.6338163	1.095305	2.429013
36720	-996.8909	-1064.602	67.71111	0.8823994	0.6929201	1.757414
36726	-997.5917	-1065.288	67.69659	0.8819148	0.8864311	1.603418
36732	-995.5103	-1062.744	67.23328	0.8426728	0.8864311	1.953413
36738	-998.0285	-1065.112	67.0839	0.8695622	0.8332394	2.074502
36744	-995.4015	-1062.521	67.11948	0.7060776	0.9802685	2.054383
36750	-990.5629	-1057.62	67.05708	0.5966201	0.9471428	2.1891
36756	-987.9404	-1054.863	66.92313	0.7010746	1.424273	1.928978
36762	-1000.54	-1067.846	67.30529	0.8702247	1.20261	1.672164
36768	-995.0952	-1062.198	67.10242	0.8868301	1.138368	1.842256
36774	-998.0619	-1065.812	67.75052	0.8761279	1.138368	1.378598
36780	-997.5132	-1065.031	67.51801	1.120532	1.312079	1.248531
36786	-994.4942	-1062.024	67.5295	0.8347283	1.146442	1.571702
36792	-997.4434	-1064.798	67.35475	0.7350661	1.146442	1.767655
36798	-1000.511	-1067.677	67.16644	0.7264688	1.257668	1.836905
36804	-998.523	-1066.217	67.69399	1.150757	0.6895133	1.581201
36810	-997.7853	-1065.169	67.38334	1.085394	1.027987	1.576681
36816	-1004.075	-1071.878	67.80262	1.169488	0.856492	1.329561
36822	-1006.712	-1073.582	66.87033	1.156074	2.087003	1.321859
36828	-999.9107	-1068.23	68.3196	1.184424	0.6804125	1.055487
36834	-995.3662	-1063.521	68.15445	1.313192	0.9564051	0.7243117
36840	-991.1417	-1059.49	68.34857	1.429907	0.6890023	0.7243117
36846	-998.33	-1066.075	67.74486	1.361191	1.357423	0.7243117
36852	-1003.539	-1071.96	68.42097	1.636748	0.5204139	0.6621561
36858	-999.7443	-1067.456	67.71122	1.583147	1.221769	0.5292232
36864	-996.7301	-1064.46	67.72991	1.841288	0.9261114	0.4466008
36870	-999.4423	-1067.498	68.05593	1.956943	0.5755999	0.4644492
36876	-995.6635	-1063.403	67.73999	1.747944	0.9811252	0.3832835
36882	-992.0102	-1060.252	68.24172	1.747944	0.5922882	0.5241078
36888	-991.3423	-1059.06	67.7177	1.78753	0.9913302	0.4526183
36894	-994.4618	-1062.136	67.67444	1.78753	0.9913302	0.3605884
36900	-990.1126	-1057.464	67.35148	1.78753	1.373917	0.3838784
36906	-992.0885	-1059.783	67.69477	1.810926	0.9327816	0.341128
36912	-999.4681	-1067.14	67.67235	1.99169	0.8132024	0.373462
36918	-1001.741	-1069.098	67.35727	1.734334	1.476565	0.4777655
36924	-1002.548	-1070.337	67.78891	1.617968	1.097382	0.5150332
36930	-1000.569	-1068.484	67.91528	1.556807	1.024855	0.5495613
36936	-992.5449	-1060.416	67.87143	1.768288	0.8484144	0.4010647
36942	-996.7215	-1064.627	67.90582	1.752092	0.8484144	0.4544505
36948	-1002.249	-1069.651	67.40228	1.750357	1.366678	0.3981067
36954	-1000.714	-1068.604	67.89007	1.647873	0.9537096	0.4310295
36960	-999.2454	-1067.733	68.48707	1.314143	0.6610205	0.7471727
36966	-998.9156	-1066.824	67.90832	1.192781	1.250008	0.8517871
36972	-999.2379	-1067.453	68.21514	1.435249	0.847025	0.5867646
36978	-1001.565	-1068.962	67.39649	1.696398	1.475444	0.5169465
36984	-1001.996	-1069.982	67.98593	1.793917	0.7382378	0.4224057
36990	-1000.095	-1067.531	67.43545	1.73212	1.353496	0.4074131
36996	-996.3316	-1063.494	67.16225	1.958845	1.217711	0.2575966
37002	-993.6855	-1060.627	66.94149	2.186302	1.217711	0.2612099
37008	-994.8107	-1061.167	66.35602	2.567945	1.035114	0.1420162
37014	-996.3765	-1062.796	66.41903	2.398795	1.095745	0.1328623
37020	-995.051	-1061.487	66.43647	2.398795	1.132029	0.1425274
37026	-997.5607	-1064.23	66.66949	2.407992	0.8886738	0.1425274
37032	-1003.919	-1071.171	67.25193	2.308716	0.7229895	0.2236238
37038	-1004.681	-1071.672	66.99147	2.395493	0.7229895	0.168272
37044	-1004.533	-1070.908	66.37545	2.395493	1.215289	0.1444357
37050	-1000.753	-1066.798	66.04509	2.579903	1.054973	0.09838909
37056	-1002.869	-1069.018	66.14931	2.579903	1.009884	0.1061216
37062	-1008.525	-1076.534	68.00852	1.132467	0.8503985	1.195337
37068	-994.2985	-1062.057	67.75841	1.240009	1.209629	1.001211
37074	-997.4491	-1064.805	67.35544	1.226453	1.495828	1.175777
37080	-989.5254	-1057.644	68.11842	1.250445	0.8427677	0.9929885
37086	-992.8559	-1061.009	68.15349	1.183507	0.8427677	1.024587
37092	-1001.888	-1069.877	67.9893	1.156218	0.6548885	1.389333
37098	-1005.929	-1073.687	67.75854	0.9974836	0.9177547	1.446116
37104	-998.5796	-1066.353	67.77378	1.13405	0.9463767	1.303032
37110	-1009.62	-1077.837	68.21718	0.6906549	0.9463767	1.303032
37116	-1000.778	-1068.498	67.71956	0.7719894	0.8959543	1.658637
37122	-1003.788	-1071.797	68.00927	1.185111	0.9821309	1.01792
37128	-1004.098	-1071.876	67.77789	1.229313	0.9821309	1.189323
37134	-1006.456	-1073.422	66.9657	1.116958	1.64739	1.490183
37140	-1009.524	-1077.43	67.90564	1.322942	1.210145	0.723415
37146	-1010.38	-1078.405	68.02455	1.441565	0.9289431	0.7700337
37152	-1007.793	-1076.082	68.28864	1.464656	0.5149885	1.048598
37158	-1001.169	-1069.532	68.36339	1.524748	0.5589643	0.8292192
37164	-997.6164	-1064.691	67.07449	0.1337022	0.8879744	2.512254
37170	-997.2258	-1063.803	66.57689	0.4481699	1.564154	2.255126
37176	-992.0871	-1058.338	66.25116	0.3385876	0.9899178	2.827038
37182	-998.8716	-1065.338	66.46643	0.2931061	0.7053914	2.920178
37188	-997.3867	-1063.588	66.20138	0.3284347	1.222753	2.731713
37194	-996.5864	-1063.823	67.23664	0.5587586	1.222753	1.92354
37200	-993.0233	-1060.351	67.32796	0.5711713	0.8804654	2.075379
37206	-995.4837	-1062.444	66.96009	0.4515666	1.045599	2.281379
37212	-999.2099	-1066.575	67.36559	0.7250447	1.286396	1.682035
37218	-999.1578	-1066.266	67.10813	0.5809162	1.286396	1.959059
37224	-996.6995	-1064.41	67.71077	1.018689	0.7792567	1.582981
37230	-991.085	-1058.101	67.01646	0.8393689	1.646571	1.656904
37236	-987.6984	-1054.321	66.62311	0.5137781	0.8851644	2.558578
37242	-991.3202	-1058.146	66.8261	0.7536163	1.142287	2.114058
37248	-987.3345	-1054.199	66.86467	0.7888268	1.474535	1.883438
37254	-986.513	-1053.55	67.0371	0.8588193	1.078603	1.943267
37260	-991.4422	-1059.048	67.6057	0.9600383	0.7620957	1.715428
37266	-988.6839	-1056.668	67.98415	0.8269626	0.8603474	1.451918
37272	-993.343	-1061.106	67.76292	1.141236	0.7191799	1.508869
37278	-992.0711	-1059.045	66.97417	0.6126926	0.7050822	2.410893
37284	-995.3667	-1061.703	66.33585	0.6773384	1.353831	2.363509
37290	-993.4671	-1059.738	66.27059	0.3643329	1.054943	2.760572
37296	-995.464	-1062.402	66.93771	0.4769531	0.7906683	2.452432
37302	-995.8417	-1062.79	66.94873	0.3937477	0.9191491	2.406869
37308	-996.6521	-1063.695	67.04281	0.3371662	0.998624	2.331105
37314	-1000.166	-1067.099	66.93313	0.5046852	0.998624	2.294212
37320	-997.8327	-1064.873	67.04015	0.5752357	0.998624	2.179862
37326	-998.9522	-1066.512	67.55929	0.7644023	0.8959119	1.777074
37332	-992.1547	-1059.943	67.78818	0.8200516	0.9760335	1.511895
37338	-995.3008	-1062.713	67.41206	0.9046646	0.9760335	1.722996
37344	-991.4997	-1058.679	67.17971	0.860592	1.229026	1.751575
37350	-998.159	-1065.941	67.78221	0.8135611	0.9323697	1.554697
37356	-997.4823	-1065.086	67.60364	0.853884	1.024327	1.587499
37362	-991.025	-1058.048	67.02304	0.8546883	1.062101	1.966027
37368	-991.4725	-1058.833	67.36093	0.7854577	0.7948536	1.97611
37374	-990.5184	-1057.55	67.03202	0.6415044	0.7948536	2.285204
37380	-996.9996	-1063.569	66.56957	0.6804893	1.22501	2.280311
37386	-993.764	-1060.759	66.99458	0.7150637	1.032613	2.096419
37392	-989.7411	-1056.753	67.01233	0.6973084	1.032613	2.096419
37398	-988.2311	-1054.464	66.23259	0.4619232	1.010343	2.750764
37404	-992.1412	-1059.226	67.08432	0.5718802	0.9379507	2.193703
37410	-1005.003	-1070.629	65.62622	0.3903428	0.8948451	3.229969
37416	-992.4408	-1058.838	66.39733	0.3115924	1.033036	2.728298
37422	-1002.613	-1069.757	67.1442	0.6803271	1.31581	1.850864
37428	-1002.821	-1069.284	66.4632	0.7967164	1.50518	2.130562
37434	-1002.303	-1068.964	66.66041	0.9256777	0.6420015	2.464494
37440	-995.9333	-1062.712	66.77874	0.5638609	0.7979276	2.492205
37446	-995.6106	-1062.699	67.08832	0.3743755	0.7344698	2.465418
37452	-995.3058	-1062.163	66.85723	0.5228646	1.213798	2.202837
37458	-995.8188	-1062.83	67.01149	0.685468	1.540485	1.82063
37464	-993.8411	-1061.42	67.57848	0.7384251	0.7766881	1.875616
37470	-999.9173	-1067.417	67.4999	0.6606423	0.9145146	1.875616
37476	-997.6829	-1064.924	67.24099	0.6187338	0.9145146	2.077023
37482	-995.7672	-1063.259	67.4921	0.765821	1.08513	1.689107
37488	-993.5442	-1060.08	66.53593	0.5498343	1.347546	2.320553
37494	-1002.68	-1070.574	67.89473	0.9332464	0.7015397	1.58197
37500	-1000.638	-1068.469	67.83061	0.7906309	0.9898449	1.491655
37506	-996.5171	-1063.772	67.25499	1.018098	1.552247	1.395317
37512	-993.4193	-1060.818	67.39918	1.031992	1.236484	1.462911
37518	-994.8966	-1062.036	67.13908	0.6842681	0.9594173	2.069926
37524	-989.5253	-1056.703	67.17726	0.3064006	0.9729866	2.281461
37530	-995.1211	-1062.658	67.53729	0.6134487	0.9729866	1.84054
37536	-1005.402	-1073.178	67.77642	0.581474	0.8968637	1.752491
37542	-1011.362	-1078.671	67.30859	0.5275865	1.311787	1.845121
37548	-1008.297	-1075.728	67.43115	0.6705865	1.069086	1.809098
37554	-989.2469	-1057.219	67.97235	1.086757	0.9209383	1.199315
37560	-994.4794	-1062.29	67.81082	0.8605307	0.8420811	1.571746
37566	-995.6723	-1063.507	67.83505	0.8096902	0.7654463	1.656362
37572	-1006.042	-1073.927	67.88584	0.8050992	1.008348	1.424519
37578	-1002.703	-1069.761	67.05818	0.7599021	1.119995	1.969662
37584	-990.7544	-1058.427	67.6722	0.7388115	0.7122153	1.866163
37590	-990.9487	-1058.268	67.31978	0.7557554	1.112929	1.798817
37596	-989.8752	-1057.366	67.49039	0.8079943	0.9193452	1.777154
37602	-989.3798	-1057.013	67.63327	0.8131572	0.7900663	1.775374
37608	-995.7556	-1062.834	67.07845	0.4809258	0.9645483	2.238393
37614	-999.971	-1066.734	66.76288	0.414467	1.240983	2.318062
37620	-1000.071	-1066.827	66.75619	0.2593415	0.9585955	2.585448
37626	-999.8795	-1066.783	66.90393	0.4447636	0.8456816	2.453744
37632	-1004.411	-1072.583	68.17235	1.62325	0.7189043	0.6127157
37638	-1008.811	-1077.008	68.19665	1.440474	0.8125038	0.7050565
37644	-1009.222	-1077.325	68.10292	1.358524	0.8697619	0.8591727
37650	-995.2196	-1063.051	67.83145	1.202104	0.8845991	1.253996
37656	-997.5266	-1065.723	68.19607	1.186864	0.7294058	1.109073
37662	-1000.937	-1069.009	68.07169	0.9854537	0.9190358	1.202727
37668	-1001.895	-1069.159	67.26484	0.7749661	1.264775	1.730702
37674	-1008.044	-1075.571	67.52792	0.7890576	1.264775	1.530723
37680	-1003.466	-1071.267	67.80099	0.8837726	1.018533	1.421508
37686	-1001.285	-1068.641	67.35553	0.9372185	1.308425	1.521915
37692	-998.8	-1065.893	67.09292	0.5816508	1.308425	1.956634
37698	-998.43	-1066.338	67.90808	0.8424846	0.7936806	1.554837
37704	-997.606	-1064.804	67.19799	0.5013753	1.039924	2.098494
37710	-1008.695	-1074.843	66.14803	0.6565635	1.299124	2.522421
37716	-1001.605	-1069.389	67.78331	0.8672901	1.064425	1.413509
37722	-999.7306	-1067.227	67.49663	0.9164426	1.02071	1.622365
37728	-996.2664	-1063.982	67.71534	0.9892918	0.918787	1.484293
37734	-993.9282	-1061.724	67.79579	0.9715529	0.8100089	1.528188
37740	-995.0134	-1062.196	67.18253	0.9336917	1.346129	1.628957
37746	-997.3312	-1064.491	67.15961	0.5961527	1.313275	1.899156
37752	-991.6128	-1058.888	67.27555	0.5468611	1.13921	1.954992
37758	-992.3962	-1059.715	67.31857	0.6519085	0.7336146	2.141682
37764	-990.7746	-1058.045	67.26999	0.7149138	1.003129	1.932673
37770	-993.6886	-1061.122	67.43342	0.7457017	1.075737	1.750904
37776	-999.1388	-1066.007	66.86839	0.9445819	1.43497	1.794343
37782	-998.5862	-1065.965	67.37843	0.9191478	1.325603	1.507908
37788	-997.839	-1065.263	67.42358	0.6999759	1.066501	1.795707
37794	-999.0015	-1066.153	67.15195	0.8378206	1.203088	1.802297
37800	-997.5309	-1064.757	67.22592	0.7457896	0.8217641	2.071183
37806	-999.3026	-1066.616	67.31336	0.4362083	1.118507	2.016304
37812	-995.3401	-1062.633	67.29279	0.4042835	1.044201	2.097276
37818	-997.968	-1065.024	67.05578	0.4252901	1.034713	2.243607
37824	-993.2613	-1060.279	67.01791	0.4631605	1.034713	2.243607
37830	-991.1464	-1058.311	67.16458	0.625673	1.380706	1.838887
37836	-1006.044	-1073.177	67.13337	0.8755321	1.169058	1.809759
37842	-997.5775	-1065.359	67.78108	1.026112	0.9262282	1.399725
37848	-998.6073	-1066.415	67.80812	0.9950738	0.9262282	1.402836
37854	-1014.399	-1082.365	67.9659	0.8372909	0.9262282	1.402836
37860	-999.1747	-1066.559	67.38387	0.8054235	1.088593	1.735276
37866	-999.1742	-1067.551	68.37664	1.183117	0.5864821	1.125468
37872	-998.5771	-1066.363	67.78541	1.243929	1.004364	1.150474
37878	-995.5207	-1063.146	67.62563	0.9944936	1.004364	1.481532
37884	-997.3027	-1064.613	67.30993	0.8027019	1.227702	1.70146
37890	-1001.406	-1069.553	68.14675	1.214527	0.7372392	1.119771
37896	-999.9782	-1067.253	67.27524	1.25886	1.65269	1.119771
37902	-1002.015	-1070.098	68.08337	1.148883	0.8098505	1.156462
37908	-1005.991	-1074.109	68.11853	1.083639	0.8495493	1.142722
37914	-993.7091	-1061.701	67.99196	1.167353	0.9471647	1.085604
37920	-997.4278	-1065.501	68.07366	1.068646	1.015642	1.035976
37926	-989.8114	-1057.914	68.10255	1.084343	0.7567885	1.24974
37932	-1001.522	-1069.419	67.89679	0.9735738	0.802982	1.456919
37938	-995.2249	-1062.635	67.41049	0.7964928	0.8600817	1.884526
37944	-991.8055	-1058.949	67.14356	0.7425901	0.7565706	2.177974
37950	-994.6927	-1061.925	67.23238	0.8615236	0.6543268	2.128919
37956	-991.116	-1058.408	67.29205	0.7743181	0.9358939	1.924141
37962	-993.8869	-1061.1	67.21329	0.4787902	1.324864	1.93587
37968	-994.4183	-1061.745	67.32672	0.5849377	1.34385	1.775106
37974	-994.7418	-1061.79	67.0484	0.8862327	1.244483	1.815845
37980	-991.7637	-1059.134	67.37063	0.6706227	0.8970048	1.968972
37986	-989.8406	-1057.116	67.2759	0.6687258	0.94379	2.000281
37992	-1004.6	-1071.257	66.65701	0.6370106	0.94379	2.421043
37998	-996.3308	-1063.741	67.41053	0.6085465	0.6472111	2.183981
38004	-992.2308	-1059.14	66.90912	0.4955663	1.099598	2.252986
38010	-998.2985	-1064.981	66.68199	0.5421269	1.174205	2.325167
38016	-991.9042	-1059.003	67.09871	0.6428964	1.127998	2.015812
38022	-998.26	-1065.44	67.18019	0.809121	0.8803184	2.015812
38028	-999.4953	-1067.147	67.65214	1.030988	1.383575	1.161685
38034	-994.1364	-1061.734	67.59732	1.047704	1.137535	1.364734
38040	-988.7251	-1056.245	67.51978	0.7042129	0.8281162	1.897617
38046	-999.6641	-1066.924	67.25948	0.6720657	1.247564	1.816174
38052	-996.1809	-1062.695	66.51436	0.4860118	1.303072	2.397525
38058	-993.1033	-1059.887	66.78364	0.4342201	1.168865	2.332166
38064	-993.3017	-1060.177	66.87542	0.5452193	1.072867	2.25887
38070	-1001.437	-1068.514	67.07744	0.3679479	0.9492957	2.321492
38076	-996.6511	-1063.596	66.94525	0.6926875	0.9492957	2.197855
38082	-997.6986	-1064.635	66.93633	0.6495015	1.382594	1.976426
38088	-989.2347	-1056.911	67.67614	0.7831703	0.7980353	1.759798
38094	-987.4261	-1054.984	67.55781	0.7883558	1.166553	1.571732
38100	-989.3645	-1056.966	67.60186	0.8285608	0.9949367	1.628339
38106	-995.1419	-1061.66	66.51831	0.7194671	0.7891966	2.563996
38112	-998.3335	-1065.429	67.09521	0.788025	0.8463651	2.110822
38118	-996.665	-1063.778	67.11278	0.720429	0.7041893	2.254836
38124	-991.7177	-1059.292	67.57462	0.8436437	1.041939	1.603573
38130	-1001.735	-1068.278	66.54323	0.6973482	1.041939	2.392457
38136	-999.3321	-1066.237	66.90543	0.4584206	0.92051	2.392457
38142	-996.468	-1063.275	66.80694	0.4156353	0.92051	2.481328
38148	-999.3102	-1066.732	67.42166	0.4057805	0.92051	2.094051
38154	-1000.312	-1067.385	67.07328	0.3040953	0.92051	2.383902
38160	-1000.744	-1067.528	66.78435	0.3968034	0.8473317	2.557236
38166	-1002.756	-1070.405	67.64926	0.5771569	1.029099	1.74922
38172	-996.6954	-1063.605	66.90944	0.3539783	0.9597587	2.429876
38178	-993.6236	-1060.321	66.69709	0.5369196	0.9886017	2.429876
38184	-994.8151	-1061.791	66.97598	0.4539876	1.634825	1.957119
38190	-999.8719	-1066.203	66.33066	0.4506417	1.634825	2.379071
38196	-1000.552	-1067.038	66.48521	0.2904473	1.239929	2.57117
38202	-1009.065	-1075.88	66.815	0.1062165	1.161805	2.522949
38208	-1002.179	-1068.345	66.16553	0.1485357	1.069809	2.946483
38214	-1004.718	-1071.931	67.2129	0.1374213	1.064185	2.309173
38220	-1001.841	-1068.952	67.11149	0.2350362	1.305003	2.174942
38226	-1007.715	-1074.042	66.32682	0.1494013	1.230078	2.760635
38232	-1012.521	-1079.193	66.67146	0.9018445	1.30738	2.024821
38238	-1010.429	-1077.651	67.2211	0.7793045	1.096634	1.860911
38244	-1007.185	-1074.001	66.81643	0.4377658	1.009221	2.404137
38250	-1004.365	-1070.987	66.62193	0.4265245	1.505429	2.267308
38256	-1002.869	-1069.978	67.10902	0.4011248	0.9686778	2.267308
38262	-1002.152	-1069.23	67.07777	0.4759418	1.342894	2.018778
38268	-1005.53	-1072.021	66.49166	0.3226701	1.486162	2.425097
38274	-996.7975	-1064.495	67.69773	0.54184	0.7028525	1.990067
38280	-996.825	-1064.162	67.33671	0.7882364	0.7990198	1.987154
38286	-1002.876	-1070.346	67.46996	1.079685	1.258725	1.356515
38292	-994.8764	-1062.468	67.592	1.011115	0.9871339	1.507307
38298	-993.6601	-1061.119	67.459	0.9277883	0.8781374	1.746594
38304	-993.8015	-1061.323	67.52188	0.7545239	0.9524984	1.768198
38310	-997.5897	-1065.019	67.42951	0.7541321	1.055918	1.760953
38316	-1003.884	-1071.429	67.54438	0.8548655	0.6530576	1.927394
38322	-1002.234	-1070.06	67.82639	1.251979	0.4443197	1.682741
38328	-1005.237	-1073.004	67.76651	1.02149	0.6515274	1.659126
38334	-999.9461	-1068.063	68.11699	1.104871	0.6617213	1.321479
38340	-1010.371	-1078.369	67.99785	1.088258	0.8502075	1.242059
38346	-1001.412	-1068.834	67.42244	0.7488757	0.8876634	1.888038
38352	-994.6612	-1062.286	67.62442	0.7752127	0.6962194	1.888038
38358	-999.2488	-1066.534	67.28488	0.7437423	0.9476332	1.941323
38364	-998.8537	-1065.609	66.75513	0.6367552	1.238544	2.181462
38370	-995.8175	-1063.084	67.26602	0.7746021	0.6753525	2.145162
38376	-993.7156	-1061.009	67.29363	0.776559	0.6753525	2.125859
38382	-1000.054	-1067.573	67.51933	0.9327986	1.056318	1.56872
38388	-990.1039	-1058.161	68.05719	0.8998233	0.7125732	1.475481
38394	-991.8705	-1059.042	67.17121	0.8153255	1.069316	1.887911
38400	-989.4868	-1056.4	66.91319	0.5200187	1.030186	2.277176
38406	-986.5748	-1053.976	67.40085	0.8908065	0.6675418	1.986448
38412	-991.1215	-1058.652	67.53052	0.8330518	0.9387736	1.717113
38418	-997.8158	-1065.082	67.26652	1.103154	1.839014	1.157887
38424	-994.5726	-1062.581	68.00856	0.9099356	0.9275188	1.310435
38430	-995.7711	-1063.473	67.70157	0.7327862	0.8231267	1.756743
38436	-996.3626	-1063.796	67.43327	0.7632137	1.048831	1.756743
38442	-1000.23	-1068.002	67.77207	0.8904358	0.7160953	1.687654
38448	-1000.545	-1068.355	67.81093	0.8262587	0.7160953	1.705604
38454	-991.7285	-1059.519	67.79095	0.8916746	1.200342	1.289764
38460	-991.3075	-1059.134	67.82681	0.753255	0.769853	1.698608
38466	-992.42	-1060.099	67.67933	0.8241447	1.002649	1.569577
38472	-985.7452	-1052.844	67.09869	0.5064002	1.035202	2.163087
38478	-988.3024	-1054.461	66.15837	0.4141743	1.385082	2.623753
38484	-993.0707	-1059.163	66.09218	0.4263109	1.180445	2.761149
38490	-994.8134	-1061.435	66.6213	0.5354179	0.8847878	2.546505
38496	-992.8627	-1059.824	66.96139	0.5883957	0.9588367	2.24835
38502	-997.6145	-1065.115	67.50034	0.4908128	0.7591616	2.107415
38508	-994.64	-1061.488	66.84765	0.9223789	1.446345	1.818076
38514	-997.1964	-1063.996	66.79965	0.8860413	1.920297	1.652763
38520	-992.6384	-1059.883	67.2448	0.9861708	1.739131	1.327605
38526	-992.9859	-1060.394	67.40819	1.026486	1.379299	1.370079
38532	-1000.467	-1067.625	67.1585	1.026486	1.72775	1.370079
38538	-999.5328	-1066.68	67.14733	1.123849	1.72775	1.301184
38544	-1005.924	-1073.494	67.57027	1.180304	1.436331	1.063477
38550	-998.6359	-1066.632	67.99654	1.205397	0.5855172	1.422032
38556	-993.4186	-1061.695	68.27687	1.274398	0.7520964	0.9140299
38562	-996.9122	-1065.089	68.17683	1.044422	0.8130928	1.162807
38568	-1003.426	-1070.836	67.41054	0.9750982	1.156664	1.549189
38574	-1003.782	-1071.888	68.10578	0.8747873	0.7998667	1.374556
38580	-997.565	-1065.565	67.99985	0.8696261	0.9056867	1.368144
38586	-990.5031	-1058.345	67.84162	0.9495715	0.7692655	1.546492
38592	-997.2334	-1065.413	68.17964	1.299622	0.4696269	1.349778
38598	-993.4792	-1061.542	68.06235	1.148957	0.9695292	1.013891
38604	-998.6786	-1066.622	67.94378	1.148957	1.308928	0.800431
38610	-997.654	-1065.438	67.78416	1.496137	1.217498	0.6050327
38616	-996.1433	-1063.986	67.84316	1.59301	1.046557	0.6050327
38622	-1000.547	-1068.211	67.6649	1.63324	1.219043	0.4896487
38628	-997.3924	-1064.757	67.36438	1.763474	1.406892	0.4121451
38634	-996.1363	-1063.6	67.46382	1.832748	1.1876	0.3888272
38640	-993.8333	-1061.911	68.07731	1.668221	0.7740347	0.4580703
38646	-995.6163	-1063.237	67.62058	1.651897	1.246363	0.4651429
38652	-995.2549	-1063.242	67.98716	1.651897	0.8685689	0.5187911
38658	-999.6979	-1067.649	67.95089	1.641191	0.9122778	0.4991423
38664	-1002.798	-1070.724	67.92597	1.663956	0.9122778	0.5335416
38670	-1002.513	-1070.712	68.19904	1.66008	0.6825668	0.5561553
38676	-1009.73	-1077.548	67.81774	1.66008	1.017751	0.5561553
38682	-997.0286	-1064.79	67.76157	1.752344	0.9825462	0.4517302
38688	-1000.14	-1067.84	67.70038	1.739963	1.056783	0.4499724
38694	-997.3406	-1064.645	67.30421	1.81992	1.377524	0.3658505
38700	-1004.49	-1071.578	67.08788	1.842674	1.5024	0.2779959
38706	-995.8042	-1063.016	67.21135	1.842674	1.41506	0.3210924
38712	-992.1377	-1059.518	67.38026	2.033886	0.9686006	0.2940522
38718	-989.0334	-1056.045	67.01158	1.991478	1.374914	0.2636966
38724	-993.7805	-1060.778	66.99748	1.993497	1.374914	0.2571316
38730	-994.366	-1061.664	67.29812	1.978328	1.090944	0.2818803
38736	-994.7839	-1061.737	66.95289	2.038709	1.368336	0.254743
38742	-994.963	-1062.49	67.5271	2.01172	0.8867966	0.3249461
38748	-996.2163	-1063.31	67.09396	2.081013	1.132003	0.2464059
38754	-993.6118	-1060.784	67.17274	2.094056	0.9970049	0.2295773
38760	-1000.215	-1067.319	67.10389	2.094056	1.121362	0.2530151
38766	-999.0868	-1067.033	67.94615	2.113194	0.4635043	0.2817983
38772	-991.5539	-1058.958	67.40426	2.163695	0.7816265	0.2609597
38778	-1001.027	-1067.69	66.663	2.163695	1.368773	0.1897508
38784	-997.0832	-1064.263	67.17993	2.209346	0.7516552	0.178411
38790	-997.6861	-1064.664	66.97781	2.353368	0.7301628	0.1570211
38796	-995.2966	-1061.853	66.55613	2.393405	0.8964894	0.1212008
38802	-990.8565	-1057.431	66.57497	2.397481	0.9807715	0.140922
38808	-990.7631	-1056.68	65.91687	2.639744	0.9888329	0.08358442
38814	-995.5171	-1061.284	65.76699	2.77137	0.9888329	0.08177604
38820	-993.1244	-1058.349	65.22484	2.77137	1.451268	0.06925394
38826	-991.5378	-1057.419	65.88081	2.782287	0.8645342	0.08109881
38832	-997.1201	-1063.024	65.9042	2.782287	0.8437366	0.08109881
38838	-995.2712	-1061.205	65.93342	2.736739	0.9450762	0.0908332
38844	-999.6734	-1065.569	65.89546	2.736739	0.9189406	0.08390171
38850	-997.0222	-1062.83	65.80825	2.672328	1.159177	0.09273807
38856	-991.567	-1057.66	66.09285	2.698709	0.8984039	0.09924971
38862	-994.274	-1060.433	66.15897	2.632585	0.8984039	0.09924971
38868	-1000.454	-1066.196	65.74272	2.646872	1.062609	0.07469882
38874	-1000.202	-1066.102	65.8992	2.798952	0.8162261	0.07919552
38880	-999.4212	-1065.126	65.70523	2.866314	0.8180732	0.06843901
38886	-1000.442	-1065.72	65.27757	2.866314	1.235735	0.06729002
38892	-998.4309	-1063.98	65.54918	2.866314	0.9549461	0.06795536
38898	-998.1544	-1063.8	65.64578	2.866686	0.8909983	0.07028581
38904	-992.0805	-1057.601	65.51999	2.760837	1.279072	0.08250258
38910	-998.4612	-1064.496	66.03432	2.726676	0.920152	0.0983624
38916	-989.359	-1055.042	65.68294	2.781506	1.023178	0.07800029
38922	-995.7684	-1061.387	65.61827	2.85247	1.023178	0.07858404
38928	-1000.957	-1066.684	65.72704	2.85247	0.848063	0.07189312
38934	-1001.451	-1066.566	65.11465	2.873225	1.485355	0.07064521
38940	-996.6454	-1062.089	65.44356	2.873225	1.090169	0.07072382
38946	-996.4196	-1062.637	66.21788	2.4162	1.113514	0.1066612
38952	-995.0508	-1061.455	66.40434	2.412309	1.113514	0.1356723
38958	-1000.07	-1066.908	66.83869	2.412309	0.755909	0.146544
38964	-997.1556	-1063.746	66.59044	2.541178	0.7813144	0.1296846
38970	-998.4242	-1064.762	66.33784	2.599734	0.7526772	0.09653435
38976	-1003.891	-1070.688	66.79642	2.59217	0.5484591	0.1198158
38982	-996.2792	-1062.355	66.07597	2.639807	1.115657	0.1188255
38988	-995.1681	-1062.213	67.04454	2.316615	0.707032	0.1571237
38994	-994.184	-1060.577	66.39338	2.189317	1.639718	0.1767075
39000	-994.9493	-1061.993	67.0441	2.189317	0.9377257	0.1949755
39006	-998.6587	-1066.032	67.37283	2.189317	0.7036626	0.2145398
39012	-991.1765	-1057.733	66.55693	2.289858	1.280431	0.1750341
39018	-992.4918	-1059.754	67.26174	2.208134	0.8178089	0.2338988
39024	-994.2637	-1061.162	66.89872	2.077324	1.344439	0.2379953
39030	-987.9751	-1054.932	66.9569	2.159456	1.118058	0.215813
39036	-992.5993	-1059.448	66.84824	2.159456	1.182713	0.1980153
39042	-986.8258	-1053.823	66.99709	2.159456	1.076315	0.2162943
39048	-996.6205	-1064.008	67.38739	1.890122	1.076315	0.2739335
39054	-997.9837	-1065.184	67.20057	2.083496	1.076315	0.2779692
39060	-997.1354	-1064.713	67.57766	2.099062	0.7066402	0.2696641
39066	-994.3044	-1061.694	67.38934	2.099062	0.8039533	0.2349287
39072	-996.7222	-1063.921	67.1989	2.284325	0.6747876	0.1770947
39078	-993.8168	-1060.905	67.08781	2.181866	0.8875062	0.1895036
39084	-995.5354	-1062.283	66.74805	2.204449	1.282746	0.2083552
39090	-1000.565	-1067.197	66.63212	2.204449	1.234836	0.1626625
39096	-996.4438	-1063.241	66.79712	2.147392	1.223003	0.1891288
39102	-998.5884	-1065.096	66.50724	2.278676	1.223003	0.148922
39108	-992.3403	-1058.986	66.6454	2.278676	1.130488	0.1615925
39114	-995.5673	-1062.454	66.88683	2.23238	1.062164	0.1983243
39120	-995.5569	-1062.581	67.0241	2.164943	0.9476288	0.1845717
39126	-992.9109	-1059.79	66.87933	2.094503	1.213178	0.195652
39132	-995.8971	-1062.773	66.87559	2.276715	0.9078221	0.1635578
39138	-994.2658	-1061.219	66.95278	2.276715	0.9078221	0.1840907
39144	-1001.135	-1069.171	68.03611	1.394273	0.8670945	0.8986449
39150	-1004.095	-1072.14	68.04475	1.355492	0.9371501	0.8452424
39156	-998.7398	-1066.994	68.2546	1.443319	0.7963991	0.6191983
39162	-1006.089	-1074.204	68.11526	1.639019	0.7477529	0.6257774
39168	-1007.82	-1075.219	67.39894	1.456623	1.773077	0.6374707
39174	-1000.298	-1068.089	67.7915	1.396117	1.234447	0.7544855
39180	-1003.817	-1071.5	67.68269	2.0715	0.6969332	0.3151096
39186	-1001.141	-1068.562	67.42148	2.008339	0.8784819	0.2471259
39192	-1005.225	-1071.99	66.76555	2.209191	1.28839	0.2183684
39198	-1000.103	-1067.142	67.03928	2.124277	1.068931	0.2162955
39204	-1003.024	-1070.058	67.03412	2.13043	1.068931	0.2166742
39210	-1009.018	-1076.186	67.16861	2.196037	0.8130978	0.1929018
39216	-999.8357	-1067.053	67.21725	2.196037	0.7607582	0.1886137
39222	-996.7409	-1063.956	67.21464	2.234099	0.7607582	0.1998712
39228	-997.3094	-1064.607	67.29773	2.065136	0.8800722	0.2187535
39234	-998.9172	-1065.732	66.81441	2.106552	1.35608	0.2187535
39240	-994.0875	-1060.813	66.72558	2.343801	0.9934482	0.1650382
39246	-997.9172	-1064.901	66.9833	2.125705	1.042869	0.1892257
39252	-996.9295	-1064.291	67.3616	2.050439	0.888265	0.2437258
39258	-997.0983	-1064.328	67.22925	1.977473	1.145506	0.2698479
39264	-996.8128	-1064.174	67.36078	1.909598	1.13392	0.3057861
39270	-993.7869	-1061.542	67.75525	2.058573	0.6817568	0.3553055
39276	-992.0674	-1059.767	67.69914	1.866793	0.8669175	0.3298674
39282	-999.3284	-1066.918	67.58962	1.866793	0.9683748	0.3286462
39288	-988.0181	-1055.136	67.11759	1.866793	1.498368	0.3149284
39294	-987.2146	-1055.48	68.26542	1.509181	0.7213961	0.6549771
39300	-999.4288	-1067.316	67.88737	1.47037	1.13569	0.5894367
39306	-1003.486	-1071.481	67.99514	1.388092	1.09179	0.631011
39312	-998.4846	-1066.455	67.97039	1.59417	0.9106125	0.631011
39318	-992.7879	-1060.74	67.95238	1.599997	0.9497753	0.4915537
39324	-988.2477	-1056.236	67.98833	1.639309	0.875114	0.4523138
39330	-994.757	-1062.752	67.99485	1.630663	0.875114	0.4431892
39336	-996.8136	-1064.738	67.92476	1.571149	0.9930865	0.5827199
39342	-1001.466	-1069.737	68.27077	1.498214	0.7488639	0.5781683
39348	-994.8029	-1062.668	67.86515	1.498214	1.141116	0.5447012
39354	-1000.293	-1067.652	67.35866	1.74401	1.39764	0.3582771
39360	-1001.332	-1068.662	67.32944	2.005938	1.002764	0.2659592
39366	-1001.805	-1068.536	66.73121	2.150111	1.267891	0.1817141
39372	-994.0489	-1061.482	67.4334	1.991688	0.9144056	0.2650912
39378	-1001.961	-1070.047	68.08535	1.645606	0.7786785	0.5839687
39384	-1004.172	-1071.835	67.663	1.732053	1.110143	0.5145064
39390	-1001.578	-1069.645	68.06736	1.688212	0.7492249	0.3982218
39396	-1004.523	-1072.153	67.63056	1.547703	1.353228	0.4354313
39402	-1004.237	-1071.889	67.65151	1.380492	1.492053	0.6735717
39408	-1006.674	-1074.758	68.08396	1.19106	1.02148	0.8918301
39414	-1009.648	-1077.854	68.20566	1.164606	0.4800733	1.421053
39420	-1000.778	-1068.672	67.89423	1.108593	0.6165809	1.538347
39426	-997.7988	-1065.442	67.6427	1.118595	0.9993805	1.37677
39432	-995.8752	-1063.603	67.72806	0.8381001	0.7657724	1.711961
39438	-994.7344	-1062.482	67.74781	1.051906	1.04196	1.3128
39444	-1001.9	-1069.353	67.45291	0.8519985	1.227898	1.5627
39450	-992.9038	-1060.104	67.19982	0.5690456	1.027104	2.060974
39456	-995.6425	-1062.51	66.86766	0.5908002	0.9169762	2.334848
39462	-1000.465	-1067.055	66.5907	0.4627456	1.356118	2.33679
39468	-1001.758	-1067.98	66.22281	0.6218472	1.506734	2.396421
39474	-993.0809	-1060.064	66.98352	0.5705319	0.7491071	2.396421
39480	-990.8589	-1057.683	66.8237	0.7271571	0.7491071	2.398436
39486	-991.1474	-1058.773	67.6253	1.191689	1.239653	1.147024
39492	-992.0322	-1059.938	67.90531	1.010211	1.01535	1.238996
39498	-986.5078	-1053.858	67.34997	0.8411697	1.067989	1.747638
39504	-987.2923	-1054.726	67.43347	0.6301386	0.9991173	1.882052
39510	-982.5783	-1049.108	66.52985	0.5510053	0.9991173	2.519225
39516	-989.8037	-1056.636	66.83203	0.7493066	1.168681	2.097475
39522	-995.5534	-1062.663	67.10909	0.4972477	1.005969	2.180977
39528	-986.7062	-1053.549	66.84291	0.4728729	1.005969	2.367226
39534	-996.3407	-1063.114	66.77343	0.5578488	0.9057541	2.422974
39540	-996.7908	-1064.203	67.41213	0.6542533	0.9542821	1.911161
39546	-998.4395	-1065.06	66.62036	0.5965705	0.8945975	2.502286
39552	-990.8256	-1057.731	66.90543	0.7158769	1.011199	2.167881
39558	-991.3638	-1057.933	66.56966	0.8215781	1.242514	2.179694
39564	-985.5754	-1052.572	66.99633	0.685693	0.933946	2.179694
39570	-989.9442	-1056.03	66.08581	0.737383	1.431096	2.445518
39576	-992.244	-1059.63	67.38633	0.679855	1.056057	1.842151
39582	-1001.981	-1069.418	67.43723	0.9412381	1.177536	1.540759
39588	-1009.688	-1076.954	67.26579	0.6500136	1.456379	1.711088
39594	-994.6483	-1061.76	67.11136	0.6213391	1.226523	1.963568
39600	-994.2186	-1061.658	67.4397	0.5722423	1.149942	1.819459
39606	-995.7156	-1061.81	66.09419	0.2742321	1.149942	2.868918
39612	-1000.932	-1067.559	66.6274	0.3242681	1.149942	2.510581
39618	-990.321	-1057.052	66.73111	0.2205613	1.149942	2.510581
39624	-992.2585	-1058.599	66.34003	0.2252363	1.233331	2.704441
39630	-1000.829	-1066.745	65.9158	0.1556365	1.529269	2.863945
39636	-995.5064	-1061.616	66.10971	0.1334769	1.301844	2.865831
39642	-992.361	-1058.404	66.04338	0.3104426	1.22909	2.835668
39648	-993.8208	-1060.4	66.57952	0.3185557	1.48484	2.372817
39654	-993.6354	-1059.888	66.25306	0.2608299	1.212981	2.746602
39660	-993.707	-1060.498	66.79101	0.5803667	0.7419614	2.516679
39666	-989.4312	-1056.866	67.43509	0.6865473	0.9528793	1.874601
39672	-987.2233	-1054.222	66.99827	0.7715551	1.2346	1.93396
39678	-988.6908	-1056.108	67.41712	0.8046369	1.2346	1.619159
39684	-989.929	-1057.275	67.3464	0.8870227	1.2346	1.610716
39690	-989.627	-1057.122	67.49461	0.8870227	1.069846	1.610716
39696	-988.0731	-1055.725	67.65185	0.8009362	0.8522999	1.720447
39702	-993.5377	-1061.215	67.6776	0.7856206	0.8522999	1.713086
39708	-999.1943	-1066.308	67.11341	0.2546851	0.8931883	2.408336
39714	-1008.378	-1074.868	66.49056	0.7329807	1.452117	2.179893
39720	-998.8787	-1065.916	67.03762	0.7382255	1.086824	2.018401
39726	-1000.902	-1068.037	67.13554	0.7670797	1.202327	1.862682
39732	-1008.586	-1075.627	67.04077	0.8674517	1.834266	1.529159
39738	-1002.26	-1069.43	67.1692	0.7408612	1.259971	1.82378
39744	-1006.142	-1072.992	66.84989	0.6105081	1.442021	2.029545
39750	-1002.997	-1069.944	66.94719	0.6413309	1.157471	2.099327
39756	-1003.579	-1070.572	66.9923	0.6299589	0.8921143	2.247217
39762	-989.4969	-1056.582	67.08476	0.5626049	0.9504098	2.191004
39768	-990.7042	-1057.856	67.15228	0.6748957	1.149691	1.945425
39774	-1000.784	-1066.897	66.11334	0.5773776	1.300638	2.59243
39780	-997.1131	-1064.504	67.39121	0.4719856	0.9734506	2.034066
39786	-990.0965	-1056.807	66.71011	0.563521	0.9734506	2.414596
39792	-990.3923	-1056.824	66.43152	0.6718542	0.8755463	2.585941
39798	-992.7907	-1059.209	66.41835	0.6477181	1.174435	2.425135
39804	-989.9379	-1057.109	67.17112	0.3064628	0.9271688	2.31577
39810	-990.3556	-1056.919	66.56362	0.2496934	0.9271688	2.73022
39816	-991.8487	-1058.627	66.77805	0.247609	1.149475	2.464541
39822	-1003.23	-1071.465	68.23523	1.491791	0.7795797	0.5934284
39828	-1014.478	-1082.459	67.9816	1.64258	0.8685899	0.5934284
39834	-1011.812	-1079.874	68.06229	1.561887	0.8685899	0.5934284
39840	-1007.399	-1075.398	67.99961	1.561887	0.9400532	0.5245041
39846	-1007.746	-1076.187	68.44023	1.493286	0.6174121	0.6094584
39852	-1005.265	-1073.547	68.28179	1.27064	0.8414831	0.7833888
39858	-1001.635	-1069.574	67.93892	1.538661	0.9912407	0.6385906
39864	-1006.433	-1073.522	67.08882	0.7192331	0.8426804	2.16262
39870	-1011.286	-1079.272	67.98627	1.551995	0.9619076	0.5297897
39876	-1008.477	-1076.358	67.8813	1.669651	0.9496434	0.5297897
39882	-1012.121	-1080.097	67.97592	1.571872	0.9496434	0.4522782
39888	-1011.533	-1078.965	67.43143	1.59635	1.561802	0.4631512
39894	-1007.362	-1074.812	67.45053	1.59635	1.524091	0.5773096
39900	-1001.52	-1069.323	67.8022	0.935	0.9562005	1.429603
39906	-1006.647	-1074.483	67.83565	0.7780314	0.9562005	1.523004
39912	-1004.833	-1072.831	67.99859	0.9346814	0.7834985	1.426477
39918	-1007.388	-1074.322	66.93453	0.7101245	1.238505	2.015541
39924	-1005.538	-1073.051	67.51299	0.8488819	1.238505	1.513799
39930	-1003.818	-1072.115	68.29717	1.508513	0.6293381	0.802564
39936	-999.8702	-1068.021	68.15071	1.545162	0.7594451	0.7130426
39942	-998.5301	-1065.894	67.3642	1.325124	1.76512	0.8900335
39948	-998.5198	-1066.557	68.03701	1.332928	0.9329079	0.8863865
39954	-995.6113	-1063.704	68.09275	1.055789	0.6364901	1.406741
39960	-1002.087	-1070.171	68.08462	1.110426	0.9042554	1.094592
39966	-1002.31	-1069.834	67.52404	0.8943364	1.250521	1.463588
39972	-1003.037	-1070.273	67.23649	0.8292401	1.390785	1.639973
39978	-1000.792	-1068.535	67.74222	0.838184	0.9691668	1.53781
39984	-998.4094	-1065.988	67.57882	1.018489	1.072904	1.448273
39990	-1001.422	-1069.024	67.60184	0.7740618	0.9755812	1.681431
39996	-1004.49	-1071.923	67.43291	1.003445	1.038137	1.593099
40002	-1006.682	-1074.437	67.75452	0.9499337	0.9297686	1.47563
40008	-1004.227	-1072.046	67.81878	1.05743	0.9297686	1.342462
40014	-1002.588	-1070.155	67.56734	1.006087	0.7344649	1.734129
40020	-1001.926	-1069.29	67.36454	0.5287977	1.01692	1.984959
40026	-1001.529	-1068.719	67.19014	0.6883461	0.9972806	2.007896
40032	-1009.762	-1077.217	67.45421	0.3968869	1.024895	2.007896
40038	-1005.159	-1071.559	66.40012	0.3120913	1.273915	2.592787
40044	-998.2874	-1065.809	67.52116	0.651982	1.182447	1.686419
40050	-999.0781	-1066.322	67.2439	0.7453875	1.182447	1.815118
40056	-995.1896	-1062.114	66.92402	0.3547259	1.384088	2.177925
40062	-995.2762	-1061.939	66.6631	0.3532382	1.14038	2.475538
40068	-991.862	-1058.666	66.80402	0.5624505	0.8002523	2.475538
40074	-995.3266	-1061.722	66.39572	0.5716056	0.974972	2.604901
40080	-994.0521	-1061.265	67.21332	0.5723548	0.9785046	2.081863
40086	-1001.21	-1067.532	66.32219	0.5683773	0.8939605	2.704709
40092	-1003.23	-1070.126	66.89568	0.5156054	1.255474	2.159551
40098	-991.8212	-1058.597	66.77577	0.4751141	0.9235925	2.461536
40104	-999.8951	-1066.394	66.49856	0.8056464	0.9784645	2.392066
40110	-993.8309	-1061.125	67.29414	0.6286086	1.410079	1.731013
40116	-988.2448	-1055.69	67.44571	0.9604845	0.8970872	1.7184
40122	-998.169	-1065.904	67.73482	0.8397623	0.8942413	1.600077
40128	-993.1502	-1060.979	67.82874	0.9552659	0.8292334	1.4991
40134	-995.1783	-1061.719	66.54027	0.6869184	1.092814	2.370273
40140	-997.3357	-1064.829	67.49328	0.6869184	0.7397931	1.9983
40146	-991.4939	-1058.69	67.19627	0.5343459	1.171485	1.997065
40152	-997.9824	-1065.742	67.75919	0.8135499	0.8898986	1.604857
40158	-992.9854	-1060.148	67.16272	0.6374624	0.9118078	2.118011
40164	-999.7416	-1066.329	66.58766	0.5953458	1.552721	2.158286
40170	-991.3272	-1057.716	66.38836	0.5096389	1.127969	2.556426
40176	-995.1905	-1060.974	65.78329	0.4833456	1.217589	2.894459
40182	-993.7075	-1060.464	66.75701	0.3840422	0.8364634	2.58979
40188	-1003.412	-1069.706	66.29354	0.6191431	1.054876	2.58979
40194	-990.7252	-1057.229	66.50361	0.5423411	0.9546268	2.569122
40200	-989.4235	-1056.32	66.89617	0.5389629	0.9302941	2.340694
40206	-994.7933	-1061.7	66.90678	0.6741693	1.107169	2.134271
40212	-991.0304	-1057.007	65.97638	0.432827	0.9554235	2.957469
40218	-997.2504	-1063.857	66.60628	0.4713076	1.224442	2.390361
40224	-987.6648	-1054.523	66.85851	0.4129219	1.013836	2.390361
40230	-991.1468	-1058.444	67.29693	0.6555886	1.013836	1.947318
40236	-988.5404	-1055.999	67.45847	0.7021633	0.7197696	2.028131
40242	-986.3532	-1053.268	66.91485	0.5599112	1.360853	2.061609
40248	-993.3973	-1060.774	67.3768	0.498829	0.9215288	2.061609
40254	-992.9072	-1060.137	67.22961	0.7700946	0.8101759	2.061609
40260	-996.0608	-1063.048	66.98752	0.8286258	1.132733	1.96315
40266	-992.0881	-1059.547	67.45843	0.6733191	1.053768	1.798475
40272	-997.7173	-1065.63	67.91282	1.032032	1.024653	1.206424
40278	-998.7909	-1066.342	67.55069	0.9159874	1.307238	1.390164
40284	-991.5502	-1059.52	67.96997	1.059039	1.088784	1.076698
40290	-994.7138	-1062.278	67.56393	1.147863	0.8685799	1.51985
40296	-997.0981	-1064.666	67.56811	1.061553	0.8997127	1.555416
40302	-998.1178	-1066.331	68.21306	1.039002	0.8339671	1.113822
40308	-999.4563	-1066.847	67.39095	0.9416663	0.6758241	1.951558
40314	-991.4038	-1058.774	67.37065	0.6154241	0.8682842	2.0268
40320	-1002.13	-1068.837	66.70684	0.4931303	1.161428	2.347752
40326	-1003.073	-1070.679	67.60637	0.7522124	0.6465006	1.960824
40332	-1003.718	-1070.415	66.697	0.6027804	1.345773	2.183908
40338	-997.7216	-1065.092	67.37046	0.5015114	0.7606722	2.183908
40344	-993.6751	-1061.074	67.39864	0.7211731	1.134957	1.75397
40350	-997.6316	-1065.147	67.51571	0.8876365	0.9320281	1.693993
40356	-991.5568	-1058.714	67.15683	0.6671136	1.162827	1.939673
40362	-995.9357	-1063.263	67.32749	0.8890464	0.7815389	1.939673
40368	-993.0947	-1060.013	66.9182	0.6204149	1.091258	2.17149
40374	-990.0971	-1057.825	67.7279	0.8556589	1.331459	1.281031
40380	-986.7804	-1054.618	67.83723	1.140896	1.178652	1.0475
40386	-986.9111	-1054.885	67.97361	1.052537	0.7523268	1.383817
40392	-986.4937	-1054.344	67.85056	0.9077489	0.7523268	1.58588
40398	-987.3269	-1054.637	67.30993	0.8352756	1.031103	1.804366
40404	-1000.869	-1067.448	66.57844	0.8979728	2.194863	1.689586
40410	-992.1687	-1059.758	67.58897	0.7774829	0.9735973	1.689586
40416	-989.1527	-1056.431	67.27786	0.6028037	0.9997207	2.004818
40422	-993.393	-1060.606	67.21286	0.6514047	1.25833	1.856169
40428	-990.6919	-1057.717	67.02499	0.6583543	0.7893249	2.283128
40434	-988.3438	-1056.409	68.06548	1.084328	0.7171491	1.32076
40440	-989.9002	-1057.62	67.71946	1.020952	1.093886	1.32076
40446	-994.3863	-1062.034	67.64761	0.9213044	1.253919	1.344424
40452	-1001.707	-1069.465	67.75803	1.10978	1.283755	1.06693
40458	-997.5733	-1065.721	68.14784	1.259312	0.9193899	0.8595942
40464	-995.1375	-1062.569	67.43114	1.13289	1.383489	1.263124
40470	-995.9424	-1063.628	67.68565	1.258069	1.32662	0.9571899
40476	-997.8622	-1065.829	67.96639	1.140026	1.099875	0.9916949
40482	-994.6943	-1062.447	67.75245	1.181947	0.7895578	1.420025
40488	-1000.203	-1068.43	68.22646	1.271749	0.4787182	1.322179
40494	-988.4269	-1056.034	67.60681	1.271749	1.470894	0.9067992
40500	-988.3955	-1056.283	67.8872	0.853276	0.910601	1.463785
40506	-990.6064	-1058.176	67.57009	0.837136	1.263475	1.463785
40512	-992.0857	-1060.185	68.09965	0.9833627	0.6301876	1.463785
40518	-996.9451	-1064.574	67.62864	0.910461	1.573524	1.164195
40524	-996.6157	-1064.392	67.77596	1.060782	0.9938085	1.321263
40530	-997.1741	-1064.531	67.35662	0.7871998	0.8551266	1.931088
40536	-1000.349	-1067.565	67.21631	0.7079036	1.275931	1.804805
40542	-1000.586	-1067.739	67.15343	1.012935	1.267074	1.639346
40548	-1002.845	-1070.532	67.68671	1.058722	0.7085488	1.635274
40554	-997.0541	-1064.651	67.5971	1.132955	1.231522	1.228106
40560	-998.8705	-1066.495	67.62463	1.037758	1.541749	1.073181
40566	-995.8284	-1063.884	68.05583	1.239711	0.9469939	0.9518276
40572	-1004.751	-1071.929	67.17778	1.297736	2.159079	0.8652325
40578	-1008.666	-1075.686	67.01988	1.446738	2.361341	0.7325755
40584	-994.6353	-1062.485	67.84938	1.359744	1.161887	0.8122954
40590	-989.6858	-1057.621	67.93565	1.327948	1.157715	0.7409864
40596	-999.2248	-1067.411	68.18575	1.360519	0.8993889	0.6931903
40602	-992.8979	-1060.879	67.98128	1.151172	1.128617	0.9371338
40608	-991.7177	-1059.493	67.77507	1.159637	1.196599	1.073663
40614	-996.1974	-1064.632	68.43492	1.031719	0.8382144	0.8944181
40620	-995.7793	-1063.825	68.04569	1.073719	0.7787037	1.283463
40626	-991.2432	-1058.951	67.70795	0.6665071	0.7465586	1.861502
40632	-1001.508	-1068.493	66.9841	0.7110196	1.394113	1.896708
40638	-996.0685	-1063.347	67.27871	0.8674675	0.899046	1.896708
40644	-1005.263	-1072.81	67.54672	0.6681629	1.009281	1.770915
40650	-990.5196	-1057.792	67.2723	0.7838841	1.009281	1.880212
40656	-993.3354	-1060.44	67.10504	0.897069	1.618943	1.564601
40662	-995.1734	-1062.577	67.40408	0.4883687	0.9441866	2.034695
40668	-997.3705	-1063.902	66.53173	0.4357452	1.071128	2.546138
40674	-990.5771	-1057.792	67.21461	0.6675708	0.8343801	2.12044
40680	-1002.562	-1069.229	66.66714	0.4410235	1.223904	2.3713
40686	-1000.956	-1067.755	66.79904	0.4204589	1.223904	2.300465
40692	-1006.534	-1072.877	66.34288	0.4990052	1.360759	2.468054
40698	-1005.355	-1072.378	67.02249	0.6070899	1.079165	2.119601
40704	-999.1914	-1065.656	66.4648	0.6634853	1.235216	2.352401
40710	-987.7757	-1055.032	67.25655	0.6728667	1.249979	1.816237
40716	-995.9878	-1062.898	66.9102	0.8039921	1.275069	1.948472
40722	-997.5301	-1064.243	66.71255	0.5766586	1.275069	2.227991
40728	-991.5581	-1058.656	67.09788	0.4571316	1.275069	2.054576
40734	-995.5319	-1062.986	67.45428	0.6359826	0.8875071	1.942998
40740	-995.5316	-1063.043	67.51147	0.634236	0.9070587	1.891155
40746	-996.3109	-1063.584	67.27297	0.7635474	0.7824858	2.058955
40752	-1001.812	-1068.945	67.13338	1.094637	1.353226	1.543186
40758	-1002.861	-1070.563	67.70251	1.054685	1.20036	1.227889
40764	-998.2474	-1066.727	68.47946	1.09169	0.6581419	1.019595
40770	-993.3658	-1061.045	67.67903	0.8696033	1.23342	1.374216
40776	-1001.446	-1068.754	67.30792	0.7502939	0.7036338	2.109343
40782	-993.236	-1060.246	67.01028	0.579202	1.27924	2.029455
40788	-992.3658	-1058.645	66.27935	0.27433	1.27924	2.687843
40794	-992.0801	-1058.947	66.86703	0.6024638	1.068617	2.23004
40800	-999.5546	-1066.781	67.22612	0.714523	0.6524425	2.23004
40806	-1000.352	-1068.091	67.73929	1.06767	1.111492	1.252958
40812	-1004.242	-1070.897	66.65526	0.7436072	1.520267	2.031867
40818	-1004.649	-1071.922	67.27341	0.5493852	0.9276546	2.092121
40824	-992.152	-1059.373	67.22135	0.7283567	1.046896	1.927427
40830	-1000.991	-1067.758	66.76684	0.3662159	1.046896	2.457167
40836	-1001.227	-1068.396	67.16941	0.3226092	1.171045	2.154501
40842	-1001.088	-1067.416	66.32804	0.3258644	1.524691	2.508012
40848	-999.3977	-1066.134	66.73606	0.2391024	1.175759	2.481485
40854	-996.2545	-1062.983	66.72849	0.1865356	1.245234	2.481485
40860	-1006.813	-1073.171	66.35757	0.5444394	0.9154118	2.683495
40866	-1012.74	-1079.084	66.34421	0.5577996	0.9154118	2.683495
40872	-1002.013	-1069.072	67.05803	0.8182563	1.179866	1.894037
40878	-999.5217	-1066.679	67.15699	0.9460332	0.8388279	1.970916
40884	-994.4612	-1061.667	67.20567	0.8064621	0.9214246	1.970916
40890	-997.9995	-1065.696	67.69662	0.8403012	1.175615	1.42242
40896	-1001.77	-1067.914	66.14448	0.5455992	1.297527	2.594402
40902	-999.7729	-1066.291	66.5185	0.5575384	1.314518	2.343666
40908	-995.5918	-1062.727	67.13529	0.8150075	0.9317859	2.004894
40914	-996.1854	-1063.763	67.57744	0.9238569	0.6713743	1.841044
40920	-999.5454	-1066.793	67.24788	0.6233698	1.024103	1.994984
40926	-998.1065	-1065.724	67.61775	0.8194723	0.678021	1.878787
40932	-991.6896	-1059.424	67.7347	0.7630114	0.8378895	1.700244
40938	-1003.144	-1070.812	67.66725	0.7300639	0.817473	1.78711
40944	-993.8437	-1061.818	67.97467	1.083339	1.038744	1.094102
40950	-998.2633	-1065.575	67.31223	1.253793	1.072974	1.472013
40956	-996.6225	-1064.306	67.68344	1.075334	0.8259734	1.520771
40962	-1003.404	-1071.12	67.71616	1.003293	0.7650815	1.602785
40968	-997.7001	-1064.689	66.98892	0.723045	1.294957	1.9389
40974	-993.7362	-1060.596	66.8594	0.5629916	1.071799	2.258398
40980	-994.8407	-1061.678	66.83754	0.8055543	1.190344	2.044162
40986	-990.8678	-1058.618	67.75031	0.9529383	1.133229	1.321472
40992	-1004.805	-1072.857	68.05258	0.8350639	1.098204	1.195168
40998	-999.9298	-1067.641	67.71106	0.687979	1.175744	1.526675
41004	-999.7276	-1066.411	66.68361	0.5190648	1.547847	2.147747
41010	-1007.207	-1074.82	67.6122	0.7419027	1.450489	1.390378
41016	-997.3165	-1065.166	67.8495	0.7262158	0.8133096	1.66492
41022	-1000.46	-1068.066	67.60592	0.9661401	1.189483	1.385646
41028	-999.5511	-1067.119	67.5675	1.005875	1.166988	1.400128
41034	-1003.208	-1070.411	67.20312	0.8496337	0.8580071	1.99004
41040	-1008.16	-1075.465	67.30411	1.046984	0.9405519	1.72459
41046	-1005.99	-1073.984	67.99369	1.05583	0.9976397	1.138523
41052	-1006.264	-1073.874	67.60996	1.397142	1.551159	0.6353483
41058	-1001.259	-1069.633	68.37355	1.289917	0.6841241	0.885499
41064	-997.5681	-1065.207	67.63887	1.146761	1.258754	1.160459
41070	-1000.124	-1067.928	67.80356	1.12344	1.170566	1.102011
41076	-999.1479	-1067.161	68.01343	0.9852947	0.8989488	1.269892
41082	-1003.302	-1070.149	66.84729	0.7388979	1.368956	1.983345
41088	-1002.032	-1068.845	66.81296	0.4497078	1.21661	2.276864
41094	-1005.402	-1072.355	66.95294	0.3784189	0.8158322	2.486096
41100	-996.3757	-1063.499	67.12364	0.7112114	0.8821801	2.116356
41106	-997.9011	-1065.095	67.19406	0.7536348	0.9707504	1.979634
41112	-997.9212	-1064.737	66.81589	0.6425469	0.9665247	2.301819
41118	-996.6732	-1063.939	67.26592	0.5853871	1.09504	1.962874
41124	-994.9676	-1062.395	67.42735	0.8398182	1.09504	1.675923
41130	-998.9445	-1066.782	67.83792	1.046443	1.18021	1.132871
41136	-999.9975	-1067.814	67.8165	1.290611	1.339926	0.7445044
41142	-1004.538	-1072.192	67.65347	1.451839	1.346621	0.739053
41148	-1005.67	-1073.177	67.50713	1.455232	1.587777	0.6750198
41154	-1015.407	-1082.711	67.30404	1.4613	1.925479	0.6257387
41160	-1010.622	-1078.54	67.91806	1.541718	1.019444	0.6129922
41166	-1011.154	-1079.014	67.86086	1.473371	1.134639	0.6524723
41172	-1006.355	-1073.888	67.53266	1.523835	1.325013	0.8304075
41178	-1002.451	-1070.367	67.91617	1.391658	0.7938949	1.105574
41184	-1004.508	-1072.168	67.66077	1.123533	1.107965	1.274406
41190	-1000.1	-1068.26	68.16059	1.368174	0.7940844	0.8820715
41196	-993.7958	-1062.109	68.31368	1.503762	0.685377	0.6629887
41202	-991.8064	-1060.116	68.3101	1.327057	0.685377	0.9132613
41208	-999.5616	-1067.619	68.05737	1.353746	0.7845168	1.018509
41214	-999.1895	-1066.702	67.5126	0.9163218	1.045109	1.593583
41220	-996.7147	-1064.28	67.56496	1.032053	0.7878668	1.671141
41226	-995.0807	-1062.702	67.62093	0.7797155	0.8483966	1.760115
41232	-998.7547	-1066.666	67.91155	0.9495272	0.7939252	1.472097
41238	-992.3881	-1060.277	67.88855	0.9577326	0.7939252	1.483274
41244	-992.3535	-1059.983	67.62995	0.6824936	0.5419128	2.093238
41250	-993.9271	-1060.922	66.99466	0.630663	0.8027238	2.310063
41256	-989.059	-1056.332	67.27298	0.5336841	0.8005585	2.195161
41262	-990.154	-1057.442	67.28847	0.5937176	0.6198981	2.296679
41268	-992.2123	-1060.031	67.81893	1.085934	0.9807664	1.276585
41274	-995.2543	-1063.403	68.14869	1.084834	0.6411149	1.334777
41280	-994.7187	-1062.662	67.94286	0.923387	0.9941368	1.297121
41286	-994.3025	-1061.996	67.69397	0.9450953	1.187459	1.334062
41292	-997.3855	-1064.945	67.55979	0.9919904	1.209904	1.387588
41298	-989.2963	-1056.849	67.553	0.5366728	0.8284271	1.987814
41304	-996.1825	-1063.93	67.74701	0.3963364	0.8225432	1.956407
41310	-991.0224	-1058.175	67.15296	0.6490787	0.8225432	2.181517
41316	-988.0444	-1054.917	66.87233	0.7828159	0.9850266	2.162923
41322	-982.2983	-1049.48	67.18192	0.6117773	0.9850266	2.072227
41328	-982.4349	-1049.886	67.45079	0.7002635	0.7266949	2.02865
41334	-985.7783	-1052.981	67.20275	0.7464515	0.8993638	2.02865
41340	-993.0978	-1059.714	66.61667	0.6266404	1.146175	2.328902
41346	-990.7629	-1058.17	67.40693	0.7089796	1.146175	1.749596
41352	-999.0332	-1065.913	66.88011	0.7525767	1.222359	2.032651
41358	-998.7593	-1066.248	67.48852	0.5858165	0.9385288	1.91689
41364	-997.1	-1064.54	67.44009	0.7515842	0.9385288	1.836907
41370	-999.3037	-1067.163	67.85887	1.011781	1.055504	1.243803
41376	-1000.018	-1068.07	68.05207	1.077807	1.04274	1.022276
41382	-996.655	-1064.891	68.23605	1.374076	0.627992	1.022276
41388	-998.5959	-1066.706	68.10993	1.092022	1.102818	0.8864714
41394	-1000.473	-1068.455	67.98199	1.66026	0.7822209	0.7539078
41400	-999.4419	-1067.134	67.69179	0.4355774	0.8258725	1.964556
41406	-992.5159	-1059.654	67.13762	0.7385457	1.496875	1.717818
41412	-993.0771	-1060.434	67.35711	0.7682884	1.119709	1.759801
41418	-992.5165	-1059.823	67.30604	0.6034574	1.119709	1.908245
41424	-991.1043	-1057.933	66.82877	0.6203919	1.258942	2.13296
41430	-992.5757	-1059.363	66.78692	0.5910877	0.7941695	2.472824
41436	-991.2227	-1057.7	66.4776	0.4667087	1.313892	2.427318
41442	-996.644	-1063.445	66.80076	0.4981515	1.079562	2.332635
41448	-998.1047	-1064.532	66.42723	0.7093139	1.095038	2.42622
41454	-994.151	-1060.865	66.71439	0.6740578	1.229551	2.188666
41460	-992.4497	-1059.493	67.04311	0.7454564	1.359394	1.851554
41466	-995.7563	-1063.325	67.56836	0.9434583	0.8678833	1.666189
41472	-994.2586	-1061.903	67.64427	0.9543993	1.015001	1.489746
41478	-993.7184	-1061.579	67.86012	0.9641097	1.015001	1.31432
41484	-996.1955	-1063.944	67.74894	0.7508357	1.015001	1.563283
41490	-998.0288	-1065.755	67.72596	0.8475729	0.9654973	1.545681
41496	-994.6267	-1062.184	67.55715	1.101526	1.144754	1.34875
41502	-987.0818	-1054.936	67.85442	1.068052	0.8795196	1.34875
41508	-987.1957	-1054.963	67.7672	1.014682	0.7618183	1.560053
41514	-999.8144	-1067.748	67.93352	0.8483563	0.7618183	1.560053
41520	-995.1755	-1062.928	67.75235	0.7912583	0.9671473	1.566479
41526	-994.1351	-1061.664	67.52917	0.7422151	1.107237	1.664815
41532	-994.4528	-1061.939	67.48649	0.709367	1.042113	1.761719
41538	-1006.293	-1073.331	67.03887	0.873512	1.367137	1.761719
41544	-1007.538	-1075.011	67.47303	0.9637006	0.4277378	2.138456
41550	-997.4085	-1064.322	66.91344	0.7464452	0.8581359	2.247158
41556	-994.3523	-1060.814	66.46214	0.5526019	1.255483	2.413383
41562	-997.5829	-1063.955	66.37253	0.3449844	0.9478045	2.77552
41568	-1004.314	-1070.34	66.02621	0.2406052	0.9478045	3.047637
41574	-1004.028	-1070.383	66.35494	0.194029	0.8801117	2.92166
41580	-1001.944	-1068.632	66.688	0.3855417	1.21554	2.397753
41586	-997.4731	-1064.723	67.24939	0.6161962	0.9573795	2.043411
41592	-1001.714	-1069.552	67.83872	0.5512322	0.9573795	1.684716
41598	-998.493	-1066.107	67.61408	0.7048781	0.6823347	1.954918
41604	-993.9511	-1061.012	67.06057	0.8044234	1.296065	1.834165
41610	-1000.772	-1068.373	67.60048	0.860263	0.767722	1.784127
41616	-1007.293	-1074.763	67.47008	0.7238425	0.767722	1.966097
41622	-1012.247	-1079.165	66.91804	0.4075394	1.771576	1.966097
41628	-1009.787	-1076.872	67.08468	0.3073836	1.157932	2.226829
41634	-1006.337	-1073.964	67.62669	0.3085461	1.157932	1.867163
41640	-1003.255	-1070.629	67.37426	0.1892115	1.128448	2.132912
41646	-996.4149	-1063.363	66.94833	0.193761	1.474097	2.22195
41652	-986.7371	-1054.041	67.30363	0.2883989	0.9576216	2.22195
41658	-985.8601	-1053.047	67.18724	0.7517156	0.9576216	1.994484
41664	-988.9372	-1055.984	67.04652	0.504259	0.9044632	2.284493
41670	-994.1262	-1061.09	66.96393	0.5868472	0.9044632	2.284493
41676	-992.7283	-1059.42	66.69168	0.469807	1.270142	2.31252
41682	-994.0434	-1061.004	66.96089	0.3324483	1.119456	2.31252
41688	-994.7623	-1061.226	66.46328	0.6019704	1.117322	2.458057
41694	-998.8788	-1065.412	66.53334	0.4718763	0.9324307	2.608735
41700	-998.6488	-1065.985	67.33626	0.5262501	1.06734	1.972877
41706	-998.2383	-1065.578	67.33949	0.7252565	0.7946262	2.030686
41712	-1003.038	-1070.966	67.928	0.846817	0.6205478	1.699274
41718	-996.4757	-1063.964	67.48784	0.9592175	0.9301819	1.664255
41724	-991.8367	-1058.985	67.14845	0.5914184	1.178438	1.986777
41730	-994.579	-1061.397	66.81824	0.5091156	1.014778	2.354337
41736	-990.5476	-1058.334	67.78602	0.844877	0.7666513	1.66521
41742	-995.6665	-1063.019	67.35213	0.6915352	1.313509	1.699601
41748	-1004.672	-1071.586	66.91445	0.9176217	0.8456905	2.144757
41754	-997.3459	-1064.496	67.1502	0.7008536	0.7166924	2.232998
41760	-996.0734	-1063.813	67.73923	0.8794258	1.12969	1.391029
41766	-993.6404	-1061.066	67.42564	0.7817497	1.076041	1.730872
41772	-1001.694	-1068.566	66.87147	0.6241229	1.4149	2.019904
41778	-1004.605	-1071.993	67.38739	0.5262224	0.6983179	2.207938
41784	-1000.54	-1067.219	66.6791	0.6195669	1.195499	2.26553
41790	-995.1351	-1061.54	66.40496	0.5770338	1.121829	2.507593
41796	-996.8985	-1063.602	66.70308	0.4161192	0.8711615	2.579138
41802	-992.8093	-1059.523	66.7132	0.6080375	1.443715	2.120373
41808	-991.3244	-1058.624	67.2995	0.9578782	0.8397671	1.865798
41814	-993.3172	-1061.349	68.03202	0.7641901	0.7767338	1.536088
41820	-990.1348	-1057.343	67.20861	0.9317787	0.9295174	1.878484
41826	-995.0232	-1062.841	67.81738	0.9596278	0.7617613	1.56369
41832	-994.7843	-1062.712	67.92762	0.9046701	0.7997056	1.488665
41838	-996.0585	-1063.829	67.77005	0.9618616	1.156323	1.281261
41844	-991.6691	-1059.1	67.43045	0.8640183	0.7560615	1.90794
41850	-993.5393	-1060.796	67.25629	0.5104486	0.9079568	2.142566
41856	-989.864	-1057.343	67.47911	0.5086263	0.9023775	2.000853
41862	-997.681	-1064.873	67.19171	0.4590247	1.257398	2.000853
41868	-996.2609	-1063.425	67.16406	0.4267717	1.412254	1.957651
41874	-988.3059	-1055.801	67.4947	0.7053998	0.698464	2.020163
41880	-991.9675	-1058.73	66.76233	0.7697038	1.333463	2.038179
41886	-997.3513	-1064.39	67.03823	0.4938104	1.333463	2.038179
41892	-988.9012	-1055.866	66.96486	0.5815109	0.8165308	2.350044
41898	-995.0689	-1062.084	67.01462	0.4899216	0.8264914	2.369268
41904	-991.4976	-1058.402	66.90432	0.4336328	1.150319	2.266025
41910	-990.3491	-1057.857	67.50739	0.4414884	0.8552717	2.061042
41916	-989.0583	-1056.596	67.53735	0.7350228	1.063741	1.693231
41922	-994.4937	-1061.647	67.1535	0.797034	0.8483348	2.065111
41928	-1004.56	-1071.616	67.05641	1.047116	0.7207265	2.065111
41934	-993.8798	-1061.74	67.8601	0.7309798	0.776764	1.684856
41940	-991.3802	-1058.58	67.1996	0.7309798	0.9248558	2.022886
41946	-995.914	-1063.087	67.17281	0.5493854	1.112255	2.038288
41952	-992.8895	-1059.42	66.53044	0.5409897	1.309196	2.349348
41958	-986.2477	-1053.183	66.93514	0.5574043	1.122158	2.182816
41964	-999.593	-1066.491	66.89811	0.6168485	1.088522	2.188508
41970	-995.8198	-1063.228	67.40811	0.629535	1.170818	1.78877
41976	-994.0674	-1060.53	66.4622	0.5149108	1.255726	2.43696
41982	-998.28	-1065.047	66.76653	0.4742474	0.9818908	2.429886
41988	-997.2443	-1064.106	66.86164	0.8585341	1.581121	1.784542
41994	-996.4386	-1063.813	67.37436	0.896239	1.210326	1.598857
42000	-1005.199	-1073.062	67.86249	0.9475319	0.9833793	1.351016
42006	-998.8345	-1066.268	67.4335	0.5693748	1.109436	1.851081
42012	-998.6426	-1066.133	67.49023	0.7133294	0.8018434	1.932141
42018	-1002.075	-1069.811	67.73563	1.026924	0.8761303	1.475476
42024	-1001.013	-1068.975	67.96174	1.211213	0.9299583	1.089678
42030	-999.0637	-1067.109	68.04559	1.13887	0.824674	1.183165
42036	-1009.383	-1077.292	67.90911	1.144424	1.189095	0.963309
42042	-997.7356	-1065.91	68.17417	1.255769	0.9212206	0.8292648
42048	-1001.579	-1069.193	67.61329	1.376022	1.486112	0.7525397
42054	-1008.809	-1076.934	68.12552	1.601132	0.7924074	0.5172512
42060	-1001.732	-1070.07	68.33757	1.692725	0.5654171	0.5172512
42066	-996.0752	-1064.053	67.97749	1.578387	0.9028386	0.6680571
42072	-998.0318	-1065.493	67.46088	1.578387	1.493562	0.6566849
42078	-1001.574	-1069.813	68.23845	1.424936	0.7119738	0.8424904
42084	-997.5258	-1065.915	68.38878	1.527601	0.6351122	0.5854818
42090	-999.3284	-1067.082	67.75328	1.683346	1.064462	0.4711132
42096	-1002.364	-1070.078	67.71485	1.719608	1.064462	0.4570936
42102	-1010.151	-1078.308	68.15692	1.722212	0.6688763	0.5468221
42108	-1009.901	-1077.708	67.80656	1.611757	1.083108	0.535258
42114	-1012.097	-1079.213	67.11595	0.6541047	0.9052391	2.142307
42120	-1014.97	-1082.084	67.11391	0.4772442	1.211409	2.066361
42126	-998.2236	-1065.189	66.96504	0.5242734	0.9310664	2.305654
42132	-1006.794	-1073.339	66.54477	0.4635636	1.36832	2.359319
42138	-1005.957	-1072.828	66.8704	0.5897165	1.080371	2.228909
42144	-1013.027	-1080.061	67.03351	0.2842635	0.9396611	2.408787
42150	-1000.842	-1067.582	66.73932	0.1743396	1.470524	2.369681
42156	-997.3602	-1064.114	66.75427	0.1593924	1.470524	2.369681
42162	-1001.252	-1068.451	67.19881	0.1381111	1.08642	2.304287
42168	-1004.647	-1071.511	66.86363	0.1178606	1.08642	2.528411
42174	-1005.716	-1072.261	66.54491	0.07496557	1.339432	2.616815
42180	-996.233	-1064.481	68.24758	1.600202	0.6623525	0.6639063
42186	-993.6338	-1061.848	68.2144	1.381741	0.8679651	0.6639063
42192	-996.4943	-1064.992	68.49762	1.338292	0.6655268	0.678757
42198	-998.4913	-1066.6	68.10827	1.484132	0.7929128	0.8056187
42204	-1005.136	-1073.248	68.11189	1.066145	0.5245866	1.511246
42210	-999.38	-1067.383	68.00311	0.9770422	0.7497189	1.422049
42216	-1003.764	-1071.906	68.14143	1.119579	0.7497189	1.194391
42222	-1006.051	-1072.152	66.10039	0.2409692	1.206754	2.8549
42228	-994.0762	-1060.542	66.46596	0.5800057	1.227655	2.40859
42234	-1000.639	-1067.796	67.15608	0.4234853	1.395205	1.974039
42240	-993.4666	-1060.165	66.69822	0.3264529	1.215912	2.428374
42246	-992.3679	-1058.983	66.61514	0.4787751	0.985718	2.519487
42252	-996.0697	-1062.558	66.48805	0.6366394	0.6302727	2.759986
42258	-992.1289	-1058.522	66.39319	0.4991498	1.395309	2.419311
42264	-994.2969	-1062.08	67.78258	0.7096467	0.8053944	1.730654
42270	-991.0587	-1057.874	66.8152	0.6950153	0.8798018	2.327534
42276	-1000.752	-1068.181	67.42965	0.7826885	0.7832348	1.94113
42282	-998.3497	-1065.897	67.54773	0.774057	0.9570325	1.733153
42288	-996.209	-1063.907	67.69829	0.7555109	0.9570325	1.639311
42294	-997.7618	-1065.387	67.6253	0.8285031	0.9570325	1.639311
42300	-996.6587	-1064.299	67.64003	0.6670664	0.9570325	1.743458
42306	-992.4493	-1059.405	66.95595	0.461881	0.9570325	2.333934
42312	-996.2736	-1062.641	66.3678	0.4812484	1.639739	2.333934
42318	-996.8023	-1064.301	67.49882	0.4877001	1.024198	1.917495
42324	-995.1785	-1062.267	67.08809	0.4684741	1.00999	2.210611
42330	-992.4402	-1059.397	66.95629	0.5255085	1.087456	2.210611
42336	-993.8849	-1061.426	67.54094	0.3831908	1.087456	1.918611
42342	-991.8577	-1059.631	67.77295	0.8682232	1.087456	1.403926
42348	-992.6008	-1059.922	67.32167	0.9404965	1.168597	1.631473
42354	-992.3937	-1060.018	67.62388	0.8143209	1.006859	1.614105
42360	-991.7898	-1059.098	67.30825	0.8421445	1.006859	1.817293
42366	-995.7914	-1062.853	67.06132	0.8294545	0.923628	2.05013
42372	-1001.197	-1068.915	67.71842	0.6599147	0.8701312	1.758699
42378	-991.8459	-1059.8	67.95431	0.8878818	0.9039691	1.390989
42384	-992.4195	-1060.513	68.09387	1.286098	0.9889485	0.8032589
42390	-993.8175	-1061.732	67.91451	1.088367	1.012519	1.166622
42396	-987.3766	-1054.882	67.50524	0.8633529	1.189815	1.540065
42402	-999.3636	-1066.863	67.49968	0.7719372	1.084422	1.67984
42408	-998.7532	-1066.587	67.83389	1.013849	1.025512	1.286819
42414	-995.2217	-1062.514	67.2919	0.9992788	1.061009	1.681729
42420	-997.4723	-1064.746	67.27401	1.222497	1.856985	1.030665
42426	-997.4165	-1065.333	67.91667	1.121021	0.8466684	1.285428
42432	-997.7635	-1066.029	68.26537	1.076417	0.7588021	1.113215
42438	-995.3536	-1063.008	67.65432	1.288755	1.135924	1.115705
42444	-1000.043	-1067.806	67.76316	1.351716	0.9989583	1.077757
42450	-1001.336	-1069.381	68.04465	1.221304	1.004786	0.9203866
42456	-1002.791	-1071.148	68.35715	1.29875	0.7607972	0.7717866
42462	-992.5214	-1060.709	68.18768	1.29875	0.814428	0.9030115
42468	-995.7958	-1063.722	67.92573	1.193484	0.9006996	1.166043
42474	-990.5644	-1058.571	68.00692	1.099955	0.9528226	1.128068
42480	-996.1345	-1063.712	67.57712	1.18263	1.047683	1.340431
42486	-996.0153	-1063.584	67.56897	0.9362929	0.9878666	1.579135
42492	-991.121	-1058.238	67.11686	0.8697865	0.9878666	1.941822
42498	-989.5182	-1056.642	67.12363	0.7610987	0.8467106	2.109587
42504	-994.2785	-1061.729	67.45085	0.8083619	0.8467106	1.859157
42510	-996.3822	-1063.399	67.01682	0.7878855	1.00364	2.052623
42516	-994.6899	-1062.164	67.47413	0.9394279	0.688334	1.885604
42522	-999.2253	-1066.295	67.07011	0.6668893	0.7899614	2.248216
42528	-996.0517	-1063.694	67.64259	0.6536088	0.7899614	1.878887
42534	-1009.309	-1076.521	67.21253	0.9809833	1.451213	1.512487
42540	-1004.749	-1071.766	67.0174	0.7081028	1.257296	1.950864
42546	-999.5716	-1066.501	66.92931	0.8137524	1.025545	2.078992
42552	-997.19	-1064.599	67.40856	0.7363003	1.025545	1.808362
42558	-994.9458	-1061.748	66.8017	0.7172609	1.378921	2.022922
42564	-988.6932	-1055.735	67.04139	0.6421565	1.196493	2.013756
42570	-993.1932	-1059.687	66.49403	0.5331413	1.058116	2.516673
42576	-990.3318	-1057.508	67.17602	0.3337999	0.9008039	2.313189
42582	-993.3446	-1059.775	66.43077	0.3321924	1.081534	2.666579
42588	-993.2134	-1060.272	67.05857	0.6203373	0.8356775	2.25127
42594	-993.9795	-1060.921	66.94145	0.7223129	0.7727702	2.308357
42600	-995.3941	-1062.126	66.73161	0.5605371	1.149073	2.296077
42606	-992.5079	-1059.484	66.97645	0.6489944	0.9686686	2.192999
42612	-996.7211	-1063.474	66.75242	0.7267374	1.333297	2.073208
42618	-998.3789	-1066.209	67.82997	0.6981375	0.7652319	1.739209
42624	-1006.247	-1073.885	67.63816	0.6970605	0.663542	1.960891
42630	-1006.761	-1074.095	67.33325	0.3931757	0.7768713	2.265085
42636	-1002.568	-1070.063	67.4942	0.6823595	0.7922257	1.957977
42642	-997.6274	-1064.635	67.00749	0.5881664	0.7922257	2.336882
42648	-993.4869	-1060.677	67.18972	0.8660273	1.08343	1.831448
42654	-993.3538	-1060.581	67.22676	0.5535954	1.08343	2.017526
42660	-995.0444	-1062.784	67.73947	0.948989	0.9870841	1.442778
42666	-991.6107	-1059.263	67.65238	0.9192496	0.9332395	1.571766
42672	-992.1905	-1059.529	67.33818	0.793821	0.9904958	1.841215
42678	-996.486	-1063.994	67.50772	0.8634355	1.140723	1.570411
42684	-1004.679	-1072.617	67.93802	0.853946	1.140723	1.243167
42690	-1000.082	-1067.703	67.62108	1.072705	1.140723	1.323609
42696	-995.2531	-1062.764	67.51085	0.8589234	0.8517758	1.778977
42702	-997.1614	-1064.406	67.24473	0.6600072	1.260156	1.827339
42708	-995.5915	-1062.62	67.02894	0.5438817	1.260156	2.051035
42714	-998.17	-1065.356	67.18575	0.9428356	1.180019	1.719471
42720	-1002.371	-1070.273	67.90185	0.9428356	0.9124358	1.381924
42726	-1003.456	-1070.989	67.53274	1.107936	1.278445	1.269691
42732	-1004.83	-1072.435	67.60457	0.9872609	0.5924099	1.854877
42738	-1003.185	-1071.085	67.90077	0.8264515	0.8722965	1.505249
42744	-1001.528	-1069.327	67.79898	0.8264678	0.7016819	1.726996
42750	-996.5379	-1064.41	67.87197	0.7392481	0.8164124	1.636863
42756	-998.4077	-1065.327	66.9189	0.6970035	1.386016	1.954465
42762	-995.089	-1062.711	67.62251	0.8702217	1.049247	1.543818
42768	-996.7497	-1064.401	67.65107	0.8508844	0.9527404	1.607732
42774	-994.9792	-1062.68	67.70117	0.8370746	0.9182121	1.607732
42780	-998.2554	-1065.731	67.47551	0.8992974	1.239543	1.503467
42786	-998.4694	-1066.288	67.81862	0.7784214	0.9509405	1.539409
42792	-1001.958	-1068.981	67.02384	0.6886563	0.9736134	2.133102
42798	-1004.889	-1071.731	66.84193	0.6700155	0.9978252	2.247191
42804	-1008.632	-1075.06	66.42812	0.7050665	1.36061	2.283635
42810	-1005.88	-1072.067	66.18766	0.5750301	1.529349	2.43772
42816	-997.7806	-1065.209	67.42881	0.5242341	0.844447	2.066358
42822	-995.886	-1062.646	66.76049	0.594269	1.601127	2.022924
42828	-996.8572	-1064.878	68.02036	0.9497112	0.7777099	1.403397
42834	-1002.313	-1070.133	67.81981	1.018511	0.9055166	1.392711
42840	-1000.682	-1068.436	67.75369	0.9631203	1.263616	1.216348
42846	-1011.212	-1079.245	68.03325	1.215905	0.4855144	1.506044
42852	-1011.331	-1078.788	67.45743	1.021698	1.037714	1.56209
42858	-1013.691	-1081.096	67.40452	0.9451773	0.7290355	1.893327
42864	-1001.652	-1069.41	67.7574	1.727671	1.015079	0.4753768
42870	-997.6301	-1065.093	67.46249	1.807759	1.182975	0.3467392
42876	-1003.82	-1071.027	67.20723	2.067175	1.167958	0.3368712
42882	-997.5001	-1065.451	67.95084	1.565998	0.9835796	0.4778482
42888	-1002.792	-1069.79	66.9974	1.509544	2.421405	0.5824803
42894	-996.7393	-1065.051	68.31175	1.461145	0.7483114	0.5653077
42900	-998.6767	-1066.928	68.25164	1.461145	0.7490671	0.706058
42906	-999.0121	-1066.928	67.91582	1.240057	1.024183	1.014521
42912	-1003.239	-1070.886	67.64765	1.259912	1.43582	0.9038791
42918	-1005.123	-1073.397	68.27411	1.456634	0.6649701	0.8357501
42924	-1002.097	-1070.076	67.97966	1.327141	1.050598	0.8194309
42930	-1001.395	-1069.294	67.89931	1.187531	1.140624	0.9735291
42936	-1000.635	-1068.674	68.03894	1.236907	1.016966	0.8959437
42942	-1009.32	-1077.116	67.79664	1.245626	1.272758	0.8981779
42948	-1002.194	-1069.923	67.72873	1.174969	1.392696	0.9441997
42954	-993.6849	-1061.907	68.2216	1.190702	0.762292	1.043466
42960	-998.3916	-1066.257	67.86531	1.277053	1.256876	0.7916659
42966	-998.33	-1066.294	67.96351	1.235906	1.102029	0.8902189
42972	-1004.107	-1071.684	67.57748	1.087239	1.382871	1.178234
42978	-1010.411	-1078.103	67.69196	1.232216	1.326747	0.9773148
42984	-1001.477	-1068.735	67.25851	0.8934907	1.409928	1.566518
42990	-1005.108	-1072.402	67.29487	1.046159	1.233541	1.532458
42996	-1002.132	-1069.282	67.15001	0.8894696	1.324174	1.696442
43002	-998.4845	-1066.28	67.7959	1.107295	1.056734	1.215388
43008	-998.3108	-1066.402	68.09093	1.107295	0.8375167	1.158282
43014	-1006.394	-1073.937	67.54356	1.311389	1.251475	1.103865
43020	-1002.706	-1070.609	67.90231	1.023962	0.852692	1.369363
43026	-1003.944	-1071.024	67.08032	0.843101	1.406846	1.732292
43032	-997.0384	-1064.195	67.15667	0.8312329	1.239912	1.781643
43038	-1000.932	-1068.399	67.46752	0.7841762	1.239912	1.594145
43044	-1001.48	-1068.883	67.40347	0.7717744	1.134026	1.715629
43050	-1000.277	-1067.689	67.41175	0.8343123	1.210477	1.61657
43056	-993.205	-1060.383	67.1784	0.905182	0.6636548	2.127378
43062	-994.7498	-1062.384	67.6339	0.6632088	0.6589252	1.990592
43068	-1000.958	-1068.718	67.7607	0.4995753	0.8650122	1.844352
43074	-993.1233	-1059.812	66.68909	0.2669352	1.129329	2.519519
43080	-1011.715	-1079.634	67.91895	0.7032383	1.122699	1.393261
43086	-1009.113	-1076.62	67.50621	0.9303116	1.189311	1.489695
43092	-1015.662	-1083.353	67.69065	1.082693	1.099103	1.290129
43098	-1012.969	-1080.778	67.8093	1.131232	1.099103	1.148306
43104	-1010.315	-1077.673	67.3579	1.045886	1.099103	1.574506
43110	-998.6097	-1066.386	67.77678	1.083379	1.099103	1.217928
43116	-1009.811	-1077.856	68.04526	1.3021	0.962157	0.8772997
43122	-1008.816	-1075.992	67.17616	0.5567267	1.153296	2.006372
43128	-1006.775	-1074.206	67.43085	0.4918658	1.255372	1.817717
43134	-1004.159	-1071.707	67.54778	1.149086	1.081464	1.364743
43140	-1003.801	-1071.794	67.99231	1.234139	0.911273	1.058227
43146	-1002.645	-1070.222	67.57651	1.200547	1.408971	1.058227
43152	-995.137	-1063.08	67.94261	1.169596	0.9327427	1.142062
43158	-994.6608	-1062.508	67.84747	1.223409	0.6798415	1.421178
43164	-994.5916	-1061.542	66.95068	0.7405669	1.197408	2.008098
43170	-989.7321	-1056.725	66.99299	0.6813907	1.216852	2.008098
43176	-990.6468	-1057.743	67.09595	0.7433236	1.036686	2.008098
43182	-1006.353	-1073.278	66.92483	0.8839925	0.8640087	2.146491
43188	-999.6571	-1066.472	66.81544	0.6218858	1.339458	2.097466
43194	-994.8285	-1061.955	67.12666	0.6218858	0.9917472	2.097466
43200	-1004.429	-1071.693	67.26346	0.611247	1.241031	1.859022
43206	-996.4305	-1063.568	67.13796	0.6585692	1.134322	1.975328
43212	-990.2801	-1057.455	67.17464	0.6708428	1.404864	1.787791
43218	-992.4391	-1059.797	67.35832	0.5873759	1.190899	1.840013
43224	-992.2638	-1058.547	66.28366	0.5596072	1.018198	2.654738
43230	-994.0525	-1060.724	66.67169	0.4490036	1.039211	2.469592
43236	-994.3342	-1060.921	66.58646	0.5527429	1.459307	2.230934
43242	-991.8669	-1059.437	67.56972	0.8036871	0.927389	1.718634
43248	-991.8783	-1059.413	67.53505	0.7725264	0.927389	1.764805
43254	-999.4284	-1066.743	67.31435	0.767388	1.078285	1.816887
43260	-983.4426	-1050.663	67.22002	0.6368497	1.032327	1.999202
43266	-984.8686	-1052.275	67.40606	0.6047456	0.9345657	1.962491
43272	-985.9408	-1053.138	67.19684	0.7907658	1.365175	1.709976
43278	-994.8939	-1061.911	67.0167	0.7751812	1.349368	1.854737
43284	-996.834	-1064.549	67.71541	0.4581299	0.9310525	1.854737
43290	-990.2275	-1057.564	67.33655	0.9396239	0.8374758	1.854737
43296	-995.6693	-1062.881	67.21188	0.8331082	1.737047	1.473369
43302	-998.1525	-1065.847	67.69435	0.5935893	1.173782	1.609512
43308	-1002.696	-1069.825	67.12915	0.5610425	1.107889	2.062123
43314	-999.9838	-1067.679	67.69556	0.7598885	0.7587631	1.795393
43320	-995.3271	-1063.133	67.80611	0.7873563	0.9320813	1.556616
43326	-1000.183	-1067.479	67.2953	0.8835638	1.09386	1.739137
43332	-1000.604	-1068.109	67.50498	0.7092971	1.09386	1.714214
43338	-995.3833	-1062.707	67.32344	0.8526837	1.138554	1.712106
43344	-1000.127	-1068.038	67.91038	1.101475	0.8662623	1.288567
43350	-998.1015	-1065.873	67.77171	1.10404	1.018039	1.269851
43356	-997.0737	-1065.175	68.10098	1.227125	0.4681126	1.468981
43362	-995.6242	-1062.958	67.33413	0.8084375	1.195878	1.699752
43368	-996.2096	-1063.203	66.99307	0.6871928	1.273811	1.971945
43374	-994.0876	-1061.825	67.73726	0.8271072	0.9849246	1.537809
43380	-1003.983	-1071.767	67.78475	1.107642	0.7356993	1.502026
43386	-1008.651	-1076.678	68.027	0.9862159	0.7402807	1.405552
43392	-1001.279	-1069.35	68.07156	1.286702	0.7216435	1.140141
43398	-1008.45	-1076.48	68.02986	1.093566	1.00199	1.066911
43404	-1010.667	-1078.496	67.82825	1.04153	0.9718066	1.312594
43410	-998.3257	-1066.073	67.74752	1.126216	0.9679448	1.312594
43416	-996.2035	-1064.184	67.98035	0.9117524	0.9679448	1.297711
43422	-993.9411	-1062.002	68.06045	1.148618	1.085959	0.8963079
43428	-995.0152	-1063.304	68.28926	1.122875	0.8855066	0.8963079
43434	-999.0186	-1066.937	67.91873	1.530406	1.049809	0.5416504
43440	-1005.559	-1073.494	67.93561	1.370202	1.004151	0.8761447
43446	-1004.976	-1072.934	67.95799	1.535731	1.004151	0.5427071
43452	-1001.383	-1069.114	67.73087	1.504725	1.272619	0.5991324
43458	-1007.212	-1075.666	68.45442	1.702601	0.4717643	0.6203476
43464	-1005.621	-1073.103	67.48248	1.8563	1.131081	0.3753205
43470	-997.8964	-1065.454	67.5573	1.8563	1.046114	0.3681967
43476	-996.6165	-1064.259	67.64288	1.76897	1.061746	0.3888613
43482	-995.3994	-1063.385	67.98547	1.846541	0.6787035	0.3743606
43488	-992.2955	-1060.094	67.79804	1.651128	1.042898	0.4328193
43494	-985.8563	-1053.637	67.7803	1.633295	1.079785	0.4318616
43500	-997.4688	-1065.56	68.09067	1.571061	0.8403824	0.5729515
43506	-995.8342	-1064.405	68.57074	1.516665	0.4947649	0.6859327
43512	-988.0913	-1056.047	67.95613	1.678285	0.8681543	0.448083
43518	-985.5771	-1053.366	67.78925	1.718652	0.9625121	0.3848632
43524	-990.5765	-1058.854	68.27742	1.660844	0.6286369	0.487298
43530	-989.3193	-1057.11	67.7909	1.67302	1.037596	0.487298
43536	-998.5467	-1066.108	67.56138	2.061287	0.8589893	0.3912418
43542	-999.032	-1066.646	67.61412	1.998354	0.8118081	0.3151119
43548	-1006.372	-1073.53	67.15808	1.972336	1.263251	0.286151
43554	-1005.215	-1072.591	67.3754	1.957311	1.082339	0.3178708
43560	-1013.032	-1080.672	67.64022	1.957311	0.8883814	0.4057063
43566	-1004.876	-1073.054	68.17864	1.9136	0.5254957	0.5196076
43572	-1012.455	-1080.414	67.9594	1.491231	1.051478	0.5096431
43578	-1008.971	-1076.658	67.68677	1.515583	1.318586	0.5844884
43584	-1010.475	-1078.719	68.24436	1.517005	0.7535985	0.5844884
43590	-1012.15	-1078.554	66.4035	2.387176	1.18973	0.1439289
43596	-1020.519	-1086.597	66.07759	2.471497	1.299479	0.1177265
43602	-1001.107	-1067.62	66.51295	2.380728	1.064948	0.1417143
43608	-1013.862	-1081.131	67.26937	2.380728	0.6001395	0.1957635
43614	-1008.959	-1076.403	67.44397	1.917304	0.9647638	0.2590106
43620	-1009.673	-1077.429	67.75604	1.995769	0.7001642	0.3166835
43626	-1010.703	-1077.182	66.47828	1.995769	2.326769	0.3136317
43632	-1010.275	-1076.95	66.67562	1.995769	1.910616	0.286334
43638	-1006.781	-1073.493	66.7121	2.061613	1.910616	0.3912001
43644	-997.2802	-1065.096	67.81586	1.78404	0.9010262	0.4551231
43650	-1002.073	-1069.779	67.706	1.694498	1.062374	0.654762
43656	-996.9547	-1065.003	68.04781	1.342824	0.9103323	0.8901699
43662	-1001.916	-1070.147	68.23103	1.150059	0.6690969	1.18047
43668	-1004.606	-1072.826	68.22066	1.660505	0.5930004	0.7705185
43674	-999.3491	-1067.068	67.71898	1.26264	1.354017	0.8920061
43680	-1006.166	-1073.962	67.79532	1.467855	1.212535	0.6567145
43686	-1007.186	-1075.081	67.89518	1.39083	0.9947477	0.9093481
43692	-997.6187	-1064.576	66.95707	0.7458423	1.260577	1.964178
43698	-996.5154	-1063.819	67.30381	0.6974544	0.6013897	2.237341
43704	-997.5824	-1065.058	67.47579	1.003747	0.6013897	1.922328
43710	-991.2385	-1058.546	67.3078	0.6840171	0.8700549	2.021681
43716	-991.1034	-1058.257	67.1536	0.4334266	0.8677564	2.287007
43722	-996.1593	-1063.336	67.1768	0.6451925	1.03345	2.021685
43728	-998.2912	-1065.565	67.27348	0.6020519	1.404988	1.766819
43734	-1001.569	-1068.536	66.96622	0.5239804	1.005862	2.256011
43740	-1001.434	-1068.941	67.50646	0.8823484	1.022425	1.63865
43746	-1007.289	-1075.056	67.76705	1.045473	0.706136	1.5889
43752	-1004.652	-1071.916	67.26431	1.045473	0.8039218	1.85833
43758	-1001.407	-1069.523	68.11622	0.9140948	0.8039218	1.331308
43764	-996.7702	-1064.219	67.44916	0.6822927	0.723004	2.044737
43770	-997.1202	-1065.386	68.26554	0.9847999	0.7673886	1.184891
43776	-999.6056	-1067.22	67.61394	0.9393523	1.078293	1.47783
43782	-999.2952	-1067.636	68.34079	0.9224576	0.7675331	1.173535
43788	-998.0622	-1066.134	68.07224	1.227097	0.738284	1.173535
43794	-1005.246	-1072.851	67.60558	0.9361852	1.149836	1.436395
43800	-1006.781	-1074.497	67.71549	0.9223035	1.09839	1.398603
43806	-1004.185	-1071.89	67.70433	0.9729616	0.7558518	1.641432
43812	-1015.196	-1081.998	66.80215	0.4892034	1.262877	2.233167
43818	-1005.878	-1072.248	66.37011	0.615744	1.045675	2.549872
43824	-997.0703	-1063.799	66.72827	0.7451791	1.045675	2.241667
43830	-996.3009	-1063.901	67.60025	0.8246373	1.510251	1.298719
43836	-991.3367	-1059.045	67.70806	0.8711621	1.231428	1.351395
43842	-994.3282	-1062.132	67.80351	1.050469	1.090286	1.230111
43848	-993.7564	-1061.378	67.62154	1.050567	1.090286	1.377704
43854	-993.4902	-1061.113	67.62249	0.8995325	0.8962929	1.636499
43860	-999.0653	-1067.048	67.98271	0.8145208	0.8962929	1.432228
43866	-998.2871	-1065.579	67.29222	1.072544	1.392571	1.416528
43872	-1004.362	-1071.972	67.61016	0.9799678	0.6824048	1.769445
43878	-1000.791	-1068.393	67.60191	0.8609386	0.5845454	1.950228
43884	-993.9169	-1060.96	67.04306	0.739277	0.9239173	2.121242
43890	-1002.09	-1069.329	67.23911	0.5188078	0.9393381	2.126578
43896	-995.5959	-1063.074	67.47788	0.643447	0.9263486	1.893736
43902	-994.6143	-1061.85	67.23621	0.7754295	0.7091139	2.135177
43908	-997.6765	-1065.349	67.67218	0.7081339	0.9123501	1.725041
43914	-993.5408	-1061.267	67.72633	0.9631917	0.9123501	1.500817
43920	-997.0933	-1064.68	67.5868	0.8398739	0.9123501	1.692273
43926	-997.097	-1064.48	67.38261	0.9014728	1.135122	1.63736
43932	-1000.257	-1067.636	67.37845	0.7897313	1.539781	1.482569
43938	-997.6727	-1065.393	67.71996	1.016137	0.7433886	1.61011
43944	-998.1651	-1066.153	67.98823	0.9774947	0.9958673	1.212981
43950	-1005.885	-1074.246	68.36136	0.9834596	0.6999776	1.176501
43956	-1007.269	-1074.821	67.55183	0.9987579	1.270205	1.348137
43962	-1005.278	-1072.929	67.65189	1.057046	0.9323412	1.470181
43968	-1006.421	-1074.303	67.88148	1.453735	0.8375361	1.032109
43974	-1005.856	-1074.309	68.45312	1.375562	0.4527353	1.076923
43980	-996.1511	-1064.145	67.99358	1.425612	0.9130197	0.8532966
43986	-1004.272	-1072.08	67.80761	1.676559	1.012635	0.5494003
43992	-1001.824	-1069.259	67.43483	1.564042	1.525106	0.690367
43998	-1000.8	-1068.546	67.74613	1.400371	1.049235	0.9996174
44004	-1002.079	-1070.036	67.95759	1.267622	1.049235	0.9172859
44010	-996.6414	-1064.024	67.38222	1.008602	1.327864	1.43591
44016	-995.1283	-1062.823	67.69424	1.192325	1.071973	1.217162
44022	-988.8446	-1056.723	67.87821	1.127202	0.8868661	1.275216
44028	-991.132	-1058.977	67.84546	1.141399	1.130676	1.079883
44034	-996.5661	-1064.369	67.80242	1.069994	1.075174	1.226568
44040	-1001.651	-1069.273	67.62197	1.414704	0.8852598	1.2508
44046	-995.4814	-1063.54	68.05836	1.270047	0.8735996	0.9989098
44052	-995.9512	-1064.123	68.17171	1.402488	0.8735996	0.6937192
44058	-993.3856	-1060.682	67.29605	1.779798	1.46292	0.3927239
44064	-1000.186	-1067.927	67.74099	1.779798	0.9715079	0.4347423
44070	-992.3424	-1060.211	67.86867	1.661133	0.9715079	0.5128201
44076	-996.0364	-1063.984	67.94793	1.769786	0.8001742	0.5128201
44082	-994.393	-1062.423	68.0297	1.562369	0.902552	0.5758634
44088	-1001.553	-1069.509	67.95629	1.562369	0.902552	0.7336529
44094	-1002.02	-1070.147	68.12689	1.739942	0.6774176	0.55166
44100	-999.5108	-1066.65	67.13898	1.925204	1.406181	0.3241189
44106	-1003.531	-1071.205	67.67382	1.861492	0.9295997	0.3740121
44112	-1009.891	-1077.823	67.93229	1.69912	0.8756934	0.5151545
44118	-1006.852	-1074.738	67.88655	1.408193	1.150783	0.700253
44124	-1001.44	-1069.006	67.5653	1.539507	1.437247	0.5989863
44130	-990.5473	-1058.378	67.83031	1.539507	1.094299	0.6558563
44136	-988.6167	-1056.646	68.02881	1.4789	0.9563566	0.6507677
44142	-995.7303	-1063.536	67.80582	1.71089	0.9153109	0.714669
44148	-997.5525	-1065.567	68.01443	1.548469	0.9153109	0.6226773
44154	-994.3857	-1062.378	67.99241	1.514285	0.9260341	0.7123459
44160	-995.72	-1063.647	67.92668	1.453448	0.9755096	0.8207772
44166	-1002.499	-1070.427	67.92773	1.453448	1.071786	0.6756136
44172	-1009.059	-1076.986	67.9268	1.288967	0.8563143	1.12374
44178	-1002.924	-1070.409	67.48504	1.587695	1.44763	0.6583191
44184	-1000.033	-1068.117	68.08405	1.587695	0.8377955	0.5372329
44190	-998.1732	-1065.885	67.71148	1.531898	1.221315	0.6809479
44196	-992.8627	-1061.165	68.30243	1.469346	0.6543798	0.8015098
44202	-991.2412	-1059.077	67.83564	1.46609	1.172059	0.6500937
44208	-1000.7	-1067.665	66.96473	1.791192	1.980726	0.5432728
44214	-997.4828	-1065.553	68.07028	1.791192	0.6800772	0.5606823
44220	-1008.289	-1076.578	68.28841	1.696708	0.5951933	0.5271097
44226	-1001.668	-1068.938	67.27041	1.696708	1.650254	0.5315571
44232	-1000.694	-1068.748	68.05372	1.729339	0.7026405	0.6857701
44238	-998.9287	-1066.721	67.79205	1.555551	1.161833	0.5216436
44244	-1001.563	-1069.38	67.81652	1.733609	0.950314	0.5308495
44250	-1001.175	-1069.264	68.08943	1.791835	0.6698674	0.5184721
44256	-997.6769	-1065.132	67.45545	1.791835	1.278662	0.5184721
44262	-1002.616	-1070.903	68.28743	1.766846	0.5491774	0.5277523
44268	-1004.117	-1071.671	67.55325	1.695991	1.276862	0.5102891
44274	-1006.531	-1074.153	67.62186	2.24739	0.5288727	0.2379916
44280	-1010.597	-1078.337	67.74052	1.841906	0.9210659	0.4882867
44286	-1007.528	-1075.223	67.69479	1.504153	1.338605	0.5079925
44292	-1016.091	-1083.667	67.57575	1.209601	1.21426	1.193639
44298	-999.4979	-1067.267	67.76922	1.131441	1.1181	1.16792
44304	-1005.808	-1073.462	67.65446	1.110788	1.300834	1.147642
44310	-1001.464	-1069.421	67.95695	0.9732396	0.9494678	1.28218
44316	-996.4204	-1064.237	67.81644	1.067814	0.8999287	1.361384
44322	-999.0346	-1067.194	68.1594	1.054862	0.6535062	1.336534
44328	-992.3785	-1060.146	67.76765	0.9243045	0.7539848	1.632531
44334	-994.2774	-1062.563	68.28557	1.084513	0.559431	1.320547
44340	-994.854	-1062.764	67.90976	1.158954	0.7828764	1.320547
44346	-989.6785	-1057.301	67.62289	0.9867201	0.9755402	1.511239
44352	-997.8983	-1065.372	67.47388	0.9521682	1.085197	1.567725
44358	-999.5451	-1066.881	67.336	1.042566	1.085197	1.602407
44364	-1007.876	-1075.406	67.52967	0.8886299	1.014858	1.62276
44370	-997.8547	-1065.044	67.18939	0.863	1.014858	1.879033
44376	-997.0393	-1064.303	67.26359	0.7287529	0.9092639	1.992841
44382	-996.0475	-1063.414	67.36683	0.8185049	0.998421	1.798966
44388	-998.4424	-1065.511	67.06845	0.7247542	1.165897	1.958506
44394	-997.8335	-1065.285	67.45109	0.6984531	1.04775	1.790159
44400	-1005.857	-1072.231	66.37342	0.5807337	1.453132	2.352256
44406	-1008.318	-1074.634	66.3166	0.5839288	1.512538	2.358355
44412	-1002.303	-1069.454	67.15137	0.6349386	0.9167779	2.123614
44418	-1009.542	-1076.252	66.70918	0.5975309	0.9723456	2.394423
44424	-1005.575	-1072.813	67.23784	0.8279946	0.8272045	2.004658
44430	-1007.328	-1074.974	67.6457	1.092922	1.290321	1.178571
44436	-1008.094	-1075.494	67.40016	1.035065	1.49804	1.297591
44442	-1004.755	-1072.48	67.72541	0.7806605	1.043889	1.537776
44448	-992.4467	-1060.408	67.96105	1.030976	0.7243617	1.43736
44454	-993.8571	-1061.941	68.08398	1.043447	0.9157577	1.144538
44460	-1002.894	-1070.876	67.98227	1.2046	0.9157577	1.090756
44466	-1003.243	-1071.577	68.33394	0.9236761	0.7038643	1.246455
44472	-994.0374	-1061.32	67.28209	0.8279912	1.183836	1.730137
44478	-997.9533	-1065.491	67.53808	0.727955	1.014337	1.731616
44484	-1001.147	-1068.648	67.50116	0.8638861	1.014337	1.661416
44490	-996.2815	-1063.186	66.90502	0.7382472	1.05183	2.127697
44496	-994.9572	-1062.142	67.18513	0.5495939	0.9600037	2.127697
44502	-993.8504	-1059.627	65.77684	0.3209487	1.315178	2.947069
44508	-990.5843	-1057.13	66.54541	0.3027174	1.224811	2.534134
44514	-994.9242	-1062.072	67.1478	0.7083432	0.9839763	2.031645
44520	-997.3146	-1063.286	65.97105	0.7146989	1.194959	2.650743
44526	-997.3588	-1064.217	66.8582	0.6005787	1.194959	2.16242
44532	-997.1747	-1064.082	66.90685	0.7153188	1.165154	2.072684
44538	-999.3229	-1066.793	67.47051	0.66355	0.9747886	1.850721
44544	-993.9994	-1061.562	67.56272	0.8601317	1.068569	1.581587
44550	-1000.072	-1067.832	67.76015	0.5947893	0.6916001	1.922439
44556	-991.8719	-1058.917	67.045	0.6622009	1.228059	1.97977
44562	-1006.026	-1073.659	67.633	0.5541783	0.7119933	2.017113
44568	-1003.984	-1070.964	66.97986	0.6673051	1.099251	2.095729
44574	-1004.584	-1072.018	67.43447	0.7547318	1.099251	1.72834
44580	-1003.328	-1070.835	67.50716	0.6820448	1.099251	1.72834
44586	-1001.15	-1068.511	67.36048	0.5630839	1.413952	1.72834
44592	-999.5461	-1066.813	67.2674	0.8802454	1.169254	1.712753
44598	-1006.99	-1074.224	67.23431	0.8241972	1.246717	1.728239
44604	-999.5952	-1066.895	67.29997	0.9622186	1.246717	1.58228
44610	-998.361	-1065.605	67.24399	0.6842149	1.07149	1.926046
44616	-996.687	-1063.833	67.14579	0.682968	0.9530278	2.070715
44622	-997.0847	-1063.623	66.53834	0.6605731	1.285551	2.280422
44628	-1000.904	-1068.309	67.40489	0.7422947	1.130418	1.737684
44634	-1004.668	-1071.853	67.18523	0.7430147	1.255598	1.813771
44640	-1007.837	-1075.22	67.38364	0.8060791	1.382585	1.554375
44646	-1009.215	-1076.821	67.6059	0.7070779	1.243343	1.54706
44652	-1002.058	-1070.363	68.30513	0.8405994	0.8165923	1.224296
44658	-996.2291	-1064.105	67.87565	1.353843	1.189063	0.7505699
44664	-995.6699	-1063.632	67.96233	1.222803	1.189063	0.8122139
44670	-994.6884	-1062.866	68.17746	1.514583	0.7928523	0.6434503
44676	-996.6907	-1064.869	68.17847	1.334991	0.842492	0.8330093
44682	-992.1519	-1060.265	68.11303	1.318875	0.842492	0.9275267
44688	-1001.857	-1069.293	67.43646	1.322554	1.41359	1.071886
44694	-1008.141	-1075.631	67.49004	1.367569	1.595115	0.8253629
44700	-1006.931	-1074.701	67.7705	1.374399	1.1602	0.8919214
44706	-1006.037	-1074.08	68.04249	1.526901	0.8265691	0.7835476
44712	-1002.103	-1069.952	67.84849	1.526901	1.124797	0.5596779
44718	-999.0206	-1066.578	67.55704	1.675394	1.289436	0.5596779
44724	-1002.969	-1070.747	67.77796	1.594751	1.133632	0.52513
44730	-997.0595	-1064.902	67.84282	1.625841	1.030498	0.5362462
44736	-994.6462	-1062.682	68.03618	1.46251	0.9800405	0.6143639
44742	-994.6473	-1062.367	67.71982	1.57908	1.197017	0.6025799
44748	-989.7215	-1057.613	67.89194	1.448472	1.078244	0.7352068
44754	-988.0767	-1055.863	67.78634	1.414751	1.178141	0.8039069
44760	-989.0026	-1056.864	67.86174	1.301766	1.180592	0.8487653
44766	-987.8813	-1055.769	67.88807	1.16523	1.052411	1.086241
44772	-994.7214	-1062.836	68.11433	1.155553	0.7929495	1.140789
44778	-992.2152	-1060.061	67.84556	0.8863666	0.7929495	1.569181
44784	-990.4749	-1057.989	67.51406	0.7861881	0.7571575	1.903114
44790	-1000.929	-1068.456	67.52708	0.736497	0.7807289	1.908553
44796	-994.9857	-1062.201	67.21485	0.6826585	0.7791145	2.152762
44802	-998.2727	-1065.62	67.34717	0.6038622	0.9518906	1.990383
44808	-1003.831	-1071.404	67.57282	0.7482676	0.6898341	1.946826
44814	-1014.89	-1082.505	67.61495	0.7232699	1.227196	1.538566
44820	-1003.06	-1070.817	67.75718	0.751629	1.069639	1.517375
44826	-1005.576	-1073.015	67.43861	0.3615505	1.150129	1.963312
44832	-1003.885	-1070.629	66.74463	0.6932744	0.9989629	2.293935
44838	-1007.153	-1074.509	67.35588	0.7317688	1.288109	1.683149
44844	-1006.384	-1073.61	67.22632	0.7659695	0.7653858	2.101681
44850	-1003.529	-1071.294	67.76511	1.183926	1.173776	1.079032
44856	-999.3759	-1067.251	67.87506	1.24579	1.133975	0.9443047
44862	-994.3999	-1062.593	68.19332	1.165098	0.8054033	1.045605
44868	-997.8744	-1066.123	68.24849	1.223964	0.7192903	1.037255
44874	-1005.391	-1073.458	68.0676	1.248507	0.9705301	0.9031462
44880	-1003.572	-1071.43	67.85846	1.325455	1.111861	0.8974731
44886	-996.7814	-1064.823	68.04176	1.343449	0.9438001	0.8550344
44892	-1001.299	-1069.293	67.9936	1.478713	0.9438001	0.7376401
44898	-1008.488	-1076.513	68.02462	1.535815	0.9046618	0.6546885
44904	-1006.442	-1074.387	67.94462	1.120807	0.7772054	1.328666
44910	-1001.519	-1069.719	68.20023	0.9223722	0.7308276	1.328666
44916	-1011.823	-1078.914	67.09098	1.11048	2.098921	1.169896
44922	-1005.301	-1073.283	67.98248	1.180013	1.124906	0.9080422
44928	-1007.425	-1075.245	67.8197	1.146299	0.9846164	1.222367
44934	-1005.238	-1072.857	67.61875	1.164299	1.268102	1.155834
44940	-1011.438	-1078.823	67.38488	1.066067	1.426592	1.328106
44946	-1008.059	-1076.153	68.0943	1.333065	0.7759763	1.012623
44952	-998.179	-1066.127	67.94804	1.224806	0.9861436	1.03496
44958	-1009.793	-1076.797	67.00336	1.007451	2.064988	1.344362
44964	-1014.068	-1082.34	68.27205	1.332944	0.7763546	0.8150582
44970	-999.2995	-1066.564	67.26412	0.971974	1.059946	1.721454
44976	-1007.831	-1075.143	67.31111	1.131819	0.8598027	1.721454
44982	-1003.849	-1071.467	67.61737	0.8782684	0.8882945	1.661682
44988	-997.8042	-1065.425	67.62122	0.7672323	0.990515	1.661682
44994	-1006.282	-1073.937	67.65428	0.9591642	0.9261748	1.546487
45000	-994.3178	-1061.528	67.21026	0.8798601	1.121276	1.783378
45006	-1004.919	-1071.684	66.76453	0.8420811	2.098373	1.634765
45012	-997.6067	-1064.668	67.06096	0.6434643	1.362933	1.906971
45018	-1006.874	-1074.013	67.13871	0.9004406	1.027707	1.879437
45024	-999.203	-1066.401	67.19788	0.7800669	0.7882806	2.092968
45030	-992.7847	-1060.635	67.84991	0.8012429	0.8463787	1.582962
45036	-995.6802	-1062.736	67.05592	0.9985756	1.353316	1.669141
45042	-990.7911	-1058.812	68.02103	1.139275	0.7500326	1.278626
45048	-994.2751	-1062.61	68.33494	1.334738	0.7500326	0.7710319
45054	-994.8362	-1062.822	67.98575	1.335328	0.9742936	0.8932077
45060	-991.2186	-1059.3	68.08152	1.276996	1.029829	0.7771905
45066	-988.9955	-1056.553	67.55702	1.121258	1.424176	1.138216
45072	-996.4691	-1064.73	68.26072	1.137747	0.6908738	1.139764
45078	-996.3355	-1063.918	67.58294	1.213835	1.259323	1.15021
45084	-990.6855	-1058.346	67.66074	1.164469	0.9459613	1.369399
45090	-988.5846	-1056.169	67.58428	1.045169	1.11662	1.391953
45096	-995.7241	-1063.334	67.60945	0.9753453	1.072782	1.457898
45102	-998.7911	-1066.783	67.9919	0.8380343	1.026362	1.300644
45108	-998.9339	-1066.113	67.17906	0.5743018	1.22374	1.951296
45114	-999.2555	-1066.475	67.21976	0.6287746	1.22374	1.886945
45120	-1002.594	-1070.108	67.51378	0.7993343	1.06458	1.663648
45126	-997.9499	-1065.659	67.70913	0.6882217	0.937296	1.694316
45132	-997.5017	-1064.773	67.27164	0.5153859	0.9539966	2.097505
45138	-995.0133	-1061.742	66.72827	0.481695	1.001954	2.436573
45144	-990.8543	-1058.207	67.353	0.5378541	1.14165	1.907323
45150	-999.4651	-1067.111	67.64602	0.6438941	0.7605183	1.907323
45156	-997.9848	-1065.272	67.28677	0.8390457	0.6823866	2.083244
45162	-1006.75	-1074.064	67.31432	1.15557	1.662206	1.171018
45168	-1005	-1071.909	66.90901	0.9681304	1.60333	1.663009
45174	-1005.244	-1072.214	66.96972	0.8888713	1.080927	1.966873
45180	-993.9318	-1060.887	66.95532	0.5371352	1.232174	2.119476
45186	-993.8364	-1060.858	67.022	0.7059537	0.978906	2.119476
45192	-993.7245	-1060.875	67.15076	0.6933736	1.211048	1.897368
45198	-991.3147	-1058.926	67.61157	0.7120641	0.7158496	1.922348
45204	-994.3069	-1061.143	66.83658	0.7950297	0.8010783	2.307289
45210	-990.9249	-1057.843	66.91857	0.7130426	0.8010783	2.307289
45216	-988.3945	-1056.022	67.62792	0.7699137	0.8010783	1.800052
45222	-993.1837	-1060.366	67.18257	0.7205757	1.339551	1.783422
45228	-1005.422	-1072.097	66.67478	0.4870049	1.339551	2.276055
45234	-1004.928	-1071.206	66.27825	0.4414334	1.220958	2.615886
45240	-1002.918	-1070.072	67.15399	0.4572264	1.160454	2.08266
45246	-1007.955	-1074.856	66.90128	0.5274756	0.9077963	2.35996
45252	-1008.018	-1075.402	67.38438	0.4377774	0.7707752	2.208182
45258	-1007.036	-1074.187	67.15106	0.5783702	0.9890466	2.111785
45264	-999.7007	-1067.163	67.46202	0.4517625	0.9890466	1.989878
45270	-997.421	-1063.729	66.30819	0.6175355	0.7221706	2.80646
45276	-995.0184	-1061.744	66.72577	0.4981128	0.8102432	2.557193
45282	-993.6252	-1060.976	67.35061	0.4738425	0.8742306	2.128882
45288	-992.6159	-1059.451	66.83473	0.1840819	0.6980267	2.76869
45294	-993.2824	-1059.987	66.70488	0.1844334	0.9924358	2.642173
45300	-998.0511	-1064.863	66.81231	0.08845798	0.9938189	2.634246
45306	-1001.482	-1068.712	67.23025	0.1420132	0.9750835	2.35113
45312	-990.778	-1057.854	67.07612	0.2961381	0.9750835	2.35113
45318	-999.2007	-1064.764	65.56289	0.331832	1.126773	3.165454
45324	-1000.909	-1068.355	67.44638	0.3221854	1.090758	2.020788
45330	-996.0516	-1062.883	66.8316	0.5228769	1.175887	2.240747
45336	-1003.913	-1070.767	66.85387	0.5185516	1.00612	2.33115
45342	-1001.422	-1068.646	67.22349	0.2534975	1.00612	2.26433
45348	-1001.943	-1069.26	67.31699	0.08634662	0.7061646	2.525092
45354	-994.3243	-1061.533	67.20837	0.1341987	0.7543147	2.525092
45360	-998.8975	-1065.541	66.64331	0.1157558	1.083576	2.667791
45366	-996.7529	-1063.639	66.88562	0.04860208	1.083576	2.55949
45372	-995.4033	-1062.114	66.71101	0.04599708	1.083576	2.669058
45378	-992.4577	-1059.138	66.68051	0.04601533	0.7971163	2.871563
45384	-993.0962	-1060.166	67.06978	0.04000183	0.9253977	2.548483
45390	-997.098	-1063.71	66.61206	0.1300294	0.9253977	2.774887
45396	-995.6767	-1062.13	66.45298	0.1429549	0.9253977	2.863721
45402	-992.9583	-1059.602	66.64398	0.1919255	0.9253977	2.717536
45408	-996.1863	-1062.431	66.24463	0.2400665	1.464719	2.640422
45414	-993.5606	-1059.93	66.3697	0.3053704	0.9134267	2.823442
45420	-994.0058	-1060.864	66.85819	0.2797699	1.18735	2.372527
45426	-995.02	-1062.105	67.08524	0.4854123	1.063522	2.167717
45432	-990.9315	-1057.993	67.06147	0.5945663	0.9597055	2.179142
45438	-997.9804	-1064.936	66.95566	0.5387245	1.164793	2.156577
45444	-998.7581	-1066.222	67.46366	0.6396045	0.9501188	1.889065
45450	-994.5774	-1061.799	67.22203	0.6726217	0.9258133	2.046029
45456	-996.1557	-1062.935	66.77918	0.4815223	1.051196	2.374068
45462	-990.4112	-1057.643	67.23191	0.4934157	1.051196	2.07425
45468	-991.0647	-1058.112	67.04726	0.3561986	0.9667257	2.336729
45474	-991.196	-1057.121	65.92519	0.2937991	1.391321	2.837208
45480	-994.9385	-1061.459	66.52017	0.2382573	0.6228776	2.988025
45486	-992.3738	-1059.124	66.75066	0.09993779	1.162588	2.566459
45492	-997.0737	-1063.537	66.46291	0.09966797	1.142387	2.754986
45498	-996.5879	-1063.185	66.59681	0.1499284	1.142387	2.641958
45504	-1002.036	-1069.14	67.10366	0.2122874	0.9219546	2.421719
45510	-1000.63	-1067.597	66.96707	2.131895	1.077452	0.196461
45516	-1007.636	-1074.607	66.97065	2.150537	1.136644	0.224389
45522	-1008.737	-1074.845	66.10828	0.3977239	0.9139148	2.925465
45528	-1010.589	-1076.994	66.40535	0.2939387	1.300413	2.587231
45534	-1011.257	-1079.339	68.0813	1.867913	0.620383	0.4775612
45540	-1005.509	-1073.057	67.54769	1.714744	1.252362	0.4411221
45546	-999.1107	-1067.482	68.37104	1.570366	0.6099001	0.6171921
45552	-1003.204	-1070.124	66.91942	0.6776664	1.239307	2.046636
45558	-1000.568	-1067.494	66.92654	0.7333905	1.047188	2.119725
45564	-996.7035	-1063.662	66.95893	0.6967904	1.051553	2.119725
45570	-995.5546	-1062.482	66.92739	0.4661707	1.154264	2.227989
45576	-999.0671	-1065.379	66.31156	0.6651833	1.299551	2.414257
45582	-991.2662	-1058.681	67.41489	0.5466608	0.5983717	2.265686
45588	-988.4138	-1055.361	66.94733	0.4682118	0.7904985	2.452009
45594	-993.0416	-1059.519	66.4776	0.1822621	1.205932	2.6608
45600	-990.4181	-1056.834	66.41552	0.4429804	1.205932	2.537819
45606	-991.1783	-1058.008	66.82939	0.245966	1.235313	2.385892
45612	-986.7379	-1053.026	66.28845	0.2323014	1.235313	2.730682
45618	-991.6864	-1057.809	66.12223	0.1897581	1.101896	2.929566
45624	-991.5344	-1058.746	67.21159	0.4543477	0.7698338	2.309242
45630	-994.9073	-1062.086	67.17871	0.7117258	1.000246	1.997955
45636	-992.4238	-1059.242	66.81831	0.4508803	1.003234	2.398435
45642	-992.7546	-1059.686	66.93163	0.3375605	1.003234	2.398435
45648	-994.1111	-1061.237	67.12558	0.5248208	1.021178	2.142523
45654	-997.1461	-1063.424	66.27749	0.7035858	0.7782839	2.730307
45660	-991.8065	-1059.196	67.3896	0.7723072	0.9008455	1.884694
45666	-990.1117	-1057.333	67.22134	0.6909468	0.9054345	2.048761
45672	-996.9415	-1064.027	67.08506	0.4966768	0.8607432	2.295394
45678	-990.9322	-1058.31	67.37737	0.6219181	0.8607432	2.023605
45684	-993.5163	-1060.449	66.93221	0.5919359	0.931491	2.283098
45690	-995.3803	-1062.138	66.75764	0.7452019	0.999566	2.251923
45696	-994.2114	-1061.393	67.18154	0.7328281	1.173917	1.87169
45702	-995.1495	-1063.28	68.13097	0.8735945	0.7362126	1.416197
45708	-996.6903	-1064.683	67.99263	0.8595488	0.9095108	1.378507
45714	-1000.429	-1068.3	67.87075	0.8301969	0.9095108	1.494533
45720	-991.8855	-1059.726	67.841	1.022694	0.6889023	1.567906
45726	-1001.926	-1069.995	68.06848	1.156142	0.839762	1.132586
45732	-1000.731	-1068.148	67.41745	1.189447	1.916443	0.8757901
45738	-990.5317	-1058.214	67.68263	1.259403	1.461365	0.840897
45744	-993.2757	-1061.379	68.10294	1.294634	0.9854875	0.7841913
45750	-995.3664	-1063.676	68.30933	1.150506	0.8250141	0.9188816
45756	-990.9579	-1058.946	67.98782	1.331032	1.071296	0.7767833
45762	-990.9623	-1059.185	68.22311	1.2642	0.8969905	0.7881884
45768	-996.6778	-1064.892	68.21397	1.077384	0.6618444	1.264687
45774	-1002.737	-1071.111	68.37448	1.193384	0.6910753	0.9788174
45780	-1000.079	-1067.919	67.83989	1.470677	1.047246	0.8187417
45786	-1001.033	-1068.813	67.78017	1.424819	1.295844	0.6297182
45792	-1006.708	-1075.112	68.40441	1.445191	0.6389207	0.7187763
45798	-1001.33	-1069.656	68.32662	1.299691	0.6425263	0.9859447
45804	-995.4526	-1063.301	67.84795	1.227643	1.075041	1.044885
45810	-1006.698	-1074.156	67.45771	0.9296589	0.8379404	1.777645
45816	-999.6885	-1067.328	67.63989	0.8919399	0.7628752	1.738614
45822	-1001.494	-1069.1	67.60588	1.232071	1.253468	1.117786
45828	-1005.837	-1073.959	68.12232	1.21495	0.7753897	1.098908
45834	-1004.013	-1072.078	68.06524	1.375868	0.9315234	0.8006997
45840	-1007.856	-1075.714	67.85789	1.016571	0.5584148	1.693521
45846	-1003.502	-1070.564	67.06171	0.8726982	1.464666	1.693521
45852	-1011.205	-1078.339	67.13405	0.7091499	0.9647716	2.053185
45858	-1008.935	-1076.235	67.29984	0.8332209	0.9647716	1.858422
45864	-999.2872	-1067.052	67.76509	0.8730287	0.96355	1.49908
45870	-999.5487	-1066.728	67.17952	0.5471166	1.11271	2.03507
45876	-996.2507	-1063.892	67.64145	0.9671214	0.7399677	1.704485
45882	-1000.669	-1068.155	67.48609	0.8458733	1.395596	1.439958
45888	-996.1143	-1064.201	68.08668	1.115096	0.672306	1.326157
45894	-999.5165	-1067.559	68.04226	1.194551	0.7805328	1.182842
45900	-1001.52	-1069.48	67.95961	0.6702467	0.9072544	1.549273
45906	-999.1221	-1066.844	67.72239	0.9734313	1.291601	1.21443
45912	-995.5324	-1063.132	67.59957	1.149738	1.291601	1.168337
45918	-1005.554	-1073.012	67.45754	0.8430483	1.604768	1.344472
45924	-991.6764	-1059.293	67.61632	0.7767696	1.209561	1.509037
45930	-1000.754	-1068.571	67.81701	0.8184063	0.9532955	1.509037
45936	-1004.252	-1071.911	67.65906	0.7292009	0.8038522	1.804413
45942	-999.5659	-1066.775	67.20903	0.8884104	0.9773369	1.873978
45948	-998.9982	-1066.265	67.26676	0.8564528	0.7579783	2.021232
45954	-996.2002	-1063.245	67.0444	0.6934651	1.322345	1.906303
45960	-992.08	-1059.332	67.25147	0.7707199	1.180265	1.79369
45966	-995.1306	-1062.3	67.16941	0.8211969	1.216478	1.79369
45972	-998.9549	-1065.997	67.04221	0.7250505	1.190666	1.961234
45978	-1004.676	-1072.111	67.43531	0.7729833	0.8153106	1.918291
45984	-997.7286	-1064.969	67.24052	0.6005504	1.191593	1.910929
45990	-997.5003	-1064.355	66.85475	0.4126045	1.392723	2.180952
45996	-1001.701	-1069.019	67.31788	0.5021509	1.38865	1.814114
46002	-1002.702	-1069.701	66.99977	0.4831251	1.390515	2.040836
46008	-999.9069	-1067.172	67.26476	0.5999311	1.252076	1.859479
46014	-998.0962	-1065.32	67.22425	0.3796657	0.8742293	2.271598
46020	-995.9125	-1062.315	66.4028	0.3253288	1.312373	2.56328
46026	-1004.031	-1070.724	66.69313	0.2474521	1.070411	2.56328
46032	-992.9102	-1059.71	66.79955	0.6362643	0.9417889	2.332579
46038	-994.8176	-1061.773	66.95495	0.5030788	0.920727	2.332579
46044	-1004.664	-1072.227	67.56291	1.43705	1.489412	0.7325009
46050	-1008.62	-1075.348	66.72743	0.5361374	0.920727	2.455484
46056	-999.0202	-1065.862	66.84193	0.5248191	0.7572392	2.507764
46062	-1002.246	-1069.038	66.79191	0.7475476	1.247849	2.079885
46068	-1003.685	-1070.932	67.24684	0.6529514	0.8736606	2.079885
46074	-1009.944	-1077.228	67.28371	0.6160851	0.8736606	2.079885
46080	-997.6628	-1064.542	66.8791	0.600741	0.9875696	2.274421
46086	-998.066	-1065.325	67.25861	0.7561052	0.9737458	1.932558
46092	-998.1565	-1065.897	67.74006	0.8188798	0.863127	1.636198
46098	-999.75	-1066.892	67.14163	0.7903728	1.33985	1.763158
46104	-1005.64	-1073.075	67.43483	0.8968892	1.274177	1.513902
46110	-1005.798	-1072.558	66.75968	0.5409397	1.074072	2.334851
46116	-1003.325	-1070.863	67.53723	1.003445	1.266783	1.358269
46122	-1010.782	-1078.407	67.62522	0.8589305	1.120847	1.500053
46128	-1005.433	-1073.253	67.82025	0.7886893	1.098185	1.421107
46134	-997.1555	-1065.04	67.88412	0.9393473	0.9430444	1.373169
46140	-1006.172	-1074.065	67.89319	0.7863002	0.6563217	1.731431
46146	-1008.753	-1076.658	67.90497	0.7795972	0.9393643	1.483028
46152	-1004.715	-1072.402	67.68666	0.9673074	1.174859	1.331028
46158	-995.8458	-1063.936	68.09069	1.14364	0.8414399	1.122149
46164	-1010.49	-1078.479	67.98922	1.238073	0.9312914	1.037057
46170	-1001.064	-1069.012	67.94819	1.097287	0.8050233	1.318092
46176	-1006.578	-1073.988	67.41034	1.08054	0.9492924	1.618351
46182	-1008.22	-1076.404	68.18461	1.257813	0.6432036	1.157728
46188	-1006.348	-1074.17	67.82156	1.238896	1.009356	1.118208
46194	-1001.094	-1068.865	67.77052	1.281546	1.172831	0.9795919
46200	-1002.564	-1070.218	67.65347	1.279532	1.073432	1.176082
46206	-1003.015	-1070.424	67.40939	0.8391788	0.9080947	1.819991
46212	-1001.916	-1069.106	67.18994	0.870003	1.262902	1.717625
46218	-1004.473	-1071.383	66.91039	0.737117	1.816006	1.725742
46224	-1005.862	-1073.08	67.21768	0.9908455	1.500871	1.47345
46230	-1000.561	-1068.751	68.18982	1.006232	0.9057018	1.092227
46236	-1003.489	-1071.131	67.64239	1.252859	1.234476	1.079987
46242	-1005.526	-1073.508	67.98236	0.8731765	0.5624807	1.702532
46248	-1003.293	-1071.257	67.96454	0.9437547	0.5624807	1.665007
46254	-1003.599	-1071.321	67.72197	0.9993772	0.9001592	1.48676
46260	-998.5086	-1066.147	67.63885	0.974132	1.004578	1.48676
46266	-1000.083	-1067.386	67.30304	1.025743	0.5996047	2.025025
46272	-999.1353	-1066.71	67.5746	0.932387	0.4841813	2.02672
46278	-1001.548	-1068.931	67.38307	0.932387	0.6264152	2.008364
46284	-1003.82	-1071.234	67.41388	1.061203	1.675306	1.158708
46290	-1013.219	-1080.363	67.14458	0.05918085	1.010634	2.435041
46296	-1001.564	-1068.818	67.25413	0.07507409	1.285232	2.196709
46302	-999.0206	-1066.35	67.3296	0.05997851	1.194885	2.207331
46308	-996.4796	-1062.774	66.29425	0.1069769	1.24999	2.796045
46314	-998.4337	-1065.197	66.76317	0.07004064	1.415779	2.44658
46320	-998.0179	-1065.034	67.01588	0.0814755	1.415779	2.27904
46326	-1001.619	-1069.08	67.46106	0.0759647	0.8393062	2.339325
46332	-1005.075	-1072.218	67.1435	0.795142	1.131792	1.880939
46338	-1001.237	-1068.329	67.09195	0.626294	1.264343	1.951767
46344	-997.4635	-1063.973	66.50918	0.582066	1.532455	2.227152
46350	-993.147	-1060.66	67.51281	1.105302	1.31269	1.265084
46356	-992.7848	-1060.498	67.71307	0.9592916	1.243791	1.267535
46362	-1011.938	-1079.306	67.3672	1.16114	1.425446	1.265833
46368	-1002.35	-1070.058	67.70766	1.047095	1.196822	1.23255
46374	-1006.73	-1074.754	68.02319	1.17041	0.7261264	1.275861
46380	-1003.118	-1071.08	67.96262	1.053171	0.9554144	1.205439
46386	-1008.877	-1076.581	67.7035	1.447887	1.191348	0.851993
46392	-1001.2	-1069.143	67.94351	1.471636	0.9005221	0.8740662
46398	-1003.544	-1071.683	68.1398	1.13447	0.8497872	1.07685
46404	-1005.589	-1073.247	67.65753	1.046626	1.354125	1.163589
46410	-999.7109	-1067.843	68.13173	1.046626	0.7926723	1.220476
46416	-1002.87	-1070.693	67.82235	1.112974	1.057486	1.187249
46422	-1000.648	-1068.528	67.88054	1.269814	1.080436	0.9653943
46428	-1001.66	-1069.758	68.09819	1.124903	0.9857464	0.9855995
46434	-1000.241	-1068.356	68.11467	1.197072	0.8526008	1.038301
46440	-1002.053	-1069.738	67.68416	1.209151	1.289269	1.038301
46446	-1004.252	-1072.388	68.13629	1.350443	0.925418	0.7451896
46452	-994.4545	-1062.302	67.84738	1.175368	1.270609	0.9218367
46458	-996.0131	-1063.89	67.87712	1.012282	1.142663	1.158157
46464	-998.5324	-1066.55	68.01765	1.313687	0.8894754	0.9783051
46470	-995.8877	-1064.153	68.26544	1.313687	0.7198963	0.9277499
46476	-1002.06	-1070.154	68.09462	1.260394	0.803746	1.050714
46482	-1002.002	-1069.742	67.74043	1.253377	1.338016	0.8926737
46488	-1001.197	-1069.016	67.81895	1.184471	1.338016	0.8816524
46494	-1005.329	-1072.881	67.55205	1.0833	1.145726	1.366518
46500	-1003.232	-1071.723	68.49086	1.158923	0.4729338	1.204894
46506	-1000.932	-1068.893	67.96056	0.968503	0.8986975	1.326771
46512	-1006.844	-1071.524	64.68027	3.348803	0.8569464	0.03922914
46518	-1002.374	-1067.304	64.93024	3.225521	0.8569464	0.04504865
46524	-996.7811	-1061.551	64.76948	3.172439	1.046325	0.04422027
46530	-1008.296	-1073.284	64.98749	3.228265	0.7548283	0.04218367
46536	-1006.442	-1071.185	64.74272	3.228265	0.9736621	0.04218367
46542	-1003.158	-1068.15	64.99222	3.052798	1.075915	0.05113157
46548	-1005.775	-1071.146	65.37174	3.052798	0.7783038	0.05485834
46554	-1006.241	-1071.716	65.47529	2.947201	0.8484466	0.06003122
46560	-1002.293	-1067.585	65.29219	2.82434	1.344757	0.07236556
46566	-1016.269	-1081.979	65.71005	2.851679	0.8689439	0.07236556
46572	-1011.663	-1077.131	65.4685	2.907411	0.9707082	0.06614658
46578	-1005.587	-1070.789	65.20258	2.907411	1.241031	0.06504936
46584	-1005.95	-1071.439	65.48949	3.048686	0.8089384	0.06504936
46590	-1019.098	-1086.75	67.65243	1.511195	1.371372	0.5718129
46596	-1009.609	-1077.012	67.40272	1.77029	1.371372	0.4956962
46602	-1005.187	-1073.25	68.06278	1.653092	0.8019983	0.5029619
46608	-1004.405	-1072.453	68.04799	1.667859	0.8019983	0.5041449
46614	-1010.107	-1078.236	68.12912	1.680803	0.7118098	0.5976428
46620	-1010.203	-1077.949	67.74568	1.680803	1.062074	0.5889313
46626	-1005.636	-1073.129	67.49311	1.657271	1.399242	0.4790307
46632	-1010.431	-1078.125	67.69351	1.657271	1.159291	0.5015622
46638	-1004.349	-1072.242	67.89286	1.577495	1.010597	0.6079524
46644	-1010.334	-1078.425	68.09116	1.429592	0.9345914	0.6706147
46650	-1005.21	-1073.199	67.98828	1.327815	0.9584317	0.9169505
46656	-1002.417	-1070.57	68.15298	1.374608	0.7822038	0.8995703
46662	-998.777	-1066.991	68.21369	1.55346	0.7379001	0.6242926
46668	-1003.956	-1072.126	68.16986	1.52792	0.7379001	0.7521057
46674	-1012.182	-1080.28	68.09799	1.529993	0.7379001	0.8455723
46680	-1011.353	-1079.332	67.97897	1.212202	0.7379001	1.265636
46686	-1011.292	-1079.597	68.30538	1.212202	0.7231387	0.9878329
46692	-1010.406	-1078.256	67.8505	1.155712	0.6680804	1.4825
46698	-1007.074	-1074.835	67.76135	0.88423	1.026667	1.445457
46704	-1009.905	-1077.946	68.04128	1.146043	1.026667	0.9805495
46710	-1004.219	-1071.106	66.88625	1.008915	1.701801	1.601658
46716	-1006.433	-1073.654	67.22096	0.8835187	1.175783	1.739061
46722	-1007.523	-1074.845	67.32155	1.00407	1.243589	1.537548
46728	-1006.276	-1073.778	67.50199	0.9302247	1.310938	1.414597
46734	-1005.991	-1072.91	66.91941	0.5516205	1.264175	2.11579
46740	-1004.872	-1071.495	66.6229	0.6379636	1.005525	2.402247
46746	-1006.95	-1073.313	66.36315	0.8017507	1.384233	2.251375
46752	-1008.174	-1075.925	67.75054	1.012848	0.7433331	1.590317
46758	-999.6328	-1067.004	67.37103	0.8320596	0.8346075	1.906745
46764	-1002.125	-1069.694	67.56944	1.271518	1.430985	0.9788746
46770	-992.8106	-1060.618	67.8076	0.9135253	0.8902175	1.495056
46776	-999.5549	-1066.962	67.40736	0.7927377	0.8937955	1.863863
46782	-995.2056	-1062.694	67.48803	0.8883377	0.8801658	1.75233
46788	-1001.808	-1069.455	67.64705	0.9632486	0.6294085	1.805634
46794	-1002.476	-1070.047	67.57023	0.9168909	1.070363	1.533002
46800	-1001.885	-1069.659	67.77335	0.9690489	0.8259058	1.533002
46806	-996.2705	-1063.514	67.2431	0.7492696	0.8746745	2.017911
46812	-997.2342	-1064.395	67.16119	0.8123469	0.6722877	2.191423
46818	-1004.059	-1072.517	68.4582	1.038715	0.6419242	1.110577
46824	-1011.319	-1078.681	67.36165	1.271169	1.647575	1.030717
46830	-993.112	-1061.051	67.93857	1.042886	0.7646829	1.406822
46836	-995.5988	-1063.074	67.47496	1.107078	1.023953	1.495617
46842	-1002.073	-1070.197	68.12444	1.107624	0.8031463	1.163543
46848	-1005.363	-1073.189	67.82613	1.098278	1.348504	0.9590242
46854	-1013.357	-1081.054	67.69707	1.237756	0.9530782	1.275296
46860	-1002.53	-1070.447	67.91611	0.9609845	0.801264	1.453334
46866	-1005.643	-1073.953	68.31	1.09227	0.8316211	0.9719236
46872	-1000.153	-1068.152	67.99919	1.300095	1.078172	0.7947317
46878	-1003.483	-1071.888	68.40511	1.262135	0.7718558	0.7348616
46884	-1005.439	-1073.538	68.09869	1.233177	1.00911	0.8389723
46890	-1010.552	-1078.254	67.70121	1.303029	1.400009	0.8214646
46896	-1003.852	-1071.715	67.86365	1.533017	1.045125	0.6942451
46902	-1006.467	-1074.361	67.89416	1.423115	0.9531162	0.9216881
46908	-995.7751	-1063.858	68.08331	1.392214	0.7221099	1.030811
46914	-1003.874	-1070.982	67.10795	1.036283	1.977282	1.277769
46920	-1004.131	-1072.362	68.23112	0.9005493	0.781304	1.270824
46926	-999.1478	-1067.256	68.10834	0.8557584	0.7418728	1.441876
46932	-994.3328	-1061.922	67.58949	1.153248	1.364496	1.121987
46938	-997.0856	-1064.984	67.89879	1.285307	0.9507429	1.058899
46944	-998.8503	-1066.321	67.4706	0.752793	1.486615	1.470143
46950	-997.8165	-1065.134	67.3176	0.8593803	1.486615	1.505098
46956	-1001.392	-1068.687	67.29471	0.8646007	1.290704	1.630294
46962	-993.0511	-1060.382	67.33105	0.8768804	0.9798264	1.796295
46968	-987.6464	-1055.363	67.71614	1.017759	0.6694016	1.680429
46974	-992.2025	-1059.62	67.41777	0.8487312	0.8234386	1.872357
46980	-996.4708	-1063.784	67.31369	0.740832	0.8234386	2.015078
46986	-1000.506	-1067.953	67.44668	0.9101169	1.18637	1.551018
46992	-994.258	-1062.033	67.77484	0.9488766	1.150585	1.292177
46998	-998.0662	-1065.837	67.77117	0.9024826	0.8543787	1.559844
47004	-997.1815	-1064.717	67.53541	1.150458	1.41951	1.134628
47010	-1002.208	-1070.1	67.89199	1.103257	1.203004	1.010084
47016	-1001.543	-1069.704	68.16113	1.206852	0.9838254	0.8254978
47022	-997.0445	-1065.229	68.18494	1.197752	0.7558472	1.078941
47028	-1003.211	-1071.623	68.41201	1.176251	0.5713207	1.120158
47034	-1007.047	-1073.696	66.64816	2.437609	0.849889	0.1358234
47040	-1011.113	-1078.585	67.47138	1.447918	1.673602	0.6417196
47046	-1004.948	-1072.761	67.81268	1.621368	1.067004	0.4698895
47052	-1009.972	-1076.059	66.08672	2.454778	1.455801	0.137375
47058	-1005.577	-1072.022	66.44556	2.504994	0.9842224	0.137375
47064	-995.657	-1062.149	66.49151	2.459042	0.9842224	0.137375
47070	-998.401	-1066.198	67.79695	1.813167	0.8141791	0.3154576
47076	-1000.78	-1068.519	67.73936	1.821443	0.8911654	0.3530647
47082	-993.9225	-1061.237	67.31459	1.758331	1.45366	0.3762913
47088	-995.3246	-1063.492	68.16779	1.751588	0.6398503	0.4590762
47094	-1002.273	-1070.267	67.99422	1.757508	0.7667858	0.5583796
47100	-1001.987	-1069.774	67.78724	1.689682	1.023769	0.4797394
47106	-1005.823	-1073.838	68.0141	1.82191	0.6983236	0.4384238
47112	-999.1326	-1065.011	65.8787	2.507526	1.375598	0.1033092
47118	-1000.237	-1066.363	66.126	2.544722	1.027251	0.1007296
47124	-998.375	-1064.474	66.09931	2.551305	1.236183	0.1255414
47130	-989.0955	-1055.51	66.41455	2.556166	0.8052325	0.1089852
47136	-993.1109	-1059.537	66.42605	2.556166	0.8565331	0.1193931
47142	-1000.285	-1066.281	65.99613	2.556166	1.104554	0.09527945
47148	-997.6786	-1063.471	65.79231	2.623037	1.217348	0.0911424
47154	-995.0709	-1060.796	65.72502	2.623037	1.34861	0.09591084
47160	-993.5162	-1059.355	65.8391	2.508957	1.34861	0.09591084
47166	-1006.779	-1073.186	66.40758	2.373586	1.34861	0.1723181
47172	-999.1779	-1065.888	66.70978	2.295291	1.03012	0.1583574
47178	-995.4325	-1061.978	66.54518	2.252121	1.321091	0.1707602
47184	-991.112	-1058.076	66.96418	2.252121	0.8754149	0.1707602
47190	-989.6533	-1056.588	66.93461	2.252121	0.9477047	0.1839201
47196	-998.0423	-1064.94	66.89744	2.272579	0.9477047	0.1791584
47202	-998.729	-1065.987	67.25778	2.272579	0.7003799	0.2016935
47208	-993.9911	-1060.874	66.88244	2.174566	1.13	0.1986929
47214	-987.7011	-1054.416	66.71528	2.190672	1.415192	0.2314981
47220	-993.32	-1059.971	66.65101	2.190672	1.441558	0.2137877
47226	-992.8132	-1059.762	66.94871	2.190672	1.13694	0.2321411
47232	-995.3614	-1062.507	67.1458	1.918676	1.221759	0.2321411
47238	-995.2298	-1062.625	67.39564	1.865208	1.078413	0.2653439
47244	-992.5943	-1060.062	67.46765	2.08593	0.8531313	0.3056785
47250	-998.6308	-1065.596	66.96551	2.306898	0.8531313	0.1791726
47256	-1002.794	-1069.918	67.12389	2.306898	0.7098329	0.1753352
47262	-998.1554	-1065.333	67.17797	2.253165	0.7098329	0.1754293
47268	-999.744	-1066.554	66.8096	2.327788	0.86237	0.1488729
47274	-1001.533	-1068.609	67.07639	2.432307	0.7034924	0.1958822
47280	-999.9602	-1066.511	66.55075	2.234298	1.521057	0.2146579
47286	-994.6857	-1061.695	67.00882	2.234298	0.9985868	0.2205358
47292	-994.7623	-1062.154	67.39118	2.07247	0.9221645	0.2948194
47298	-1001.729	-1069.258	67.52872	2.163682	0.723049	0.29327
47304	-1003.318	-1070.545	67.22653	1.973195	1.146217	0.2661778
47310	-1000.802	-1067.952	67.14997	2.135932	1.065581	0.2728465
47316	-995.4262	-1062.471	67.04499	2.14629	1.168386	0.2728465
47322	-1003.199	-1070.666	67.4671	2.095883	0.7753438	0.2542981
47328	-1008.237	-1075.244	67.0075	2.073885	1.317403	0.2832536
47334	-1002.812	-1070.5	67.6885	1.925214	0.7667722	0.2771433
47340	-1005.444	-1072.654	67.20954	2.264555	0.7667722	0.2112824
47346	-1003.178	-1070.598	67.41967	2.0462	0.8373237	0.2422886
47352	-1001.991	-1068.924	66.93379	2.0462	1.407736	0.2650807
47358	-1010.383	-1077.171	66.78811	2.101117	1.407736	0.2221738
47364	-1011.625	-1078.591	66.96631	1.994701	1.272817	0.2084529
47370	-999.3835	-1066.087	66.70381	2.202353	1.289307	0.1945594
47376	-999.5189	-1066.124	66.60481	2.452179	1.001548	0.163988
47382	-1001.483	-1068.55	67.06713	2.434135	0.5976363	0.1548825
47388	-1004.769	-1072.531	67.76145	2.332719	0.4496033	0.288667
47394	-1006.839	-1074.783	67.94488	2.053662	0.5585158	0.3675523
47400	-1003.347	-1070.993	67.64589	1.824552	1.030129	0.4770652
47406	-1006.072	-1073.463	67.39122	1.824552	1.283409	0.3903846
47412	-998.0306	-1065.45	67.41892	1.839233	1.198718	0.3486825
47418	-1007.926	-1075.609	67.68276	1.618072	1.214247	0.5293165
47424	-1002.45	-1069.564	67.11356	2.13329	0.9692257	0.2106856
47430	-1010.244	-1077.358	67.11371	2.048188	1.246126	0.2981329
47436	-1008.93	-1076.358	67.42849	1.857527	1.155685	0.3375499
47442	-1010.961	-1078.162	67.20081	1.960629	1.244076	0.2965239
47448	-1016.609	-1083.685	67.0751	2.27691	0.8628571	0.2076349
47454	-1010.006	-1078.402	68.3953	1.598664	0.4332796	0.9480363
47460	-1007.808	-1075.803	67.99489	1.497805	0.687595	1.057221
47466	-996.8861	-1065.203	68.31739	1.175299	0.687595	1.057221
47472	-994.9915	-1063.46	68.46815	1.052932	0.523643	1.242616
47478	-998.8483	-1067.111	68.26252	1.125244	0.6117069	1.242616
47484	-1002.89	-1071.025	68.13549	1.075478	0.7860641	1.199402
47490	-996.0592	-1064.131	68.07174	1.240296	0.7524085	1.146948
47496	-997.325	-1065.48	68.15536	1.152697	0.8974616	0.9931154
47502	-992.49	-1060.469	67.97881	1.032604	0.8549197	1.299264
47508	-991.0357	-1059.099	68.06371	1.062063	0.8101001	1.247407
47514	-1000.466	-1068.342	67.8758	1.00241	0.8462801	1.412533
47520	-1009.151	-1076.983	67.83197	0.7396013	0.9673197	1.545749
47526	-1006.133	-1073.68	67.54714	0.8824975	1.06971	1.575832
47532	-1000.687	-1068.007	67.32012	0.9930426	1.559436	1.359838
47538	-1014.31	-1081.502	67.19204	0.9270171	1.591861	1.491709
47544	-1010.857	-1078.578	67.72084	0.8807483	1.225597	1.33757
47550	-1000.799	-1068.467	67.66765	0.9723628	1.01023	1.462053
47556	-998.5515	-1066.089	67.53703	1.13425	1.38942	1.168063
47562	-999.2868	-1066.65	67.3633	0.9484119	1.02822	1.689687
47568	-1005.203	-1073.105	67.90254	1.015692	1.122694	1.148755
47574	-1008.003	-1075.134	67.13147	0.9379307	1.745061	1.450833
47580	-1007.053	-1074.833	67.77997	1.147197	1.02239	1.223342
47586	-1000.408	-1068.482	68.07335	1.139362	0.9842034	0.9976441
47592	-1001.269	-1068.815	67.5452	1.654024	1.326561	0.4341322
47598	-1005.483	-1073.099	67.61594	1.654024	1.237058	0.4237551
47604	-996.6619	-1064.872	68.21049	1.146111	1.040969	0.7644801
47610	-995.1188	-1063.211	68.09228	1.583774	0.804691	0.647891
47616	-993.3082	-1061.349	68.04061	1.573992	0.8883645	0.5419834
47622	-989.3333	-1057.225	67.89133	1.573992	0.9983811	0.6499718
47628	-995.1917	-1063.099	67.90712	1.581738	1.011986	0.5165511
47634	-1001.407	-1069.339	67.93219	1.514118	1.049103	0.5605807
47640	-1002.937	-1071.156	68.21958	1.545296	0.6869064	0.7497536
47646	-1001.97	-1069.999	68.02872	1.545296	0.9085181	0.6125993
47652	-997.845	-1065.994	68.14944	1.479111	0.8171739	0.7103974
47658	-1000.552	-1068.873	68.32156	1.401527	0.7387435	0.7103974
47664	-996.6302	-1064.877	68.24637	1.425239	0.764367	0.7422097
47670	-1001.22	-1069.33	68.11048	1.447862	0.8852716	0.6990554
47676	-998.7373	-1066.685	67.94721	1.467248	1.079492	0.5727039
47682	-994.819	-1062.517	67.69847	1.424541	1.334468	0.726507
47688	-1002.342	-1070.44	68.09859	1.44915	0.8467376	0.781631
47694	-1002.049	-1069.231	67.18244	0.6937732	0.8725332	2.09621
47700	-996.4874	-1063.903	67.41522	0.8319615	0.8269885	1.882732
47706	-999.7335	-1066.871	67.13729	0.7755588	0.8269885	2.105912
47712	-1016.471	-1084.229	67.75833	0.6489201	0.8154059	1.781875
47718	-1011.266	-1077.945	66.6788	0.3941115	0.9684598	2.543515
47724	-1016.614	-1082.325	65.71132	0.1919581	1.343478	3.050107
47730	-1003.08	-1069.701	66.62077	0.2966457	1.343478	2.429234
47736	-1003.469	-1070.38	66.91056	0.4534426	1.041817	2.314174
47742	-1005.019	-1071.653	66.6345	0.4646716	1.500757	2.236915
47748	-1005.368	-1072.729	67.36049	0.6675065	1.299382	1.718823
47754	-996.1791	-1063.641	67.46159	0.7676532	1.176562	1.650069
47760	-1000.616	-1067.767	67.15055	0.4682299	0.9459632	2.212485
47766	-994.8863	-1062.015	67.12865	0.8143849	1.066236	1.919399
47772	-994.2056	-1061.847	67.64181	0.9229677	0.686856	1.782987
47778	-994.9587	-1062.372	67.4133	0.8973377	0.9001143	1.782987
47784	-999.991	-1067.347	67.35569	0.9626006	0.9681739	1.727548
47790	-1001.267	-1069.167	67.90012	0.9340736	0.8414184	1.450598
47796	-1001.828	-1068.889	67.06028	0.9591808	1.501474	1.613009
47802	-1003.68	-1071.276	67.59651	1.201054	1.42774	1.024661
47808	-1003.733	-1071.889	68.15616	1.094478	0.6311188	1.332234
47814	-1006.22	-1074.127	67.90727	1.052711	1.029228	1.189599
47820	-1010.201	-1078.411	68.20941	1.370548	0.7047026	0.9477714
47826	-1003.963	-1071.83	67.86699	1.562053	1.072035	0.5332014
47832	-1003.726	-1071.055	67.32855	0.6897171	1.06031	1.872151
47838	-1004.038	-1071.223	67.18443	0.7444355	1.094908	1.910686
47844	-1000.281	-1067.547	67.26575	0.7929356	0.9939297	1.888944
47850	-996.1694	-1064.158	67.98883	1.06822	0.8460953	1.270058
47856	-1001.31	-1069.127	67.81734	1.072567	0.8582974	1.392928
47862	-1007.474	-1074.414	66.93968	1.10107	1.292053	1.714081
47868	-1009.046	-1076.165	67.1196	0.7568126	1.10197	1.941661
47874	-1012.06	-1078.291	66.23077	0.6147664	1.276714	2.508416
47880	-1006.655	-1072.757	66.1022	0.3862061	1.276714	2.729152
47886	-1005.174	-1071.901	66.72666	0.4528288	1.276326	2.297739
47892	-1002.773	-1069.314	66.5412	0.2912303	1.262182	2.524164
47898	-1000.906	-1067.94	67.03393	0.3011655	1.323015	2.172853
47904	-1001.454	-1068.197	66.74258	0.2349447	1.271412	2.428424
47910	-1000.309	-1067.498	67.18908	0.3860104	0.9308592	2.250845
47916	-1001.5	-1068.488	66.98706	0.2610459	0.8951972	2.482378
47922	-1002.616	-1069.68	67.0639	0.5302536	1.047279	2.162577
47928	-1006.02	-1073.338	67.31841	0.5817797	1.09748	1.928447
47934	-997.7005	-1065.033	67.33224	0.8075106	1.09748	1.764146
47940	-1000.623	-1067.67	67.04738	0.4112525	1.09748	2.219512
47946	-1000.787	-1068.135	67.34803	0.383163	1.106645	2.03577
47952	-995.8078	-1062.658	66.85036	0.2709703	1.302687	2.320979
47958	-996.7512	-1063.588	66.83673	0.2090522	1.043559	2.51381
47964	-1003.533	-1070.187	66.65381	0.3957329	0.8513463	2.635933
47970	-1003.357	-1070.29	66.93269	0.3703752	1.007443	2.374354
47976	-1001.397	-1068.28	66.88318	0.3099148	0.9245859	2.497068
47982	-1001.521	-1068.653	67.13162	0.4645047	1.149607	2.098971
47988	-1003.735	-1070.213	66.47877	0.4918829	1.214738	2.462959
47994	-999.0201	-1066.239	67.21859	0.6210628	1.133082	1.947146
48000	-1003.565	-1070.427	66.86181	0.6540782	1.133082	2.161173
48006	-1002.139	-1069.362	67.22255	0.6635953	0.8612956	2.097896
48012	-1002.435	-1069.289	66.85319	0.6515148	0.8612956	2.344097
48018	-1002.407	-1069.844	67.43765	0.7526753	0.967565	1.817118
48024	-994.331	-1061.729	67.39773	0.7592641	0.967565	1.840055
48030	-996.6011	-1063.507	66.90561	0.737223	0.967565	2.182462
48036	-996.6346	-1063.753	67.11808	0.5235797	1.0847	2.108274
48042	-1002.083	-1069.402	67.3195	0.4893979	1.002725	2.050457
48048	-1004.737	-1072.156	67.4189	0.3498269	0.7225452	2.281085
48054	-1000.555	-1068.11	67.55492	0.6760759	0.7225452	1.978893
48060	-1004.006	-1071.551	67.54433	0.5667477	1.179792	1.731941
48066	-1003.151	-1069.256	66.1051	0.6518998	1.716587	2.359553
48072	-999.9973	-1066.848	66.85064	0.6297653	1.051509	2.233558
48078	-997.6032	-1064.458	66.85436	0.726079	0.9514252	2.233558
48084	-997.2788	-1065.204	67.92509	1.011522	0.7821545	1.425143
48090	-1002.43	-1070.463	68.03311	1.231749	0.8373149	1.098656
48096	-1004.041	-1072.197	68.15531	1.188148	0.8924564	0.9624514
48102	-1005.778	-1073.831	68.05275	1.502983	0.9340921	0.5856653
48108	-1006.072	-1074.081	68.00873	1.555374	0.9340921	0.5506857
48114	-1005.071	-1072.607	67.53584	1.627629	1.383372	0.490905
48120	-1003.113	-1071.084	67.97051	1.665958	0.8637878	0.4372417
48126	-1001.879	-1069.889	68.01029	1.472022	0.9401158	0.7279703
48132	-1001.372	-1069.059	67.68776	1.445713	1.320365	0.7279703
48138	-1002.948	-1071.073	68.12471	1.329008	1.036839	0.578847
48144	-998.461	-1066.41	67.9486	1.051829	1.254241	0.9602813
48150	-1003.427	-1071.484	68.05717	1.368631	0.9657791	0.7727979
48156	-1001.99	-1069.893	67.90298	1.399653	1.072921	0.7969158
48162	-1000.301	-1068.279	67.97842	1.283456	1.072921	0.8488658
48168	-998.5291	-1066.283	67.75401	1.308986	1.135521	1.002364
48174	-995.6876	-1063.996	68.30793	0.9235307	0.7214149	1.24947
48180	-1000.569	-1068.24	67.67065	0.9325842	0.985293	1.508607
48186	-999.814	-1067.485	67.67124	0.866049	1.071382	1.494824
48192	-995.0534	-1062.894	67.84049	0.782312	0.9071795	1.55454
48198	-1006.702	-1074.239	67.53748	0.7940588	1.209848	1.55454
48204	-1004.721	-1072.29	67.56985	0.7750588	0.9631911	1.71239
48210	-1011.529	-1078.11	66.58046	0.7653227	1.303144	2.176414
48216	-1007.894	-1074.892	66.9981	0.7825137	1.114259	1.998237
48222	-1009.23	-1076.676	67.44599	0.5910445	1.114259	1.82456
48228	-1009.607	-1076.591	66.98383	0.3974085	1.399638	2.103163
48234	-1000.974	-1067.925	66.95138	0.5199036	1.176689	2.164734
48240	-1005.709	-1072.84	67.13079	0.4784282	1.028376	2.164734
48246	-1000.381	-1067.152	66.77029	0.5320214	1.028376	2.361737
48252	-1000.767	-1067.308	66.54108	0.71054	1.407657	2.183653
48258	-1006.522	-1073.653	67.13099	0.6355067	1.019517	2.067458
48264	-1007.471	-1074.526	67.05515	0.9387531	0.9417128	1.968797
48270	-1002.705	-1070.37	67.66469	1.026907	0.8913853	1.516202
48276	-1006.849	-1074.745	67.89517	1.338888	0.852152	1.11142
48282	-1006.082	-1074.224	68.14276	1.211689	0.7351201	1.128314
48288	-1008.629	-1076.022	67.39258	1.422354	1.357694	1.060309
48294	-995.8557	-1063.766	67.91015	1.464523	1.021128	0.7663787
48300	-998.197	-1066.327	68.13028	1.368289	0.7465192	0.9772916
48306	-1008.691	-1076.78	68.08939	1.081811	0.7465192	1.273242
48312	-1006.058	-1073.295	67.23756	0.8807468	1.211812	1.707122
48318	-1005.617	-1073.211	67.5943	0.8349455	1.211812	1.480408
48324	-1004.717	-1072.147	67.43043	0.9416703	1.524063	1.333179
48330	-1011.436	-1078.961	67.52538	0.7978857	0.6951604	1.94066
48336	-997.0539	-1064.752	67.69856	0.6772863	0.766942	1.843388
48342	-997.3503	-1064.604	67.25327	0.9708731	1.214889	1.629651
48348	-995.7441	-1062.927	67.18266	0.5428189	0.8805278	2.18877
48354	-996.8826	-1063.589	66.70647	0.8710869	1.117439	2.130295
48360	-989.0619	-1056.212	67.14994	0.8090628	1.465818	1.675415
48366	-991.4989	-1058.729	67.23027	0.8113477	1.465818	1.616082
48372	-999.95	-1067.955	68.00476	0.6054534	0.8050859	1.647103
48378	-991.8706	-1059.024	67.15352	0.7203056	1.377489	1.782904
48384	-987.1215	-1054.475	67.35327	0.6982026	0.829708	2.012303
48390	-990.1558	-1057.256	67.10033	0.5195135	0.6693577	2.419801
48396	-987.1315	-1053.603	66.47174	0.4437476	1.038244	2.59801
48402	-998.1407	-1064.336	66.19536	0.5549619	1.019911	2.710818
48408	-991.7577	-1057.701	65.94316	0.4385098	1.449462	2.710818
48414	-990.9789	-1057.081	66.10237	0.2792957	1.449462	2.710818
48420	-991.3649	-1058.153	66.78823	0.3066172	1.005235	2.506675
48426	-991.5024	-1057.873	66.37104	0.1502663	1.114093	2.795909
48432	-992.5812	-1058.589	66.00741	0.1250099	1.42834	2.872401
48438	-991.1829	-1057.808	66.62542	0.1109183	1.04261	2.705793
48444	-995.032	-1062.108	67.07579	0.09943105	0.8883711	2.532542
48450	-996.5152	-1063.269	66.75387	0.249327	0.86204	2.657102
48456	-996.0322	-1063.285	67.25274	0.4601911	0.8568814	2.21388
48462	-997.1836	-1064.464	67.28052	1.046219	1.230098	1.545225
48468	-996.8165	-1064.625	67.80897	1.104413	1.230098	1.066517
48474	-997.266	-1065.116	67.85009	1.195604	0.647838	1.473484
48480	-997.6223	-1065.278	67.65524	0.8623133	0.647838	1.851825
48486	-992.6603	-1060.242	67.58197	0.6872494	0.8473368	1.851825
48492	-992.7832	-1060.38	67.59708	0.6420046	0.9276761	1.812128
48498	-991.7379	-1059.403	67.66489	0.6415269	1.359927	1.480645
48504	-987.8906	-1055.547	67.656	0.8085011	0.8365491	1.724781
48510	-997.1915	-1064.387	67.19525	0.7532586	0.9312727	2.006446
48516	-996.2747	-1063.433	67.15821	0.5392576	0.9503556	2.158505
48522	-1002.968	-1069.911	66.94256	0.3937718	1.115328	2.287475
48528	-999.4516	-1066.689	67.23735	0.2794569	1.101026	2.179731
48534	-997.4285	-1065.144	67.71536	0.6500301	0.9539594	1.704649
48540	-1004.713	-1071.51	66.79728	0.481026	1.31678	2.21291
48546	-1009.465	-1076.345	66.87982	0.469839	1.31678	2.166675
48552	-1014.293	-1080.963	66.67015	0.5578097	1.336779	2.23497
48558	-1001.803	-1069.664	67.86132	0.9986137	0.9661675	1.325173
48564	-1002.461	-1069.497	67.03602	0.8851611	1.290606	1.798498
48570	-1006.409	-1073.579	67.16967	1.030876	1.27199	1.611693
48576	-1003.952	-1071.291	67.33847	1.066693	1.06767	1.595125
48582	-1002.375	-1069.963	67.58796	0.9989512	1.153449	1.399009
48588	-996.5877	-1064.686	68.09813	1.008661	0.7706177	1.301718
48594	-1008.513	-1076.415	67.90239	1.008661	0.7706177	1.455381
48600	-1009.317	-1077.343	68.02629	0.9974901	0.6671753	1.470138
48606	-998.0871	-1065.602	67.51456	0.9316065	0.6671753	1.882589
48612	-1008.44	-1076.244	67.80339	1.079178	0.7726793	1.475102
48618	-996.4446	-1064.245	67.80037	0.9868148	1.017551	1.342005
48624	-994.7825	-1062.034	67.25166	0.6413008	1.235497	1.849749
48630	-998.574	-1066.487	67.91312	1.048684	1.003319	1.209976
48636	-992.0749	-1059.232	67.15675	0.9137332	1.274353	1.703423
48642	-991.9117	-1058.959	67.04737	0.7122464	0.9154865	2.141948
48648	-988.2229	-1055.66	67.43713	0.5555112	0.8290146	2.051849
48654	-991.2971	-1058.26	66.96245	0.5365598	1.234626	2.113817
48660	-990.1683	-1057.795	67.62642	0.6500318	0.7567486	1.919569
48666	-990.943	-1058.216	67.27277	0.7203472	1.070608	1.882596
48672	-992.822	-1060.624	67.80225	0.7841944	1.011867	1.501257
48678	-996.2337	-1062.8	66.56604	0.5832478	0.8630023	2.566095
48684	-999.6892	-1066.797	67.10819	0.3609365	0.8630023	2.365472
48690	-998.3237	-1065.922	67.59878	0.4651238	1.200478	1.7523
48696	-992.7364	-1059.557	66.82103	0.6330441	1.255877	2.131433
48702	-994.0725	-1061.678	67.6054	0.7211897	0.5547127	2.070876
48708	-991.168	-1057.971	66.80309	0.8024682	1.162492	2.085186
48714	-992.4358	-1059.768	67.33239	0.7259889	1.162492	1.779514
48720	-993.6665	-1061.157	67.49084	0.8608352	1.066468	1.634689
48726	-995.5143	-1063.419	67.90479	0.9849319	0.8940212	1.362123
48732	-1002.436	-1070.424	67.98764	1.103235	0.9819123	1.115602
48738	-999.3998	-1067.138	67.73776	0.8941316	0.934488	1.526305
48744	-1006.202	-1074.212	68.01025	1.276848	0.8945908	1.017061
48750	-1004.856	-1072.749	67.89277	1.024898	1.099456	1.168134
48756	-1003.541	-1072.028	68.48697	1.520587	0.5370152	0.7063093
48762	-998.1259	-1066.095	67.96871	1.549194	0.95043	0.6418079
48768	-1006.528	-1074.346	67.81795	1.569333	1.111004	0.5632644
48774	-1000.546	-1068.676	68.13011	1.533843	0.7197098	0.829467
48780	-993.0566	-1061.343	68.28609	1.377927	0.6759034	0.8973199
48786	-994.4677	-1062.826	68.35827	1.28749	0.7770009	0.7579925
48792	-991.3648	-1059.366	68.00103	1.069024	0.8898358	1.218545
48798	-992.2478	-1059.948	67.69981	0.9208833	1.02689	1.464248
48804	-992.0015	-1059.13	67.12825	0.933031	1.888157	1.387186
48810	-994.5685	-1062.258	67.68938	0.7691267	1.011392	1.596087
48816	-994.5335	-1062.411	67.87803	0.9268077	1.087799	1.272973
48822	-1002.229	-1069.748	67.51892	0.988455	0.7500213	1.76678
48828	-1003.288	-1070.925	67.63734	0.9895621	1.180247	1.348818
48834	-998.115	-1065.676	67.56084	1.066067	1.180247	1.348818
48840	-999.1363	-1067.365	68.22833	1.155047	0.8201553	1.004434
48846	-1000.134	-1068.427	68.29272	0.8309402	0.6625798	1.398227
48852	-1002.283	-1069.865	67.58222	0.8615423	1.219351	1.464494
48858	-1006.461	-1073.831	67.36971	1.167119	1.575388	1.165039
48864	-1001.76	-1069.137	67.37712	1.162551	1.442461	1.245679
48870	-1002.087	-1069.866	67.77907	0.8734602	1.041834	1.428785
48876	-1005.967	-1073.984	68.01704	1.033002	1.028452	1.110578
48882	-1011.841	-1079.127	67.28625	0.6934893	1.179924	1.823237
48888	-1025.828	-1093.179	67.35138	0.7143557	1.005036	1.876583
48894	-1011.695	-1079.023	67.32754	0.7234253	1.133939	1.802507
48900	-1001.618	-1069.457	67.83832	0.7071581	0.8377879	1.666355
48906	-1007.517	-1074.593	67.07555	0.5633508	0.974515	2.180406
48912	-1012.161	-1078.269	66.10845	0.585364	0.974515	2.773191
48918	-1007.172	-1074.125	66.95288	0.8790262	0.974515	2.054058
48924	-1005.078	-1072.203	67.12451	0.8354102	1.435544	1.690988
48930	-1006.487	-1073.958	67.4715	0.7663762	1.324949	1.552643
48936	-1009.518	-1077.24	67.72153	0.7994971	0.6967122	1.80435
48942	-1010.72	-1078.404	67.68379	0.8763053	0.9070593	1.600539
48948	-1012.408	-1078.69	66.28205	0.5339042	1.680895	2.337223
48954	-1006.862	-1074.079	67.21637	0.6589277	1.634622	1.648817
48960	-1000.599	-1068.046	67.4478	0.7569218	0.791851	1.939334
48966	-998.299	-1066.074	67.775	1.047217	1.143701	1.215402
48972	-1001.503	-1069.368	67.86442	1.117535	1.141678	1.075136
48978	-1000.473	-1068.137	67.66339	0.9903984	1.015908	1.447274
48984	-1000.443	-1068.517	68.07388	0.742401	0.902537	1.412332
48990	-996.6426	-1064.352	67.70919	0.6742332	0.7530171	1.84989
48996	-993.6963	-1061.117	67.42036	0.6407697	1.13435	1.795207
49002	-996.1561	-1062.787	66.63065	0.4685653	1.079111	2.459095
49008	-1006.759	-1073.821	67.06157	0.5669427	1.134618	2.0866
49014	-998.3174	-1065.565	67.24801	0.7220583	0.8775085	2.030644
49020	-990.1592	-1057.053	66.89379	0.6116856	1.378638	2.032023
49026	-993.5399	-1061.107	67.56731	0.7761182	0.7663635	1.866056
49032	-990.0924	-1057.394	67.30159	0.8051473	1.341799	1.638283
49038	-985.3766	-1052.691	67.31445	0.9105525	1.304994	1.574024
49044	-996.8873	-1064.857	67.96944	0.7950628	0.7695436	1.565908
49050	-1000.977	-1068.417	67.44027	0.821965	1.468403	1.450899
49056	-995.0021	-1061.892	66.88989	0.8055035	1.359679	1.914826
49062	-990.2683	-1057.544	67.27539	0.6964242	0.92941	1.992223
49068	-993.54	-1060.98	67.44042	0.9087493	1.019464	1.669145
49074	-994.2757	-1061.84	67.56461	1.024872	1.374766	1.247656
49080	-1000.738	-1068.159	67.4215	0.549447	0.8316205	2.064195
49086	-1003.998	-1071.205	67.20697	0.4694763	1.404202	1.904076
49092	-998.2676	-1065.191	66.9238	0.5669925	1.339235	2.062388
49098	-990.2389	-1057.421	67.18189	0.8283345	1.283784	1.740366
49104	-990.3696	-1057.436	67.06661	0.6429069	0.7300788	2.312828
49110	-992.6846	-1059.777	67.09215	0.7299438	1.175198	1.933509
49116	-987.255	-1054.466	67.21082	0.8187544	0.8723773	1.994827
49122	-996.5408	-1064.004	67.46352	1.270175	1.12384	1.303804
49128	-994.224	-1062.172	67.94826	1.283467	0.8012736	1.165774
49134	-997.434	-1065.155	67.72116	0.9916863	1.354247	1.15587
49140	-995.6135	-1063.24	67.62666	1.014971	0.8302423	1.603314
49146	-987.5631	-1054.833	67.27027	0.9382076	1.434381	1.510824
49152	-995.7197	-1062.999	67.27967	0.8763022	0.7868194	1.976096
49158	-996.062	-1063.159	67.09688	0.793768	1.122081	1.919528
49164	-997.2562	-1064.894	67.63733	0.885031	1.122081	1.470401
49170	-990.9222	-1059.051	68.12846	1.110239	0.946639	1.010182
49176	-991.7162	-1059.91	68.19375	1.12982	0.831816	1.049616
49182	-1001.564	-1069.505	67.94066	0.9327147	1.068667	1.230968
49188	-1001.741	-1069.839	68.09864	1.100063	1.068667	0.9259192
49194	-1010.135	-1078.376	68.24106	1.049647	0.9318223	0.9733898
49200	-991.7054	-1059.58	67.87421	1.121349	0.9817937	1.199628
49206	-992.2171	-1059.745	67.52749	0.9111632	0.9691127	1.641271
49212	-992.3671	-1059.542	67.17456	0.9303771	1.10813	1.781499
49218	-995.5677	-1063.549	67.9811	0.9148253	0.9434386	1.315147
49224	-999.5237	-1067.294	67.77075	1.018272	0.9530362	1.392
49230	-999.6547	-1067.459	67.80442	0.9823334	0.9410814	1.403461
49236	-994.3613	-1062.058	67.69655	0.7340945	0.9410814	1.667799
49242	-991.8087	-1059.221	67.41233	0.6245411	0.8646154	1.995712
49248	-989.7785	-1057.09	67.31189	0.5861678	0.9959954	1.995712
49254	-989.6506	-1056.703	67.05202	0.7229918	1.039207	2.049108
49260	-992.4834	-1060.644	68.1607	0.9627177	0.7666803	1.292087
49266	-993.5317	-1061.307	67.77525	0.9420923	1.09795	1.336219
49272	-999.1697	-1066.786	67.61669	0.8281405	0.6907313	1.862122
49278	-991.3603	-1059.072	67.71143	0.7799262	0.8265803	1.713903
49284	-993.1139	-1060.483	67.36923	0.9533554	0.8265803	1.831463
49290	-995.7945	-1063.164	67.36963	0.9106571	0.8638956	1.831463
49296	-991.2255	-1058.985	67.75943	0.7578218	0.8877786	1.646596
49302	-996.6741	-1063.841	67.1673	0.756584	0.7821272	2.133202
49308	-992.4019	-1059.325	66.92311	0.6508991	1.257578	2.051683
49314	-985.8119	-1053.304	67.49226	0.6295713	1.04836	1.808934
49320	-988.7183	-1055.45	66.73122	0.4359185	1.216374	2.337976
49326	-996.3792	-1063.206	66.82695	0.58031	0.9611257	2.337976
49332	-997.2271	-1064.173	66.94622	0.389047	0.9889031	2.365714
49338	-1004.432	-1072.11	67.67785	0.3444958	0.9564566	1.939387
49344	-1007.796	-1074.837	67.04122	0.471497	1.157468	2.148903
49350	-998.6161	-1064.958	66.34149	0.5532988	0.9242889	2.682124
49356	-996.612	-1063.276	66.66357	0.6466245	0.8423745	2.480243
49362	-999.2164	-1066.374	67.15729	0.5044955	1.021832	2.134671
49368	-994.2923	-1062.006	67.71337	0.9168795	0.9363481	1.526074
49374	-991.467	-1059.118	67.65076	0.9923251	1.013691	1.45711
49380	-995.5927	-1062.943	67.3508	0.9102127	0.9457051	1.783829
49386	-1005.627	-1073.027	67.39929	0.8064287	0.9998592	1.783829
49392	-1007.067	-1074.375	67.30738	0.8744488	0.9132782	1.861989
49398	-1001.698	-1069.573	67.87408	1.012302	0.5999438	1.640775
49404	-991.6898	-1059.393	67.70289	0.874263	0.9719345	1.538119
49410	-989.9406	-1057.282	67.34136	0.7165671	1.012462	1.876876
49416	-990.4964	-1057.321	66.82439	0.6060718	1.123039	2.22245
49422	-990.6245	-1058.137	67.51241	0.7613514	0.7973771	1.888164
49428	-998.9932	-1066.374	67.38038	0.8772839	0.8252737	1.87694
49434	-1001.097	-1068.99	67.89272	0.7434438	0.7350761	1.689272
49440	-999.3357	-1066.888	67.55236	0.6008972	0.7350761	2.02017
49446	-990.6814	-1058.079	67.39716	0.7328915	1.115471	1.759274
49452	-993.1768	-1060.756	67.57967	0.6148049	1.047164	1.759274
49458	-987.2769	-1054.31	67.03316	0.5187022	1.281659	2.05304
49464	-989.2706	-1056.147	66.87673	0.576135	1.284819	2.116436
49470	-990.7931	-1057.916	67.12294	0.4337772	1.198312	2.096514
49476	-997.4935	-1064.111	66.61783	0.4860491	1.029864	2.485829
49482	-997.3427	-1064.046	66.70333	0.4005489	1.029864	2.485829
49488	-992.5013	-1058.523	66.02125	0.2917988	1.029864	2.970268
49494	-991.1439	-1058.828	67.68409	0.6155639	0.9013966	1.789651
49500	-989.7927	-1057.534	67.74101	0.7546345	1.250854	1.404046
49506	-986.2057	-1053.156	66.95065	0.6399083	1.179691	2.085008
49512	-992.2811	-1059.864	67.583	0.9137378	1.179691	1.450484
49518	-999.0883	-1066.979	67.89101	0.9136597	0.7938452	1.514566
49524	-998.1547	-1065.676	67.52139	0.9091628	1.010441	1.617062
49530	-998.2366	-1065.536	67.29985	0.8508738	1.064989	1.777842
49536	-998.5524	-1065.287	66.73494	0.9617476	1.968487	1.624052
49542	-993.5579	-1060.824	67.26562	0.9342851	1.384715	1.545629
49548	-990.2902	-1057.442	67.15173	0.8857476	1.190005	1.777122
49554	-995.8387	-1063.537	67.6979	1.086018	1.135102	1.254136
49560	-998.5457	-1065.957	67.41096	0.9841792	1.623795	1.256936
49566	-998.3076	-1065.925	67.617	1.182449	1.268522	1.141
49572	-997.3019	-1064.46	67.15821	1.21229	1.58617	1.298705
49578	-1010.303	-1077.671	67.36784	0.9706021	0.9803794	1.704548
49584	-1010.279	-1077.451	67.17199	0.9323165	1.232342	1.704548
49590	-996.0177	-1063.712	67.69377	1.140411	0.7188567	1.561063
49596	-996.1252	-1063.489	67.36374	0.7610106	0.5823231	2.175604
49602	-990.3197	-1057.187	66.86767	0.7982197	1.200129	2.023378
49608	-993.2052	-1060.787	67.58151	0.6523743	0.9798494	1.778267
49614	-997.5698	-1064.733	67.16362	0.954952	1.280866	1.665375
49620	-993.7314	-1061.114	67.38297	0.8898081	1.315939	1.532218
49626	-997.6211	-1065.345	67.72395	0.876069	1.329118	1.269038
49632	-997.6453	-1065.013	67.36788	0.9848666	1.280765	1.494053
49638	-1000.287	-1068.109	67.82215	1.02583	1.200091	1.14973
49644	-992.1081	-1059.769	67.66075	1.300909	1.35771	0.9111259
49650	-996.0089	-1064.282	68.27289	1.357517	0.7378706	0.8426467
49656	-993.0946	-1060.755	67.65991	1.129429	1.11794	1.262653
49662	-994.115	-1061.902	67.78683	1.003959	0.8910286	1.44156
49668	-997.2819	-1064.754	67.47236	0.8608443	1.1705	1.578653
49674	-997.4079	-1065.216	67.80777	0.7555783	0.8809243	1.618787
49680	-998.8879	-1066.936	68.04817	0.8179649	0.6475517	1.606752
49686	-989.7376	-1057.549	67.81162	0.8703301	1.122202	1.346557
49692	-998.6954	-1066.654	67.95845	1.10066	0.7880095	1.32333
49698	-1005.363	-1073.176	67.81262	1.057021	0.8073018	1.4536
49704	-997.4138	-1065.156	67.74261	1.033598	1.303885	1.135663
49710	-994.3479	-1062.231	67.88329	1.168224	1.087655	1.056514
49716	-995.1639	-1063.016	67.85178	1.129472	1.296921	0.9430901
49722	-991.3418	-1059.186	67.84466	1.370984	1.050968	0.9259152
49728	-991.0289	-1058.945	67.9157	1.430156	1.139701	0.6138792
49734	-991.5615	-1059.333	67.77129	1.556604	1.174265	0.5723599
49740	-996.8632	-1064.685	67.8214	1.606728	1.046642	0.6262195
49746	-1001.491	-1069.665	68.17392	1.475255	0.5902669	1.037063
49752	-997.4533	-1065.519	68.06623	1.519164	0.7469478	0.8827326
49758	-1000.64	-1068.793	68.15273	1.624199	0.7469478	0.5543375
49764	-999.4284	-1066.683	67.25502	2.128042	0.8244707	0.2032691
49770	-985.9405	-1053.187	67.24698	2.128042	0.8396081	0.2065026
49776	-986.5675	-1053.905	67.33794	2.130472	0.7547244	0.2040263
49782	-987.0697	-1054.535	67.46496	2.043835	0.8183408	0.2526092
49788	-992.9151	-1059.919	67.00358	2.144923	1.130598	0.2336053
49794	-998.6659	-1066.099	67.43264	2.009714	0.8899252	0.2600241
49800	-1000.522	-1068.099	67.57742	1.879926	0.9838906	0.3459786
49806	-996.4942	-1064.519	68.02468	1.492264	0.9838906	0.5173508
49812	-993.8224	-1062.086	68.26372	1.608364	0.6739597	0.5481424
49818	-995.5831	-1063.855	68.27188	1.473722	0.6739597	0.8011265
49824	-994.4849	-1063.172	68.68713	1.590651	0.3818901	0.7116648
49830	-995.1323	-1062.667	67.53514	1.040557	1.004904	1.51447
49836	-990.093	-1057.252	67.15853	0.867105	1.327034	1.704611
49842	-992.0373	-1059.897	67.8601	0.8468046	0.7631029	1.61364
49848	-991.2164	-1058.578	67.36205	0.8900019	0.9358764	1.797182
49854	-987.6518	-1055.223	67.57087	0.9843765	0.6786059	1.797182
49860	-986.8793	-1054.079	67.1996	0.9060332	1.181419	1.734757
49866	-987.977	-1056.162	68.18533	0.8558981	0.6304686	1.495044
49872	-986.7656	-1053.802	67.03646	0.5906128	1.261564	2.014279
49878	-995.3675	-1062.845	67.47796	0.9574133	0.8858735	1.706421
49884	-1000.747	-1068.573	67.82627	0.9103961	0.6565965	1.690781
49890	-998.2149	-1065.87	67.6553	1.029276	1.33619	1.193035
49896	-1001.728	-1069.575	67.84743	1.286382	1.228851	0.8336859
49902	-998.4209	-1066.662	68.24122	1.393819	0.8000465	0.7325087
49908	-998.4864	-1066.559	68.07299	1.377988	0.9761103	0.7185139
49914	-1003.988	-1072.059	68.07125	1.371602	1.022213	0.6473892
49920	-1004.045	-1072.046	68.00053	1.283451	1.193616	0.6473892
49926	-1002.236	-1069.987	67.75081	1.29471	1.45969	0.6932238
49932	-1005.4	-1073.288	67.8885	1.165545	1.258184	0.8986489
49938	-1008.508	-1076.229	67.72179	1.003139	1.214601	1.244612
49944	-1002.887	-1070.597	67.71055	1.199338	1.09145	1.181417
49950	-1001.288	-1069.339	68.05083	1.199338	0.9260831	1.020152
49956	-996.4825	-1064.722	68.23949	1.530681	0.7121804	0.6868125
49962	-996.162	-1064.166	68.00442	1.468158	0.9936903	0.6443603
49968	-988.6199	-1056.28	67.65987	1.616912	1.244257	0.496078
49974	-989.5562	-1057.537	67.98101	1.379675	1.113959	0.6356538
49980	-991.8639	-1060.219	68.35503	1.516406	0.6601256	0.6167537
49986	-998.0046	-1066.262	68.2575	1.635938	0.6601256	0.5292928
49992	-989.9338	-1058.132	68.19803	1.607447	0.7272568	0.5292447
49998	-987.6907	-1055.931	68.24079	1.439958	0.7774737	0.7014543
50004	-1000.156	-1067.84	67.68453	1.036561	0.8502766	1.528181
50010	-1006.627	-1074.612	67.98569	0.9287287	0.7962071	1.429334
50016	-1000.939	-1069.057	68.11866	0.7894383	0.6218818	1.602313
50022	-1003.071	-1070.265	67.19381	0.7457476	0.9070887	2.029518
50028	-1002.243	-1069.551	67.30792	0.6547626	1.307321	1.7601
50034	-1002.286	-1069.415	67.12885	0.7643119	1.34759	1.78589
50040	-1001.471	-1068.864	67.39241	0.8007928	1.004734	1.789137
50046	-1007.481	-1074.427	66.94641	0.772436	1.110099	2.041827
50052	-1004.8	-1071.87	67.07021	0.8466546	1.150832	1.884035
50058	-1004.938	-1071.786	66.84833	0.7544866	1.1885	2.071832
50064	-995.0735	-1061.399	66.32579	0.5702071	1.025435	2.617807
50070	-988.2186	-1055.093	66.87451	0.539587	1.025435	2.292385
50076	-989.4871	-1056.608	67.12051	0.7655829	0.79697	2.146313
50082	-995.6982	-1062.162	66.46327	0.5589621	1.235245	2.419469
50088	-992.6362	-1059.593	66.95662	0.5057254	1.302387	2.100746
50094	-1001.662	-1069.146	67.48361	0.6671534	0.9151343	1.881827
50100	-1002.239	-1069.076	66.83702	0.7729954	1.211453	2.053884
50106	-998.0971	-1065.315	67.21825	0.6449301	1.211453	1.884184
50112	-998.2165	-1065.22	67.00316	0.6594985	1.135666	2.063479
50118	-991.8175	-1059.315	67.49725	0.9806055	0.9202368	1.64975
50124	-994.261	-1062.234	67.97343	0.9247421	0.7604527	1.474564
50130	-994.7201	-1062.343	67.6229	0.9084382	0.891307	1.633697
50136	-993.5078	-1061.393	67.88517	0.9670751	0.7389267	1.528966
50142	-991.0508	-1058.574	67.52315	0.9300002	1.049874	1.572515
50148	-996.0605	-1063.219	67.15883	0.7612807	0.9797691	1.991926
50154	-997.0107	-1064.009	66.99794	0.3744235	1.25862	2.183113
50160	-996.576	-1063.408	66.83245	0.5396215	1.25862	2.183303
50166	-995.9196	-1063.061	67.14133	0.6636966	1.620401	1.70586
50172	-989.426	-1056.759	67.33282	0.7749381	1.014111	1.841673
50178	-989.2021	-1056.563	67.36074	0.7470178	1.014111	1.841673
50184	-998.4884	-1065.35	66.86187	0.7311769	1.394817	1.96521
50190	-1002.145	-1069.132	66.98745	0.9745706	0.7872135	2.104257
50196	-1005.616	-1072.689	67.07255	0.7668364	0.7872135	2.184222
50202	-1002.129	-1069.552	67.42226	0.9215376	1.044997	1.655154
50208	-995.8532	-1062.936	67.08253	0.9096898	1.044997	1.899899
50214	-994.8106	-1061.461	66.65044	0.6254295	0.743718	2.57474
50220	-988.2389	-1055.19	66.95083	0.6455677	1.29566	2.015852
50226	-987.6944	-1054.811	67.11629	0.6787255	1.383361	1.834191
50232	-989.0705	-1056.539	67.46861	0.6736627	0.896485	1.901247
50238	-991.8957	-1058.345	66.44937	0.6875961	1.701247	2.12148
50244	-997.5021	-1064.865	67.36241	0.6658082	0.9753805	1.922313
50250	-1004.462	-1071.948	67.48611	0.8726512	1.187882	1.548587
50256	-1002.118	-1069.585	67.4663	1.052297	1.056821	1.51921
50262	-1005.733	-1073.892	68.15911	0.9931218	0.7427349	1.29264
50268	-1000.166	-1068.096	67.92937	1.081536	0.7427349	1.40497
50274	-995.8448	-1063.143	67.29796	0.8419508	1.430494	1.563824
50280	-997.4625	-1065.38	67.91774	1.055922	0.8907465	1.297716
50286	-1006.245	-1074.213	67.96739	1.221311	0.7618631	1.243035
50292	-1000.713	-1068.917	68.20389	1.539509	0.6360465	0.8684651
50298	-999.0142	-1067.24	68.22568	1.392605	0.7794082	0.7926127
50304	-1003.95	-1071.068	67.11878	0.8287114	0.7794082	2.119905
50310	-1000.306	-1067.393	67.08734	0.6505588	0.7794082	2.255759
50316	-1003.61	-1070.897	67.28708	0.7253299	0.6671174	2.17071
50322	-1005.716	-1073.229	67.51279	1.480697	1.493645	0.7377321
50328	-1009.164	-1077.436	68.27264	1.384892	0.7167579	0.8421411
50334	-1009.317	-1077.929	68.61259	1.445095	0.4621346	0.8145351
50340	-1001.641	-1069.759	68.11746	1.591358	0.7864855	0.6215049
50346	-992.7349	-1060.855	68.12052	1.591073	0.7864855	0.6142475
50352	-996.1323	-1064.086	67.95356	1.591073	0.9165061	0.661144
50358	-996.819	-1065.025	68.20548	1.350793	0.8460774	0.7706883
50364	-995.3506	-1063.051	67.7	1.267249	1.175204	1.060745
50370	-996.6409	-1064.551	67.91008	1.172894	1.175204	0.9452414
50376	-1005.727	-1073.641	67.91345	1.22747	1.00136	1.05094
50382	-1006.841	-1074.178	67.33734	1.313329	1.612201	1.037024
50388	-992.3135	-1060.215	67.90154	1.043857	0.9697121	1.25238
50394	-993.6666	-1061.04	67.37384	1.096956	1.601685	1.20616
50400	-994.18	-1062.306	68.12579	0.6967305	0.5886124	1.698193
50406	-997.4251	-1065.17	67.7448	0.7936737	1.246413	1.373516
50412	-998.1207	-1066.192	68.07115	1.106687	0.7077022	1.307938
50418	-1001.102	-1068.964	67.86171	1.062578	0.9249612	1.307938
50424	-992.4726	-1060.567	68.09405	1.278921	0.7569806	1.086676
50430	-993.4665	-1061.255	67.78813	1.18015	0.6986603	1.480567
50436	-995.6561	-1063.771	68.11509	1.165493	0.9001285	1.017567
50442	-996.6696	-1063.916	67.24688	1.165493	1.115464	1.55707
50448	-1004.8	-1072.433	67.63282	1.145945	1.115464	1.273265
50454	-1008.078	-1075.203	67.12481	1.272175	1.726794	1.196771
50460	-1008.565	-1076.138	67.57291	1.101574	1.252651	1.259577
50466	-1000.397	-1068.299	67.90217	0.9803943	0.7193287	1.52483
50472	-999.9549	-1068.059	68.10358	1.205247	0.7670221	1.133858
50478	-992.0392	-1060.152	68.11333	1.205103	0.758187	1.134929
50484	-1000.842	-1068.532	67.69019	1.08689	1.369672	1.08688
50490	-998.6239	-1066.564	67.93998	1.663143	0.8998498	0.5349279
50496	-999.0908	-1066.938	67.84764	1.663143	0.9882647	0.5349279
50502	-1000.368	-1068.145	67.7764	1.615138	1.10571	0.5660914
50508	-997.645	-1065.618	67.9726	1.615138	0.9117671	0.4521472
50514	-995.3171	-1063.394	68.07646	1.521834	0.9037105	0.5396712
50520	-994.4488	-1062.348	67.89878	1.701896	0.9037105	0.4826876
50526	-994.3728	-1062.675	68.30183	1.771943	0.5364408	0.4701103
50532	-995.943	-1063.529	67.58648	1.686806	1.239859	0.4421585
50538	-994.7193	-1062.433	67.71405	1.559992	1.239859	0.5592342
50544	-997.5588	-1065.335	67.77652	1.726261	0.9858347	0.5842622
50550	-995.1477	-1062.901	67.75286	1.55813	1.195037	0.438732
50556	-997.7492	-1065.469	67.71964	1.717379	1.05021	0.4182931
50562	-988.1892	-1056.022	67.83328	1.63577	1.028044	0.4539342
50568	-990.1329	-1057.966	67.83328	1.63577	1.028044	0.4539342
50574	-1005.687	-1073.037	67.34946	1.162276	1.811837	1.04333
50580	-1007.925	-1075.76	67.83513	1.126435	1.20727	1.039359
50586	-1005.616	-1073.277	67.66134	0.9848	1.202454	1.317866
50592	-1005.859	-1073.36	67.50065	0.6770568	1.201527	1.671269
50598	-1002.827	-1070.252	67.4257	0.6927753	0.9427632	1.883929
50604	-1000.614	-1068.038	67.42419	0.9416181	0.7272304	1.883929
50610	-1017.054	-1084.528	67.47464	1.554188	1.522536	0.6327474
50616	-1006.126	-1074.397	68.27046	1.315483	0.8259675	0.7610521
50622	-998.6866	-1067.02	68.3334	1.372153	0.5554622	1.033124
50628	-1004.02	-1072.029	68.00845	1.468873	0.9168903	0.7722914
50634	-998.904	-1066.964	68.05957	1.465317	0.9098526	0.710754
50640	-997.7583	-1065.555	67.79708	1.818706	0.8716287	0.4053327
50646	-1003.183	-1071.001	67.8181	1.799634	0.8716287	0.4096103
50652	-1003.392	-1071.21	67.81833	1.848309	0.8263556	0.4046991
50658	-999.8741	-1067.851	67.97692	1.68038	0.8403825	0.4205475
50664	-999.3876	-1066.976	67.58869	1.185135	1.336968	1.113689
50670	-998.2547	-1065.721	67.46665	0.8154046	1.197521	1.59862
50676	-999.7227	-1067.243	67.5207	0.8392581	0.8848148	1.760228
50682	-994.4972	-1061.771	67.27425	0.7018032	1.026059	1.923335
50688	-996.6875	-1063.738	67.05091	0.7275648	1.077365	2.022577
50694	-995.0645	-1061.766	66.70146	0.3133325	1.077365	2.512965
50700	-990.2872	-1057.146	66.85838	0.4322808	1.383902	2.170284
50706	-993.175	-1060.148	66.97315	0.3086462	1.116977	2.32133
50712	-998.9397	-1066.217	67.27706	0.2144766	1.116977	2.186555
50718	-998.8042	-1065.384	66.5799	0.1339741	1.35839	2.549169
50724	-1002.125	-1068.61	66.4851	0.2287726	1.35839	2.549169
50730	-1005.004	-1071.809	66.80498	0.4884036	1.195974	2.268657
50736	-1001.958	-1069.093	67.13562	0.5114566	0.9270006	2.207071
50742	-1006.257	-1072.321	66.06375	0.4175619	1.261502	2.741266
50748	-1007.454	-1074.658	67.20403	0.575745	1.023946	2.055819
50754	-1004.849	-1071.75	66.90058	0.3652236	0.8267229	2.519182
50760	-1001.611	-1069.297	67.68601	0.5006797	0.688809	2.037448
50766	-1001.503	-1067.574	66.07123	0.4763427	0.8917511	2.914813
50772	-989.097	-1056.496	67.39909	0.5913687	0.8917511	2.006718
50778	-988.9566	-1056.419	67.46204	0.6398812	0.8506651	1.962656
50784	-987.5506	-1054.797	67.24675	0.6605838	1.036619	1.962656
50790	-987.7242	-1054.676	66.9517	0.5237327	0.9645673	2.292243
50796	-994.3649	-1061.444	67.07954	0.57092	0.9645673	2.179514
50802	-990.8072	-1058.348	67.54031	0.7615022	0.9228671	1.772164
50808	-996.1443	-1063.563	67.41871	0.8830984	0.9228671	1.772164
50814	-1002.538	-1070	67.46154	0.9332533	1.41053	1.38236
50820	-1000.928	-1068.435	67.50701	0.979344	1.41053	1.309503
50826	-993.5007	-1061.12	67.61912	0.8859086	0.9554704	1.603444
50832	-999.8604	-1066.923	67.06291	0.8464377	1.560802	1.661406
50838	-1000.06	-1067.895	67.83549	1.145378	1.176147	1.046993
50844	-1004.065	-1072.079	68.0139	1.360978	0.9732091	0.8304161
50850	-993.9153	-1061.989	68.07321	1.257102	0.998327	0.8540045
50856	-998.701	-1066.565	67.8641	1.312066	1.159533	0.8560753
50862	-1002.258	-1070.288	68.02965	1.49043	0.9264351	0.6882002
50868	-1008.198	-1075.888	67.69013	1.49043	1.062905	0.9512117
50874	-1001.639	-1069.95	68.3114	1.390312	0.612841	0.9512117
50880	-999.9078	-1067.675	67.76752	0.9815832	1.103693	1.306373
50886	-996.9511	-1064.255	67.30363	0.6095755	1.117503	1.907109
50892	-995.6288	-1062.622	66.99282	0.8629563	1.181277	1.907109
50898	-995.8184	-1062.813	66.99498	0.5196147	1.118635	2.170601
50904	-995.5646	-1062.003	66.43843	0.4589655	1.054973	2.599202
50910	-1005.171	-1071.384	66.21267	0.5143096	0.9081816	2.795286
50916	-1002.211	-1068.464	66.25342	0.6354024	0.9336093	2.67974
50922	-1001.602	-1068.981	67.37882	0.8209415	1.088974	1.727667
50928	-997.1928	-1064.591	67.39835	0.5623607	0.8693605	2.042822
50934	-998.7919	-1065.654	66.86223	0.4532813	1.128086	2.293308
50940	-998.0965	-1065.443	67.34668	0.2905767	1.128086	2.084765
50946	-990.8631	-1056.911	66.04809	0.2578176	1.044585	2.965952
50952	-996.0035	-1062.405	66.40185	0.3989608	1.044585	2.665001
50958	-1001.405	-1068.554	67.14954	0.323062	0.6857691	2.498493
50964	-999.3026	-1066.484	67.18183	0.3517357	0.6407179	2.498493
50970	-998.2636	-1064.31	66.04653	0.2888602	1.411483	2.756839
50976	-995.8006	-1062.674	66.87336	0.495417	1.025999	2.320965
50982	-1000.201	-1067.128	66.92749	0.5418727	0.9798203	2.286155
50988	-995.3999	-1062.386	66.98604	0.4536225	0.9798203	2.305145
50994	-987.0303	-1053.836	66.80593	0.4718785	0.9370943	2.435664
51000	-999.4801	-1066.3	66.81964	0.313818	1.077726	2.438403
51006	-1001.485	-1068.515	67.02965	0.7399615	0.9908937	2.084187
51012	-998.3102	-1065.41	67.1003	0.799094	0.7225212	2.196985
51018	-986.3604	-1053.356	66.99598	0.799094	0.9892036	2.068541
51024	-999.1618	-1066.558	67.39623	0.8248724	0.5812764	2.113792
51030	-987.5973	-1055.349	67.75158	0.9447713	0.897562	1.507642
51036	-996.3413	-1064.434	68.09221	1.032856	1.067843	1.003223
51042	-989.4001	-1057.684	68.28423	1.351394	0.8095101	0.7135236
51048	-992.9103	-1060.992	68.08216	1.468557	0.9106925	0.6614219
51054	-990.3833	-1057.912	67.5288	1.558726	1.469966	0.5740893
51060	-992.7362	-1060.639	67.90326	1.334771	1.188973	0.7376749
51066	-997.1277	-1065.387	68.25977	1.439299	0.7444653	0.7376749
51072	-994.0122	-1061.895	67.88304	1.382153	1.152462	0.7457386
51078	-998.4084	-1066.04	67.63113	1.144898	1.092815	1.292728
51084	-999.665	-1067.782	68.11677	1.240083	1.016227	0.7977891
51090	-995.2234	-1063.027	67.80309	1.58163	1.062768	0.6851278
51096	-993.4801	-1061.461	67.98113	1.621319	0.9011235	0.4719673
51102	-993.1321	-1060.766	67.63353	1.681806	1.199033	0.4867716
51108	-991.2062	-1058.872	67.66531	1.751828	1.076933	0.4346147
51114	-991.9184	-1059.43	67.51183	1.785563	1.133066	0.3285208
51120	-990.4463	-1058.13	67.68367	1.857205	0.8155273	0.2682624
51126	-1002.931	-1070.56	67.62814	1.647203	1.213585	0.3913248
51132	-995.9756	-1063.773	67.79729	1.779477	0.8402804	0.3126759
51138	-990.5537	-1058.472	67.918	2.029974	0.5608559	0.3168858
51144	-996.8298	-1063.816	66.9864	0.6765065	0.6976706	2.368901
51150	-990.6486	-1057.457	66.80837	0.8071379	1.198589	2.057636
51156	-992.2744	-1059.287	67.0126	0.7245935	0.9026559	2.16552
51162	-991.4895	-1058.705	67.21521	0.7595708	0.8744239	2.029777
51168	-993.8716	-1060.764	66.89267	0.5697602	1.203957	2.154941
51174	-996.28	-1062.488	66.20747	0.3591977	1.588445	2.534048
51180	-993.9035	-1060.916	67.01281	0.3918531	0.7219224	2.511661
51186	-993.8592	-1060.786	66.92713	0.4091876	0.8335424	2.470186
51192	-997.0405	-1063.709	66.66886	0.2794046	0.9328524	2.643631
51198	-998.9007	-1066.307	67.40647	0.3525589	1.291498	1.909029
51204	-992.468	-1059.298	66.82974	0.4057201	0.8294885	2.536106
51210	-1007.242	-1074.168	66.92612	2.14622	1.265455	0.2533069
51216	-999.8341	-1067.405	67.57083	2.14622	0.6814073	0.2740012
51222	-1000.238	-1067.273	67.03416	2.137043	1.007255	0.1978221
51228	-1003.797	-1070.8	67.0029	2.125306	1.121227	0.2215523
51234	-1004.578	-1072.302	67.72435	1.773013	0.9976946	0.4460856
51240	-1010.666	-1076.393	65.72692	0.41476	1.308525	2.923884
51246	-1005.505	-1072.057	66.55138	0.198767	1.125366	2.6494
51252	-1000.834	-1067.286	66.45228	0.2824382	1.125366	2.65891
51258	-997.5815	-1063.807	66.22512	0.2760726	1.160175	2.782682
51264	-996.1053	-1062.745	66.63958	0.211842	0.9403228	2.698378
51270	-1003.114	-1069.73	66.61648	0.2232871	0.7212223	2.859383
51276	-1004.025	-1071.542	67.51739	0.5130967	0.8313189	2.025018
51282	-998.1421	-1065.555	67.4127	0.7624897	1.006574	1.800353
51288	-1001.779	-1069.23	67.45094	0.7242487	1.006574	1.800353
51294	-1003.159	-1070.685	67.52597	0.7586057	1.071611	1.679237
51300	-1003.064	-1069.532	66.46835	0.4473571	1.381633	2.4113
51306	-1000.546	-1067.092	66.54565	0.5128718	1.276035	2.374847
51312	-991.7598	-1059.191	67.43122	0.534909	1.247765	1.792133
51318	-995.1317	-1061.793	66.66169	0.4972766	1.247765	2.326109
51324	-999.6037	-1066.67	67.06661	0.6239848	1.096095	2.069086
51330	-999.8615	-1066.459	66.59753	0.3989315	1.153284	2.480698
51336	-1004.465	-1071.04	66.57443	0.2465455	1.016854	2.669274
51342	-992.5021	-1059.029	66.52643	0.2693386	1.042625	2.669274
51348	-986.867	-1054.03	67.16257	0.6816145	0.9091138	2.091048
51354	-987.1559	-1054.093	66.93698	0.3615194	0.9091138	2.44133
51360	-990.3145	-1057.388	67.07349	0.5299934	0.8783954	2.268927
51366	-990.9953	-1058.402	67.40647	0.4940649	0.8783954	2.075957
51372	-990.2124	-1057.359	67.14631	0.3600912	0.9892104	2.256318
51378	-994.9891	-1062.407	67.41773	0.6408394	1.209081	1.750807
51384	-993.9391	-1061.16	67.22101	0.7441856	1.020835	1.934126
51390	-995.8604	-1062.963	67.10283	0.7630394	1.020835	2.000713
51396	-995.2684	-1063.129	67.86075	0.8085203	0.7972153	1.61119
51402	-993.8915	-1061.53	67.63901	0.7759708	0.9592588	1.665493
51408	-988.9723	-1056.644	67.67139	0.661908	1.029828	1.673208
51414	-990.35	-1057.313	66.96288	0.7393299	1.396173	1.890799
51420	-995.8089	-1063.496	67.68671	0.808034	0.630171	1.884163
51426	-992.5229	-1059.795	67.27178	0.7086193	0.6283366	2.225979
51432	-988.6158	-1055.886	67.27036	0.740622	1.042445	1.888832
51438	-990.638	-1058.127	67.4886	0.4939853	1.042445	1.908109
51444	-990.3927	-1057.831	67.43785	0.701194	0.8901463	1.908109
51450	-992.0012	-1059.44	67.43895	0.7185937	0.8901463	1.895555
51456	-992.8985	-1060.129	67.23087	0.5878877	1.10046	1.981297
51462	-993.5847	-1060.62	67.0356	0.6792725	0.9440803	2.151433
51468	-991.0431	-1058.571	67.52782	0.7753649	0.922143	1.771738
51474	-993.9977	-1061.589	67.59159	0.7806529	0.8047105	1.81478
51480	-995.4959	-1062.978	67.48242	0.7401374	1.075101	1.720824
51486	-1001.48	-1068.625	67.14547	0.9989617	1.315063	1.626652
51492	-1001.502	-1068.693	67.19154	0.8830147	1.403244	1.626652
51498	-995.2182	-1062.9	67.68204	0.892119	0.8613539	1.626652
51504	-988.9041	-1056.569	67.66441	0.7019495	0.8180738	1.808064
51510	-993.0656	-1060.62	67.55407	0.6428576	0.9739311	1.808064
51516	-996.4727	-1063.656	67.18314	0.483461	0.6822637	2.379391
51522	-996.8703	-1063.834	66.96353	0.7823019	1.495616	1.809431
51528	-1002.143	-1069.326	67.18294	0.9632051	1.495616	1.523157
51534	-1003.362	-1070.427	67.0651	0.4902392	1.199574	2.096694
51540	-1003.74	-1070.975	67.23435	0.5962199	1.342206	1.832116
51546	-999.0344	-1065.945	66.91064	0.4158359	1.165039	2.264932
51552	-996.4821	-1063.724	67.2414	0.6491045	0.9044421	2.063861
51558	-996.7428	-1064.676	67.93352	0.8937365	0.7024975	1.581584
51564	-997.5477	-1064.667	67.1193	0.7195021	1.088888	1.975119
51570	-1001.845	-1069.124	67.27851	0.8152403	0.5590737	2.218344
51576	-999.5812	-1067.22	67.63848	0.792578	0.9434157	1.665758
51582	-996.7885	-1064.283	67.49474	1.205894	1.238815	1.247571
51588	-993.1601	-1060.994	67.83383	1.024338	0.8515244	1.423435
51594	-988.9588	-1056.618	67.65908	0.7215757	0.8221221	1.794921
51600	-992.4983	-1060.049	67.55017	0.7074261	0.9400843	1.790278
51606	-997.0466	-1064.299	67.25247	0.9478612	1.386667	1.54419
51612	-1010.12	-1078.085	67.9644	0.9731875	0.6383171	1.563899
51618	-1006.145	-1073.512	67.367	0.8251324	1.363058	1.563899
51624	-998.5955	-1066.619	68.02344	0.8514616	1.063399	1.233906
51630	-995.5198	-1063.198	67.67854	1.018856	1.261971	1.233906
51636	-995.519	-1063.615	68.09601	0.7357367	0.7281504	1.554167
51642	-996.929	-1064.145	67.21622	0.4731533	0.9439256	2.168125
51648	-1002.891	-1070.099	67.20721	0.5042214	0.9714669	2.135229
51654	-995.8983	-1063.089	67.19078	0.5821729	0.9126432	2.135229
51660	-996.5611	-1064.353	67.79153	0.9573889	0.9126432	1.455703
51666	-995.9826	-1064.024	68.04158	1.12165	0.9126432	1.115418
51672	-996.856	-1064.518	67.66248	1.052911	1.060382	1.365931
51678	-1000.476	-1068.675	68.19833	0.9861936	0.8770371	1.131096
51684	-1000.206	-1068.01	67.80389	1.04981	1.026901	1.280815
51690	-1004.558	-1072.46	67.90206	1.009821	0.9375618	1.307223
51696	-994.9587	-1062.924	67.96551	0.80451	0.7272305	1.600205
51702	-994.1635	-1061.336	67.17276	0.5236709	1.204962	2.00026
51708	-993.902	-1060.857	66.95501	0.4560764	1.204962	2.187728
51714	-989.9837	-1056.885	66.90165	0.5094331	1.204962	2.187728
51720	-994.3701	-1061.804	67.43372	0.4481948	0.7478171	2.187728
51726	-985.3433	-1052.328	66.98467	0.6719769	0.875818	2.236588
51732	-991.2714	-1057.925	66.65353	0.6845898	1.055604	2.322193
51738	-990.0204	-1057.729	67.70823	0.8703673	1.055604	1.475038
51744	-990.3448	-1057.632	67.28767	0.4703067	1.036815	2.061901
51750	-991.1235	-1057.38	66.25691	0.3600139	0.8657283	2.890233
51756	-991.9718	-1058.402	66.43052	0.1853223	1.112366	2.73919
51762	-994.3096	-1060.943	66.63326	0.1775015	1.112366	2.619368
51768	-996.3375	-1063.224	66.88613	0.1415842	1.295769	2.384026
51774	-999.7283	-1066.487	66.75885	0.2631496	1.295769	2.387642
51780	-996.4132	-1062.647	66.23358	0.3820284	1.03866	2.781951
51786	-996.8848	-1063.513	66.62782	0.3943821	1.038013	2.531873
51792	-987.0816	-1053.558	66.47652	0.3210276	1.289265	2.531873
51798	-983.5073	-1050.161	66.65393	0.4604734	1.112006	2.43024
51804	-990.0876	-1056.761	66.6737	0.3782806	1.181203	2.43024
51810	-995.29	-1061.709	66.41881	0.4700054	1.578457	2.335747
51816	-992.2546	-1059.336	67.0809	0.7084449	0.9046983	2.130094
51822	-995.8608	-1063.174	67.31275	0.8308318	0.8358257	1.945989
51828	-992.5762	-1059.721	67.14517	0.8057421	0.8785727	2.042565
51834	-997.8093	-1065.619	67.8094	0.9046997	0.8585307	1.526481
51840	-998.9606	-1066.893	67.93277	0.8734212	0.8585307	1.457212
51846	-998.6844	-1066.785	68.1009	1.028556	0.6791089	1.376356
51852	-999.941	-1067.884	67.94258	0.7818345	0.918099	1.469889
51858	-992.3344	-1059.95	67.6151	1.036031	0.8650878	1.567589
51864	-990.7414	-1058.511	67.76983	0.8284981	0.8198803	1.643237
51870	-989.4483	-1056.934	67.48584	0.8811185	0.9885983	1.6784
51876	-996.5357	-1063.92	67.38412	1.013025	1.041788	1.61899
51882	-999.8584	-1066.872	67.01406	0.8577603	1.041788	1.983077
51888	-1001.358	-1069.691	68.33271	1.021884	0.6986191	1.169521
51894	-995.3764	-1063.149	67.77237	1.254106	1.044057	1.11817
51900	-992.0141	-1059.678	67.66438	1.137003	1.364695	1.067867
51906	-997.7747	-1065.479	67.7042	1.141906	1.364695	1.025037
51912	-990.6622	-1058.43	67.76831	1.229242	1.200732	1.009753
51918	-998.4283	-1065.94	67.51194	1.229242	1.037304	1.363142
51924	-997.583	-1065.238	67.65528	0.975281	1.094498	1.40704
51930	-998.7758	-1066.493	67.71759	0.8235179	1.478226	1.221925
51936	-994.5318	-1062.717	68.18521	0.887722	0.7626123	1.336837
51942	-998.3848	-1066.144	67.75907	0.9342986	0.7626123	1.623866
51948	-999.4399	-1066.511	67.07117	0.8473882	1.404438	1.737013
51954	-994.0074	-1061.755	67.74802	0.9283278	0.9115469	1.511326
51960	-989.2305	-1056.999	67.76856	1.193432	1.138842	1.096017
51966	-992.594	-1060.875	68.2811	1.184753	0.6764951	1.096017
51972	-1005.491	-1073.457	67.96663	0.9269524	0.6834471	1.551214
51978	-1014.926	-1083.128	68.20239	0.8237332	0.5173078	1.631254
51984	-1005.728	-1073.617	67.88914	1.057829	0.7469178	1.45017
51990	-1007.085	-1074.701	67.61599	0.8803402	0.5487749	1.964124
51996	-1000.347	-1067.683	67.33572	0.5900755	1.015568	1.964124
52002	-1003.195	-1069.705	66.50947	0.5856435	1.406621	2.284988
52008	-1006.572	-1073.457	66.88545	0.654848	1.498976	1.947809
52014	-1012.396	-1080.396	67.99991	1.330656	0.9907154	0.8628538
52020	-1002.64	-1069.816	67.17605	0.7638084	0.9428254	2.004134
52026	-1004.1	-1071.38	67.27986	0.7241398	0.7777601	2.084134
52032	-992.6308	-1060.204	67.57285	0.6922778	0.9107881	1.806558
52038	-992.7419	-1059.948	67.20628	0.5143593	1.083461	2.057077
52044	-1000.138	-1066.555	66.41754	0.5256771	0.9482228	2.636819
52050	-1002.795	-1069.542	66.74714	0.2265212	1.018615	2.573869
52056	-1005.055	-1071.86	66.80503	0.157932	1.046706	2.563482
52062	-1004.555	-1070.749	66.19385	0.2706709	1.668007	2.563482
52068	-1004.662	-1070.833	66.17164	0.2574901	1.720994	2.563482
52074	-1000.357	-1066.909	66.55171	0.3562854	1.54472	2.338823
52080	-1000.057	-1067.059	67.00183	0.731037	1.185988	1.987012
52086	-1001.967	-1068.623	66.65576	0.5299344	1.185988	2.342997
52092	-997.8114	-1064.632	66.82036	0.635447	1.185988	2.169466
52098	-995.814	-1062.008	66.19366	0.6380008	0.9165109	2.725924
52104	-993.1904	-1061.084	67.89393	1.095502	0.5568742	1.612794
52110	-996.6992	-1064.465	67.76567	1.139634	0.7734511	1.457141
52116	-994.9283	-1062.357	67.42904	1.060862	1.201561	1.44105
52122	-998.0088	-1065.622	67.61362	0.9163763	1.201561	1.410174
52128	-992.2027	-1059.821	67.61878	0.940316	0.9802569	1.545211
52134	-991.3079	-1059.226	67.91803	1.095062	0.5540862	1.598716
52140	-998.6684	-1066.655	67.98708	0.8410285	0.9711056	1.346566
52146	-998.1442	-1066.343	68.19843	1.006026	0.8519419	1.138282
52152	-989.8468	-1057.889	68.04236	1.11776	0.8170174	1.211672
52158	-996.7341	-1064.723	67.98925	0.9473274	0.7835424	1.423885
52164	-996.8311	-1065.068	68.23676	1.048912	0.7835424	1.136717
52170	-991.6983	-1059.729	68.03019	1.079816	0.7340337	1.335518
52176	-995.4745	-1063.084	67.60947	0.9250835	0.7857313	1.717261
52182	-1000.221	-1066.953	66.73162	0.5422128	1.937115	1.931556
52188	-992.6229	-1059.753	67.1302	0.788163	1.009508	1.973123
52194	-994.1408	-1061.558	67.41745	0.7716922	0.7630449	1.973123
52200	-993.4119	-1060.738	67.32592	0.6832557	0.7630449	2.092465
52206	-1003.706	-1070.441	66.73511	0.7623555	0.6350613	2.525942
52212	-994.0928	-1061.168	67.07536	0.5109881	0.9843938	2.207943
52218	-993.5149	-1060.901	67.38659	0.7335682	1.272407	1.669265
52224	-995.1281	-1062.272	67.14416	0.555245	1.191331	2.006203
52230	-999.528	-1067.172	67.64384	0.8910097	1.238595	1.381572
52236	-1001.549	-1068.613	67.06336	0.81971	1.400046	1.764228
52242	-1005.881	-1072.734	66.85278	0.9529353	1.820054	1.610934
52248	-998.0467	-1064.979	66.93205	0.7504314	1.456363	1.872946
52254	-999.2647	-1066.318	67.05333	0.6644302	1.370721	1.893754
52260	-1003.114	-1070.359	67.24575	0.6030248	0.9691359	2.046533
52266	-1008.766	-1075.447	66.68133	0.3407482	1.404652	2.332572
52272	-1006.285	-1073.436	67.15062	0.3484426	1.068638	2.210948
52278	-1004.911	-1072.485	67.57399	0.6646877	0.8630862	1.860614
52284	-1009.604	-1077.543	67.93865	1.247556	1.196192	0.8026187
52290	-1009.865	-1077.503	67.63839	1.327825	1.085215	1.137031
52296	-1005.684	-1073.832	68.14844	1.087354	0.7354093	1.231019
52302	-1000.637	-1068.594	67.95686	1.351595	0.7354093	1.168728
52308	-1002.559	-1070.672	68.11289	0.9818094	0.6312064	1.453811
52314	-1010.197	-1078.276	68.07913	1.208119	1.109862	0.7703689
52320	-1006.777	-1074.611	67.83366	1.512571	1.137389	0.6184233
52326	-1015.08	-1082.886	67.80622	1.991372	0.721719	0.4144509
52332	-1003.528	-1071.501	67.97388	0.977066	0.601078	1.592842
52338	-1002.753	-1069.96	67.20694	0.9269004	1.201346	1.702558
52344	-1012.758	-1080.499	67.74091	1.182286	0.7840126	1.43375
52350	-1006.696	-1074.572	67.8764	1.091867	0.7840126	1.398915
52356	-1001.578	-1068.599	67.02058	0.8030178	0.8045156	2.181166
52362	-998.1013	-1064.855	66.75389	0.8086724	1.057115	2.176954
52368	-997.4719	-1064.437	66.96469	0.8233508	1.212809	1.934286
52374	-1005.359	-1072.132	66.77325	0.6014003	1.032754	2.313003
52380	-1005.824	-1072.908	67.08454	0.6942619	0.684876	2.305869
52386	-1004.586	-1071.575	66.98873	0.7720586	0.7407201	2.271495
52392	-1000.574	-1067.635	67.06118	0.8581566	1.345504	1.768837
52398	-996.8222	-1064.203	67.38052	0.6175701	0.9260245	1.97705
52404	-997.5287	-1064.52	66.99114	0.8435133	0.9961339	2.037773
52410	-1000.766	-1068.043	67.27712	0.8368458	1.229318	1.699533
52416	-996.8249	-1064.217	67.39225	0.9039737	1.029868	1.699533
52422	-1002.537	-1070.119	67.58233	0.9267156	1.430965	1.278262
52428	-1002.752	-1070.654	67.90277	1.355008	1.174086	0.727242
52434	-1011.158	-1079.156	67.99748	1.427453	0.9965664	0.727242
52440	-1003.304	-1071.38	68.07534	1.463087	0.8355465	0.8112483
52446	-996.5242	-1064.508	67.98359	1.583338	0.9005333	0.6503473
52452	-990.8165	-1058.534	67.71732	1.583338	1.207126	0.5659021
52458	-994.9486	-1063.008	68.05923	1.562378	0.7711245	0.8015656
52464	-993.5473	-1061.792	68.24466	1.491992	0.7740585	0.5835545
52470	-997.5067	-1065.452	67.94567	1.491992	0.941026	0.7919173
52476	-998.5742	-1066.119	67.54458	1.551175	1.472196	0.4924273
52482	-999.1917	-1066.778	67.5868	1.823334	1.089852	0.4554739
52488	-1001.87	-1070.089	68.21854	1.611002	0.7092015	0.4824115
52494	-1002.773	-1070.503	67.72955	1.620117	1.160517	0.4969036
52500	-1019.886	-1087.575	67.6892	1.013567	1.38226	1.145256
52506	-1010.285	-1078.251	67.96609	1.013567	1.058752	1.147415
52512	-1011.489	-1079.026	67.53722	1.784507	1.082198	0.3085532
52518	-1012.139	-1078.922	66.78326	1.68945	2.456681	0.3893754
52524	-1022.418	-1089.091	66.67306	1.674821	2.760104	0.4347756
52530	-1008.366	-1076.465	68.09934	1.14187	0.7926128	1.166444
52536	-1013.867	-1082.029	68.16219	1.075353	0.7480099	1.216248
52542	-1004.335	-1072.199	67.86452	1.034874	1.059647	1.216248
52548	-999.6064	-1067.627	68.02113	1.217556	0.7376217	1.226243
52554	-1005.625	-1073.728	68.10218	1.308237	0.7632635	1.044135
52560	-1005.872	-1073.494	67.62199	1.271943	1.324853	1.009298
52566	-1005.784	-1074.155	68.37124	1.078768	0.6677642	1.121105
52572	-1004.686	-1072.753	68.06706	1.141137	1.078503	0.9051898
52578	-1008.627	-1076.483	67.85624	1.375482	1.078503	0.8784105
52584	-1010.132	-1077.83	67.69824	1.375482	1.343814	0.7880851
52590	-1009.314	-1077.332	68.01853	1.481789	0.9718078	0.6314786
52596	-1010.603	-1078.387	67.78327	1.481789	1.18046	0.7058822
52602	-1005.562	-1073.012	67.45047	1.198957	1.715294	0.968563
52608	-1011.757	-1079.299	67.54196	1.361647	1.687695	0.6552953
52614	-1011.657	-1079.753	68.09614	1.475998	0.9299611	0.5242876
52620	-1004.519	-1071.904	67.38516	1.506301	1.763026	0.5372033
52626	-1007.843	-1076.145	68.30231	1.102702	1.010401	0.7368947
52632	-1004.858	-1072.842	67.98376	1.211877	1.010401	0.9884063
52638	-1000.374	-1068.007	67.63333	0.9731445	1.254629	1.313838
52644	-1003.31	-1070.861	67.55099	0.8386198	1.339947	1.429383
52650	-1002.071	-1069.474	67.40327	0.9578881	0.5746174	2.028028
52656	-1004.248	-1071.964	67.7159	0.9032712	0.6537568	1.776073
52662	-999.3989	-1067.168	67.76869	1.021011	1.218281	1.186898
52668	-997.9091	-1065.659	67.74939	1.190331	0.8664562	1.346528
52674	-1000.287	-1068.748	68.4605	1.028787	0.6293688	1.133259
52680	-998.9261	-1066.831	67.90527	1.042477	0.4645021	1.749739
52686	-998.2739	-1065.783	67.50941	0.7912498	0.9545967	1.749739
52692	-1003.007	-1070.574	67.56724	0.8204857	0.9545967	1.688346
52698	-1010.263	-1077.704	67.44067	0.947056	0.9545967	1.688346
52704	-1008.566	-1076.15	67.58383	1.141892	0.9780846	1.421157
52710	-998.4331	-1066.44	68.00679	1.111174	0.9761482	1.096221
52716	-1004.016	-1072.65	68.63397	1.212999	0.5457688	0.9020917
52722	-1006.25	-1073.632	67.38283	0.9766913	1.161348	1.565334
52728	-1006.496	-1074.435	67.93893	0.8753792	0.7795399	1.520129
52734	-1002.217	-1069.534	67.3171	0.9160581	1.201681	1.63141
52740	-1005.371	-1072.656	67.28565	0.9305225	1.604521	1.410867
52746	-999.0983	-1066.446	67.34744	0.9781834	1.254559	1.53067
52752	-1004.251	-1071.315	67.06389	0.7210288	1.214321	1.935511
52758	-1002.769	-1070.548	67.77948	0.9568607	0.8304514	1.533616
52764	-1004.211	-1071.729	67.51744	0.8553564	0.9802164	1.680286
52770	-1010.266	-1077.706	67.43974	1.194676	1.388471	1.20061
52776	-1009.628	-1077.911	68.28316	1.175852	0.6744226	1.104828
52782	-1006.579	-1074.771	68.19284	1.035107	0.590379	1.396323
52788	-1005.503	-1073.273	67.76971	1.020317	1.088091	1.284903
52794	-1004.301	-1071.731	67.43003	0.7483586	1.064918	1.758606
52800	-1012.062	-1079.952	67.88999	0.7975142	0.9125817	1.50215
52806	-1004.478	-1071.823	67.34573	0.8938532	0.9125817	1.822862
52812	-1007.891	-1075.256	67.36442	0.9882418	1.12848	1.592077
52818	-1002.112	-1069.663	67.55158	0.9941234	1.087763	1.47683
52824	-1000.235	-1068.072	67.83711	0.8756696	1.081412	1.352189
52830	-997.8126	-1065.569	67.75628	0.9493885	0.6767886	1.69346
52836	-1002.333	-1069.828	67.49512	0.9888198	0.8585351	1.69346
52842	-1002.451	-1070.301	67.85055	0.845512	0.8585351	1.539857
52848	-1004.876	-1072.449	67.57298	0.72132	0.8585351	1.825942
52854	-999.706	-1067.453	67.7472	0.9734191	0.9743876	1.427992
52860	-998.9665	-1066.964	67.99708	1.097668	0.9743876	1.119022
52866	-998.5147	-1066.543	68.02797	1.202365	0.8480208	1.119022
52872	-1001.238	-1069.234	67.99549	1.279042	0.8095931	1.119022
52878	-1002.328	-1070.215	67.88776	1.030857	0.9282746	1.309692
52884	-1001.818	-1069.719	67.90069	1.016123	1.007799	1.244179
52890	-1001.683	-1069.562	67.87843	1.172206	1.293389	0.868863
52896	-1002.633	-1070.305	67.67177	1.301034	1.337821	0.9163222
52902	-998.8686	-1066.622	67.75309	1.301034	1.438509	0.7061255
52908	-1005.807	-1073.627	67.81937	1.342983	1.230115	0.7953192
52914	-1001.573	-1069.201	67.62779	1.334084	1.42114	0.8538429
52920	-1000.284	-1068.235	67.9514	1.457021	0.9170302	0.8610729
52926	-1005.818	-1073.796	67.97817	1.279884	0.9170302	1.021855
52932	-1006.089	-1073.883	67.79425	1.478526	1.182597	0.6889076
52938	-1017.265	-1085.937	68.67287	1.482568	0.4428296	0.7235069
52944	-1012.827	-1080.567	67.74034	1.389746	1.376047	0.6535517
52950	-1015.1	-1082.543	67.4426	1.503364	1.657512	0.6013299
52956	-1015.572	-1083.387	67.81559	1.403612	1.03265	0.9412168
52962	-1021.347	-1089.416	68.06878	1.201043	0.9201755	1.006948
52968	-1003.681	-1071.755	68.07425	1.157283	0.7316337	1.238592
52974	-1000.866	-1069.139	68.27322	1.21811	0.6494823	1.106171
52980	-1017.687	-1085.179	67.4911	1.194966	1.505288	1.075777
52986	-1009.198	-1077.039	67.84042	1.278221	1.238863	0.8419125
52992	-1008.788	-1076.204	67.41516	1.128328	1.465211	1.228112
52998	-1008.786	-1076.853	68.0668	1.072058	0.8186119	1.228112
53004	-1006.179	-1074.404	68.22583	1.21845	0.700011	1.087346
53010	-1009.516	-1077.378	67.86225	1.21845	0.7497712	1.343236
53016	-1016.989	-1084.593	67.604	1.288239	1.383812	0.9635136
53022	-1019.835	-1086.98	67.14509	1.228403	1.906331	1.117375
53028	-1007.894	-1075.961	68.06768	1.139762	0.9092651	1.078118
53034	-1008.876	-1076.534	67.65776	1.257671	1.410113	0.9169583
53040	-1007.048	-1074.887	67.83941	1.386765	1.15294	0.8004073
53046	-1007.098	-1075.259	68.16118	1.268277	0.8770442	0.8871682
53052	-1004.056	-1071.968	67.91199	1.158006	1.175196	0.9589152
53058	-1001.524	-1069.567	68.04274	1.28165	1.120688	0.6961856
53064	-1014.671	-1082.382	67.71096	1.28165	1.351708	0.8815062
53070	-1001.745	-1069.689	67.9436	1.254282	1.039283	0.9569193
53076	-997.2675	-1065.339	68.07197	1.201702	0.8194024	1.109431
53082	-996.8159	-1064.519	67.70333	1.235664	1.381712	0.9152756
53088	-1001.402	-1069.414	68.01214	1.530581	0.8700237	0.7513121
53094	-996.7805	-1065.019	68.23846	1.277822	0.8235579	0.8561419
53100	-1003.822	-1071.569	67.74675	1.383421	1.057751	1.007732
53106	-998.9208	-1066.812	67.89106	1.239111	1.057751	1.007732
53112	-1003.145	-1070.984	67.83907	1.27913	1.003767	1.070157
53118	-1010.369	-1078.415	68.04572	1.307411	0.9543581	0.8799368
53124	-1006.564	-1074.261	67.69653	1.380908	1.29621	0.8335607
53130	-1004.256	-1072.296	68.04043	1.469376	0.9324392	0.6952782
53136	-1002.252	-1070.524	68.27152	1.579802	0.6476282	0.6952782
53142	-1000.943	-1068.701	67.75806	1.579802	1.110524	0.6888015
53148	-1007.917	-1076.36	68.44254	1.556305	0.528769	0.7414882
53154	-999.9427	-1068.166	68.22315	1.341937	0.7985158	0.8321705
53160	-1007.808	-1075.917	68.10898	1.339465	0.8429399	0.9088117
53166	-1005.772	-1073.704	67.932	1.075466	0.8201422	1.334436
53172	-998.2407	-1065.956	67.71484	1.072719	1.077801	1.294833
53178	-1000.446	-1068.891	68.44513	0.9459179	0.6306494	1.217217
53184	-997.3618	-1065.223	67.86154	1.203341	1.217427	0.9250504
53190	-994.9008	-1062.895	67.99447	1.337643	1.07368	0.7543955
53196	-994.5562	-1062.787	68.2306	1.182988	0.8795903	0.9019764
53202	-999.4695	-1067.573	68.10309	1.276875	0.899006	0.9157947
53208	-998.6939	-1065.947	67.25335	0.7770734	1.310742	1.71056
53214	-997.3538	-1064.769	67.41552	1.074937	1.297095	1.378047
53220	-1007.335	-1074.986	67.65153	0.7501291	1.355175	1.410717
53226	-1002.84	-1070.013	67.17341	0.9838474	1.355175	1.59399
53232	-995.9246	-1063.874	67.94908	0.9807923	0.8757187	1.346197
53238	-1002.006	-1069.588	67.58195	0.9359958	1.230017	1.400476
53244	-1009.706	-1077.332	67.62609	0.6273778	0.9388146	1.794065
53250	-1011.717	-1078.238	66.52129	0.6627676	1.565157	2.151829
53256	-1002.18	-1069.391	67.2114	0.6627676	1.157249	1.909113
53262	-999.9827	-1067.146	67.16332	0.6886155	1.284475	1.849681
53268	-998.2433	-1065.518	67.27468	0.7488752	0.9461401	1.945778
53274	-1002.703	-1069.886	67.1829	0.7588897	1.481063	1.679596
53280	-1009.037	-1076.209	67.17211	0.559463	1.130787	2.020792
53286	-1005.755	-1073.521	67.7666	0.733417	0.9879389	1.582923
53292	-999.1558	-1066.2	67.04392	0.7244336	0.9879389	2.086973
53298	-1002.282	-1069.51	67.22858	0.7971826	1.436828	1.64327
53304	-1003.64	-1071.108	67.46751	0.7437065	1.302619	1.58553
53310	-1004.483	-1072.094	67.61168	0.7029231	0.9521876	1.741715
53316	-1006.458	-1073.799	67.34117	0.6416891	1.569429	1.604008
53322	-1001.082	-1069.031	67.94923	0.7311819	0.7571776	1.638012
53328	-1005.353	-1072.782	67.42907	0.8810692	1.225576	1.560319
53334	-1011.893	-1079.098	67.20469	0.6447601	1.217669	1.889875
53340	-1009.157	-1076.201	67.044	0.6821508	1.355333	1.896317
53346	-1004.727	-1072.348	67.6212	1.111027	0.9639219	1.427304
53352	-1005.081	-1072.678	67.59733	1.043857	0.9253716	1.526553
53358	-1004.554	-1071.447	66.89341	0.6207199	1.35418	2.039075
53364	-992.6179	-1060.394	67.77631	0.9579392	1.035423	1.370052
53370	-1001.112	-1069.005	67.89262	0.9191122	1.035423	1.30822
53376	-1000.935	-1068.845	67.91012	0.8664208	1.095666	1.290133
53382	-1005.357	-1073.097	67.73991	1.051353	0.7735484	1.542603
53388	-1003.572	-1071.223	67.65085	1.047194	1.312116	1.198188
53394	-999.5234	-1067.683	68.15946	1.049757	0.7459876	1.242244
53400	-997.1177	-1064.961	67.84331	1.104467	0.6514875	1.542979
53406	-1003.509	-1071.577	68.06852	1.253729	0.7874133	1.099441
53412	-1015.075	-1083.526	68.45197	1.09481	0.4630927	1.304713
53418	-1014.974	-1083.41	68.4359	1.029106	0.6200022	1.166448
53424	-1014.142	-1082.073	67.93137	1.126466	0.9817163	1.145395
53430	-1012.313	-1080.161	67.8483	1.042902	0.767239	1.473567
53436	-1000.05	-1068.093	68.04293	0.9119168	1.070742	1.159215
53442	-1007.15	-1074.713	67.56331	1.069192	1.453263	1.159215
53448	-1005.835	-1073.963	68.12784	1.259642	0.6673467	1.176963
53454	-1002.889	-1070.985	68.09588	1.714595	0.7233042	0.471748
53460	-1000.905	-1069.076	68.17051	1.641402	0.7233042	0.4896051
53466	-1005.732	-1073.542	67.80992	1.580325	1.113819	0.4703545
53472	-1006.967	-1074.998	68.03128	1.580325	0.8941557	0.5041163
53478	-1003.394	-1071.086	67.69161	1.608847	1.208701	0.5607227
53484	-998.3701	-1066.212	67.84239	1.617271	1.035296	0.5607227
53490	-1000.477	-1067.876	67.39914	1.655799	1.515063	0.4346899
53496	-1006.869	-1074.306	67.43714	1.655799	1.472795	0.5360671
53502	-997.8592	-1064.387	66.52818	0.4328982	1.108997	2.528018
53508	-999.8087	-1066.768	66.9594	0.4394074	1.108997	2.251159
53514	-999.9469	-1067.377	67.42975	0.4167382	1.266066	1.863887
53520	-994.3848	-1061.873	67.48821	0.7654305	0.8873275	1.831994
53526	-994.3629	-1062.023	67.66054	0.6420214	0.7941966	1.871114
53532	-1002.517	-1068.974	66.4566	0.3994449	1.684422	2.310171
53538	-1004	-1071.453	67.45309	0.524725	0.8804688	2.023342
53544	-1001.254	-1068.719	67.46517	0.8596576	0.9766347	1.716852
53550	-1002.92	-1069.74	66.81999	0.6512906	1.066987	2.229886
53556	-1001.448	-1069.355	67.90681	0.8859434	0.9768137	1.369935
53562	-1004.701	-1072.279	67.57787	1.02675	1.175255	1.369935
53568	-1005.142	-1072.944	67.80256	1.075703	1.175255	1.142214
53574	-1000.108	-1067.948	67.8409	1.543821	1.110468	0.5758037
53580	-997.2461	-1065.271	68.025	1.451598	0.9884368	0.6471766
53586	-994.7425	-1063.185	68.44267	1.481789	0.610047	0.6562216
53592	-993.9269	-1062.074	68.14679	1.262646	0.7973155	1.005115
53598	-1001.628	-1069.783	68.1546	0.997448	1.037819	1.005115
53604	-1002.675	-1070.995	68.31965	1.222937	0.5192901	1.230431
53610	-1004.201	-1072.624	68.42323	1.222937	0.6704264	0.925221
53616	-1005.802	-1073.866	68.06406	1.401105	0.6767963	1.096287
53622	-1008.323	-1075.943	67.62066	1.308216	1.175484	1.096287
53628	-1005.461	-1072.98	67.51818	1.11821	1.50482	1.121676
53634	-1002.447	-1070.198	67.75106	1.353655	0.9711678	1.112969
53640	-1009.08	-1077.247	68.16633	1.339829	0.7020508	1.026088
53646	-1008.796	-1076.428	67.63234	1.339829	1.464705	0.7990624
53652	-1004.525	-1072.898	68.37333	1.339829	0.6724541	0.8450359
53658	-993.9355	-1061.522	67.58667	1.204879	1.060218	1.305179
53664	-992.229	-1060.148	67.91947	1.243092	0.9198982	1.108988
53670	-1000.658	-1067.438	66.7801	0.5885952	0.973839	2.354201
53676	-997.2259	-1064.104	66.87819	0.6704158	1.040996	2.196082
53682	-996.841	-1064.312	67.47139	0.9638874	1.020389	1.606508
53688	-999.0181	-1066.915	67.89709	0.8541485	1.169946	1.255271
53694	-1006.571	-1074.243	67.6713	0.975584	0.802969	1.622484
53700	-997.2122	-1064.312	67.09981	0.870531	1.275875	1.772826
53706	-998.952	-1067.014	68.06177	1.009865	0.8632051	1.241961
53712	-1004.097	-1072.29	68.19264	1.125606	0.7308656	1.165163
53718	-1009.783	-1077.642	67.85822	1.128881	0.8472968	1.325846
53724	-998.551	-1066.065	67.51423	1.013007	1.332788	1.325846
53730	-994.5338	-1062.218	67.68436	1.094267	0.9889929	1.371342
53736	-998.9037	-1066.961	68.05703	1.112931	1.090703	0.9345007
53742	-1000.734	-1068.067	67.33295	0.9492083	1.090703	1.668125
53748	-1001.65	-1069.436	67.78606	0.8131993	1.090703	1.433933
53754	-1006.076	-1073.993	67.91729	0.8798628	0.7453914	1.563716
53760	-1001.739	-1069.375	67.63637	0.9352754	1.096019	1.451262
53766	-1000.397	-1067.468	67.07017	0.8862197	1.116895	1.878141
53772	-999.6055	-1066.946	67.34099	0.904203	1.224039	1.608726
53778	-998.7009	-1066.459	67.75767	0.918309	0.7944271	1.608726
53784	-1002.472	-1069.983	67.51184	0.8683433	0.7944271	1.81768
53790	-1005.778	-1072.874	67.09594	1.055042	1.251088	1.660016
53796	-1006.777	-1074.269	67.49277	0.8493328	0.9820971	1.700719
53802	-1006.016	-1073.59	67.57334	0.8670993	0.9976053	1.619173
53808	-1009.597	-1076.582	66.98504	0.7437876	1.139246	2.017509
53814	-1006.733	-1074.34	67.60619	0.9669565	0.8715607	1.619172
53820	-1007.128	-1075.112	67.98404	0.9714293	0.7444717	1.445997
53826	-998.8295	-1066.449	67.61977	0.9049284	1.084854	1.494721
53832	-1002.389	-1070.373	67.98435	1.011698	0.9262217	1.247893
53838	-1006.567	-1074.327	67.75966	1.039586	1.330299	1.095362
53844	-998.4489	-1066.148	67.69887	0.8426273	1.007596	1.537911
53850	-999.2806	-1067.109	67.82839	1.236421	0.986791	1.134609
53856	-1001.198	-1069.352	68.15428	1.373756	0.688183	1.022435
53862	-1001.03	-1069.244	68.21371	1.314326	0.688183	1.022435
53868	-1003.163	-1071.41	68.24714	1.227952	0.8274335	0.8988329
53874	-999.9856	-1068.03	68.04476	1.273984	0.865488	1.017429
53880	-996.0684	-1064.123	68.05411	1.17355	0.7261204	1.247653
53886	-1001.682	-1069.1	67.41759	1.04284	0.9446041	1.643826
53892	-998.5982	-1066.378	67.78019	0.8723553	0.7827135	1.635762
53898	-1001.373	-1068.798	67.42544	0.8406461	1.293302	1.550861
53904	-1007.908	-1075.423	67.51477	0.854719	1.355956	1.435034
53910	-1002.735	-1069.787	67.05235	0.7498684	1.279056	1.886691
53916	-1000.643	-1068.2	67.55635	0.7498684	0.9733728	1.732299
53922	-1003.187	-1070.704	67.51683	0.9579374	0.9733728	1.612056
53928	-1003.107	-1071.188	68.08183	1.006694	0.9733728	1.125569
53934	-1007.657	-1075.235	67.57837	0.8605908	1.405952	1.350309
53940	-995.1633	-1062.802	67.63913	0.9627411	1.120732	1.410451
53946	-1005.72	-1072.969	67.24857	0.6503707	1.219868	1.85482
53952	-1006.606	-1073.657	67.05081	0.6759335	1.164152	2.003995
53958	-1000.802	-1068.834	68.03181	0.8608498	0.66262	1.572395
53964	-1005.198	-1072.776	67.5774	0.6144073	1.229735	1.643751
53970	-1009.18	-1076.683	67.50368	0.5081876	0.9076123	1.980976
53976	-998.437	-1065.499	67.06224	0.7172661	0.8921617	2.14538
53982	-1006.525	-1073.533	67.00868	0.565465	1.096179	2.14538
53988	-1003.671	-1071.078	67.40681	0.6599061	0.6557732	2.14538
53994	-1003.706	-1071.567	67.86068	0.937771	0.7337827	1.573421
54000	-1004.04	-1072.276	68.2357	1.095154	0.916169	0.9488601
54006	-1010.472	-1078.149	67.67769	0.7676747	1.289465	1.41804
54012	-1007.708	-1075.182	67.47355	0.8665076	1.038951	1.662032
54018	-1011.899	-1079.019	67.11979	0.7552959	1.194649	1.886023
54024	-1006.394	-1073.457	67.06343	0.8382761	1.041866	1.963006
54030	-1007.459	-1074.444	66.9852	0.6562805	1.257609	2.006898
54036	-1001.992	-1069.403	67.41142	0.9573901	0.8562286	1.776158
54042	-997.1193	-1065.095	67.97531	1.237592	0.8833613	1.099065
54048	-1005.158	-1073.24	68.08193	1.57666	0.6633713	0.9220356
54054	-1002.108	-1070.097	67.9891	1.364146	0.7306925	1.134391
54060	-998.9363	-1066.612	67.67583	1.354447	1.195742	0.9812504
54066	-994.6507	-1062.324	67.67355	1.344731	1.346848	0.8558264
54072	-997.7216	-1065.309	67.58735	1.232645	1.346848	1.063682
54078	-998.174	-1066.586	68.41212	1.451271	0.5548179	0.867113
54084	-999.3099	-1067.537	68.22745	1.314412	0.7976634	0.8617488
54090	-999.0619	-1066.736	67.67361	1.248503	0.7974507	1.422269
54096	-989.8502	-1057.857	68.00694	1.248678	0.7945814	1.151715
54102	-994.2143	-1062.337	68.12229	1.279472	0.6189895	1.222086
54108	-988.5949	-1056.705	68.10985	1.038738	0.8163831	1.222086
54114	-991.8295	-1060.143	68.31317	1.187329	0.5905334	1.172634
54120	-993.0987	-1060.927	67.82842	1.373923	0.9917476	1.000403
54126	-993.1473	-1061.248	68.10058	1.285314	1.028556	0.7387919
54132	-997.1391	-1065.176	68.03668	1.145567	0.879755	1.130449
54138	-998.2393	-1066.186	67.9466	0.9110388	0.8227615	1.449026
54144	-1005.278	-1073.069	67.79042	0.8090073	1.112717	1.418046
54150	-1004.076	-1070.908	66.83168	0.592331	1.423246	2.063075
54156	-1003.641	-1070.385	66.74379	0.2811325	1.340459	2.362831
54162	-998.1168	-1064.879	66.76232	0.1974469	1.292629	2.42854
54168	-997.5725	-1064.919	67.34673	0.1253833	1.141993	2.184347
54174	-1001.122	-1067.854	66.73166	0.05633932	1.392648	2.48614
54180	-1000.948	-1066.645	65.69744	0.09003834	1.015929	3.291205
54186	-1000.121	-1066.598	66.4769	0.1395977	1.308769	2.63421
54192	-999.6659	-1066.265	66.59943	0.1355644	1.169498	2.63421
54198	-995.8584	-1062.863	67.00505	0.1619314	0.865369	2.553463
54204	-994.6499	-1061.209	66.55864	0.1668958	1.335117	2.553463
54210	-991.4367	-1059.482	68.04536	1.371879	0.7385173	1.066727
54216	-986.578	-1054.805	68.22718	1.351369	0.6022647	1.087239
54222	-994.7833	-1063.092	68.30831	1.262141	0.4531214	1.299717
54228	-995.0378	-1062.67	67.63172	0.8344172	0.7891411	1.76241
54234	-993.9987	-1061.553	67.55412	0.9624361	0.9912957	1.568329
54240	-998.0004	-1065.032	67.03155	0.6318813	1.027565	2.129918
54246	-985.9025	-1053.182	67.279	0.5758266	1.071913	1.975111
54252	-993.0205	-1059.548	66.52704	0.4766558	1.071913	2.523111
54258	-999.1211	-1065.362	66.24115	0.1813833	1.168783	2.825873
54264	-1004.34	-1071.455	67.1147	0.6917857	1.661296	1.684963
54270	-1003.105	-1070.903	67.79826	0.8295028	0.8476925	1.598936
54276	-1000.463	-1068.262	67.79842	0.8293455	0.8476925	1.598936
54282	-991.1918	-1059.03	67.8381	0.8073251	1.010941	1.457402
54288	-991.3175	-1059.039	67.72156	0.9238604	1.010941	1.457402
54294	-993.6207	-1061.579	67.95866	0.9462576	0.9890973	1.2696
54300	-994.4875	-1061.918	67.43014	0.4017229	1.049501	2.004765
54306	-991.9426	-1058.739	66.79605	0.3134661	0.8694316	2.586334
54312	-988.1963	-1055.265	67.06897	0.5207151	1.393417	1.968188
54318	-990.2653	-1057.346	67.08064	0.5955212	1.279885	1.971313
54324	-995.432	-1062.996	67.56378	0.6223243	0.8133975	1.934781
54330	-993.453	-1060.973	67.51983	0.9151403	0.7968991	1.777707
54336	-1000.746	-1068.679	67.93317	0.896385	0.8172098	1.475256
54342	-1001.509	-1069.178	67.66884	0.7782721	0.9997575	1.612781
54348	-1003.484	-1071.226	67.74228	0.8040167	0.9997575	1.54015
54354	-1009.218	-1076.338	67.11959	0.8585833	1.830516	1.478525
54360	-1012.042	-1079.904	67.86108	1.012932	0.675857	1.573024
54366	-1010.106	-1077.745	67.63885	0.8380665	1.227758	1.433672
54372	-1010.415	-1078.414	67.99815	1.146862	0.8135443	1.227898
54378	-1005.005	-1073.152	68.14767	1.157859	0.684163	1.227898
54384	-1009.134	-1077.353	68.21927	1.206237	0.6051652	1.218763
54390	-1003.379	-1071.609	68.23053	1.194636	0.7832823	1.006094
54396	-1002.833	-1071.129	68.29527	1.207584	0.720408	1.006094
54402	-1002.954	-1070.843	67.88934	1.207584	1.325229	0.7766236
54408	-999.1255	-1066.929	67.80375	1.174014	1.234854	1.000188
54414	-1000.776	-1068.87	68.09465	1.031577	1.105579	0.9660256
54420	-997.4295	-1064.633	67.20331	0.866458	0.8747381	1.966199
54426	-999.2851	-1065.502	66.21668	0.6163643	1.128047	2.596678
54432	-998.3591	-1065.611	67.2521	0.4774071	1.235225	1.960725
54438	-1003.107	-1070.795	67.68818	0.8240287	0.5988577	1.902703
54444	-999.5145	-1067.374	67.85988	1.07955	0.7914257	1.414423
54450	-1002.262	-1070.193	67.93112	1.07955	0.7159861	1.431245
54456	-1003.408	-1071.38	67.97178	1.071068	0.6557113	1.467466
54462	-1002.675	-1069.954	67.27924	0.679481	1.318615	1.756451
54468	-992.5887	-1060.072	67.48358	0.8398548	1.161153	1.591872
54474	-993.5692	-1061.319	67.74948	0.8398548	1.162846	1.390564
54480	-994.0882	-1061.129	67.04099	0.5914712	0.7968815	2.309914
54486	-991.5876	-1058.571	66.98305	0.4489675	0.9799843	2.309914
54492	-1000.617	-1067.848	67.23093	0.4370935	1.113214	2.073494
54498	-1000.867	-1067.985	67.11797	0.2882782	0.9321311	2.357808
54504	-995.0756	-1061.954	66.87808	0.2490787	1.01486	2.480498
54510	-996.8476	-1063.781	66.93314	0.2227455	0.9861171	2.480498
54516	-996.775	-1063.382	66.60744	0.1539301	0.9012813	2.778868
54522	-994.6345	-1060.806	66.17175	0.3078589	1.091002	2.83431
54528	-995.2517	-1061.204	65.95193	0.3850027	1.251594	2.83431
54534	-992.4192	-1059.236	66.81647	0.3460291	1.013828	2.458982
54540	-987.7909	-1055.012	67.22124	0.3802505	0.743292	2.370972
54546	-989.9293	-1056.555	66.62623	0.5654348	1.291821	2.281748
54552	-995.6636	-1062.669	67.00581	0.7259342	1.598503	1.768002
54558	-997.7817	-1064.869	67.08731	0.8796117	1.19113	1.825276
54564	-998.6406	-1066.544	67.9035	1.10123	0.814981	1.341409
54570	-989.3423	-1057.215	67.87293	1.184091	0.9202493	1.201731
54576	-996.8014	-1064.723	67.92123	0.8938502	1.16956	1.201731
54582	-998.7167	-1066.052	67.33571	0.71668	1.16956	1.779302
54588	-996.316	-1063.894	67.57847	0.6463153	0.9873611	1.779302
54594	-996.6328	-1064.374	67.7411	0.7284014	0.9873611	1.605576
54600	-992.6762	-1060.155	67.47896	0.858148	0.9873611	1.700487
54606	-990.4691	-1058.336	67.86666	0.7777614	0.7874345	1.63754
54612	-990.4334	-1058.283	67.84965	0.8383521	0.7266274	1.659915
54618	-987.4918	-1055.378	67.88613	1.017735	0.7266274	1.501995
54624	-993.0397	-1060.712	67.67258	0.9165698	1.236187	1.340271
54630	-989.5722	-1057.624	68.0514	0.9756606	0.9424663	1.20731
54636	-991.4672	-1059.699	68.23212	1.391623	0.7016285	0.9045139
54642	-994.09	-1062.25	68.15983	1.478968	0.6537605	0.9571595
54648	-995.5495	-1063.872	68.32231	0.9634151	0.6537605	1.278391
54654	-993.7558	-1061.258	67.50253	0.8695055	0.9703853	1.687947
54660	-993.748	-1060.639	66.89149	0.4803922	0.7366878	2.520475
54666	-1002.461	-1069.072	66.61102	0.5828525	0.983016	2.45865
54672	-1000.592	-1068.171	67.57934	0.5438517	1.057551	1.801879
54678	-1001.108	-1067.611	66.5027	0.6252385	1.570913	2.185641
54684	-999.4708	-1065.96	66.48949	0.5069787	1.240585	2.432835
54690	-1001.189	-1069.379	68.18993	1.242701	0.8105726	0.9657446
54696	-1008.417	-1076.471	68.05463	1.500229	0.6717421	1.017552
54702	-1008.894	-1076.911	68.01662	1.138342	0.8855989	1.14904
54708	-1010.486	-1078.199	67.71238	1.026709	1.230704	1.221063
54714	-999.545	-1067.039	67.49433	0.6645388	0.9145201	1.876748
54720	-1001.933	-1069.101	67.16789	0.6645388	1.203866	1.909526
54726	-993.9939	-1060.667	66.67269	0.6823513	1.203866	2.224577
54732	-993.2055	-1060.176	66.97009	0.9363665	1.288575	1.80984
54738	-997.2526	-1065.14	67.88754	0.9490228	1.058891	1.269414
54744	-997.166	-1064.151	66.98473	0.7863797	1.163581	1.974706
54750	-996.5065	-1063.592	67.08577	0.7112126	1.070075	2.01487
54756	-988.8083	-1056.085	67.27664	0.6832726	0.9686217	1.972911
54762	-989.1213	-1056.018	66.89704	0.6444021	1.212663	2.098362
54768	-995.1126	-1062.908	67.79559	0.7660548	0.8469067	1.647357
54774	-994.4761	-1062.456	67.97994	0.8961149	0.9866678	1.295268
54780	-993.9816	-1061.965	67.98312	1.054718	0.8821489	1.252671
54786	-1001.383	-1069.201	67.81757	1.134654	1.099001	1.138006
54792	-1013.293	-1080.988	67.69531	1.651653	1.148791	0.5858385
54798	-1011.802	-1079.444	67.64159	1.651653	1.224597	0.5130425
54804	-1001.665	-1069.374	67.70866	1.651653	1.145062	0.5414431
54810	-1005.256	-1073.129	67.87325	1.669667	0.9558967	0.5414431
54816	-999.5574	-1067.174	67.61647	1.571153	1.30281	0.6559549
54822	-992.7425	-1060.388	67.64539	1.403672	1.401388	0.7589299
54828	-993.3491	-1061.252	67.90305	1.403672	1.119525	0.7276752
54834	-991.2974	-1059.003	67.70601	1.051645	1.236848	1.20079
54840	-1010.685	-1078.586	67.90155	0.9357863	0.8690944	1.424346
54846	-1009.702	-1077.388	67.68577	1.040589	0.8690944	1.50855
54852	-1007.736	-1075.839	68.10294	1.040589	0.9828217	1.066136
54858	-1004.61	-1072.777	68.16734	1.260104	0.8943486	0.8674838
54864	-998.8416	-1066.746	67.90439	1.209526	1.219581	0.8674838
54870	-1000.258	-1068.249	67.9905	1.318717	1.004178	0.87214
54876	-999.8618	-1068.006	68.14382	1.172418	0.724878	1.173532
54882	-999.6037	-1067.608	68.00403	1.008987	1.090366	1.090164
54888	-999.4336	-1067.684	68.25021	1.316861	0.7203539	0.9400968
54894	-999.1911	-1067.36	68.16923	1.28296	0.6739826	1.111579
54900	-1008.649	-1076.715	68.06591	1.08893	0.6145869	1.42576
54906	-995.6335	-1063.775	68.14169	1.138406	0.5726917	1.376099
54912	-1006.079	-1073.927	67.84819	1.266868	0.7765674	1.289131
54918	-1003.439	-1071.285	67.84549	1.184564	1.228941	0.9517434
54924	-993.7213	-1060.778	67.05635	0.629343	0.9180369	2.188239
54930	-998.1451	-1064.919	66.7738	0.3531971	1.215663	2.363858
54936	-989.5246	-1056.608	67.08346	0.6054918	0.7679341	2.296012
54942	-987.5875	-1055.271	67.6839	0.7806019	0.8606241	1.705575
54948	-989.3574	-1056.724	67.36665	0.8406198	0.8606241	1.883915
54954	-994.5186	-1062.169	67.65078	0.6494902	0.8606241	1.820221
54960	-991.7901	-1058.683	66.89297	0.6406963	0.8606241	2.326147
54966	-993.3222	-1061.279	67.95647	0.9367925	0.9228876	1.334668
54972	-992.5497	-1060.325	67.77518	1.144965	1.126444	1.144019
54978	-994.602	-1062.46	67.85839	1.091596	1.178984	1.073845
54984	-996.4729	-1064.259	67.78656	0.9863228	1.178984	1.230473
54990	-996.9339	-1064.344	67.40971	1.069776	1.178984	1.464084
54996	-994.6358	-1062.37	67.73388	0.6979737	1.178984	1.500027
55002	-995.7658	-1063.76	67.99458	0.983056	0.7084356	1.463886
55008	-1002.379	-1069.77	67.39069	0.7275698	1.257098	1.679754
55014	-1005.973	-1073.342	67.36841	0.6556462	1.257098	1.746278
55020	-1000.867	-1068.609	67.74143	0.7598302	0.7961831	1.731943
55026	-996.2511	-1063.694	67.44273	0.9324932	1.141226	1.567089
55032	-994.3715	-1062.413	68.04147	1.21853	0.8125926	1.128954
55038	-999.1532	-1067.531	68.37785	1.260693	0.5021105	1.172217
55044	-1004.959	-1072.948	67.98908	1.24116	0.8101736	1.157901
55050	-1003.534	-1069.721	66.18703	2.582815	0.9057307	0.09755952
55056	-1000.502	-1067.007	66.50484	2.582815	0.73503	0.1135202
55062	-998.4646	-1064.734	66.2689	2.468403	1.090078	0.1184766
55068	-997.2638	-1063.079	65.81489	2.640501	1.090078	0.08330052
55074	-995.1711	-1061.242	66.07049	2.640501	0.9500548	0.09612179
55080	-1001.4	-1066.978	65.57721	2.640501	1.366183	0.08323426
55086	-1008.448	-1073.735	65.28714	2.722369	1.650406	0.08323426
55092	-1005.792	-1073.829	68.03672	1.398248	0.9059857	0.8432811
55098	-1007.133	-1075.045	67.91227	1.132951	1.155285	1.002293
55104	-1004.932	-1072.454	67.52185	1.027779	1.20865	1.390118
55110	-1001.655	-1069.168	67.51311	0.9017262	1.092169	1.571157
55116	-1006.199	-1073.677	67.47781	0.7518837	1.39419	1.518036
55122	-1004.126	-1070.965	66.83915	2.221596	1.128464	0.1994678
55128	-1006.189	-1072.972	66.78376	2.221596	1.128464	0.1823785
55134	-1002.011	-1069.694	67.68286	1.967602	0.8241572	0.3721926
55140	-1011.74	-1078.425	66.6854	2.504452	0.7533993	0.13403
55146	-1007.225	-1073.795	66.57025	2.504452	0.8298244	0.1296957
55152	-997.8092	-1063.934	66.12491	2.493687	1.303603	0.1296957
55158	-1003.546	-1069.729	66.1837	2.407094	1.303603	0.1249468
55164	-1001.654	-1068.516	66.86186	2.488359	0.6669375	0.1434224
55170	-1014.1	-1081.831	67.73062	1.149558	0.8422983	1.414506
55176	-1001.122	-1069.045	67.9228	1.117991	0.6688108	1.455547
55182	-1008.039	-1074.398	66.35876	2.467057	1.177045	0.1488904
55188	-1004.197	-1070.838	66.64081	2.467057	0.8470377	0.1394068
55194	-1003.545	-1070.379	66.83376	2.493103	0.6509778	0.1347462
55200	-1004.412	-1070.577	66.16504	2.535852	1.164293	0.1234902
55206	-1007.196	-1073.361	66.16504	2.535852	1.164293	0.1234902
55212	-1000.538	-1066.941	66.4029	2.554816	0.8677341	0.1175314
55218	-1005.425	-1072.251	66.82654	2.332862	0.8760308	0.1570643
55224	-1007.835	-1074.466	66.63093	2.332862	1.285787	0.2133934
55230	-1007.347	-1073.862	66.51428	0.605873	1.562412	2.194595
55236	-997.7521	-1065.327	67.57486	0.5209695	0.8360581	1.977852
55242	-997.532	-1064.846	67.31383	0.5833102	0.7375663	2.186144
55248	-998.6025	-1065.354	66.75135	0.728526	1.144908	2.177605
55254	-994.6273	-1061.485	66.85761	0.4977913	1.077491	2.297858
55260	-993.1545	-1060.287	67.13236	0.632391	1.252817	1.926956
55266	-993.6157	-1061.021	67.40523	0.8340927	0.9504272	1.795464
55272	-998.0578	-1066.261	68.2033	0.8257575	0.6585786	1.474952
55278	-996.1384	-1063.344	67.20546	0.7869244	1.157122	1.828491
55284	-998.3671	-1066.108	67.74138	0.7260544	0.9170509	1.659649
55290	-996.0932	-1063.48	67.38725	0.7603777	0.8451023	1.936152
55296	-999.4289	-1066.57	67.14133	0.8545277	1.592158	1.58286
55302	-1002.518	-1069.071	66.5534	0.507572	1.021693	2.517652
55308	-1005.509	-1072.168	66.65933	0.4424519	0.7460888	2.680422
55314	-1003.281	-1070.288	67.00681	0.4198573	0.9469057	2.335
55320	-1002.111	-1068.918	66.80672	0.5275208	0.9469057	2.393605
55326	-1001.865	-1068.812	66.94774	0.3217606	1.011078	2.393306
55332	-1002.475	-1069.361	66.88548	0.252696	1.011078	2.475939
55338	-1006.768	-1073.564	66.79598	0.296626	1.508723	2.237385
55344	-1000.664	-1067.939	67.27557	0.5796479	1.116271	1.947024
55350	-998.6678	-1066.394	67.72665	0.8805367	0.7612327	1.686824
55356	-1001.128	-1068.82	67.69193	0.8805367	1.077363	1.463971
55362	-998.6551	-1066.202	67.54638	0.7046878	1.126814	1.666467
55368	-993.8386	-1060.909	67.07052	0.6382714	1.16679	2.014377
55374	-1000.481	-1067.848	67.3672	0.6534253	1.296721	1.725558
55380	-1003.056	-1069.802	66.74565	0.6465681	1.296721	2.149638
55386	-998.1673	-1065.734	67.56683	0.6950504	0.7158683	1.96391
55392	-998.9769	-1066.332	67.35538	0.730015	1.153402	1.766373
55398	-997.7045	-1065.568	67.8633	0.8730281	0.8277057	1.535968
55404	-1005.066	-1072.709	67.64321	1.117726	1.565704	0.9592184
55410	-1002.143	-1070.127	67.98438	1.400082	1.052971	0.7024099
55416	-999.6801	-1067.342	67.6621	1.243589	1.449451	0.8943742
55422	-1006.293	-1073.966	67.67303	1.535876	1.274166	0.6608716
55428	-1002.28	-1070.065	67.78511	1.491127	1.237693	0.5575536
55434	-1004.449	-1072.529	68.08006	1.590643	0.8379315	0.5432188
55440	-1003.83	-1071.678	67.84742	1.763275	0.8379315	0.3422757
55446	-1002.258	-1069.709	67.45073	1.720641	1.341714	0.3959746
55452	-1002.623	-1070.438	67.81541	1.720641	0.9597169	0.4464756
55458	-995.7664	-1063.678	67.91183	1.720641	0.863825	0.4248933
55464	-997.6558	-1065.622	67.96617	1.754441	0.7964746	0.4705847
55470	-997.7118	-1065.685	67.9728	1.73891	0.804889	0.4806195
55476	-1007.043	-1074.547	67.50379	1.763248	1.227859	0.3987953
55482	-1005.921	-1073.599	67.67864	1.763248	1.054674	0.4478454
55488	-1006.245	-1074.197	67.95147	1.85542	0.7128817	0.4097552
55494	-998.9742	-1066.432	67.45762	1.85542	1.161951	0.3785367
55500	-1006.866	-1074.762	67.89521	1.51582	1.05395	0.3754266
55506	-1008.315	-1076.631	68.31679	1.580396	0.6172408	0.6893112
55512	-1004.247	-1072.537	68.28958	1.591477	0.6172408	0.7172227
55518	-1000.23	-1068.394	68.16422	1.338582	0.900139	0.7615339
55524	-999.4375	-1067.363	67.92593	1.31038	1.191265	0.7372283
55530	-1005.34	-1073.103	67.76324	1.10148	1.082073	1.227565
55536	-1001.628	-1069.383	67.75551	1.10148	1.124323	1.200771
55542	-1002.133	-1070.279	68.14562	0.7725517	0.9005427	1.333891
55548	-1010.163	-1077.09	66.92746	0.7155425	1.471675	1.892024
55554	-1011.045	-1078.996	67.95161	1.256328	0.5060053	1.511377
55560	-1002.773	-1070.815	68.04198	1.016322	0.7206758	1.389709
55566	-1005.218	-1073.313	68.09481	0.9643587	0.8159349	1.29668
55572	-1009.206	-1076.752	67.54637	1.334214	1.209006	1.113589
55578	-1000.002	-1067.78	67.778	1.215408	1.113432	1.088473
55584	-996.0625	-1064.285	68.22291	1.13936	0.8544471	0.986314
55590	-999.6595	-1067.646	67.98657	1.315512	0.8544471	1.045585
55596	-1000.124	-1068.186	68.06211	1.407343	0.9351598	0.7556748
55602	-1006.891	-1075.24	68.34826	1.177812	0.7675355	0.9209155
55608	-996.5013	-1064.569	68.06769	1.180064	0.9922463	0.9533702
55614	-996.5044	-1064.496	67.9917	1.034905	1.037395	1.123887
55620	-991.9723	-1059.759	67.78705	0.9640263	1.050185	1.345418
55626	-999.9438	-1066.819	66.87494	0.4785157	0.7350363	2.533256
55632	-1004.598	-1071.813	67.21426	0.6471605	0.9509598	2.050567
55638	-1009.744	-1076.962	67.21849	0.7344763	1.593584	1.613345
55644	-1005.165	-1073.171	68.00572	0.9620587	0.7213914	1.45876
55650	-1005.15	-1072.941	67.79144	1.131995	1.113281	1.151813
55656	-1004.549	-1072.275	67.7265	0.9899745	1.064301	1.362114
55662	-998.9994	-1066.574	67.57499	1.028201	0.9849649	1.508887
55668	-1005.063	-1072.857	67.79377	1.01179	0.7284007	1.57318
55674	-1006.943	-1074.247	67.30435	0.9465487	1.419644	1.487437
55680	-1001.022	-1068.714	67.69174	0.8842113	0.7052297	1.758477
55686	-1001.183	-1069.142	67.95834	0.8205709	0.7052297	1.614189
55692	-1010.123	-1077.385	67.26257	0.7787434	1.500143	1.597843
55698	-1005.42	-1072.745	67.32477	0.9871439	1.225315	1.559177
55704	-995.1968	-1062.104	66.90737	0.7039247	0.9778349	2.196108
55710	-991.5502	-1058.82	67.27011	0.6777676	1.038118	1.934405
55716	-995.1326	-1062.238	67.10577	0.6196741	1.289754	1.932701
55722	-993.3152	-1060.698	67.38287	0.6993893	0.9889186	1.876325
55728	-997.7715	-1065.07	67.2985	0.8077274	1.280421	1.674451
55734	-993.9483	-1061.441	67.49258	0.5571743	1.148588	1.794157
55740	-990.1009	-1057.5	67.39889	0.7555284	1.185444	1.697833
55746	-994.5674	-1062.28	67.71234	0.8433204	1.086463	1.470216
55752	-997.7068	-1065.265	67.55785	0.9508849	1.086463	1.505553
55758	-994.6571	-1061.891	67.2338	0.6674164	0.9757548	2.007243
55764	-992.0465	-1059.154	67.10796	0.4957666	1.042532	2.15934
55770	-989.4696	-1056.055	66.5858	0.3872129	1.042532	2.559751
55776	-988.4585	-1054.904	66.44525	0.1868287	0.9661212	2.816015
55782	-991.7288	-1058.314	66.58534	0.5406326	0.8189891	2.611578
55788	-997.4754	-1064.999	67.5236	0.6068363	0.7704304	2.006317
55794	-1001.11	-1068.179	67.06913	0.4877182	1.127349	2.137889
55800	-998.6849	-1065.815	67.1302	0.305695	1.39331	2.070452
55806	-996.2061	-1062.949	66.74279	0.7110069	1.39331	2.058643
55812	-993.1264	-1060.765	67.63853	0.7380817	0.9651471	1.68851
55818	-999.1302	-1066.609	67.4787	0.7834339	1.081553	1.68851
55824	-1000.071	-1067.175	67.10413	0.6794922	1.482772	1.789829
55830	-991.4945	-1058.636	67.14123	0.7210631	1.047814	1.985546
55836	-996.8971	-1063.494	66.59731	0.6563318	1.234462	2.272839
55842	-996.8605	-1064.691	67.83087	0.793062	1.117728	1.39546
55848	-999.4798	-1066.728	67.24823	1.182253	1.576821	1.254819
55854	-994.2034	-1061.538	67.33506	1.137066	1.559968	1.229978
55860	-988.678	-1056.295	67.61738	1.098928	1.289169	1.198645
55866	-992.0306	-1059.88	67.84969	1.151464	0.9064279	1.261218
55872	-995.1796	-1062.725	67.5458	0.7954566	1.011682	1.680265
55878	-994.7993	-1062.276	67.47702	0.8485178	0.9662378	1.723841
55884	-1003.475	-1070.824	67.34916	0.8301824	0.7887215	1.958907
55890	-995.1125	-1062.472	67.3595	0.590074	1.204274	1.829323
55896	-996.3024	-1063.59	67.28747	0.7773846	1.077047	1.829323
55902	-1003.279	-1069.763	66.48459	0.6374114	1.365147	2.288497
55908	-996.7962	-1063.595	66.7986	0.6392227	0.9007087	2.359056
55914	-1001.629	-1068.525	66.89615	0.582391	0.8636358	2.359056
55920	-995.9877	-1063.051	67.06314	0.5262258	0.9661636	2.217993
55926	-1005.234	-1072.041	66.80631	0.493425	1.309829	2.202709
55932	-1002.124	-1069.066	66.94169	0.3808425	1.282091	2.202709
55938	-998.2513	-1065.578	67.32702	0.6003957	1.145232	1.880289
55944	-992.734	-1060.07	67.33589	0.6769459	1.053521	1.880289
55950	-988.4047	-1056.128	67.72373	1.025196	1.164573	1.261162
55956	-984.8388	-1052.909	68.0703	1.040763	0.7707852	1.298085
55962	-990.0328	-1057.492	67.45902	1.295936	1.076709	1.322056
55968	-986.0437	-1053.874	67.83	0.9619566	1.062285	1.303247
55974	-988.5994	-1056.632	68.03208	1.063773	0.9567228	1.134326
55980	-1002.383	-1069.964	67.58108	1.060083	1.481502	1.132832
55986	-995.5323	-1063.42	67.8875	0.9246877	0.6635847	1.629957
55992	-994.1414	-1061.569	67.4278	0.7639698	1.120132	1.712921
55998	-992.4735	-1059.519	67.04597	0.5015061	0.8852056	2.29999
56004	-994.4812	-1060.835	66.35389	0.5184177	1.089973	2.594178
56010	-990.4648	-1057.528	67.06344	0.4763403	0.9177557	2.282416
56016	-998.5133	-1065.066	66.55268	0.6164258	0.9834541	2.473908
56022	-1005.725	-1072.415	66.68961	0.4128598	1.408162	2.279519
56028	-1001.493	-1068.739	67.24603	0.6062352	1.043506	1.995024
56034	-1001.915	-1068.928	67.01282	0.7543807	1.218469	1.945038
56040	-999.2679	-1066.429	67.16079	0.9150978	1.172451	1.761139
56046	-995.3631	-1063.381	68.01819	0.9849694	0.8841602	1.279501
56052	-1004.629	-1071.53	66.90094	0.5160924	1.484609	2.037165
56058	-996.7737	-1063.895	67.12145	0.6837328	1.026784	2.037165
56064	-999.4673	-1066.304	66.83695	0.6975982	1.220305	2.098561
56070	-994.4295	-1061.365	66.9353	0.5409181	1.054262	2.234552
56076	-991.4656	-1057.991	66.52562	0.3841993	1.054262	2.591931
56082	-1001.016	-1068.039	67.02336	0.3385477	0.6662311	2.583631
56088	-1007.45	-1073.603	66.15298	0.415745	1.47519	2.583631
56094	-998.79	-1066.063	67.27277	0.6461376	1.257217	1.819275
56100	-1001.952	-1068.776	66.82356	0.8192589	1.620031	1.819275
56106	-1005.764	-1073.495	67.73096	0.8546712	0.8987096	1.588498
56112	-1004.993	-1072.478	67.48528	1.225448	1.303835	1.193094
56118	-1002.512	-1070.389	67.8773	1.266529	1.169175	0.8839949
56124	-1000.951	-1069.012	68.06085	1.266529	0.9248598	0.9427343
56130	-1005.486	-1073.587	68.10113	1.238313	0.9135376	0.9427343
56136	-1001.189	-1069.134	67.94509	1.567746	0.966577	0.6132542
56142	-999.272	-1067.148	67.87588	1.46115	1.118609	0.6764276
56148	-998.1195	-1065.982	67.86271	1.375757	1.118609	0.8249645
56154	-999.0225	-1067.299	68.27679	1.278403	0.7698647	0.8851201
56160	-1003.386	-1071.549	68.16307	1.253405	0.8848131	0.8922454
56166	-1003.524	-1071.069	67.54463	1.013489	1.454468	1.222552
56172	-996.7768	-1064.74	67.96332	0.9630321	0.9676394	1.269918
56178	-1001.505	-1069.608	68.10283	0.9778507	1.096574	1.020335
56184	-998.7325	-1066.733	68.00069	1.198078	0.9987135	0.9969806
56190	-995.4267	-1062.919	67.49177	1.272795	1.681197	0.8669341
56196	-998.1484	-1065.564	67.41572	1.322169	1.870266	0.7406137
56202	-1003.313	-1071.419	68.10587	1.324804	0.8807834	0.8810363
56208	-1006.684	-1074.824	68.14019	1.049752	0.8589309	1.144209
56214	-1000.114	-1067.989	67.87539	1.017782	0.8589309	1.389825
56220	-998.3005	-1065.77	67.46904	0.9049843	1.122097	1.580744
56226	-1002.757	-1070.814	68.05713	1.029097	0.9814219	1.120251
56232	-1001.425	-1069.176	67.75092	1.423961	1.163414	0.853452
56238	-1000.123	-1068.182	68.05846	1.597014	0.8396651	0.5972864
56244	-1002.817	-1070.682	67.86515	1.597014	1.035092	0.5490664
56250	-1002.849	-1070.716	67.86752	1.539707	1.075475	0.6086848
56256	-1003.188	-1071.137	67.94937	1.518314	1.003399	0.633253
56262	-999.5599	-1067.953	68.39341	1.453418	0.6617332	0.6675166
56268	-997.9293	-1066.147	68.21822	1.408188	0.838952	0.6686731
56274	-1000.418	-1068.876	68.45761	1.431585	0.6305845	0.6686731
56280	-1001.82	-1070.171	68.3511	1.431585	0.6515576	0.7920523
56286	-999.7049	-1067.277	67.57218	1.092068	1.173783	1.323548
56292	-1012.33	-1079.774	67.4446	1.098442	1.063415	1.496198
56298	-1007.042	-1074.476	67.43397	1.127229	1.341047	1.293019
56304	-1009.051	-1076.579	67.5271	0.9510201	1.496886	1.263097
56310	-1005.73	-1073.179	67.44915	1.008816	1.197021	1.468398
56316	-1005.83	-1073.7	67.86993	1.299497	0.950783	1.072676
56322	-1006.951	-1075.006	68.05487	1.299497	0.8986253	0.943929
56328	-995.404	-1063.148	67.7436	1.205562	1.052245	1.179632
56334	-1005.36	-1073.794	68.43388	1.342406	0.537968	0.9900438
56340	-1009.365	-1077.607	68.24163	1.045837	0.6250722	1.30945
56346	-1002.483	-1070.05	67.56727	1.16434	1.507404	1.030953
56352	-1010.631	-1078.635	68.00352	1.113674	1.003947	1.070931
56358	-1009.779	-1077.965	68.186	1.159513	0.7658823	1.101924
56364	-1014.016	-1081.523	67.50665	1.159513	1.138251	1.347478
56370	-1012.513	-1079.677	67.16387	0.9987854	1.064089	1.770135
56376	-1010.619	-1077.544	66.92528	0.9429647	1.711637	1.616451
56382	-998.6177	-1066.418	67.80042	0.920013	0.77512	1.593204
56388	-995.5905	-1062.911	67.32043	1.009814	1.397687	1.440026
56394	-996.5417	-1064.475	67.93281	1.026025	0.8585744	1.338308
56400	-1008.18	-1075.9	67.7201	1.023062	0.8499211	1.512038
56406	-1005.31	-1073.025	67.71454	0.7677457	0.9537296	1.621233
56412	-1005.963	-1072.951	66.98725	0.6485641	1.319258	1.976714
56418	-1000.285	-1067.628	67.34248	0.6439075	0.8768741	2.020273
56424	-996.0664	-1062.794	66.72715	0.5230947	0.8768741	2.493595
56430	-1001.405	-1069.293	67.88759	0.7216781	1.036902	1.465501
56436	-998.8073	-1065.897	67.09008	0.5921166	1.071528	2.089836
56442	-995.2321	-1062.497	67.26457	0.5948392	1.03066	1.998596
56448	-1003.377	-1070.094	66.71735	0.3372518	1.451544	2.289
56454	-994.4683	-1061.564	67.09564	0.6656018	0.9158036	2.140668
56460	-1005.044	-1072.564	67.5202	0.6524122	1.307012	1.611005
56466	-1002.767	-1069.559	66.79167	0.6051639	1.587932	2.001081
56472	-993.7133	-1061.027	67.31343	0.8264783	1.47233	1.540586
56478	-992.5718	-1060.209	67.6368	1.005581	1.093602	1.398512
56484	-996.8116	-1064.311	67.49903	0.8590215	0.9997798	1.676747
56490	-993.7402	-1061.264	67.52341	1.058409	1.129071	1.420055
56496	-1003.3	-1070.862	67.56244	1.215059	1.138124	1.257187
56502	-1002.044	-1069.875	67.83151	1.213049	1.077166	1.072388
56508	-1008.439	-1076.014	67.57495	1.047818	0.92004	1.544405
56514	-998.6978	-1066.637	67.93882	1.047818	1.040315	1.156953
56520	-993.8556	-1061.729	67.87381	1.199538	1.040315	1.078479
56526	-994.5812	-1062.297	67.71606	0.9525396	1.269946	1.252413
56532	-994.3046	-1062.164	67.85986	1.115889	1.081188	1.131898
56538	-996.9875	-1064.538	67.55076	1.260432	1.056399	1.292181
56544	-996.7773	-1064.606	67.8291	0.9363566	1.104884	1.292181
56550	-1001.113	-1068.444	67.33081	1.254562	1.104884	1.434448
56556	-995.7273	-1063.192	67.46512	1.156603	1.066213	1.434448
56562	-994.3168	-1062.336	68.01897	1.023195	0.8226849	1.304134
56568	-993.7676	-1061.13	67.36274	0.8264899	1.018189	1.782634
56574	-1008.63	-1076.115	67.485	0.9310885	1.544889	1.285442
56580	-1003.054	-1070.679	67.62492	0.8163478	1.172412	1.497329
56586	-1003.371	-1070.778	67.40648	0.7332762	1.121701	1.748486
56592	-1005.535	-1072.632	67.09703	0.7145577	1.104493	1.983584
56598	-1005.138	-1071.456	66.3178	0.3326449	1.104493	2.722475
56604	-1008.478	-1075.381	66.90295	0.4122977	0.9885192	2.378641
56610	-1000.504	-1067.915	67.41116	0.4842346	0.9885192	2.002503
56616	-1003.685	-1070.755	67.07003	0.5109786	1.398825	1.971191
56622	-1002.29	-1069.235	66.94561	0.6883188	0.9094137	2.22766
56628	-1003.352	-1070.328	66.97649	0.6824976	0.9094137	2.211487
56634	-999.4155	-1066.45	67.03452	0.5528866	1.044761	2.168546
56640	-999.9463	-1066.699	66.75291	0.3545008	1.044761	2.474542
56646	-997.4166	-1064.747	67.3306	0.7554727	1.044761	1.835973
56652	-1001.905	-1068.924	67.01946	0.72384	1.295579	1.917398
56658	-999.7611	-1066.703	66.94203	0.9946175	1.479752	1.683947
56664	-1001.623	-1069.198	67.57468	1.354232	1.585199	0.7356814
56670	-998.3081	-1065.872	67.56352	1.4982	1.449287	0.6777342
56676	-994.5249	-1062.47	67.94484	1.585528	0.8978683	0.7230688
56682	-998.9445	-1066.87	67.92517	1.643583	0.9135892	0.6121364
56688	-1001.78	-1068.925	67.14516	1.663131	1.888268	0.5608851
56694	-998.3141	-1065.903	67.58896	1.435741	1.526716	0.6353407
56700	-1001.607	-1069.555	67.94768	1.603095	0.9379048	0.5888593
56706	-999.3857	-1067.099	67.71284	1.580306	1.20574	0.5970377
56712	-997.0469	-1064.682	67.63543	1.367705	1.20574	0.9998629
56718	-1005.484	-1073.001	67.51742	1.081865	1.215568	1.346277
56724	-1004.859	-1071.339	66.48052	0.8733413	1.284676	2.181029
56730	-997.1548	-1064.107	66.95208	0.5849528	1.284676	2.061185
56736	-1001.069	-1067.694	66.62478	0.4320213	1.068061	2.49223
56742	-995.038	-1061.645	66.60719	0.3798591	1.143278	2.49223
56748	-1001.208	-1068.146	66.93808	0.4793082	1.070723	2.262266
56754	-992.3397	-1059.018	66.67821	0.5785609	1.141279	2.323145
56760	-997.807	-1064.186	66.3792	0.3775536	0.838878	2.823818
56766	-1001.963	-1068.726	66.76341	0.553796	0.6738136	2.605007
56772	-994.2941	-1061.593	67.29901	0.6875224	1.089516	1.874927
56778	-998.7146	-1066.116	67.40188	1.142362	1.195519	1.403211
56784	-997.4239	-1064.843	67.419	1.125245	1.195519	1.403211
56790	-1003.234	-1070.559	67.3251	1.007358	0.8805595	1.782643
56796	-998.8351	-1066.656	67.82128	1.119849	0.7251463	1.475353
56802	-1000.507	-1067.81	67.30346	1.033567	1.073576	1.640373
56808	-1004.641	-1072.551	67.91028	1.168837	1.152473	0.9704794
56814	-998.3888	-1064.999	66.61001	0.6324708	1.065412	2.376981
56820	-1000.316	-1067.403	67.08678	0.4204599	1.135618	2.165293
56826	-995.1404	-1062.282	67.14126	0.6083425	0.7836408	2.244968
56832	-996.4445	-1063.3	66.85543	0.7658574	1.255105	2.02173
56838	-998.8496	-1066.193	67.34355	0.6049442	0.7694058	2.127156
56844	-999.7721	-1067.27	67.49814	0.8635034	1.11881	1.591982
56850	-1005.805	-1073.175	67.36934	0.683174	1.11881	1.810994
56856	-1002.88	-1070.309	67.42907	0.5715423	0.9086704	1.987741
56862	-1000.032	-1067.736	67.70413	0.7448591	0.9086704	1.679217
56868	-997.9796	-1064.709	66.72919	0.5281429	1.078038	2.359972
56874	-997.2428	-1065.057	67.814	0.6947768	0.8682669	1.668058
56880	-1003.781	-1070.911	67.13025	0.7744128	1.141737	1.897906
56886	-1000.57	-1068.053	67.48288	0.6000893	0.9571436	1.897906
56892	-998.4331	-1065.485	67.05219	0.7220733	1.127901	1.994123
56898	-994.0234	-1061.256	67.23245	0.854106	0.8229378	1.994123
56904	-994.2754	-1062.253	67.97799	0.8504592	0.8229378	1.471069
56910	-993.8572	-1060.381	66.52417	0.6744673	1.318768	2.263166
56916	-997.7451	-1064.717	66.97159	0.6491497	0.8709071	2.263166
56922	-1000.141	-1067.23	67.0895	0.5017987	0.8977598	2.263166
56928	-998.3922	-1065.46	67.06794	0.9301641	1.27264	1.755331
56934	-1004.28	-1071.982	67.70174	0.8252029	1.097686	1.483984
56940	-1002.063	-1069.513	67.45009	0.8953883	1.333787	1.466861
56946	-1004.082	-1071.565	67.48299	1.174296	1.511951	1.097921
56952	-1008.995	-1076.185	67.18959	0.8737552	1.939622	1.360988
56958	-1002.262	-1070.246	67.98384	1.01377	0.6599288	1.497268
56964	-1001.456	-1068.489	67.03307	0.6814523	1.043586	2.086204
56970	-1000.473	-1067.97	67.49662	0.7941249	0.7774774	1.892776
56976	-1002.241	-1070.321	68.08023	0.9470095	0.7774774	1.358814
56982	-998.631	-1066.624	67.99332	1.042976	0.722032	1.405495
56988	-1005.611	-1074.098	68.48763	1.220968	0.5703263	1.007971
56994	-994.444	-1062.496	68.05195	1.170608	0.5703263	1.423624
57000	-997.0257	-1064.439	67.41363	1.000266	0.9639473	1.662819
57006	-994.3105	-1062.64	68.32933	1.0188	0.5608207	1.336449
57012	-998.4138	-1066.106	67.6919	1.086381	1.050044	1.32377
57018	-1008.14	-1075.544	67.40393	0.9823779	0.8215442	1.791469
57024	-998.5128	-1066.336	67.82275	0.9198034	0.7100085	1.635991
57030	-999.6148	-1067.178	67.56281	0.9342878	0.8227363	1.712984
57036	-997.4366	-1064.914	67.47773	0.9128067	0.8227363	1.787576
57042	-993.8379	-1061.328	67.49014	0.8818304	0.6918242	1.910717
57048	-990.8937	-1058.255	67.36094	0.7028104	0.9524686	1.914217
57054	-991.1137	-1058.031	66.91761	0.6584772	1.251554	2.053664
57060	-997.6341	-1065.222	67.5881	0.8077972	0.8661073	1.749549
57066	-1003.045	-1070.791	67.74615	0.7531183	0.8661073	1.676553
57072	-1005.798	-1072.631	66.83367	0.5358511	1.214116	2.209499
57078	-998.0969	-1065.443	67.34607	0.7583337	1.313735	1.656208
57084	-1001.061	-1068.357	67.29568	0.7426935	1.524912	1.586816
57090	-990.3919	-1057.756	67.36439	0.8576529	1.136792	1.680678
57096	-996.7868	-1064.622	67.83505	0.9368058	0.8872452	1.459158
57102	-1003.186	-1070.946	67.76024	0.9645109	0.814138	1.556131
57108	-998.328	-1066.188	67.85994	0.9225159	0.8260579	1.503003
57114	-995.5728	-1062.804	67.23161	0.7450821	0.8260579	2.064625
57120	-1000.465	-1068.299	67.83424	0.7972217	0.993	1.481561
57126	-999.5538	-1067.01	67.45595	0.9350774	1.01914	1.639375
57132	-999.9696	-1067.965	67.99534	1.235322	0.796095	1.172052
57138	-1003.207	-1070.88	67.67329	1.01963	0.8498911	1.549372
57144	-1002.163	-1069.544	67.381	1.361626	1.4495	1.06158
57150	-1006.313	-1074.319	68.00617	1.604246	0.8141349	0.7450375
57156	-1007.948	-1076.05	68.10152	1.388952	0.9148707	0.756388
57162	-1002.52	-1070.307	67.78775	1.564535	1.051164	0.756388
57168	-999.7464	-1068.041	68.29502	1.659078	0.5931018	0.6453165
57174	-1010.621	-1078.61	67.98939	1.85582	0.6902053	0.4335837
57180	-1013.481	-1081.445	67.96386	1.829895	0.6793532	0.330014
57186	-1008.018	-1075.518	67.50008	1.788013	1.189041	0.3770478
57192	-1004.936	-1072.798	67.86136	1.310857	0.9783258	1.043194
57198	-1011.61	-1079.801	68.1912	1.106819	0.9651356	0.9291402
57204	-1007.309	-1075.15	67.84106	1.190149	1.27801	0.9056835
57210	-1008.518	-1076.24	67.72246	1.779328	0.9905349	0.4357779
57216	-1006.18	-1073.625	67.44466	1.762686	1.328106	0.5089793
57222	-1003.101	-1071.446	68.34574	1.411877	0.7312991	0.664139
57228	-1003.991	-1071.781	67.78919	1.481249	1.200331	0.6635828
57234	-993.9188	-1061.891	67.97212	1.481249	0.8936309	0.8370677
57240	-996.1798	-1064.103	67.92355	1.533659	0.8936309	0.8322699
57246	-991.1938	-1059.229	68.0355	1.328801	1.035466	0.7610677
57252	-993.033	-1061.11	68.07692	1.425869	0.7783399	0.9319979
57258	-1005.214	-1073.191	67.97717	1.37654	1.022925	0.7931334
57264	-996.7756	-1064.94	68.1648	1.273029	0.956821	0.7688172
57270	-997.3193	-1064.834	67.51489	1.03469	1.15579	1.426275
57276	-999.9276	-1067.215	67.28753	1.120804	1.366778	1.398405
57282	-1002.42	-1069.792	67.37153	1.093301	1.443297	1.306684
57288	-1004.289	-1071.152	66.86224	0.8049108	1.322504	1.953938
57294	-993.0433	-1060.448	67.40497	1.081427	1.322504	1.364945
57300	-998.7402	-1066.549	67.80885	1.335714	0.9183428	1.126773
57306	-996.2441	-1064.162	67.91747	1.119563	1.122489	1.039457
57312	-993.0476	-1060.807	67.75979	1.207823	1.122489	1.104534
57318	-1002.462	-1070.204	67.74161	1.276666	1.122489	1.057394
57324	-1003.786	-1071.883	68.09734	1.003902	0.7518906	1.324712
57330	-1001.764	-1068.883	67.11954	1.037454	1.299718	1.62662
57336	-1008.072	-1076.169	68.09682	1.004151	0.9391977	1.146017
57342	-1003.789	-1071.722	67.93295	1.007114	0.7943669	1.411228
57348	-1003.776	-1071.215	67.43965	1.011446	1.22387	1.455964
57354	-1003.183	-1070.956	67.77358	1.12738	0.7783375	1.455964
57360	-1000.032	-1068.318	68.28589	1.294828	0.637289	1.0382
57366	-1002.771	-1070.656	67.88566	1.199222	1.078304	1.032955
57372	-1000.032	-1068.11	68.07766	1.209977	1.050607	0.8434626
57378	-1000.611	-1068.271	67.66058	1.28135	1.43782	0.8625139
57384	-1005.913	-1074.011	68.09873	1.304615	0.9147547	0.869963
57390	-1009.248	-1076.986	67.73772	1.388954	1.427616	0.5383573
57396	-1008.324	-1076.672	68.34797	1.323238	0.7596654	0.7515139
57402	-1003.635	-1072.205	68.56967	1.58607	0.4611562	0.6647872
57408	-999.8964	-1068.182	68.28517	1.453998	0.7506713	0.6522137
57414	-998.3043	-1066.353	68.0492	1.349816	0.8108993	0.9995753
57420	-1002.987	-1070.335	67.34782	1.130025	1.301772	1.384922
57426	-996.8004	-1064.654	67.85317	1.129577	1.011688	1.184849
57432	-1002.041	-1070.19	68.14898	1.210777	0.9506544	0.8767137
57438	-998.8218	-1066.632	67.80993	1.380325	1.289318	0.6730338
57444	-997.1972	-1064.503	67.30578	1.362928	1.918774	0.7971215
57450	-1001.196	-1069.461	68.26505	1.373468	0.7282261	0.8475736
57456	-1004.038	-1072.154	68.11605	1.300734	0.9327502	0.8304602
57462	-999.7412	-1067.774	68.03329	1.282017	0.9327502	0.9467022
57468	-996.7847	-1065.045	68.26026	1.354552	0.6004159	1.055758
57474	-999.3499	-1067.239	67.88924	0.9932823	0.7795018	1.468905
57480	-998.2503	-1065.701	67.4508	0.8860236	0.967978	1.714629
57486	-1000.104	-1067.661	67.55766	0.986397	1.063276	1.495536
57492	-1003.631	-1071.243	67.61244	1.142185	1.213243	1.220619
57498	-1004.48	-1072.626	68.14596	1.159222	0.7111219	1.198278
57504	-999.8351	-1067.752	67.91649	1.548968	0.9659191	0.7117708
57510	-996.5696	-1064.597	68.02758	1.352778	1.095166	0.6303264
57516	-1004.211	-1071.967	67.75574	1.587303	1.089914	0.7132165
57522	-1004.148	-1072.227	68.07917	1.178282	1.009924	0.9240976
57528	-995.3129	-1063.436	68.12271	1.210087	0.7728259	1.105841
57534	-992.9682	-1060.888	67.92003	1.210213	0.7728259	1.280401
57540	-1001.878	-1069.696	67.81772	0.7601201	0.6257254	1.831593
57546	-994.55	-1062.021	67.47142	0.6677796	0.8093935	1.969452
57552	-998.0862	-1065.588	67.50218	0.7857908	1.206663	1.588512
57558	-998.5586	-1066.232	67.67377	0.932465	0.9916607	1.501552
57564	-999.0595	-1066.988	67.9287	1.040431	0.6768516	1.501552
57570	-998.3754	-1065.931	67.55515	1.041319	0.889107	1.588211
57576	-997.9955	-1065.549	67.55358	0.7853201	1.171058	1.574122
57582	-995.7047	-1063.244	67.53914	0.8626144	0.9991047	1.64597
57588	-998.4591	-1066.343	67.88389	0.9531082	0.995544	1.319649
57594	-1004.708	-1072.77	68.06245	0.9810079	0.7928494	1.331264
57600	-1006.068	-1072.368	66.29993	0.7723512	1.53612	2.237666
57606	-1002.035	-1069.071	67.03596	0.8851619	1.333166	1.77448
57612	-1001.093	-1068.077	66.98468	0.7471333	0.9228833	2.154932
57618	-996.2952	-1063.386	67.09115	0.6812173	0.9228833	2.128482
57624	-997.1174	-1063.569	66.45168	0.8530623	1.309087	2.199864
57630	-995.5461	-1063.054	67.50801	0.8545009	1.324446	1.459644
57636	-1004.237	-1071.832	67.59554	0.890822	1.177816	1.459644
57642	-1012.521	-1079.655	67.13346	0.8371854	0.9869399	1.953211
57648	-1008.648	-1075.894	67.24579	1.003336	0.6822796	2.001694
57654	-1005.849	-1073.135	67.28523	0.9435699	0.9526204	1.80118
57660	-999.1619	-1066.782	67.62031	1.158489	0.9835288	1.375547
57666	-1004.642	-1072.008	67.3657	0.7392486	0.9858135	1.86298
57672	-999.9171	-1067.484	67.56641	0.9171834	0.8605848	1.692081
57678	-999.9065	-1067.589	67.68206	0.8717774	0.8605848	1.641905
57684	-1000.255	-1068.487	68.2323	1.433593	0.7434727	0.7876769
57690	-1010.06	-1078.251	68.19101	1.418968	0.7713351	0.8164642
57696	-999.3183	-1067.147	67.82906	1.308161	1.089981	0.9696951
57702	-996.3549	-1064.422	68.06752	1.340073	0.7557083	1.055679
57708	-1006.016	-1074.602	68.58519	1.421276	0.5077759	0.7797821
57714	-997.5634	-1065.625	68.06157	1.648942	0.7695689	0.6636644
57720	-997.6391	-1065.743	68.10351	1.664887	0.722973	0.6636644
57726	-998.0092	-1066.046	68.0367	1.462887	0.8811155	0.7950528
57732	-998.653	-1066.289	67.63643	1.648438	1.230289	0.545113
57738	-1000.115	-1068.287	68.17168	1.469013	0.8451958	0.621024
57744	-1003.018	-1071.193	68.17498	1.450164	0.8451958	0.6568136
57750	-998.3628	-1066.619	68.25648	1.276848	0.8151208	0.8473452
57756	-1000.385	-1068.445	68.05952	1.341623	0.9346491	0.8473452
57762	-1000.771	-1068.913	68.14182	1.570215	0.7775668	0.639597
57768	-999.033	-1066.961	67.92798	1.384265	0.9347415	0.9477294
57774	-1001.149	-1068.828	67.67825	1.384265	1.281611	0.8663237
57780	-1002.095	-1068.667	66.57264	0.6772926	1.137434	2.329722
57786	-1003.932	-1071.254	67.32168	0.7899653	1.137434	1.75811
57792	-996.4254	-1063.892	67.4663	1.042907	0.7586186	1.75811
57798	-997.7454	-1065.755	68.00919	0.9313669	0.7586186	1.444034
57804	-1006.568	-1074.179	67.61056	1.021245	0.8733536	1.575029
57810	-998.4612	-1065.893	67.43186	1.00661	0.8702081	1.716428
57816	-993.4087	-1060.391	66.98206	0.7750366	1.213466	1.954734
57822	-992.0002	-1059.644	67.64426	1.115768	0.998451	1.378493
57828	-1000.215	-1068.109	67.89395	1.076512	0.998451	1.206737
57834	-1005.396	-1073.226	67.82972	1.175896	0.7645672	1.388124
57840	-1007.877	-1074.999	67.12168	0.9209836	1.215276	1.758179
57846	-1005.982	-1074.019	68.03753	1.117449	0.7680259	1.264821
57852	-1003.886	-1071.114	67.22774	1.031511	1.494903	1.43816
57858	-1006.2	-1073.854	67.65456	0.9272984	1.14631	1.407927
57864	-1003.52	-1071.875	68.35486	1.201222	0.6394563	1.058866
57870	-1003.495	-1071.199	67.70354	1.08247	0.9633471	1.386037
57876	-996.6112	-1063.381	66.7701	0.7909191	1.653165	1.859825
57882	-1000.066	-1067.158	67.09197	0.8366538	1.177442	1.859825
57888	-992.9181	-1060.4	67.4821	0.816444	0.955583	1.7505
57894	-997.7253	-1065.277	67.55158	1.000541	0.732844	1.7505
57900	-1001.642	-1069.265	67.6233	0.8630211	1.223561	1.429211
57906	-1002.292	-1069.964	67.67197	0.846907	1.069732	1.509793
57912	-1003.272	-1070.448	67.17617	0.846907	1.131351	1.823386
57918	-1011.877	-1079.09	67.21306	0.9078654	0.7355229	2.041243
57924	-1005.947	-1073.17	67.22317	0.9968979	0.8970047	1.847812
57930	-1006.166	-1073.445	67.27861	0.9611357	1.087135	1.700662
57936	-1015.698	-1082.095	66.39656	0.9083688	1.087135	2.324266
57942	-1010.317	-1078.558	68.24126	1.720201	0.6098803	0.5447807
57948	-1002.884	-1070.59	67.70565	1.697752	1.088908	0.4269548
57954	-1008.136	-1076.273	68.13704	1.697752	0.7045459	0.4740112
57960	-1004.552	-1072.612	68.06015	1.757193	0.7170332	0.4636409
57966	-993.1043	-1061.272	68.16812	1.681825	0.6902698	0.4522305
57972	-997.9428	-1065.513	67.57055	1.681825	1.265353	0.4444387
57978	-1003.694	-1071.523	67.82925	1.504389	1.139511	0.6441058
57984	-1002.572	-1069.784	67.21211	1.504389	2.040804	0.5654045
57990	-991.6709	-1059.771	68.09994	1.556465	0.8536618	0.4978623
57996	-990.8102	-1058.806	67.996	1.549455	0.9558241	0.5202185
58002	-998.2969	-1066.35	68.05287	1.472072	0.9656355	0.5786147
58008	-995.0007	-1062.715	67.71474	1.815131	0.9707274	0.5233
58014	-989.8872	-1057.405	67.51825	1.559521	1.464403	0.398467
58020	-994.9174	-1063.147	68.22955	1.415151	0.8389815	0.6286522
58026	-1007.162	-1074.452	67.29033	1.474357	1.795619	0.7703406
58032	-1001.408	-1069.542	68.13313	1.554076	0.8245462	0.5353232
58038	-1001.754	-1069.768	68.01422	1.635169	0.8408694	0.4033559
58044	-997.9534	-1065.346	67.39217	1.896638	1.203523	0.4003413
58050	-1003.83	-1071.262	67.43139	1.835355	1.203523	0.3645574
58056	-1001.657	-1069.212	67.55542	1.977769	0.858824	0.2951469
58062	-995.7443	-1063.092	67.34726	2.000492	1.018705	0.283105
58068	-999.498	-1066.918	67.42013	1.934847	1.018705	0.2879144
58074	-1005.277	-1073.052	67.77492	1.934847	0.7701102	0.3656309
58080	-1003.211	-1070.766	67.55462	0.921879	0.8763638	1.684669
58086	-1006.386	-1073.931	67.54544	0.9155821	0.8100988	1.748683
58092	-1012.858	-1080.814	67.95686	1.857622	0.7189464	0.4610636
58098	-1008.23	-1075.995	67.76456	1.857622	0.8137808	0.3258245
58104	-1005.247	-1072.31	67.06295	0.4941717	0.8866474	2.292811
58110	-1004.25	-1070.687	66.43641	2.271279	1.418253	0.1674183
58116	-1008.09	-1074.248	66.15715	2.345713	1.418253	0.1254218
58122	-997.0709	-1063.496	66.42525	2.468243	0.9803819	0.1264621
58128	-999.4012	-1066.148	66.74725	2.49989	0.7714034	0.1497148
58134	-996.9442	-1062.977	66.03273	2.49989	1.388302	0.1265329
58140	-990.9998	-1057.656	66.65635	2.49989	0.8315651	0.1455325
58146	-988.5399	-1055.109	66.56864	2.475308	0.8315651	0.1247886
58152	-986.652	-1053.175	66.52254	2.457378	0.9000993	0.1268546
58158	-997.6254	-1064.291	66.66579	2.250205	1.263912	0.1910226
58164	-992.0553	-1059.039	66.98411	2.283238	0.8879538	0.1889451
58170	-995.3025	-1061.777	66.47473	2.423356	1.142351	0.1580178
58176	-994.3415	-1061.49	67.14864	2.315338	0.7192023	0.1882379
58182	-990.0264	-1057.225	67.19914	2.052195	1.121623	0.2840455
58188	-997.8341	-1064.547	66.71277	2.236725	1.354855	0.2299692
58194	-996.4058	-1063.295	66.88914	2.243523	0.9125357	0.16007
58200	-994.268	-1061.025	66.75707	2.243523	1.049535	0.1617424
58206	-995.9305	-1062.538	66.60795	2.335768	1.02449	0.1438913
58212	-996.6647	-1063.651	66.98665	2.160896	1.02449	0.1956741
58218	-1001.847	-1068.95	67.10234	2.201309	0.9237129	0.2141459
58224	-1003.628	-1070.238	66.61002	2.179531	1.37584	0.1804711
58230	-996.8126	-1063.448	66.63553	2.302712	1.175962	0.1755703
58236	-998.5139	-1065.051	66.53731	2.250687	1.32336	0.1688391
58242	-999.7572	-1066.253	66.49626	2.266596	1.492021	0.1993229
58248	-998.2923	-1065.027	66.73488	2.153562	1.302816	0.1924689
58254	-1000.755	-1067.953	67.19781	2.198428	0.8426087	0.2154891
58260	-1000.425	-1067.414	66.98871	2.141768	1.096058	0.2134622
58266	-1002.044	-1068.73	66.6857	2.380843	0.8526146	0.1328559
58272	-1004.487	-1070.972	66.48545	2.433444	1.037305	0.1414345
58278	-1004.782	-1070.563	65.78075	2.560574	1.620786	0.1230799
58284	-1000.538	-1066.723	66.18489	2.635938	0.9072162	0.1042019
58290	-1000.612	-1066.433	65.8214	2.669204	1.109934	0.08888238
58296	-999.7336	-1065.242	65.50804	2.622548	1.721262	0.1023627
58302	-996.8311	-1063.433	66.60212	2.537516	0.7965529	0.1343834
58308	-1006.503	-1072.649	66.14554	2.537516	1.291524	0.1397479
58314	-1002.387	-1068.492	66.10498	2.537516	1.177754	0.1161735
58320	-997.967	-1064.246	66.27893	2.542312	0.9143562	0.105271
58326	-996.7016	-1062.555	65.85389	2.773488	0.9143562	0.0829289
58332	-998.7373	-1064.461	65.72359	2.773488	0.9971097	0.07862812
58338	-993.7793	-1059.838	66.05823	2.773488	0.8616327	0.09921379
58344	-998.6829	-1065.044	66.36132	2.37678	1.241391	0.1423238
58350	-995.5278	-1062.008	66.48041	2.370038	1.02621	0.1269157
58356	-998.6901	-1065.365	66.67486	2.370038	0.8785424	0.1341735
58362	-997.4163	-1064.068	66.65144	2.43588	0.8785424	0.1422752
58368	-1001.533	-1068.344	66.81097	2.443061	0.7573565	0.147547
58374	-1001.231	-1068.14	66.90894	2.434398	0.7573565	0.1681
58380	-999.2016	-1065.893	66.69156	2.515848	0.8740696	0.1681
58386	-997.0357	-1062.867	65.83096	2.601515	1.285721	0.0999761
58392	-996.1576	-1062.382	66.22456	2.652768	0.8268306	0.0999761
58398	-999.6849	-1066.188	66.5036	2.677839	0.5920992	0.0999761
58404	-1006.732	-1073.027	66.29481	2.677839	0.7707512	0.1036887
58410	-1006.319	-1072.473	66.15422	2.677839	0.9193392	0.1074503
58416	-993.9657	-1059.808	65.84193	2.824578	0.8923566	0.08447732
58422	-993.8795	-1059.499	65.6195	2.763046	1.230227	0.088758
58428	-991.3161	-1057.279	65.96291	2.583263	1.200858	0.1053628
58434	-995.0871	-1061.217	66.13012	2.536351	1.150771	0.1161611
58440	-997.522	-1064.092	66.56976	2.536351	0.7655993	0.1221929
58446	-1001.753	-1068.229	66.47689	2.635784	0.7740721	0.1249586
58452	-995.799	-1062.817	67.01806	2.230648	0.8906967	0.1842849
58458	-992.7001	-1059.415	66.71503	2.31326	0.9592847	0.1477933
58464	-987.8951	-1054.628	66.73273	2.332218	0.9785472	0.1603364
58470	-988.491	-1055.195	66.70375	2.389127	0.896896	0.1474992
58476	-989.367	-1055.674	66.3072	2.389127	1.183298	0.1255264
58482	-985.8827	-1052.414	66.53175	2.348357	1.109881	0.1475366
58488	-983.5706	-1050.16	66.58897	2.348357	1.049274	0.1475366
58494	-985.332	-1051.265	65.9335	2.574417	1.229899	0.1036192
58500	-988.5516	-1054.859	66.30757	2.574417	0.9165019	0.1141224
58506	-990.2555	-1056.733	66.47735	2.500718	0.9165019	0.1295755
58512	-992.5757	-1059.398	66.82213	2.413521	0.7412321	0.1398173
58518	-989.4968	-1056.319	66.82201	2.413521	0.7412321	0.1397941
58524	-993.071	-1059.777	66.70565	2.413521	0.9423053	0.1643931
58530	-988.682	-1054.895	66.21342	2.413521	1.281263	0.1279525
58536	-989.8624	-1056.647	66.78426	2.48288	0.7655465	0.1525036
58542	-986.878	-1053.258	66.37971	2.398444	1.158929	0.1361872
58548	-988.5283	-1054.912	66.38404	2.400201	1.152139	0.1361872
58554	-1000.529	-1066.488	65.9592	2.375853	1.776753	0.140542
58560	-991.357	-1058.135	66.77803	2.375853	0.8358611	0.1460601
58566	-992.2167	-1058.781	66.56419	2.437159	0.9774573	0.1460601
58572	-998.0992	-1064.301	66.20136	2.437159	1.220573	0.1213686
58578	-996.9851	-1063.482	66.49691	2.437159	1.023497	0.1417664
58584	-991.2694	-1058.234	66.96416	2.260188	0.8821606	0.1748466
58590	-995.1085	-1061.797	66.68882	2.260188	1.257691	0.1999415
58596	-991.3486	-1058.353	67.00444	2.091538	1.117608	0.2081647
58602	-996.3083	-1062.87	66.56184	2.369211	1.011733	0.1389123
58608	-997.7302	-1064.402	66.67153	2.262374	1.289033	0.2036611
58614	-993.8626	-1060.317	66.45407	2.262374	1.431964	0.1723674
58620	-998.8769	-1065.903	67.02589	2.262374	0.8185419	0.1727456
58626	-995.9651	-1062.681	66.7157	2.243316	1.140941	0.1727456
58632	-996.384	-1063.266	66.88191	2.338239	0.9014762	0.179467
58638	-1001.348	-1067.641	66.29223	2.338239	1.573138	0.1770921
58644	-998.8562	-1066.787	67.93039	1.730566	0.8492766	0.514306
58650	-994.5883	-1062.128	67.5397	1.43855	1.530237	0.7194673
58656	-999.2406	-1067.6	68.35912	1.294831	0.8097482	0.6806045
58662	-997.6766	-1065.682	68.00492	1.511775	0.9574966	0.627397
58668	-999.0019	-1066.542	67.5398	1.471497	1.552762	0.6223119
58674	-1001.323	-1069.261	67.93715	1.617135	0.9191929	0.6336495
58680	-999.5849	-1067.232	67.64686	1.388453	1.489255	0.6711379
58686	-994.1053	-1062.061	67.95543	1.548899	0.9963806	0.4826234
58692	-997.2527	-1065.323	68.07006	1.548899	0.8213456	0.7183286
58698	-997.4885	-1065.73	68.24178	1.371813	0.7893079	0.782803
58704	-994.3319	-1062.544	68.21213	1.354679	0.8292769	0.782803
58710	-997.8264	-1066.093	68.26698	1.371377	0.6633621	0.943858
58716	-998.0911	-1066.282	68.19044	1.480433	0.8207968	0.6151714
58722	-993.3509	-1061.474	68.12309	1.480433	0.8451567	0.6981932
58728	-996.872	-1064.947	68.0752	1.234746	0.908656	0.9789466
58734	-1002.766	-1070.807	68.0411	1.274807	0.9304689	0.9486126
58740	-1004.792	-1072.51	67.71775	0.9507001	1.086297	1.383504
58746	-992.4134	-1059.45	67.03684	0.6570344	0.8608337	2.223325
58752	-990.0193	-1057.025	67.006	0.6291153	1.020077	2.153189
58758	-984.9131	-1051.39	66.47689	0.5861263	1.182667	2.422476
58764	-987.3828	-1054.687	67.30396	0.7639435	1.182667	1.760409
58770	-992.7476	-1059.897	67.14938	0.6595102	0.7615776	2.223989
58776	-1001.271	-1068.777	67.50583	0.5394045	0.9160313	1.952557
58782	-995.9022	-1063.323	67.42042	0.7626148	0.8892498	1.878885
58788	-996.5317	-1064.312	67.78044	0.7383844	0.822243	1.698019
58794	-997.7254	-1064.816	67.09018	0.6166687	0.8365331	2.232659
58800	-1004.592	-1071.171	66.57984	0.4779618	1.256765	2.385505
58806	-998.4445	-1065.109	66.66458	0.5644308	1.308793	2.248863
58812	-999.1738	-1066.602	67.42788	0.7438935	0.9375023	1.851302
58818	-996.6324	-1064.096	67.46353	0.7320944	0.9149797	1.851302
58824	-1005.652	-1072.98	67.32851	0.8414468	0.8545529	1.913865
58830	-1003.039	-1070.524	67.48529	0.8216239	0.7704122	1.887591
58836	-1001.47	-1069.293	67.82332	0.7187888	0.7704122	1.724942
58842	-997.722	-1065.576	67.85391	0.7657106	0.7605174	1.6786
58848	-999.2688	-1066.183	66.91421	0.7278353	1.584967	1.836644
58854	-1004.532	-1072.115	67.58316	0.6834111	0.7737676	1.912208
58860	-999.709	-1066.993	67.28381	1.806237	1.336445	0.300058
58866	-1000.889	-1067.7	66.81092	2.099935	1.33879	0.2097976
58872	-1003.089	-1069.824	66.73568	0.7267875	1.494026	2.002348
58878	-1006.311	-1072.786	66.47466	0.5602482	1.347441	2.352956
58884	-1007.748	-1074.802	67.05418	0.9230924	1.124632	1.85904
58890	-1002.312	-1070.205	67.89235	1.129765	0.7229662	1.415558
58896	-1005.287	-1072.815	67.52861	1.081974	1.20962	1.341374
58902	-1008.277	-1076.378	68.10067	1.531869	0.8694867	0.557735
58908	-1013.273	-1081.383	68.1103	1.625915	0.7710441	0.5969153
58914	-1012.1	-1079.101	67.00164	0.8089517	1.194043	1.930086
58920	-1006.62	-1074.087	67.46776	0.7188432	1.092699	1.734465
58926	-997.3757	-1064.267	66.89175	0.5631496	1.487959	2.010369
58932	-999.2408	-1066.668	67.42686	0.4772914	0.8695954	2.079984
58938	-1003.384	-1069.889	66.50572	0.3251667	0.7838283	2.817856
58944	-1000.42	-1067.126	66.70533	0.5686511	0.9287064	2.443625
58950	-999.4311	-1066.458	67.02655	0.3441825	1.227905	2.201044
58956	-997.6093	-1064.526	66.91672	0.3755981	1.197607	2.268424
58962	-1004.053	-1071.042	66.98851	0.6047786	1.537673	1.892952
58968	-996.0824	-1063.311	67.22834	0.7858317	1.10836	1.844023
58974	-1000.212	-1068.325	68.11326	1.09501	0.7875804	1.200158
58980	-1000.437	-1067.553	67.11604	0.9571836	1.43491	1.610059
58986	-999.2504	-1066.868	67.61755	0.7758026	1.058511	1.610059
58992	-1002.259	-1069.931	67.67176	0.5898335	0.8949362	1.820813
58998	-998.2481	-1066.019	67.77097	0.7705514	0.658418	1.825423
59004	-1002.829	-1070.155	67.32608	0.727345	1.095242	1.825423
59010	-1009.457	-1077.104	67.64659	0.7546942	1.235959	1.485861
59016	-1008.956	-1076.29	67.33409	0.8822434	1.320392	1.571191
59022	-1008.165	-1075.762	67.59628	1.010945	1.320392	1.268906
59028	-1001.851	-1069.865	68.01433	1.267294	0.7461787	1.180381
59034	-1000.57	-1068.348	67.77848	1.194303	1.14842	1.078009
59040	-998.1215	-1066.057	67.93581	0.9763167	0.8811573	1.355528
59046	-990.5313	-1058.197	67.66564	0.6481151	0.8811573	1.795162
59052	-994.8684	-1062.511	67.64222	0.6357106	1.006435	1.728763
59058	-994.4896	-1062.342	67.85261	0.6354109	0.9416384	1.626186
59064	-987.316	-1054.809	67.49257	0.773549	1.105724	1.669582
59070	-992.0113	-1060.206	68.19474	1.074883	0.7609017	1.175027
59076	-987.8929	-1055.977	68.08379	1.07832	0.7609017	1.266118
59082	-991.239	-1058.771	67.53197	1.044595	1.191284	1.380886
59088	-991.7556	-1060.057	68.30168	1.153943	0.7375814	1.031168
59094	-994.6224	-1062.116	67.49399	1.509339	1.379512	0.8426082
59100	-991.3596	-1059.389	68.02963	1.002313	0.8068726	1.327225
59106	-999.6115	-1066.265	66.6532	0.7173196	0.8068726	2.468121
59112	-1004.321	-1072.084	67.76345	0.7862309	0.8541687	1.650059
59118	-1001.268	-1069.296	68.02818	0.7114577	0.7920319	1.564321
59124	-995.4456	-1063.223	67.77697	0.9336426	1.148618	1.30427
59130	-990.4167	-1058.192	67.77512	0.735478	0.9923007	1.571955
59136	-995.0525	-1062.53	67.47768	0.8868023	1.046556	1.639223
59142	-992.9768	-1060.333	67.35665	0.8334777	0.8456149	1.907036
59148	-995.0968	-1062.86	67.7636	0.8981367	0.9164886	1.518285
59154	-994.5151	-1062.502	67.98646	0.8981704	0.8707865	1.386178
59160	-995.7486	-1063.213	67.464	0.8507028	0.8736984	1.800203
59166	-998.2681	-1065.413	67.14534	0.8079178	1.249217	1.800203
59172	-1000.959	-1068.245	67.28614	1.059782	1.270825	1.505373
59178	-994.483	-1062.458	67.97532	1.014971	0.7649637	1.399692
59184	-993.6434	-1061.545	67.90178	1.078893	1.064393	1.141721
59190	-993.739	-1061.336	67.59685	0.6837471	1.028005	1.711874
59196	-1008.539	-1075.064	66.52479	0.5684272	1.382905	2.297978
59202	-998.5787	-1066.371	67.79187	1.057734	0.9696595	1.330588
59208	-998.1521	-1065.317	67.16459	0.7618858	1.395911	1.736087
59214	-1004.3	-1071.105	66.80472	0.5065809	0.9722178	2.391606
59220	-1003.496	-1070.435	66.93945	0.7414402	1.34144	1.934434
59226	-1013.094	-1080.551	67.45715	0.6480667	1.048698	1.820182
59232	-1004.232	-1071.741	67.50971	0.7800183	1.048698	1.691164
59238	-1001.938	-1068.965	67.02684	0.7623247	0.7408934	2.253142
59244	-1005.744	-1072.562	66.81855	0.8260034	0.7135353	2.367522
59250	-1002.824	-1069.818	66.99449	0.8239069	1.458114	1.778444
59256	-1001.506	-1068.553	67.04722	0.8678692	1.333594	1.778444
59262	-996.7219	-1064.152	67.43022	0.7760043	1.326069	1.575238
59268	-993.8742	-1061.33	67.45627	1.007165	1.326069	1.38074
59274	-992.5682	-1060.551	67.98242	1.149084	1.114929	0.951481
59280	-997.1311	-1065.05	67.91897	1.393611	1.114929	0.7250618
59286	-998.9591	-1066.849	67.88946	1.417691	1.167363	0.6473686
59292	-1003.014	-1070.775	67.76129	1.504483	1.257297	0.5039309
59298	-1006.581	-1074.274	67.69328	1.572516	1.257297	0.4976138
59304	-1005.708	-1073.617	67.90968	1.572516	0.9923908	0.6247677
59310	-1003.615	-1071.53	67.91502	1.341241	1.024207	0.9098978
59316	-997.8953	-1065.891	67.99604	1.272471	1.024207	0.8961728
59322	-986.7029	-1055.115	68.41259	1.303569	0.6111256	0.9384769
59328	-996.289	-1063.97	67.68146	1.295157	1.307873	0.9384769
59334	-990.0162	-1058.049	68.03287	1.258785	0.9125522	0.9932553
59340	-993.7672	-1062.201	68.43366	1.35511	0.4976754	1.041792
59346	-990.9168	-1059.102	68.18535	1.205211	0.7020624	1.133776
59352	-991.7867	-1059.835	68.04865	1.300581	0.9073107	0.9394177
59358	-994.4556	-1062.438	67.98256	1.133057	0.8655028	1.202578
59364	-1001.137	-1069.178	68.0408	0.9508557	0.8792614	1.293315
59370	-995.8968	-1063.722	67.82561	0.877266	1.172357	1.293315
59376	-993.7718	-1062.155	68.38364	0.8992734	0.719896	1.20772
59382	-1002.718	-1071.262	68.5439	1.521542	0.3157512	1.110062
59388	-1000.186	-1067.901	67.71473	1.272541	1.041208	1.155627
59394	-1003.763	-1072.051	68.28822	1.300432	0.7728318	0.8410633
59400	-995.0534	-1063.035	67.98118	1.140476	1.054083	1.019602
59406	-993.9073	-1061.331	67.42414	0.9384018	1.380522	1.425497
59412	-991.7882	-1059.814	68.02599	1.020753	0.7034564	1.415884
59418	-994.6219	-1062.816	68.19383	0.7996987	1.06132	1.132873
59424	-989.5339	-1056.938	67.4044	0.7894962	1.187775	1.668301
59430	-988.8371	-1056.542	67.70509	0.8910769	0.9783181	1.519158
59436	-995.0357	-1061.806	66.7707	0.6821241	0.8858554	2.359793
59442	-1000.329	-1067.75	67.42119	0.5077452	0.8356542	2.088824
59448	-998.5423	-1065.336	66.79348	0.5940609	0.9943722	2.329007
59454	-996.5063	-1063.771	67.26435	0.6322327	1.10437	1.926555
59460	-1000.634	-1067.779	67.14457	0.827912	0.8479458	2.050906
59466	-1004.41	-1071.002	66.59255	0.4528035	0.8479458	2.640887
59472	-1003.095	-1069.596	66.50147	0.5276675	0.8241433	2.667631
59478	-993.4863	-1060.442	66.95605	0.5744992	1.082966	2.181785
59484	-995.6361	-1062.748	67.11184	0.7308433	1.082966	1.976241
59490	-989.0778	-1056.167	67.08965	0.7227826	0.5591731	2.397831
59496	-991.316	-1057.985	66.66936	0.5794873	1.024752	2.397831
59502	-1000.926	-1067.756	66.83046	0.5043884	1.024752	2.343336
59508	-995.2404	-1062.048	66.80722	0.6402305	1.071137	2.242693
59514	-993.8224	-1060.829	67.00694	0.6943995	1.071137	2.077488
59520	-987.935	-1055.657	67.72203	0.8546611	0.8165459	1.661528
59526	-995.1941	-1062.31	67.11619	0.9066706	1.213948	1.772796
59532	-994.9902	-1063.603	68.61233	1.524433	0.4412304	0.7567414
59538	-994.7288	-1062.482	67.75299	1.569032	1.161631	0.6245401
59544	-1002.743	-1070.355	67.61224	1.569032	1.275513	0.7099328
59550	-994.4039	-1062.726	68.32203	1.361422	0.7465928	0.7572724
59556	-996.3051	-1064.391	68.08607	1.390083	0.9998914	0.6210057
59562	-993.4366	-1061.327	67.89058	1.402119	1.156007	0.695587
59568	-990.3795	-1058.175	67.7955	1.437242	1.234688	0.6794225
59574	-989.4122	-1057.745	68.33331	0.9534224	0.6979769	1.228452
59580	-989.2802	-1057.081	67.80046	0.7814557	0.7144493	1.745994
59586	-990.2491	-1057.34	67.09054	0.8273025	1.282081	1.805679
59592	-989.851	-1057.232	67.38147	0.8258599	1.282081	1.600686
59598	-993.9652	-1061.111	67.14624	1.03933	1.352716	1.57473
59604	-993.8862	-1061.804	67.91768	1.19876	1.20257	0.8817169
59610	-993.0317	-1060.146	67.11423	0.7929667	1.455766	1.717489
59616	-990.8851	-1058.471	67.58616	0.8824081	0.8420621	1.717489
59622	-987.8813	-1055.48	67.59871	0.9548412	0.8756305	1.630079
59628	-985.6897	-1053.646	67.95585	0.9776912	0.8756305	1.343353
59634	-992.86	-1059.427	66.56682	0.7832364	1.739229	1.963776
59640	-996.9787	-1064.286	67.3072	0.7509917	0.9167746	1.943314
59646	-993.688	-1061.025	67.33692	0.7065045	0.6247547	2.188497
59652	-992.6677	-1059.684	67.01665	0.575299	1.065794	2.152449
59658	-996.5632	-1063.154	66.59086	0.4301197	1.527434	2.274648
59664	-994.9185	-1062.107	67.18838	0.4679781	0.8236036	2.274648
59670	-991.8487	-1059.237	67.38819	0.8986537	0.8236036	1.858334
59676	-994.5453	-1062.143	67.59726	0.8028845	0.971788	1.666908
59682	-987.1833	-1054.87	67.68654	0.7491993	0.8804056	1.710401
59688	-991.3733	-1058.916	67.54268	0.9291746	1.244512	1.426587
59694	-991.6962	-1059.132	67.43584	0.8336887	1.244512	1.578277
59700	-1000.077	-1067.202	67.12527	0.8173467	1.542608	1.646893
59706	-993.0327	-1060.556	67.52359	1.002979	0.9233621	1.612229
59712	-998.1939	-1066.08	67.88587	1.201919	1.138728	0.9743228
59718	-999.2515	-1067.306	68.05442	1.020186	0.9977782	1.115856
59724	-1000.644	-1068.607	67.96396	1.036072	0.955715	1.218584
59730	-996.1064	-1063.94	67.83344	1.115199	1.122368	1.121856
59736	-992.6792	-1060.587	67.90822	1.19864	1.006634	1.078092
59742	-989.6288	-1057.498	67.86939	1.190791	1.006634	1.120907
59748	-994.6018	-1062.464	67.86239	0.7143899	1.09696	1.446669
59754	-992.9315	-1060.482	67.55089	0.8715364	0.7985484	1.785068
59760	-994.6598	-1062.057	67.39717	0.4111074	1.18014	1.93988
59766	-1001.252	-1068.109	66.85722	0.3075124	1.112414	2.398266
59772	-1001.799	-1068.696	66.89698	0.2892523	1.209423	2.329648
59778	-1005.263	-1072.233	66.96995	0.3371551	1.073161	2.331273
59784	-996.7911	-1063.981	67.18965	0.5392337	1.073161	2.05806
59790	-1005.126	-1071.781	66.65531	0.7658369	1.701819	1.932569
59796	-1000.191	-1067.502	67.31183	0.5685219	1.004558	2.001812
59802	-994.4139	-1061.833	67.4195	0.8962786	1.004558	1.70338
59808	-998.2522	-1066.088	67.83596	1.030048	0.8826112	1.390535
59814	-995.351	-1063.293	67.94193	0.9240776	0.8826112	1.390535
59820	-994.8027	-1062.782	67.97922	1.269156	1.051588	0.8887897
59826	-998.8193	-1066.66	67.84078	1.269156	1.202971	0.8887897
59832	-1005.049	-1072.983	67.93426	1.273633	1.096462	0.8864526
59838	-1011.254	-1078.955	67.70096	1.303987	1.193357	1.008803
59844	-1006.548	-1073.853	67.3049	0.9400925	1.275055	1.577465
59850	-1002.023	-1069.406	67.38327	0.9620792	1.036981	1.659612
59856	-1004.072	-1070.92	66.84796	0.7435515	1.428558	1.948804
59862	-996.149	-1063.045	66.8962	0.6473902	1.232771	2.0856
59868	-994.6271	-1061.206	66.57932	0.4568367	0.9283369	2.592255
59874	-992.4837	-1059.433	66.94898	0.4186209	1.083865	2.28621
59880	-988.1044	-1055.032	66.92779	0.5423249	1.12221	2.197317
59886	-998.8759	-1066.539	67.66312	0.5609347	0.9276009	1.822547
59892	-991.1686	-1058.643	67.47421	0.7922488	1.045517	1.70982
59898	-994.5419	-1062.386	67.84361	0.8722314	1.029145	1.3893
59904	-996.3104	-1064.463	68.15288	1.011322	0.8066752	1.218465
59910	-999.8106	-1067.699	67.88873	1.074208	0.6029703	1.582086
59916	-998.3278	-1066.513	68.18517	1.139083	0.9002432	0.9735716
59922	-1001.469	-1069.446	67.97626	1.188212	1.147193	0.8828734
59928	-998.4249	-1066.69	68.26486	1.312558	0.5412127	1.170773
59934	-991.5076	-1059.761	68.25388	1.103615	0.8228081	1.026897
59940	-993.3795	-1061.416	68.0369	1.153	0.9976178	1.00693
59946	-997.4396	-1065.023	67.58315	1.198499	1.217665	1.194296
59952	-990.1192	-1058.57	68.45124	1.27145	0.5745628	0.9874609
59958	-990.2248	-1058.217	67.99193	1.343681	0.9227369	0.9363493
59964	-995.6019	-1063.283	67.681	1.349156	1.361197	0.8271484
59970	-1003.971	-1071.595	67.62472	1.286733	1.361197	0.9620233
59976	-1000.805	-1068.446	67.64105	1.231995	1.310704	1.0409
59982	-995.2121	-1062.714	67.50167	1.213592	1.38815	1.130009
59988	-998.1695	-1066.017	67.84728	1.053512	0.818234	1.419934
59994	-1003.911	-1070.569	66.65734	0.8685967	1.753321	1.838201
60000	-1009.794	-1076.409	66.61506	0.9211323	1.46646	1.966739
60006	-1006.061	-1073.271	67.20943	0.7325862	0.9953635	1.966739
60012	-1006.314	-1073.093	66.77926	0.7481618	1.408945	2.001773
60018	-1010.467	-1077.464	66.9973	0.6366307	1.329158	1.972617
60024	-1003.951	-1070.356	66.40446	0.9170474	1.887147	1.91987
60030	-999.1133	-1066.6	67.48654	1.196449	1.246804	1.256618
60036	-1003.339	-1071.534	68.19436	1.35705	0.8454671	0.7785219
60042	-1005.03	-1072.556	67.52671	1.356875	1.54433	0.8379394
60048	-1005.48	-1073.918	68.43875	1.277098	0.5946048	0.9640362
60054	-1007.996	-1075.993	67.99731	1.322764	1.131136	0.6867321
60060	-1004.583	-1072.88	68.29666	1.380521	0.7708361	0.7209728
60066	-1014.085	-1081.954	67.86906	1.377244	1.249829	0.6223157
60072	-1005.286	-1073.242	67.95607	1.593508	0.9523985	0.5104405
60078	-1013.74	-1081.062	67.32265	1.745471	1.462871	0.3795582
60084	-1012.912	-1080.636	67.72418	1.745471	1.021557	0.4316712
60090	-1009.846	-1077.04	67.19425	2.02823	1.172067	0.2955127
60096	-1004.864	-1072.171	67.30733	2.02823	1.035067	0.2856457
60102	-1005.856	-1072.863	67.00631	2.21266	1.045857	0.2296872
60108	-1008.8	-1075.909	67.1084	2.145524	1.072574	0.2584961
60114	-1005.601	-1072.984	67.3824	2.048951	0.8973501	0.2584447
60120	-1002.405	-1069.445	67.04021	2.26632	0.9101862	0.2098941
60126	-996.2849	-1063.129	66.84366	2.26632	1.014735	0.1814055
60132	-989.771	-1056.609	66.83794	2.21755	1.123117	0.1961464
60138	-992.3141	-1059.492	67.17816	2.156042	0.8866231	0.210674
60144	-994.9806	-1062.161	67.18008	2.156042	0.890854	0.2130794
60150	-997.6377	-1064.944	67.30681	2.185115	0.7287078	0.2009817
60156	-998.8098	-1065.978	67.16864	1.981917	1.180784	0.2561548
60162	-993.9723	-1061.242	67.27003	1.998385	1.052784	0.2561548
60168	-996.8279	-1064.48	67.65181	1.826725	0.9542017	0.3361038
60174	-995.3176	-1062.96	67.64267	1.815288	1.0002	0.3671077
60180	-999.8747	-1067.288	67.41308	1.829881	1.255897	0.3982663
60186	-1002.763	-1069.905	67.14127	2.020252	1.20574	0.2746963
60192	-1009.017	-1076.307	67.29006	2.020252	1.009959	0.2561803
60198	-1006.034	-1073.103	67.06933	2.107031	1.136697	0.2491848
60204	-1009.505	-1076.057	66.55171	2.107031	1.667886	0.2061472
60210	-1007.512	-1075.788	68.27623	1.458931	0.7454211	0.6736128
60216	-999.5348	-1067.301	67.76601	1.306678	1.096914	1.027828
60222	-1006.354	-1074.442	68.08836	1.303825	0.9965358	0.7762104
60228	-1005.663	-1073.801	68.13835	1.303825	0.668904	1.126778
60234	-1005.43	-1073.789	68.3582	0.8369256	0.6142523	1.394925
60240	-996.6402	-1064.621	67.98129	0.9589685	0.8884549	1.32672
60246	-999.1677	-1067.4	68.2326	1.247803	0.7011272	1.052061
60252	-999.1148	-1067.179	68.06436	0.8655283	0.7610214	1.449933
60258	-1000.972	-1069.075	68.10307	0.9682264	0.7977072	1.304193
60264	-997.4036	-1064.598	67.19472	0.8087335	1.319478	1.724574
60270	-1003.266	-1070.752	67.48625	0.8178764	0.8186328	1.850438
60276	-997.6457	-1064.768	67.12206	0.8048542	1.281202	1.799908
60282	-996.8011	-1064.313	67.51207	0.9268636	1.494615	1.296624
60288	-995.2746	-1062.846	67.57118	1.056032	0.917328	1.543255
60294	-999.5999	-1066.936	67.33621	0.9665224	0.9452499	1.755078
60300	-995.5242	-1063.578	68.05385	1.135869	0.9497988	1.054491
60306	-993.6808	-1061.566	67.88508	1.11118	0.9497988	1.226965
60312	-994.4004	-1062.188	67.78776	1.416799	1.218657	0.7493816
60318	-993.9849	-1062.261	68.27614	1.416799	0.7671173	0.7020709
60324	-988.2203	-1056.21	67.9901	1.504842	0.9399551	0.7074303
60330	-989.9031	-1057.673	67.76942	1.515845	1.200325	0.6309827
60336	-992.2133	-1060.392	68.17909	1.576597	0.7449043	0.6309827
60342	-996.0856	-1064.079	67.99367	1.514723	0.9670293	0.623643
60348	-999.7058	-1067.945	68.23942	1.426173	0.7533856	0.7709425
60354	-1001.492	-1069.277	67.78532	1.298853	1.346121	0.7709425
60360	-1002.574	-1070.642	68.06717	1.240493	1.06873	0.7955
60366	-998.6596	-1066.739	68.07951	1.276257	0.8996923	0.9412048
60372	-999.2439	-1067.337	68.0934	1.17969	0.9305251	0.9927142
60378	-996.0626	-1064.084	68.02114	1.145581	1.002191	1.025244
60384	-1003.633	-1071.268	67.63439	1.149231	1.356147	1.09072
60390	-1010.573	-1078.758	68.18467	1.176072	0.6596678	1.208917
60396	-1007.58	-1075.858	68.27819	1.166109	0.6596678	1.136066
60402	-1005.94	-1073.874	67.93455	1.466724	1.045399	0.6854001
60408	-999.579	-1067.378	67.79922	1.709395	0.9834527	0.4346876
60414	-1003.151	-1070.773	67.62117	1.660738	1.237764	0.4856989
60420	-1005.143	-1072.72	67.57629	1.697054	1.237764	0.5700617
60426	-1000.866	-1068.863	67.99684	1.335959	0.9079963	0.9560246
60432	-999.7988	-1067.478	67.67962	1.449774	1.241526	0.8256499
60438	-1000.636	-1067.99	67.35326	1.51918	1.670654	0.7318634
60444	-997.0903	-1064.853	67.76261	1.269716	1.289657	0.8935787
60450	-1000.591	-1068.961	68.36992	1.340615	0.7285744	0.7505783
60456	-999.5385	-1067.77	68.23187	1.209323	0.8441252	0.915345
60462	-1007.243	-1074.307	67.06393	1.209323	1.926384	1.194988
60468	-1006.184	-1074.021	67.8365	1.391637	1.162197	0.7865524
60474	-1000.451	-1068.205	67.75364	1.489635	1.162197	0.7652527
60480	-997.1907	-1065.096	67.90568	1.616789	0.9463239	0.6411477
60486	-999.4061	-1066.994	67.58782	1.220603	1.528253	0.9373895
60492	-995.7581	-1063.72	67.96225	1.128461	1.091868	1.014798
60498	-997.8064	-1065.605	67.79839	1.195035	1.236335	0.9831227
60504	-1003.916	-1071.951	68.03441	1.321071	0.8646325	0.9816231
60510	-1001.412	-1069.19	67.7783	1.298017	1.176323	0.9512318
60516	-993.9224	-1062.122	68.19929	1.274758	0.6610362	1.107554
60522	-1002.424	-1070.222	67.79776	1.274758	0.9327633	1.176933
60528	-998.6641	-1066.335	67.67063	1.261807	1.217232	1.058948
60534	-995.0945	-1062.818	67.72306	1.282793	1.217232	0.9871231
60540	-996.9418	-1064.773	67.83072	1.447139	1.03681	0.871224
60546	-994.6916	-1062.757	68.06563	1.175176	0.9379785	1.017036
60552	-1002.53	-1070.71	68.18015	1.051877	0.9177026	1.04636
60558	-995.4774	-1063.427	67.95006	1.092938	1.032567	1.113321
60564	-1000.127	-1067.888	67.7614	1.171537	1.107454	1.148166
60570	-1000.454	-1068.546	68.09254	1.117087	0.6782698	1.313424
60576	-1004.085	-1072.416	68.33086	1.145819	0.759458	0.9833423
60582	-996.1517	-1064.744	68.59218	1.510971	0.4402851	0.8058143
60588	-1002.206	-1070.535	68.32893	1.238312	0.6506466	1.033385
60594	-1001.214	-1069.251	68.0365	1.201682	0.975736	0.9805858
60600	-1003.232	-1071.301	68.06926	1.294228	0.975736	0.8413775
60606	-1001.728	-1069.945	68.21692	1.193569	0.7310748	1.081785
60612	-998.2848	-1065.779	67.4938	0.908888	1.110489	1.567567
60618	-994.7003	-1062.094	67.3934	1.092255	1.317609	1.368662
60624	-998.8486	-1066.77	67.9216	1.782113	0.7873954	0.3881888
60630	-993.7566	-1061.583	67.82601	1.640325	1.030987	0.454775
60636	-1007.48	-1075.049	67.56911	1.640325	1.324501	0.4781653
60642	-1000.348	-1068.059	67.71038	1.464529	1.329562	0.6360365
60648	-1003.481	-1071.585	68.10378	1.685354	0.7148533	0.6414595
60654	-1004.856	-1072.782	67.9256	1.709423	0.8711173	0.4698319
60660	-1003.789	-1071.726	67.9369	1.709423	0.8481342	0.4150153
60666	-1009.262	-1076.822	67.56025	1.807731	1.105797	0.3847532
60672	-995.118	-1062.814	67.69556	1.67423	1.105797	0.3878249
60678	-1001.238	-1068.926	67.6873	1.460103	1.394025	0.4396242
60684	-994.8673	-1063.159	68.29146	1.503282	0.6799787	0.7172363
60690	-996.9232	-1065.261	68.33777	1.298291	0.642637	0.9758518
60696	-993.564	-1061.279	67.71467	1.356328	1.425029	0.6945573
60702	-997.9857	-1065.738	67.75241	1.263768	1.245079	0.9518893
60708	-1002.948	-1070.732	67.78422	1.198876	0.9249287	1.259803
60714	-1002.532	-1070.816	68.28423	1.166099	0.730161	1.045273
60720	-996.6249	-1064.647	68.02226	1.158443	0.7756216	1.23572
60726	-990.201	-1057.88	67.67929	0.9689255	1.289212	1.256076
60732	-993.7792	-1061.193	67.414	1.049	1.671977	1.171259
60738	-995.7865	-1063.205	67.41805	1.159761	1.495248	1.179701
60744	-989.2631	-1057.034	67.77121	1.023706	0.9971986	1.351955
60750	-993.9521	-1061.716	67.7638	1.005396	1.222691	1.201275
60756	-991.4759	-1058.317	66.84119	0.8706832	1.465761	1.848035
60762	-991.1858	-1057.739	66.55267	0.6178426	1.465761	2.207606
60768	-998.6258	-1065.285	66.65891	0.6022147	0.7230807	2.599968
60774	-1002.066	-1069.516	67.44943	0.5592549	0.9353587	1.963356
60780	-1004.495	-1071.581	67.08593	0.8646547	0.9353587	2.002201
60786	-999.4529	-1066.733	67.28059	0.9088301	1.057197	1.756057
60792	-995.2018	-1063.117	67.9148	0.9692585	1.057197	1.231195
60798	-1002.847	-1070.961	68.11402	1.174501	0.9264791	0.9814095
60804	-997.1981	-1064.85	67.65201	0.9853611	1.114366	1.387383
60810	-997.5664	-1065.68	68.11386	1.082541	0.8562993	1.141095
60816	-991.6522	-1059.224	67.57167	0.9012113	1.080892	1.536166
60822	-994.6331	-1062.011	67.3777	0.6856205	1.123226	1.800725
60828	-994.1323	-1061.894	67.76203	0.7015034	0.6955935	1.844958
60834	-996.986	-1064.287	67.30106	0.5721374	0.8477129	2.116396
60840	-1006.074	-1073.521	67.44675	0.6086124	1.438184	1.621194
60846	-1003.868	-1071.009	67.14095	0.6299485	1.275924	1.909717
60852	-997.9005	-1065.224	67.32399	0.8001709	1.275924	1.664313
60858	-994.7118	-1062.24	67.52847	0.9355804	0.9507307	1.636635
60864	-989.6113	-1057.36	67.74873	0.9744569	0.8002459	1.569261
60870	-994.0895	-1061.639	67.54914	0.8907833	0.8002459	1.771502
60876	-995.9333	-1063.224	67.29045	0.7335984	1.147987	1.812322
60882	-994.6763	-1061.823	67.14686	0.719663	1.147987	1.919918
60888	-992.7246	-1060.045	67.31998	0.7632725	0.9801931	1.881668
60894	-992.1894	-1059.359	67.16973	0.8045467	1.055069	1.905485
60900	-997.8282	-1065.171	67.34263	0.844809	1.430935	1.528457
60906	-993.0792	-1060.364	67.28531	0.7199727	1.254949	1.760674
60912	-1000.955	-1068.495	67.53924	0.8980858	1.039532	1.5914
60918	-992.6268	-1059.453	66.82605	0.4636518	1.408142	2.158677
60924	-994.4758	-1061.09	66.61398	0.5805307	1.535849	2.158677
60930	-995.1678	-1062.345	67.17685	0.5708849	0.9616574	2.118071
60936	-995.5107	-1062.165	66.65455	0.2747729	1.417561	2.385118
60942	-1000.241	-1067.279	67.03827	0.3181275	1.210391	2.22005
60948	-996.9246	-1063.595	66.67062	0.3654641	1.210391	2.424194
60954	-997.058	-1063.994	66.93612	0.5003273	1.210391	2.168209
60960	-996.8515	-1063.934	67.08235	0.7590017	1.290775	1.853366
60966	-993.3748	-1060.221	66.8457	0.4287644	1.302088	2.223119
60972	-995.8882	-1063.521	67.63316	0.6506236	1.302088	1.532429
60978	-990.376	-1058.209	67.83292	0.9538432	0.7887285	1.532429
60984	-997.1464	-1065.173	68.0262	1.212593	0.7674904	1.194744
60990	-997.483	-1065.674	68.19058	1.212774	0.7674904	1.045964
60996	-997.3803	-1065.61	68.23011	1.079995	0.5526614	1.376468
61002	-996.3889	-1064.469	68.07978	1.181481	0.9612205	0.9721693
61008	-994.9147	-1063.07	68.15573	1.293705	0.8460091	0.9038229
61014	-997.6161	-1065.527	67.91078	1.161503	1.010743	1.10622
61020	-1008.099	-1074.668	66.56825	0.3091219	1.042346	2.619124
61026	-1012.174	-1078.442	66.26743	0.2991781	1.042346	2.809607
61032	-1001.17	-1067.96	66.79077	0.2845022	0.974706	2.538072
61038	-999.4008	-1066.564	67.16343	0.4540037	1.107787	2.110034
61044	-1000.133	-1067.432	67.29918	0.8399576	1.101904	1.761699
61050	-996.3598	-1063.683	67.32338	0.5954531	0.7841568	2.134909
61056	-997.2341	-1064.042	66.808	0.6696243	1.833402	1.836228
61062	-997.6006	-1065.298	67.69745	0.7335494	0.6892221	1.872921
61068	-1003.884	-1071.107	67.22335	0.9406412	0.7991463	1.960907
61074	-1007.504	-1073.891	66.38738	0.8647355	1.433878	2.170302
61080	-1008.915	-1075.6	66.68506	0.8505144	1.087941	2.175487
61086	-1000.613	-1067.833	67.2203	0.6429198	0.9606612	2.042736
61092	-1004.463	-1071.721	67.25821	0.860707	0.7315831	2.045852
61098	-998.0375	-1065.763	67.72566	1.281468	0.9610963	1.207819
61104	-995.7428	-1063.987	68.24383	1.023747	0.7292228	1.210704
61110	-998.3112	-1065.674	67.36294	0.9736692	1.630443	1.301223
61116	-997.3229	-1065.116	67.79344	1.245777	1.164018	1.000491
61122	-991.228	-1059.554	68.32617	1.204715	0.7636986	0.9207724
61128	-999.6029	-1067.77	68.16713	1.069435	0.7433008	1.222041
61134	-999.5028	-1066.691	67.18813	1.195767	1.573693	1.294965
61140	-993.4319	-1061.468	68.03588	1.20152	0.9428829	1.015338
61146	-988.9019	-1057.129	68.22709	1.323262	0.8673688	0.7442426
61152	-991.4409	-1059.517	68.07596	1.366515	0.8687539	0.8827511
61158	-989.3174	-1057.423	68.10532	1.237863	0.8464182	1.014452
61164	-1000.702	-1068.225	67.52358	1.161795	1.421484	1.133721
61170	-998.1341	-1065.878	67.74379	1.063822	1.421484	1.019502
61176	-1000.129	-1067.531	67.40169	0.9129591	1.421484	1.437932
61182	-996.4374	-1063.672	67.23446	0.8864648	1.073733	1.792767
61188	-997.4025	-1064.875	67.47206	0.5494589	0.8961756	1.982788
61194	-996.302	-1063.343	67.04091	0.4442241	0.8961756	2.332115
61200	-1002.153	-1069.108	66.95546	0.4454616	0.9480087	2.350633
61206	-998.3847	-1065.276	66.89113	0.5097925	0.9480087	2.350633
61212	-1003.576	-1070.74	67.16329	0.6616874	0.5245599	2.424046
61218	-1005.916	-1073.216	67.29935	0.5256267	0.5245599	2.424046
61224	-999.3166	-1066.5	67.1832	0.7360286	0.796941	2.124706
61230	-1000.067	-1067.312	67.24456	0.934832	1.27994	1.622223
61236	-998.4884	-1065.835	67.34622	0.8105492	1.344908	1.600291
61242	-997.8033	-1065.494	67.69025	0.8543246	1.334441	1.310817
61248	-992.7633	-1060.444	67.6805	0.828921	0.9246649	1.623635
61254	-1003.813	-1071.208	67.39423	0.8927899	1.519847	1.402652
61260	-997.328	-1064.091	66.76298	0.6272018	0.9240404	2.373421
61266	-993.285	-1059.808	66.52344	0.4605284	0.845066	2.680684
61272	-989.7452	-1056.367	66.6218	0.4441589	0.983659	2.538207
61278	-991.7603	-1058.967	67.20624	0.4262338	0.983659	2.17855
61284	-1000.208	-1066.79	66.58204	0.297047	0.7767177	2.79373
61290	-999.6803	-1066.41	66.73005	0.4277012	0.8529857	2.567814
61296	-994.4577	-1061.162	66.70404	0.3150355	0.9829366	2.567814
61302	-1002.213	-1068.313	66.10059	0.3573682	1.667401	2.567814
61308	-997.7187	-1064.597	66.87784	0.2964092	1.175574	2.356099
61314	-992.3214	-1059.348	67.0267	0.268935	1.044366	2.356099
61320	-990.0149	-1057.308	67.29347	0.4637358	0.9600025	2.112988
61326	-989.2612	-1055.578	66.31685	0.4376089	0.9600025	2.745244
61332	-991.6142	-1058.445	66.83039	0.586304	0.900528	2.372575
61338	-994.8227	-1061.687	66.86441	0.6323868	1.008527	2.250064
61344	-998.6	-1065.865	67.26519	0.5949733	1.61256	1.670551
61350	-994.325	-1060.782	66.45724	0.4896463	1.244195	2.462063
61356	-998.2764	-1065.097	66.82055	0.6462077	0.8271116	2.392732
61362	-994.0749	-1061.039	66.96414	0.7254786	1.278276	1.96319
61368	-994.424	-1061.696	67.27155	0.8039463	0.8736126	1.96319
61374	-993.049	-1060.353	67.30355	0.4232811	0.7639515	2.274876
61380	-995.7756	-1062.399	66.62307	0.6824916	1.102334	2.314812
61386	-998.8877	-1066.356	67.46787	0.7630151	1.163662	1.657111
61392	-996.648	-1064.161	67.51255	0.8084656	1.065881	1.657111
61398	-995.5814	-1063.15	67.56911	0.7888456	1.045185	1.644872
61404	-995.0217	-1062.648	67.6261	0.768287	1.008031	1.644872
61410	-999.5506	-1066.689	67.13818	0.7631573	0.9576456	2.019516
61416	-994.2934	-1062.039	67.74537	0.6369318	0.6284407	1.961782
61422	-994.19	-1061.566	67.37591	0.62244	0.9474727	1.961782
61428	-989.745	-1056.751	67.00616	0.6914177	0.7393361	2.313024
61434	-991.7054	-1059.417	67.71129	0.5821577	0.7393361	1.92267
61440	-993.6081	-1060.821	67.21257	0.7649072	0.6937683	2.170405
61446	-989.9414	-1057.762	67.82043	0.5643426	0.6937683	1.900315
61452	-991.7404	-1058.792	67.05167	0.4691544	1.002284	2.238612
61458	-994.6078	-1061.802	67.19388	0.6300373	0.7312015	2.238612
61464	-996.8313	-1064.739	67.90725	0.5362204	0.7217915	1.835534
61470	-995.2564	-1062.625	67.36883	0.7503524	1.159502	1.738911
61476	-992.9391	-1059.891	66.95198	0.6195206	0.9819977	2.219096
61482	-991.2001	-1058.703	67.5024	0.796079	0.9819977	1.731576
61488	-993.9234	-1061.676	67.75268	0.7692468	0.7247714	1.77868
61494	-989.0383	-1056.63	67.59215	1.028356	0.9617704	1.513634
61500	-985.0446	-1052.483	67.43828	0.755109	0.8930297	1.869015
61506	-986.6435	-1053.629	66.98591	0.7298987	1.302913	1.931907
61512	-986.1409	-1053.337	67.19643	0.6744375	1.123664	1.931907
61518	-989.4303	-1057.08	67.64933	0.8489636	1.074813	1.521555
61524	-995.4589	-1063.79	68.3309	0.885431	0.7338775	1.248944
61530	-989.8269	-1058.026	68.19876	1.262305	0.7338775	1.030401
61536	-989.8104	-1057.803	67.99293	1.207955	0.6106753	1.394426
61542	-991.5236	-1059.514	67.99013	0.8367303	0.9641345	1.353233
61548	-995.1896	-1062.538	67.34887	0.6897003	0.7405731	2.091393
61554	-996.0663	-1063.609	67.54226	0.4754977	0.8337049	2.031649
61560	-994.1672	-1060.898	66.73043	0.1820703	1.045798	2.595328
61566	-989.9999	-1056.766	66.76632	0.5334362	1.099157	2.320395
61572	-995.087	-1062.376	67.28879	0.8061013	1.099157	1.794254
61578	-995.5455	-1063.156	67.61028	0.6632901	1.212757	1.595167
61584	-999.5026	-1066.888	67.38534	1.092564	1.491341	1.26665
61590	-994.668	-1062.283	67.61473	0.8457591	0.8909807	1.684653
61596	-997.8048	-1065.55	67.74544	0.6915231	1.276951	1.432485
61602	-997.6298	-1064.583	66.95367	0.8983758	0.9640282	2.047841
61608	-992.5796	-1059.694	67.11455	0.6268143	0.9388684	2.137713
61614	-998.3277	-1065.902	67.5744	0.8853797	1.037073	1.576739
61620	-994.4172	-1062.191	67.77422	0.9663814	0.9974498	1.394465
61626	-995.4999	-1063.362	67.86255	0.847041	0.8864554	1.506779
61632	-1006.758	-1074.181	67.42232	0.8015431	1.523869	1.449038
61638	-996.7592	-1064.128	67.36869	0.7760507	0.7351261	2.025778
61644	-1003.335	-1071.081	67.74616	0.8550979	0.8458895	1.619644
61650	-994.8646	-1062.294	67.42975	0.6957258	1.145656	1.74322
61656	-1007.856	-1075.306	67.45035	0.9542649	1.172903	1.524399
61662	-1005.165	-1072.588	67.4233	0.8822838	1.172903	1.59726
61668	-1008.337	-1075.361	67.02396	0.6921021	1.601883	1.777281
61674	-998.802	-1065.938	67.1363	0.7443241	1.132592	1.919816
61680	-998.6113	-1065.889	67.27765	0.6729819	0.7791926	2.118015
61686	-996.7574	-1064.107	67.34963	0.760165	0.8162332	1.983796
61692	-997.0702	-1063.291	66.22098	0.4777609	0.7949307	2.889943
61698	-992.5449	-1060.154	67.60934	0.6609087	1.055204	1.700536
61704	-994.2107	-1061.502	67.29147	0.7280509	0.9200851	1.966923
61710	-993.4233	-1060.735	67.31171	0.9018524	1.131394	1.690201
61716	-997.3816	-1065.16	67.77887	1.068124	0.8072787	1.47083
61722	-1005.147	-1073.275	68.12828	0.9642574	0.9436704	1.149339
61728	-1000.041	-1068.209	68.16781	1.090409	0.7834769	1.161095
61734	-1000.158	-1068.175	68.01695	1.216136	0.8321583	1.132788
61740	-994.576	-1062.564	67.98828	1.17089	1.001979	1.032792
61746	-996.5318	-1064.327	67.79541	1.199238	0.7229446	1.436729
61752	-994.0282	-1062.304	68.27537	1.35464	0.5896563	1.056269
61758	-992.1015	-1060.135	68.03346	1.295524	0.7334979	1.152806
61764	-994.9737	-1062.792	67.81788	1.241576	1.170736	0.9739251
61770	-991.3469	-1059.208	67.86084	1.377746	1.033182	0.9197046
61776	-988.1816	-1056.434	68.25238	1.428653	0.7113314	0.8214061
61782	-988.4429	-1055.598	67.15467	0.7657507	1.056304	1.941071
61788	-989.0425	-1056.323	67.28008	0.8012713	0.9955886	1.872371
61794	-994.9943	-1062.804	67.80982	0.8095645	0.5211213	1.910584
61800	-991.9227	-1059.306	67.38292	0.6029966	1.130564	1.849412
61806	-989.698	-1057.046	67.34772	0.692175	0.8861017	1.977837
61812	-988.8138	-1056.058	67.2442	0.7149641	0.8861017	2.031615
61818	-998.1207	-1065.221	67.09988	0.4837093	1.366631	1.98631
61824	-996.5116	-1063.669	67.15725	0.9287699	1.045264	1.835677
61830	-998.2033	-1065.673	67.46953	0.6576628	0.9633793	1.863408
61836	-999.5381	-1066.261	66.72275	0.4892233	1.293397	2.267906
61842	-1001.617	-1068.473	66.8562	0.3187458	1.232866	2.323995
61848	-1001.435	-1067.805	66.36905	0.3117248	1.090369	2.711958
61854	-993.8476	-1059.977	66.12922	0.2385484	1.176548	2.854929
61860	-995.7222	-1062.593	66.87041	0.1858804	1.041287	2.508628
61866	-994.3619	-1061.193	66.83107	0.5547059	1.041287	2.3006
61872	-994.3598	-1061.166	66.80581	0.5678263	1.317155	2.150877
61878	-990.9011	-1057.841	66.93973	0.5997071	1.124607	2.150877
61884	-1004.783	-1071.363	66.58004	0.7872208	1.124607	2.262195
61890	-998.859	-1065.677	66.81806	0.8106576	1.166011	2.067866
61896	-1001.445	-1068.734	67.28889	0.6640285	1.097339	1.892829
61902	-995.3986	-1062.562	67.16305	0.504709	1.097339	2.083365
61908	-994.4639	-1061.161	66.69755	0.6437544	1.040954	2.32917
61914	-992.967	-1060.587	67.62012	0.6773952	0.6018917	2.043553
61920	-993.7689	-1061.521	67.75251	0.8292107	0.9041751	1.587046
61926	-1000.18	-1067.62	67.43953	0.7393399	0.8486534	1.912331
61932	-999.3822	-1066.579	67.19703	0.900695	1.758975	1.422164
61938	-1002.913	-1070.735	67.82187	0.9656184	0.9175082	1.422164
61944	-1005.268	-1073.487	68.21968	0.9775742	0.5885762	1.422164
61950	-1003.34	-1071.516	68.17602	0.9947745	0.698409	1.323337
61956	-1002.834	-1069.716	66.88265	0.9122012	1.445815	1.801209
61962	-999.1058	-1066.139	67.03284	0.8091648	1.502697	1.738849
61968	-994.7162	-1061.985	67.26875	0.7052713	1.089168	1.883671
61974	-994.003	-1061.594	67.59098	0.8260255	1.055297	1.595109
61980	-996.905	-1064.822	67.91732	0.7728303	0.7310617	1.654364
61986	-996.4931	-1063.851	67.35838	0.7490089	1.086021	1.794111
61992	-1004.964	-1072.028	67.06366	0.5887521	1.659149	1.794111
61998	-1005.154	-1072.571	67.4174	0.6106046	1.193007	1.781881
62004	-1002.955	-1070.745	67.78998	0.9066912	0.9159961	1.492526
62010	-995.1642	-1063.386	68.22213	1.005271	0.74141	1.231768
62016	-995.4664	-1063.052	67.58566	1.068234	1.317813	1.231768
62022	-990.292	-1058.193	67.90123	1.111054	1.101697	1.081041
62028	-995.6446	-1063.583	67.93832	1.24832	0.9050864	1.101486
62034	-998.4899	-1066.299	67.80903	1.077013	1.041629	1.242129
62040	-996.1489	-1064.199	68.05006	1.110763	1.041629	0.9926222
62046	-996.4949	-1064.372	67.8768	1.365599	0.9864587	0.9650558
62052	-996.1374	-1064.329	68.19203	1.153772	0.7079286	1.166654
62058	-1004.916	-1072.946	68.02904	1.275218	0.8125353	1.088708
62064	-994.7184	-1062.693	67.97498	1.122296	0.9882562	1.103932
62070	-996.0819	-1064.284	68.20191	1.010375	0.8659726	1.11713
62076	-999.3341	-1066.695	67.36109	0.9412019	1.098832	1.648273
62082	-994.7488	-1062.397	67.6482	0.8204272	1.037227	1.570149
62088	-996.2198	-1063.76	67.53993	0.7745092	0.8855756	1.791331
62094	-995.805	-1062.772	66.96708	0.7322594	0.8855756	2.202109
62100	-994.325	-1061.292	66.96709	0.7395685	1.114778	2.04704
62106	-1003.3	-1070.649	67.34831	0.5326754	1.114778	1.93059
62112	-1000.96	-1068.597	67.63779	0.8985591	0.7691773	1.730051
62118	-1009.387	-1076.911	67.52383	0.9002571	0.9738466	1.648256
62124	-1007.015	-1074.524	67.50895	1.12686	1.108191	1.393058
62130	-1006.682	-1074.394	67.71166	1.066239	1.108191	1.279497
62136	-1001.928	-1069.674	67.74581	1.032088	1.108191	1.279497
62142	-1002.227	-1069.82	67.5934	0.9372747	0.8326364	1.681109
62148	-1002.234	-1070.239	68.00534	1.078205	0.6648387	1.426906
62154	-995.6081	-1062.249	66.6414	0.2944719	1.189762	2.498348
62160	-989.1016	-1056.491	67.38983	0.6363982	1.156813	1.805334
62166	-994.7888	-1061.632	66.84275	0.463495	1.174592	2.272465
62172	-1000.806	-1067.894	67.08797	0.7212659	1.470614	1.778311
62178	-1003.713	-1070.76	67.04664	1.076594	1.096312	1.776411
62184	-1009.081	-1076.709	67.62773	0.7644086	1.096312	1.584935
62190	-1013.192	-1080.714	67.52199	0.5659174	1.096312	1.800925
62196	-1010.917	-1077.545	66.62761	0.5427575	1.226633	2.330304
62202	-996.5102	-1063.47	66.96019	0.5444298	0.8809351	2.330304
62208	-998.3272	-1065.24	66.91304	0.5915875	0.8809351	2.330304
62214	-997.0209	-1064.069	67.04813	0.7056202	0.955448	2.118335
62220	-999.6421	-1066.672	67.02959	0.6451993	0.7897375	2.288287
62226	-999.1995	-1067.048	67.8483	0.9176317	0.6719647	1.655092
62232	-1002.064	-1069.635	67.57067	0.8774863	1.202584	1.472161
62238	-1003.214	-1070.749	67.5353	0.8435613	1.202584	1.524164
62244	-997.5319	-1064.156	66.62418	0.2358766	0.9139687	2.710188
62250	-998.9274	-1066.515	67.58741	0.3801476	0.8802173	2.030332
62256	-997.6667	-1065.268	67.60102	0.6590278	0.8802173	1.832953
62262	-998.0034	-1066.122	68.11882	0.920702	0.6311058	1.49566
62268	-1006.736	-1074.619	67.88321	1.130555	1.247879	0.9519367
62274	-1004.62	-1071.705	67.08461	0.8167555	1.396218	1.753515
62280	-1003.856	-1070.929	67.0733	0.4645155	1.530664	1.933929
62286	-998.2778	-1065.773	67.49518	0.6441542	1.427886	1.565714
62292	-997.7826	-1064.674	66.89136	0.6685143	0.9216528	2.266877
62298	-999.8637	-1066.668	66.80384	0.6346452	1.355877	2.088101
62304	-998.42	-1065.673	67.25248	0.5974077	0.7536141	2.203825
62310	-999.5397	-1066.63	67.09054	0.5794996	0.9469379	2.178642
62316	-996.5144	-1063.852	67.33778	0.7567236	1.107167	1.789365
62322	-996.4526	-1063.806	67.35307	0.992319	1.107167	1.611605
62328	-996.5337	-1064.169	67.63577	0.819389	1.096374	1.538538
62334	-1003.331	-1070.707	67.37605	1.092206	1.4469	1.3017
62340	-1006.626	-1074.752	68.12673	1.096744	0.7144914	1.263446
62346	-999.0347	-1067.155	68.12046	1.023039	0.823881	1.219032
62352	-1000.779	-1067.889	67.10929	0.7113154	1.020413	2.031087
62358	-996.0937	-1062.486	66.39189	0.581269	0.9625799	2.609143
62364	-1001.186	-1067.86	66.67379	0.6665852	0.9625799	2.379466
62370	-998.1672	-1065.31	67.1431	0.5624471	1.223479	1.983501
62376	-996.1532	-1063.441	67.28757	0.7920526	1.190602	1.74734
62382	-995.6239	-1062.612	66.98819	0.5973025	1.129999	2.117586
62388	-997.3941	-1064.576	67.18218	0.8142878	0.9706211	1.947001
62394	-996.8329	-1064.131	67.29855	0.5098516	0.9706211	2.072192
62400	-1004.976	-1070.94	65.96471	0.4271043	1.316257	2.768335
62406	-1001.845	-1067.171	65.32607	0.5465904	1.354488	3.063163
62412	-995.4929	-1062.757	67.26369	0.764878	0.7828362	2.063928
62418	-996.4608	-1064.169	67.70867	0.8149021	0.5771605	1.916683
62424	-987.4402	-1055.058	67.61754	1.023409	1.0955	1.398246
62430	-991.5297	-1059.759	68.22958	0.9564218	0.6757683	1.335088
62436	-996.921	-1064.36	67.43861	0.86146	1.493519	1.407474
62442	-994.9944	-1062.377	67.38302	0.8827723	1.493519	1.433922
62448	-993.1584	-1060.826	67.66721	1.077422	0.9436417	1.433922
62454	-998.8683	-1066.954	68.08604	1.077422	0.6012328	1.433922
62460	-997.1268	-1064.218	67.09075	0.7997781	0.9754729	2.014549
62466	-994.1214	-1061.785	67.66362	0.7709191	0.9018035	1.694745
62472	-987.5956	-1055.369	67.77358	1.014577	1.05583	1.31133
62478	-990.9804	-1059.261	68.28091	1.228925	0.668997	1.064426
62484	-988.8697	-1057.271	68.40171	1.099169	0.668997	1.072839
62490	-992.1485	-1060.123	67.97481	1.051111	0.9815571	1.173594
62496	-989.9009	-1057.605	67.7038	1.06536	1.260829	1.173345
62502	-994.2021	-1061.81	67.60764	1.076373	1.260829	1.245926
62508	-992.2602	-1059.911	67.65118	1.096344	1.033904	1.360756
62514	-986.7385	-1054.36	67.62155	0.9994477	0.8553018	1.597616
62520	-994.1031	-1061.337	67.23399	0.8745797	1.440852	1.581033
62526	-997.0446	-1065.078	68.03365	1.097731	0.8380875	1.215478
62532	-998.2068	-1065.343	67.13623	0.625411	1.157852	1.984461
62538	-999.8229	-1066.905	67.08253	0.5564747	1.157852	2.065887
62544	-1000.194	-1068.182	67.98821	1.378908	0.9739069	0.8391988
62550	-993.8998	-1062.27	68.37061	1.419289	0.713347	0.6440871
62556	-997.9951	-1066.59	68.59532	1.471754	0.4195233	0.8958891
62562	-999.7533	-1067.896	68.14312	1.384805	0.7833268	0.8976766
62568	-1002.784	-1070.757	67.97362	1.479758	0.9129531	0.810528
62574	-1000.826	-1069.058	68.23254	1.479758	0.6555578	0.8733866
62580	-1005.652	-1073.682	68.03048	1.351391	0.9581559	0.8409359
62586	-1002.682	-1070.594	67.91166	1.733214	0.8517588	0.4217822
62592	-1003.531	-1070.363	66.83154	1.926684	1.891501	0.3520368
62598	-1002.17	-1070.157	67.98686	1.695946	0.8299299	0.5173105
62604	-1002.775	-1070.53	67.75518	1.695946	1.051146	0.5003025
62610	-994.8831	-1062.613	67.72942	1.718355	1.051146	0.4601464
62616	-994.4848	-1062.464	67.97876	1.820527	0.7324443	0.4751192
62622	-993.0565	-1060.695	67.63873	1.814726	1.040439	0.4392987
62628	-998.4335	-1066.144	67.71043	1.5015	1.277028	0.6494576
62634	-998.6824	-1066.885	68.20312	1.636149	0.6635134	0.6775593
62640	-996.4076	-1064.598	68.1903	1.653642	0.6635134	0.6684718
62646	-997.1102	-1064.823	67.71256	1.555947	1.236531	0.5912524
62652	-994.8189	-1062.625	67.80562	1.65163	1.038571	0.5570134
62658	-1001.732	-1068.947	67.21588	1.458105	1.943881	0.7688689
62664	-1004.761	-1072.054	67.29341	1.435565	1.919054	0.7066995
62670	-1001.109	-1068.138	67.02986	1.08473	2.089475	1.248527
62676	-997.9276	-1065.81	67.88213	1.130639	0.8333775	1.317942
62682	-999.6207	-1067.387	67.76672	1.160924	0.8489586	1.3716
62688	-999.2222	-1066.966	67.74398	1.002568	1.295038	1.168282
62694	-996.2886	-1064.614	68.32577	1.036059	0.5737222	1.309752
62700	-1000.444	-1068.468	68.0239	1.307337	0.652655	1.241916
62706	-1002	-1069.532	67.53153	1.478243	1.349455	0.8635122
62712	-1000.617	-1068.523	67.90542	1.452682	1.048146	0.7520704
62718	-998.0835	-1066.046	67.96276	1.416851	0.9353697	0.8721801
62724	-999.7488	-1068.092	68.3428	1.548599	0.4691584	0.9882184
62730	-1001.272	-1069.38	68.10771	1.339575	0.552856	1.265835
62736	-1003.972	-1071.659	67.68699	1.339575	1.27947	0.9095031
62742	-1004.17	-1072.503	68.33337	1.33743	0.7046521	0.8449773
62748	-1007.638	-1074.991	67.35255	1.353057	1.775625	0.8631893
62754	-1003.397	-1071.26	67.86296	0.8996159	0.6442098	1.684444
62760	-1002.468	-1069.836	67.3681	1.253803	1.214839	1.328719
62766	-1009.949	-1077.674	67.72459	1.248351	1.214839	1.021946
62772	-1009.941	-1077.679	67.73805	0.9502005	1.098112	1.359226
62778	-1001.716	-1068.916	67.20034	0.697139	1.341098	1.786494
62784	-1005.465	-1072.44	66.97512	0.7121577	0.8860366	2.209583
62790	-1002.694	-1070.363	67.66813	0.7049711	0.9926799	1.671094
62796	-1000.207	-1067.409	67.20252	0.8178812	1.444795	1.642785
62802	-1004.377	-1071.65	67.27324	0.8210597	0.9208266	1.916032
62808	-1000.022	-1067.522	67.49925	0.8719672	0.7998554	1.819437
62814	-1003.707	-1070.073	66.36655	0.5237734	1.241229	2.499063
62820	-1004.628	-1071.977	67.34904	0.5273267	0.9341568	2.052297
62826	-1001.778	-1068.602	66.82346	0.6910571	1.328726	2.052297
62832	-998.9303	-1066.939	68.0083	1.14249	0.7792506	1.257045
62838	-1001.881	-1069.885	68.00372	1.132563	0.8333859	1.215881
62844	-1004.654	-1072.662	68.00754	1.234858	0.9631068	0.9894288
62850	-1002.743	-1070.769	68.02624	1.229618	0.9500908	0.9894288
62856	-998.4801	-1066.311	67.83052	1.362253	1.215387	0.7707326
62862	-996.9778	-1065.154	68.17578	1.385935	0.675403	1.005932
62868	-1000.013	-1067.977	67.96433	1.28377	1.196783	0.7103617
62874	-994.2603	-1062.616	68.35594	1.336326	0.679863	0.8583652
62880	-1004.262	-1071.921	67.659	1.31822	1.549792	0.6972987
62886	-999.9605	-1068.183	68.22266	1.449777	0.7307348	0.8003896
62892	-1003.887	-1071.922	68.03501	1.389518	1.01135	0.703419
62898	-1010.361	-1077.975	67.61455	1.212119	1.631931	0.832169
62904	-1014.969	-1083.289	68.31967	1.012755	0.8214262	1.052582
62910	-1004.786	-1072.884	68.0978	1.197074	0.7298077	1.186653
62916	-1009.739	-1078.256	68.51711	1.522729	0.5080983	0.7295172
62922	-1007.873	-1076.285	68.41209	1.297428	0.7402552	0.7295172
62928	-1000.395	-1068.155	67.75943	1.431132	1.146414	0.8529239
62934	-998.7091	-1066.771	68.06233	1.548674	0.8620252	0.6464947
62940	-995.8703	-1064.128	68.25746	1.490028	0.7268191	0.6940879
62946	-997.5736	-1065.952	68.3781	1.508469	0.6346845	0.6624179
62952	-995.5917	-1063.638	68.04613	1.573014	0.8582855	0.6375479
62958	-992.193	-1060.109	67.91581	1.478065	1.077539	0.6375479
62964	-994.0705	-1061.999	67.92872	1.472764	1.050074	0.6765056
62970	-1003.208	-1071.401	68.19311	1.423869	0.8477142	0.6676603
62976	-1000.236	-1068.564	68.32799	1.446074	0.6799438	0.7498109
62982	-1010.864	-1078.128	67.26438	1.384079	1.661188	1.006263
62988	-1002.087	-1070.247	68.16028	1.108605	0.7205723	1.218918
62994	-995.1733	-1062.668	67.49465	0.7816847	1.282548	1.549853
63000	-1000.223	-1067.247	67.02395	0.8428776	1.201616	1.887507
63006	-992.6725	-1060.193	67.52097	0.707803	1.201616	1.634607
63012	-997.5249	-1064.948	67.42331	0.8365516	1.201616	1.612147
63018	-997.0237	-1063.996	66.97269	0.7318954	1.546438	1.812414
63024	-995.4057	-1063.164	67.75843	0.9316587	0.7542678	1.633621
63030	-999.6624	-1067.359	67.69634	0.8928412	0.9361476	1.556626
63036	-995.0713	-1062.594	67.52229	1.037864	1.182472	1.399742
63042	-997.1926	-1064.934	67.74146	0.9285505	1.103239	1.369856
63048	-998.9425	-1066.782	67.83957	1.207329	1.113196	1.038188
63054	-996.578	-1064.454	67.87619	1.07943	1.091352	1.141338
63060	-1001.651	-1069.007	67.35578	0.8285706	1.150584	1.698595
63066	-997.3373	-1064.213	66.87562	0.7797341	0.8498353	2.256075
63072	-1001.194	-1068.175	66.98069	0.8635732	1.280447	1.857223
63078	-1005.905	-1073.198	67.29348	0.8047185	1.128012	1.773472
63084	-1008.01	-1075.632	67.62274	1.979339	0.8517031	0.3501539
63090	-1006.762	-1073.875	67.11328	2.206465	1.060719	0.2917563
63096	-1002.577	-1069.97	67.39258	1.924736	1.103278	0.3215827
63102	-1000.371	-1068.029	67.6581	1.306799	1.308491	0.9503865
63108	-996.6701	-1064.532	67.86188	1.073707	1.218343	1.055051
63114	-999.2807	-1066.964	67.68289	1.196534	1.218343	1.107299
63120	-1005.279	-1073.24	67.96144	1.321724	1.182759	0.6689336
63126	-1003.996	-1071.779	67.78271	1.404798	1.179039	0.820537
63132	-1008.575	-1075.954	67.37835	1.387999	1.539021	0.9733784
63138	-1006.721	-1075.141	68.42031	1.323184	0.6803634	0.7925048
63144	-1003.211	-1071.103	67.89222	1.389093	1.002859	0.9055348
63150	-1002.226	-1069.579	67.35245	1.073226	1.441478	1.339269
63156	-1005.706	-1073.547	67.84108	1.154002	1.107628	1.091884
63162	-1002.975	-1070.715	67.73932	1.04897	1.218311	1.1881
63168	-1009.088	-1076.531	67.4431	0.9107241	0.8168605	1.817691
63174	-1001.188	-1068.134	66.94569	0.7112297	1.028024	2.133877
63180	-995.4278	-1062.045	66.61698	0.6075088	1.33251	2.239414
63186	-998.1538	-1065.159	67.00501	0.4698062	1.329259	2.078208
63192	-989.262	-1056.166	66.90365	0.6108118	1.064319	2.20365
63198	-997.6943	-1064.811	67.11668	0.6459659	1.0643	2.041305
63204	-998.6611	-1066.136	67.47528	1.076898	0.9353141	1.58441
63210	-1001.36	-1068.638	67.27764	0.7681534	0.929659	1.942451
63216	-1001.923	-1069.43	67.50636	0.8597408	1.024125	1.653751
63222	-1005.1	-1072.772	67.67128	0.8983917	0.9427119	1.565912
63228	-1004.163	-1071.925	67.76186	1.022357	1.170466	1.227279
63234	-1004.307	-1072.378	68.07053	1.073814	0.8147453	1.227279
63240	-1003.342	-1071.591	68.24899	0.9589503	0.7848869	1.203201
63246	-997.8359	-1065.34	67.50386	0.8416764	1.126746	1.598418
63252	-997.9659	-1064.635	66.66873	0.454897	1.350414	2.294929
63258	-996.1248	-1063.458	67.3334	0.8388047	0.7923557	1.960792
63264	-995.4253	-1062.66	67.23467	0.8795417	1.297072	1.658936
63270	-996.1956	-1063.418	67.22252	0.8242468	1.228439	1.747401
63276	-998.8975	-1066.134	67.23626	0.5571382	0.6228722	2.350565
63282	-996.9959	-1064.418	67.42243	0.6192794	0.8690276	1.989205
63288	-997.8588	-1065.854	67.99566	0.6832067	0.649954	1.737992
63294	-988.7046	-1055.881	67.1765	0.636691	0.9055478	2.113896
63300	-998.4427	-1065.488	67.04548	0.5671766	1.033894	2.158993
63306	-995.6281	-1062.231	66.60326	0.2562256	0.8956366	2.722646
63312	-999.4711	-1066.406	66.93527	0.2840522	1.373591	2.221697
63318	-997.4388	-1063.948	66.50907	0.2740547	1.373591	2.498508
63324	-996.1469	-1063.299	67.15227	0.2859334	1.042126	2.266518
63330	-989.5822	-1056.051	66.46886	0.5983598	1.006763	2.522972
63336	-993.3712	-1060.228	66.85716	0.5707303	1.006763	2.29536
63342	-1005.882	-1072.48	66.5984	0.5874623	1.410847	2.224591
63348	-1001.091	-1068.005	66.91369	0.5416467	1.030039	2.263073
63354	-1001.923	-1069.292	67.36883	0.4400179	1.135816	1.966166
63360	-1001.53	-1069.516	67.98608	0.9660212	1.023202	1.201444
63366	-1001.585	-1069.186	67.60039	1.128605	1.554677	0.9998684
63372	-996.8903	-1064.863	67.97218	1.086254	0.8808925	1.236607
63378	-995.2863	-1062.58	67.29388	1.056657	1.728825	1.235081
63384	-990.6562	-1058.277	67.62039	0.9674153	1.027456	1.488691
63390	-987.6649	-1054.71	67.0455	0.8517374	0.8864769	2.072283
63396	-995.8721	-1062.349	66.47665	0.6299954	0.8864769	2.576464
63402	-997.1074	-1063.769	66.66112	0.7051344	1.524818	2.051281
63408	-998.9268	-1066.05	67.12312	0.6341355	1.087077	2.030591
63414	-997.8674	-1065.227	67.35965	0.8198098	1.191633	1.676183
63420	-1006.366	-1074.677	68.31063	1.131019	0.8137349	0.9524639
63426	-1002.511	-1070.521	68.00976	1.305714	0.9336296	0.9455458
63432	-1004.204	-1072.573	68.369	1.438582	0.5734708	0.8987969
63438	-1010.877	-1078.981	68.1039	1.438582	0.8326267	0.810315
63444	-1010.95	-1078.764	67.81354	1.34303	1.210811	0.824573
63450	-1005.572	-1072.873	67.30031	0.5918685	0.9765235	2.01274
63456	-1004.262	-1071.398	67.13555	0.6807064	0.8302803	2.166496
63462	-998.628	-1065.253	66.62489	0.3609377	1.439735	2.338558
63468	-1006.715	-1072.983	66.26779	0.6056528	1.695655	2.294256
63474	-1008.559	-1075.473	66.91366	0.5860983	1.695655	1.882085
63480	-1001.906	-1068.807	66.90134	0.2967157	1.10933	2.378997
63486	-996.7312	-1063.65	66.91848	0.2827695	1.10933	2.376976
63492	-994.6196	-1061.609	66.98955	0.5095708	0.8206477	2.376976
63498	-1000.381	-1067.045	66.66388	0.4915765	1.243676	2.330554
63504	-1002.678	-1069.893	67.21476	0.4391662	1.049704	2.122069
63510	-1005.692	-1072.734	67.04227	0.6842585	1.32551	1.912252
63516	-1006.46	-1073.654	67.19393	0.6451921	1.377308	1.807055
63522	-1001.15	-1068.092	66.94177	0.7941937	1.538017	1.7949
63528	-998.255	-1065.835	67.58049	0.5671933	0.8589112	1.925613
63534	-995.8226	-1063.143	67.32068	0.8672683	1.168284	1.684805
63540	-999.9518	-1067.684	67.73187	1.189663	1.098065	1.165885
63546	-989.8719	-1057.843	67.97092	1.189859	0.8746079	1.154584
63552	-993.0551	-1060.981	67.92548	1.107752	1.063978	1.09454
63558	-993.6518	-1061.16	67.50819	0.8289946	1.43735	1.411258
63564	-994.0247	-1061.659	67.63392	0.9115466	1.182304	1.411258
63570	-993.1255	-1060.654	67.52887	0.96895	1.1611	1.462227
63576	-995.4707	-1062.938	67.46705	0.730414	1.004393	1.786419
63582	-991.4911	-1058.53	67.03861	0.6736168	0.8117053	2.247655
63588	-999.733	-1066.505	66.77159	0.5804605	1.393985	2.125154
63594	-1001.466	-1068.475	67.00874	0.6333336	1.024053	2.146106
63600	-1003.183	-1070.64	67.45718	0.5540059	0.9671596	1.939478
63606	-995.6067	-1062.142	66.53565	0.6398519	0.9563081	2.487297
63612	-995.8744	-1063.006	67.13137	0.659356	0.948848	2.098586
63618	-997.6645	-1064.256	66.59149	0.7170863	0.8400224	2.482929
63624	-997.7894	-1065.143	67.35336	0.6134041	0.7360569	2.1421
63630	-996.2987	-1062.224	65.92484	0.4492824	1.266772	2.80396
63636	-990.3009	-1057.427	67.12589	0.7885065	0.7695516	2.149292
63642	-990.9859	-1058.139	67.15261	0.6634921	1.250048	1.893764
63648	-990.0205	-1057.093	67.07219	0.8527611	1.126138	1.893764
63654	-990.1934	-1057.139	66.94563	0.5461904	1.264251	2.102119
63660	-987.8213	-1054.606	66.78504	0.4939288	1.386714	2.176452
63666	-986.2995	-1053.206	66.90675	0.5257784	1.2003	2.176452
63672	-996.1349	-1063.002	66.86734	0.5651819	1.2003	2.176452
63678	-994.0299	-1060.88	66.8498	0.6477707	1.127377	2.176452
63684	-997.0635	-1064.47	67.40667	0.8699437	1.002825	1.73222
63690	-997.9787	-1065.458	67.47908	0.7975323	1.002825	1.73222
63696	-995.667	-1063.082	67.41542	0.9755424	1.004343	1.649962
63702	-998.8078	-1066.344	67.53624	0.8802998	1.373929	1.387612
63708	-1000.843	-1068.434	67.59108	1.026515	1.135662	1.387612
63714	-1003.525	-1071.112	67.5872	1.284007	1.208252	1.122656
63720	-1005.646	-1073.523	67.87773	1.345601	1.130344	0.830515
63726	-1002.194	-1069.788	67.59472	1.511937	1.283583	0.8095403
63732	-1002.473	-1070.418	67.94409	1.511937	0.9841371	0.6959866
63738	-1001.048	-1068.93	67.882	1.422503	0.9526371	0.9360609
63744	-1004.096	-1071.827	67.73127	1.338843	1.199639	0.9360609
63750	-1004.434	-1072.591	68.15663	0.9785306	0.9429362	1.111814
63756	-1007.112	-1074.734	67.62253	0.8596294	0.8636217	1.690692
63762	-1004.743	-1072.513	67.76984	0.7508186	0.9178525	1.620749
63768	-1005.275	-1071.964	66.68911	0.8941456	1.591639	1.873676
63774	-999.1353	-1066.777	67.64201	1.016103	1.033706	1.430569
63780	-996.5892	-1064.506	67.91675	0.952559	0.8335607	1.430569
63786	-992.4056	-1060.092	67.68686	0.8160906	1.131837	1.478342
63792	-994.639	-1062.15	67.51065	0.7423449	0.8392873	1.869164
63798	-995.9464	-1063.017	67.07074	0.7224418	0.907524	2.125598
63804	-991.958	-1058.251	66.29347	0.5400207	1.217413	2.547206
63810	-997.1755	-1064.238	67.06201	0.5535296	0.7500428	2.356749
63816	-998.2658	-1065.068	66.80202	0.4388086	1.101049	2.356749
63822	-993.0923	-1060.021	66.92862	0.3085074	1.101049	2.359101
63828	-994.2911	-1060.992	66.70068	0.5364455	1.101049	2.359101
63834	-993.2446	-1060.175	66.93017	0.6755996	1.162792	2.08487
63840	-996.1451	-1063.795	67.64975	0.6182874	0.8164681	1.87682
63846	-994.272	-1061.236	66.96431	0.4451246	0.8164681	2.436643
63852	-993.7683	-1060.3	66.53191	0.552296	0.7876174	2.660128
63858	-993.6156	-1060.077	66.46148	0.4545126	1.281975	2.461587
63864	-993.7574	-1060.487	66.72972	0.5645802	1.119241	2.31203
63870	-989.1168	-1056.419	67.3023	0.7193923	0.9856515	1.919681
63876	-991.9314	-1059.762	67.83055	0.6776727	0.8845129	1.655634
63882	-989.4966	-1057.179	67.68199	0.9252788	0.7974963	1.655634
63888	-999.3674	-1066.78	67.41287	1.033901	0.6330611	1.913968
63894	-992.7261	-1060.175	67.44901	1.081492	0.9222601	1.610223
63900	-1004.163	-1072.377	68.21426	1.231211	0.8848207	0.8584121
63906	-1003.561	-1071.715	68.15392	1.501775	0.7662781	0.7624615
63912	-998.3729	-1066.356	67.9829	1.408684	0.9271898	0.86824
63918	-992.4063	-1060.853	68.44625	1.408684	0.6052632	0.7822952
63924	-995.2021	-1062.926	67.72423	1.373856	1.318775	0.7822952
63930	-1005.268	-1072.867	67.5991	1.471572	1.481624	0.6015344
63936	-1003.673	-1072.039	68.36578	1.800937	0.4788285	0.541264
63942	-990.2407	-1058.547	68.30602	1.800937	0.5156432	0.5311885
63948	-996.7483	-1065.284	68.53571	1.486126	0.5209264	0.72506
63954	-993.4274	-1061.636	68.20875	1.539633	0.7085524	0.7316923
63960	-993.2488	-1061.386	68.1371	1.64177	0.7423047	0.5715038
63966	-992.516	-1059.99	67.47449	1.64177	1.438459	0.4517785
63972	-1005.822	-1073.401	67.57849	1.438583	1.569801	0.5654429
63978	-1000.665	-1068.569	67.9039	1.438259	1.160121	0.5654429
63984	-1004.911	-1073.034	68.12327	1.284175	0.9829186	0.7740477
63990	-1007.296	-1075.514	68.21807	1.424401	0.693768	0.8949733
63996	-1004.001	-1071.942	67.94074	1.237894	0.6429292	1.376276
64002	-1001.093	-1069.445	68.35223	1.178944	0.6879495	1.019657
64008	-998.6694	-1067	68.33042	1.156068	0.7580278	0.9751122
64014	-996.2225	-1063.859	67.6369	1.001768	0.8833925	1.561881
64020	-996.0926	-1063.996	67.90315	0.7633518	0.7841047	1.624493
64026	-994.6965	-1062.151	67.45439	0.8346956	1.220294	1.579094
64032	-993.6978	-1060.644	66.94637	0.6781142	1.492433	1.894157
64038	-994.5236	-1061.955	67.43139	0.3526736	0.9097299	2.130013
64044	-999.0217	-1066.123	67.10177	0.397779	0.9295981	2.300108
64050	-998.727	-1064.915	66.1882	0.5874752	1.202053	2.591354
64056	-1008.754	-1075.957	67.20289	0.9160475	1.673557	1.449236
64062	-999.7242	-1067.684	67.95944	0.8175593	0.5883333	1.730619
64068	-993.0685	-1060.246	67.17786	0.7469463	0.9665693	1.997776
64074	-1004.526	-1072.221	67.69515	0.6768	0.9005872	1.73982
64080	-999.216	-1066.369	67.1525	0.6703753	0.7959567	2.188184
64086	-1005.763	-1072.404	66.64142	0.6908064	1.205242	2.238509
64092	-996.0711	-1063.57	67.4986	0.8423879	1.110696	1.612432
64098	-1006.248	-1074.071	67.8227	0.8591738	0.8181987	1.584125
64104	-1011.192	-1078.093	66.90082	2.238585	0.9745848	0.178345
64110	-1006.252	-1073.132	66.8791	2.2221	1.026943	0.1823306
64116	-995.2113	-1062.158	66.94645	2.2221	0.9758674	0.1871123
64122	-997.1294	-1063.771	66.64184	2.370881	0.9758674	0.1480924
64128	-999.5427	-1066.486	66.943	2.370881	0.8867515	0.2035405
64134	-1002.013	-1069.58	67.56684	2.079022	0.6725146	0.231719
64140	-1002.068	-1069.575	67.50655	2.068056	0.8123069	0.2869518
64146	-1006.601	-1073.915	67.31459	2.09356	0.8123069	0.2070854
64152	-1008.903	-1076.734	67.83092	1.956242	0.6615092	0.3036347
64158	-1010.178	-1077.714	67.53584	1.756785	1.159208	0.3481986
64164	-1011.919	-1079.417	67.49853	1.804105	1.159208	0.3603679
64170	-1015.968	-1083.086	67.11796	1.885019	1.518548	0.3475816
64176	-1005.402	-1073.393	67.99139	1.885019	0.6260423	0.3398126
64182	-1004.656	-1072.715	68.05899	1.171622	0.9143907	1.051097
64188	-1005.342	-1073.17	67.82812	1.111622	1.307395	0.9774568
64194	-1004.106	-1071.784	67.6778	1.246511	1.007558	1.238099
64200	-1003.638	-1072.05	68.41126	1.588196	0.5762776	0.5918675
64206	-1004.608	-1071.773	67.16435	1.638158	1.89664	0.5638353
64212	-1000.036	-1067.816	67.77958	1.593944	1.106503	0.6211005
64218	-999.2569	-1067.142	67.88498	1.45068	1.154458	0.6052178
64224	-1002.82	-1070.74	67.91956	1.635885	0.9337944	0.5877096
64230	-1003.884	-1071.532	67.64861	1.732274	1.121326	0.4550925
64236	-1011.783	-1079.371	67.58801	1.854602	1.006	0.354708
64242	-1000.828	-1067.702	66.87355	0.9238896	1.237267	1.913765
64248	-1005.223	-1072.655	67.43207	1.277011	1.240128	1.239582
64254	-1010.806	-1078.822	68.01642	1.095279	0.8846085	1.187805
64260	-1001.286	-1069.402	68.11643	1.217804	0.7300051	1.152053
64266	-1006.98	-1075.197	68.21751	1.371954	0.7524479	0.8700683
64272	-1004.393	-1072.114	67.72043	1.230573	1.068485	1.16447
64278	-1006.76	-1074.637	67.87637	1.102568	0.8009558	1.374823
64284	-1010.906	-1078.694	67.78744	1.069996	0.8421669	1.43215
64290	-1005.428	-1072.417	66.98988	0.7077657	1.137272	2.03939
64296	-1006.59	-1073.282	66.69262	0.4275035	1.961545	2.02463
64302	-997.7479	-1064.825	67.07715	0.7988313	0.9748558	2.02463
64308	-1007.927	-1075.393	67.46548	0.9248712	0.7141529	1.878556
64314	-1004.056	-1071.705	67.64887	0.9546528	1.244683	1.322984
64320	-1005.017	-1072.571	67.55448	0.9393642	1.342952	1.34602
64326	-995.9067	-1063.486	67.57915	0.9119064	1.346442	1.34602
64332	-994.7251	-1062.573	67.84776	0.9171369	1.035143	1.34602
64338	-995.6456	-1063.524	67.87843	0.9503061	1.168679	1.190673
64344	-1000.417	-1068.464	68.04679	1.044068	0.9006995	1.190673
64350	-996.9064	-1064.767	67.86088	0.9819506	0.7335552	1.54094
64356	-997.3469	-1064.892	67.54487	0.9950699	0.8312682	1.675622
64362	-995.3298	-1063.062	67.73212	0.7177953	0.8312682	1.739278
64368	-995.2434	-1062.394	67.15034	0.5081262	1.068541	2.107282
64374	-999.6143	-1066.901	67.28676	0.8863457	0.8165314	1.941086
64380	-1005.714	-1073.492	67.77778	0.8515811	1.162364	1.35945
64386	-1002.608	-1070.68	68.07224	1.209336	0.8581027	1.061202
64392	-1007.389	-1075.071	67.68227	1.154887	1.112622	1.226784
64398	-1003.159	-1070.787	67.62749	0.9586322	1.381666	1.245947
64404	-999.0026	-1066.375	67.37278	0.8186614	1.335896	1.580266
64410	-992.7096	-1059.931	67.2216	0.7122645	1.166458	1.862906
64416	-990.2742	-1057.634	67.35983	0.6464128	1.087276	1.862906
64422	-996.4691	-1063.992	67.5225	0.9020942	0.9594535	1.658475
64428	-997.1521	-1064.955	67.80325	0.9059475	0.697304	1.671697
64434	-1002.031	-1069.665	67.63409	1.335424	1.058394	1.156672
64440	-994.805	-1062.403	67.59837	1.142998	1.157987	1.272261
64446	-994.2939	-1062.319	68.02502	1.221242	0.817047	1.136603
64452	-994.2884	-1062.379	68.09063	1.232182	0.7921957	1.093689
64458	-996.482	-1063.886	67.40387	1.3502	1.651696	0.9019739
64464	-1000.327	-1068.063	67.7365	1.254482	1.34975	0.8851854
64470	-1004.375	-1072.003	67.62882	1.125757	1.050381	1.342478
64476	-995.9097	-1063.783	67.87366	1.254011	1.124241	0.9464866
64482	-1000.992	-1068.916	67.92377	1.253497	0.8162527	1.197775
64488	-998.0462	-1066.015	67.96852	1.322083	1.061467	0.8267687
64494	-1006.724	-1074.716	67.9914	0.9455775	1.069368	1.175983
64500	-1004.292	-1072.517	68.22528	1.123193	0.9008191	0.9476621
64506	-1005.648	-1073.086	67.43776	1.479178	1.512687	0.8248267
64512	-1004.016	-1072.115	68.09871	1.502003	0.8547383	0.6837006
64518	-1005.111	-1073.031	67.91994	1.445227	1.111571	0.6302183
64524	-1001.744	-1069.568	67.82368	1.563354	1.111571	0.5620272
64530	-998.8226	-1066.709	67.88654	1.461052	0.9623088	0.8768407
64536	-1004.843	-1072.987	68.14401	1.275415	0.8445984	0.9383989
64542	-1005.855	-1072.523	66.66899	0.7712428	1.416001	2.056023
64548	-1007.83	-1075.421	67.59089	0.7083794	0.8924309	1.796658
64554	-1002.166	-1069.95	67.78362	0.9591871	1.060419	1.344171
64560	-1005.957	-1073.844	67.88699	0.7998426	0.6914834	1.693029
64566	-1008.449	-1075.9	67.45076	0.9225005	1.534366	1.326282
64572	-1011.175	-1078.233	67.05774	1.047857	1.636718	1.478399
64578	-1005.263	-1072.716	67.45255	1.047857	1.701002	1.12081
64584	-997.7575	-1065.92	68.1621	1.01552	0.8937787	1.12081
64590	-997.6358	-1065.221	67.58478	0.8205362	0.9353023	1.690151
64596	-998.2992	-1065.934	67.6345	0.6863345	0.7251435	1.916237
64602	-994.2527	-1061.867	67.61431	0.9458975	1.124691	1.439747
64608	-995.9852	-1063.357	67.37137	0.807388	1.108641	1.729558
64614	-1002.618	-1070.265	67.64745	0.9357391	0.7997129	1.670972
64620	-1001.628	-1069.29	67.66139	1.258312	0.7102399	1.505808
64626	-1001.064	-1068.444	67.38003	0.911671	1.269865	1.546289
64632	-1008.202	-1076.001	67.79875	1.593663	1.109002	0.4560098
64638	-1006.788	-1074.791	68.00309	1.593663	0.9039755	0.5475036
64644	-1006.132	-1073.491	67.35912	0.7942872	1.144791	1.724142
64650	-1005.046	-1072.71	67.66331	0.9246182	0.9690703	1.532308
64656	-1006.145	-1073.621	67.47614	0.8159852	0.8300222	1.849653
64662	-1007.739	-1075.651	67.91172	1.111492	0.8300222	1.312629
64668	-1006.852	-1074.845	67.99251	1.071547	0.8713919	1.240684
64674	-1004.838	-1072.255	67.41716	0.390755	1.142606	1.96266
64680	-1001.446	-1069.104	67.6585	0.5213547	0.9963388	1.804196
64686	-1007.224	-1074.452	67.22765	0.3724724	0.7442877	2.371054
64692	-1000.62	-1066.971	66.35147	0.423501	1.14837	2.621197
64698	-1001.546	-1068.436	66.89029	0.8197755	1.643667	1.761341
64704	-993.799	-1061.543	67.74358	0.8383927	1.004043	1.510423
64710	-985.2922	-1053.199	67.90696	0.8175833	0.9827444	1.41842
64716	-991.0102	-1059	67.98935	0.8773792	0.8297555	1.435904
64722	-994.1233	-1061.675	67.55173	0.874523	0.8072836	1.775254
64728	-990.7207	-1058.274	67.55307	0.9502413	0.7389851	1.779172
64734	-988.6832	-1056.328	67.64511	0.9286956	1.223415	1.36112
64740	-991.2036	-1058.752	67.54872	0.7547081	1.223415	1.566618
64746	-994.476	-1062.241	67.76471	0.8752922	0.7806241	1.64658
64752	-997.0285	-1064.588	67.55929	1.013093	1.103019	1.44572
64758	-997.9135	-1066.295	68.38147	1.230402	0.5981863	1.06162
64764	-1002.938	-1070.644	67.7062	1.205383	1.134315	1.145244
64770	-1004.088	-1072.369	68.28167	1.143347	0.6581909	1.154952
64776	-1001.199	-1069.131	67.93291	0.8372263	0.8458732	1.495259
64782	-998.8934	-1066.261	67.36764	0.8269583	1.480536	1.495259
64788	-1001.865	-1068.781	66.91653	0.6492006	1.042741	2.183885
64794	-1001.183	-1068.542	67.35919	0.606357	0.868515	2.04024
64800	-997.0809	-1065.038	67.95729	0.8198104	0.7291295	1.593303
64806	-990.5532	-1058.19	67.63647	0.7627912	1.070865	1.597206
64812	-989.9856	-1057.329	67.3435	0.7034773	1.102765	1.825037
64818	-994.5311	-1062.049	67.51744	0.9126547	1.008692	1.618652
64824	-992.584	-1059.447	66.86292	0.5984061	0.9287613	2.325053
64830	-999.9647	-1067.316	67.35108	0.7018641	1.405782	1.640812
64836	-1005.209	-1072.333	67.12449	0.8159721	1.39856	1.724811
64842	-1000.308	-1067.523	67.21533	0.4409336	1.034969	2.129873
64848	-998.6861	-1065.425	66.7394	0.2588187	0.9239154	2.61863
64854	-999.3085	-1066.66	67.35197	0.6445952	0.9467237	1.963503
64860	-998.3305	-1065.504	67.17301	0.6414334	1.075943	1.999537
64866	-995.0599	-1062.917	67.85706	0.8782295	0.8710949	1.500205
64872	-996.7401	-1064.904	68.16435	1.152994	0.6321763	1.276952
64878	-998.8835	-1066.825	67.94153	1.178037	0.9676237	1.102743
64884	-1000.617	-1068.207	67.59023	1.098324	1.32574	1.196849
64890	-1002.685	-1070.748	68.06267	1.451495	0.987161	0.494412
64896	-1010.309	-1077.462	67.15265	1.86975	1.412836	0.2944543
64902	-1008.212	-1076.153	67.94146	1.772698	0.7810269	0.3932173
64908	-1003.633	-1071.295	67.66147	1.770726	1.025579	0.3662485
64914	-1008.177	-1075.996	67.81877	1.725186	0.9538756	0.5478708
64920	-1001.159	-1068.858	67.69958	1.730865	1.022434	0.3598336
64926	-1003.152	-1070.763	67.61092	1.855437	1.022434	0.4244294
64932	-1006.073	-1074.098	68.02517	1.854054	0.6708055	0.5273922
64938	-996.7688	-1064.549	67.77988	1.82159	0.8938907	0.4311632
64944	-1007.186	-1074.183	66.99709	1.94663	1.579359	0.3310125
64950	-1010.605	-1078.073	67.46783	1.746292	1.238267	0.3377698
64956	-1006.553	-1073.964	67.41092	2.095779	0.9074623	0.3162737
64962	-1013.927	-1081.358	67.43106	2.04667	0.9032614	0.2904768
64968	-1004.167	-1071.936	67.76902	2.016718	0.6684334	0.3099301
64974	-1002.127	-1069.77	67.64298	2.128624	0.662783	0.293394
64980	-994.1105	-1061.673	67.56289	2.103486	0.695653	0.2560219
64986	-1000.021	-1067.844	67.8235	1.777684	0.8072282	0.301718
64992	-1000.968	-1067.897	66.92887	0.8070244	0.7814975	2.255429
64998	-1000.937	-1068.193	67.25682	0.9743972	0.7931417	1.920418
65004	-998.8664	-1066.221	67.35464	0.7924842	1.369716	1.592994
65010	-999.2464	-1066.95	67.70404	0.8266189	0.944623	1.592994
65016	-1000.748	-1068.099	67.35123	0.6326353	0.9394239	1.977124
65022	-996.2116	-1063.66	67.44838	0.8498662	0.673023	1.977124
65028	-998.3751	-1065.658	67.28249	0.6203436	1.019172	1.977124
65034	-998.9755	-1067.2	68.22435	0.7079853	0.7014692	1.504846
65040	-995.3948	-1062.434	67.03897	0.7136549	1.050079	2.056955
65046	-1002.388	-1069.578	67.1903	0.3421467	1.298014	2.056955
65052	-998.8269	-1066.406	67.57898	0.4866333	1.029444	1.860212
65058	-991.9948	-1059.095	67.10037	0.7489271	1.101494	1.960192
65064	-993.0673	-1061.237	68.16947	0.9055795	1.027472	1.088523
65070	-992.1014	-1059.745	67.64391	1.185261	1.167239	1.191398
65076	-993.2694	-1061.466	68.1965	1.181485	0.8691187	0.9531697
65082	-993.7849	-1061.423	67.63791	1.272376	1.438748	0.8983265
65088	-995.2263	-1063.11	67.88406	1.458886	1.020065	0.8111559
65094	-999.1037	-1067.325	68.22127	1.439117	0.8401339	0.5791278
65100	-997.1846	-1065.556	68.37172	1.287167	0.709111	0.8524718
65106	-996.7501	-1064.868	68.11739	1.305216	0.8958735	0.8712322
65112	-999.1421	-1066.799	67.65729	1.496982	1.166167	0.8749835
65118	-996.2789	-1064.035	67.75641	1.585224	1.119129	0.6664793
65124	-1003.001	-1070.413	67.41185	1.113396	1.612587	1.152306
65130	-1001.32	-1069.148	67.82807	0.9934854	1.02285	1.310228
65136	-1004.846	-1072.917	68.07087	1.148989	1.010742	0.9632152
65142	-1009.025	-1077.273	68.24787	1.844123	0.5208126	0.4376137
65148	-1009.087	-1077.187	68.10013	1.550371	0.8103489	0.6857257
65154	-1009.545	-1077.732	68.18679	1.112671	0.9570619	0.9365547
65160	-1003.919	-1071.405	67.4856	1.235979	1.276463	1.203146
65166	-1008.489	-1076.97	68.48186	0.9214664	0.6336701	1.203146
65172	-1000.875	-1068.384	67.50882	1.132109	1.073586	1.414257
65178	-1003.824	-1071.12	67.29593	0.6761734	1.469585	1.664064
65184	-1004.382	-1072.168	67.78567	0.8679689	0.9383101	1.507089
65190	-1003.951	-1071.745	67.79367	0.9027682	0.9383101	1.474894
65196	-999.9857	-1067.838	67.85196	1.052662	0.9614873	1.292915
65202	-1000.247	-1068.252	68.00521	1.052662	0.8210288	1.292915
65208	-1011.029	-1078.474	67.44519	0.8750364	1.327793	1.489593
65214	-1002.024	-1069.384	67.35924	0.7910979	1.213984	1.683073
65220	-996.6365	-1064.678	68.04116	1.193401	0.8143597	1.149781
65226	-1003.048	-1070.451	67.40323	1.178057	1.380019	1.251053
65232	-1013.604	-1081.074	67.47007	0.8425916	1.033042	1.685666
65238	-1008.588	-1075.965	67.37721	1.014899	1.033042	1.628778
65244	-1009.013	-1076.267	67.25341	0.6246117	1.033042	1.984621
65250	-1003.982	-1071.034	67.05213	0.8344721	1.033042	1.97888
65256	-1002.101	-1069.366	67.26514	0.7727182	0.7205385	2.108444
65262	-1003.34	-1070.968	67.62868	0.9299616	1.013693	1.520679
65268	-999.1293	-1066.075	66.94534	0.800884	1.123816	2.015287
65274	-994.4492	-1061.832	67.38256	0.8918554	0.875613	1.82656
65280	-1000.407	-1067.797	67.39006	0.988997	1.322571	1.448192
65286	-1003.441	-1070.762	67.32139	1.06018	1.875514	1.127123
65292	-1004.381	-1072.349	67.96763	0.8558082	1.25841	1.127123
65298	-1002.394	-1070.384	67.98957	1.276632	0.7286567	1.21248
65304	-997.4233	-1065.352	67.92914	1.223557	1.151668	0.8917522
65310	-1000.038	-1068.166	68.12776	1.322024	0.8470985	0.9020476
65316	-1007.318	-1075.603	68.28534	1.257699	0.5885722	1.137681
65322	-1005.548	-1073.938	68.39005	1.198624	0.575287	1.114392
65328	-1005.499	-1073.257	67.7577	1.178354	1.078918	1.168899
65334	-1005.484	-1073.572	68.08765	1.764189	0.6924665	0.4931777
65340	-1008.591	-1076.487	67.89635	1.699627	0.8992349	0.5746393
65346	-1002.617	-1070.494	67.87743	1.894863	0.7016107	0.3378439
65352	-995.0258	-1063.007	67.98079	1.814118	0.7217399	0.408292
65358	-1001.846	-1069.572	67.72634	1.763849	1.004261	0.4436151
65364	-998.5181	-1066.372	67.85386	1.733199	0.8749927	0.363834
65370	-997.2665	-1064.973	67.70687	1.932663	0.7857953	0.3120203
65376	-999.0627	-1066.97	67.90718	2.040712	0.557154	0.3120203
65382	-1000.513	-1068.249	67.73575	2.191034	0.557154	0.2956844
65388	-1011.138	-1077.992	66.85416	2.246516	1.142891	0.2184858
65394	-1003.177	-1069.817	66.63973	2.39234	1.013457	0.1608431
65400	-1006.187	-1072.777	66.59	2.328344	1.147984	0.1640356
65406	-1009.636	-1077.009	67.37237	2.200117	0.6750396	0.2046827
65412	-1010.784	-1078.126	67.3414	0.995974	0.9851146	1.701905
65418	-1003.483	-1070.96	67.47684	0.793413	0.9851146	1.74916
65424	-1006.494	-1074.407	67.91295	1.258177	0.9327119	1.088684
65430	-1005.374	-1073.545	68.17118	1.378243	0.7927344	0.8596966
65436	-1002.069	-1070.543	68.4743	1.391799	0.5175262	0.9302832
65442	-1002.588	-1070.717	68.12885	1.391799	0.7649188	0.9302832
65448	-1011.011	-1079.399	68.38754	1.391799	0.7286238	0.6229755
65454	-1002.529	-1070.032	67.50295	1.465636	1.600407	0.6438394
65460	-991.1693	-1059.243	68.0741	1.435385	0.9579017	0.6433431
65466	-999.653	-1067.834	68.18092	1.464162	0.6946485	0.8907011
65472	-997.7331	-1065.852	68.11855	1.388354	0.8512612	0.8287763
65478	-997.605	-1065.802	68.19715	1.328021	0.8512612	0.8052338
65484	-998.2146	-1066.421	68.20607	1.685379	0.6508504	0.5957546
65490	-1012.973	-1080.319	67.34585	1.98096	1.154406	0.3901934
65496	-1006.832	-1073.958	67.12577	2.015363	1.154406	0.2399715
65502	-1013.421	-1080.932	67.51076	1.558164	1.507024	0.5252388
65508	-1001.035	-1068.21	67.17489	2.154916	0.9999546	0.2612844
65514	-1000.481	-1067.528	67.04671	2.189074	0.9999546	0.2182029
65520	-1003.764	-1070.747	66.98328	2.062568	1.140882	0.1982769
65526	-1003.742	-1070.874	67.13258	2.052183	1.10352	0.2386805
65532	-1003.099	-1069.803	66.70403	2.052183	1.648454	0.2399682
65538	-1015.407	-1082.684	67.27723	2.052183	1.030839	0.2789857
65544	-1014.625	-1082.128	67.50345	2.162182	0.7040503	0.2614851
65550	-1007.923	-1075.778	67.85512	1.717977	0.9238579	0.4445739
65556	-1002.453	-1070.111	67.6584	1.873775	0.9608663	0.4363426
65562	-1000.375	-1068.206	67.83049	2.012066	0.662115	0.3583049
65568	-1013.903	-1080.9	66.99631	2.017724	1.511213	0.3542958
65574	-1015.708	-1082.589	66.8812	2.017724	1.544095	0.2771382
65580	-1012.717	-1080.292	67.57481	1.815134	1.094417	0.4062523
65586	-1008.919	-1076.112	67.19265	1.815134	1.565616	0.4062523
65592	-1001.931	-1069.573	67.64166	1.840999	1.00051	0.410677
65598	-1005.982	-1073.654	67.67195	1.799014	1.021166	0.4346717
65604	-1009.591	-1077.307	67.71592	1.76255	1.021166	0.4701599
65610	-1005.354	-1073.11	67.75595	1.792053	0.9313	0.3985691
65616	-1006.83	-1074.149	67.3193	1.889735	1.319731	0.5529416
65622	-1002.382	-1069.973	67.59086	1.605416	1.255808	0.7124159
65628	-999.6599	-1067.259	67.5995	1.754563	1.114445	0.3753731
65634	-1003.184	-1070.384	67.19963	1.746807	1.621034	0.3678274
65640	-1005.171	-1072.904	67.73343	1.794775	0.9461418	0.3906433
65646	-1001.054	-1069.223	68.16913	1.316428	0.9229653	0.7508806
65652	-1015.336	-1083.361	68.02446	1.631751	0.7949371	0.7077602
65658	-1006.171	-1073.556	67.38472	1.509605	1.757286	0.5429897
65664	-1012.038	-1079.245	67.20781	1.634441	1.829707	0.4348992
65670	-999.5826	-1067.781	68.19797	1.459661	0.753265	0.7823375
65676	-1000.013	-1068.004	67.99044	1.155272	0.8262381	1.21485
65682	-1009.1	-1077.002	67.90208	1.208015	0.9895194	1.090997
65688	-1007.876	-1075.945	68.06949	1.243267	0.9895194	0.8850726
65694	-1012.55	-1080.611	68.06055	1.411805	0.9418528	0.7407162
65700	-1011.155	-1079.206	68.05041	1.456983	0.7637501	0.9459972
65706	-1007.683	-1075.469	67.78648	1.521498	1.117944	0.7279958
65712	-1004.885	-1073.001	68.1153	1.475439	0.8651115	0.6806496
65718	-1000.959	-1069.203	68.24328	1.484728	0.7482172	0.6806496
65724	-1002.373	-1070.363	67.99025	1.41335	0.9621014	0.8081712
65730	-1006.407	-1074.604	68.19704	1.323837	0.7390655	0.9638634
65736	-1004.169	-1072.187	68.01855	1.211976	1.010183	0.9526466
65742	-1001.347	-1068.46	67.11334	0.8730837	0.7630076	2.107428
65748	-1001.215	-1069.188	67.97319	1.074767	0.8844807	1.242089
65754	-1007.452	-1075.744	68.29224	0.9307859	0.8844807	1.088608
65760	-999.8128	-1067.792	67.9795	1.033899	0.72676	1.418573
65766	-1006.156	-1073.748	67.59221	0.9226451	0.6546456	1.847275
65772	-997.5612	-1064.823	67.26159	0.7810139	1.070764	1.848696
65778	-1002.82	-1069.8	66.97968	0.6339101	1.141637	2.092227
65784	-1011.742	-1079.2	67.45825	0.5279854	1.041396	1.906321
65790	-1009.09	-1076.635	67.54531	0.4727498	1.041396	1.884707
65796	-1000.872	-1068.128	67.25566	0.5911161	1.112805	1.954844
65802	-1003.461	-1070.77	67.30974	0.7768532	0.864116	1.962821
65808	-1000.786	-1067.824	67.0383	0.5950012	0.9459741	2.203095
65814	-1001.496	-1067.954	66.45822	0.3761066	1.37679	2.464874
65820	-1002.87	-1069.557	66.68672	0.2825345	1.137166	2.506815
65826	-1000.468	-1066.85	66.38209	0.3915709	1.228567	2.578423
65832	-997.9689	-1063.86	65.89066	0.3608883	1.312104	2.85569
65838	-993.3637	-1059.806	66.44193	0.7054032	1.544625	2.185224
65844	-993.6051	-1060.725	67.12012	0.6065141	0.8156075	2.235458
65850	-1003.147	-1069.62	66.47301	0.4196512	1.876722	2.207245
65856	-1004.335	-1070.42	66.08405	0.4273338	0.9523531	2.897778
65862	-997.5475	-1064.776	67.22864	0.1655435	0.8684583	2.409032
65868	-1000.018	-1067.216	67.19735	0.1968301	0.8684583	2.409032
65874	-994.1156	-1060.637	66.52119	0.1544577	0.9170433	2.820742
65880	-996.7979	-1064.094	67.2959	0.8545478	0.7732391	1.990703
65886	-992.2311	-1059.04	66.80873	0.6637822	1.041396	2.244932
65892	-1000.454	-1067.734	67.27981	0.6697651	0.6293316	2.244932
65898	-997.483	-1064.709	67.22625	0.6187373	1.131317	1.944637
65904	-1000.72	-1067.779	67.05851	0.7300031	1.208242	1.936636
65910	-1002.207	-1068.989	66.78223	0.7646448	1.512654	1.936636
65916	-993.2397	-1060.552	67.31229	0.6047456	1.205209	1.851104
65922	-993.8233	-1061.528	67.70434	0.8140653	0.928642	1.614089
65928	-992.5631	-1059.967	67.40385	0.6474269	0.9899989	1.896662
65934	-996.8355	-1064.188	67.35273	0.7550173	1.212269	1.714305
65940	-994.6373	-1062.235	67.59721	0.7458582	0.9623387	1.714305
65946	-993.3935	-1060.681	67.28739	0.4470466	0.8740277	2.187608
65952	-994.1042	-1061.29	67.18581	0.6208702	0.7112057	2.266056
65958	-989.4207	-1056.632	67.21157	0.6532046	1.011464	2.007611
65964	-1000.092	-1067.875	67.78368	0.4437974	0.853039	1.875953
65970	-1004.146	-1070.885	66.73953	0.6360044	0.9720708	2.351003
65976	-1001.841	-1069.587	67.74571	0.9623264	0.5058999	1.8671
65982	-1018.986	-1087.244	68.25722	1.288036	0.6635473	1.037651
65988	-1005.162	-1073.073	67.91088	1.288036	0.976026	1.019553
65994	-1001.705	-1069.905	68.19978	1.218385	0.8867312	0.8879182
66000	-1003.537	-1071.862	68.32459	1.039895	0.9315484	0.8942433
66006	-1001.709	-1070.098	68.38892	1.322722	0.6070361	0.9495331
66012	-999.0431	-1066.998	67.95517	1.244285	1.180757	0.8030162
66018	-991.5165	-1059.119	67.60241	1.547994	1.38793	0.5727851
66024	-987.3987	-1055.071	67.67279	1.347918	1.36626	0.8339852
66030	-995.1249	-1062.686	67.5613	1.480742	1.499107	0.6417704
66036	-997.4941	-1065.251	67.75667	1.480742	1.25363	0.6361686
66042	-991.484	-1059.821	68.33661	1.434155	0.7136629	0.6821806
66048	-998.9903	-1067.161	68.17109	1.196721	0.8998275	0.9281005
66054	-1002.717	-1070.408	67.69085	1.029515	1.363655	1.142617
66060	-1000.044	-1068.354	68.31005	1.269058	0.6912627	0.9669972
66066	-1009.381	-1077.294	67.91299	1.380692	1.027386	0.8634072
66072	-1007.691	-1075.431	67.73971	1.138643	1.333562	1.017748
66078	-1009.906	-1077.705	67.79875	1.300479	1.345644	0.7495084
66084	-1002.957	-1070.694	67.73623	1.265159	1.277735	0.9385081
66090	-1006.243	-1074.121	67.87752	1.17401	0.6937285	1.421975
66096	-1009.848	-1077.628	67.77973	1.027161	1.137287	1.233265
66102	-1002.59	-1070.586	67.99645	0.9831542	0.958654	1.233265
66108	-1007.34	-1075.046	67.70544	1.1561	1.110338	1.207879
66114	-999.3069	-1066.985	67.67768	0.9905149	1.122283	1.357416
66120	-997.4967	-1065.361	67.86475	0.9433245	1.209451	1.17759
66126	-1005.042	-1072.847	67.80486	1.100194	1.048466	1.22056
66132	-1007.697	-1074.982	67.28558	0.7431231	0.921556	1.959709
66138	-998.7412	-1066.761	68.01958	0.7293042	0.9329835	1.439232
66144	-998.0625	-1065.569	67.50644	0.7988196	0.8730312	1.807248
66150	-1000.577	-1067.933	67.35583	0.5681001	1.272024	1.807248
66156	-1003.641	-1070.663	67.02183	0.6408574	0.9776033	2.162912
66162	-1003.793	-1070.646	66.85283	0.8098554	0.9776033	2.162912
66168	-1000.268	-1067.314	67.04598	0.6453502	1.175154	2.021049
66174	-1000.374	-1067.85	67.47613	0.7943065	0.8295274	1.864884
66180	-998.3438	-1065.61	67.26643	0.6509503	1.181795	1.864884
66186	-1001.907	-1069.178	67.27036	0.8115033	0.8693616	1.962081
66192	-1012.34	-1079.471	67.131	0.9797204	1.613877	1.486426
66198	-1004.305	-1071.918	67.61341	0.7087943	1.330553	1.486426
66204	-1004.641	-1071.922	67.28148	0.6785458	1.05731	1.913678
66210	-1004.228	-1071.867	67.6384	0.7434641	1.003843	1.65684
66216	-1000.776	-1068.126	67.35004	0.7898344	0.8857209	1.910821
66222	-1001.963	-1069.163	67.20056	1.004562	0.8857209	1.86645
66228	-1000.68	-1067.832	67.15187	0.7855041	1.324437	1.768061
66234	-1001.993	-1069.963	67.97045	0.9355374	0.8252755	1.409611
66240	-1000.432	-1067.524	67.09202	0.7648127	1.524475	1.717245
66246	-1001.712	-1068.864	67.1526	0.7055496	1.361363	1.802577
66252	-997.8643	-1064.753	66.88883	0.7491089	1.14307	2.075353
66258	-999.4065	-1066.859	67.45297	0.6914958	1.301268	1.634743
66264	-996.2652	-1063.978	67.71333	0.7496557	0.774825	1.776577
66270	-1000.205	-1067.677	67.47196	0.5677111	1.089872	1.838335
66276	-997.5313	-1064.873	67.34209	1.148748	1.445937	1.283882
66282	-1002.925	-1070.811	67.88634	1.384111	1.018423	0.9004032
66288	-1005.066	-1072.831	67.76502	1.094018	1.018423	1.283274
66294	-1014.83	-1082.329	67.4989	0.8778212	0.9426259	1.704978
66300	-1007.893	-1075.535	67.64166	0.6132112	1.064715	1.704978
66306	-1006.978	-1074.524	67.54565	0.714225	0.9323881	1.794305
66312	-1008.284	-1075.731	67.44737	0.9244532	0.8861652	1.750901
66318	-1013.469	-1080.869	67.40004	1.073715	1.349224	1.357989
66324	-994.2718	-1062.51	68.23841	1.071072	0.7698649	1.130175
66330	-996.3966	-1064.41	68.01317	1.092218	0.9188778	1.161067
66336	-995.5012	-1063.344	67.84235	1.135079	1.025393	1.177744
66342	-993.6996	-1061.438	67.73881	0.9663882	1.134327	1.319094
66348	-994.4753	-1062.5	68.02426	1.041188	0.8072988	1.299772
66354	-1000.317	-1068.184	67.86733	0.8765987	1.128648	1.291904
66360	-997.1519	-1065.102	67.9504	0.8776957	0.8539682	1.44441
66366	-995.5771	-1063.331	67.75439	0.9674735	0.9424606	1.452282
66372	-996.0913	-1063.875	67.78378	0.9065893	0.9729498	1.452282
66378	-992.9432	-1061.018	68.07491	0.9311246	0.6802005	1.470379
66384	-995.3004	-1062.947	67.64686	0.7699581	0.7513072	1.82841
66390	-999.9965	-1067.107	67.11012	0.6484331	1.54861	1.773923
66396	-996.3601	-1063.291	66.93086	0.6363987	1.417297	1.970864
66402	-1006.089	-1072.971	66.88243	0.7337616	1.370185	1.962603
66408	-998.4459	-1065.272	66.8257	0.767341	1.483725	1.919825
66414	-1002.55	-1069.369	66.81898	0.6916863	1.289365	2.076012
66420	-995.4936	-1063.405	67.91175	0.8599078	0.787544	1.544659
66426	-1000.004	-1067.755	67.75067	0.9148133	0.7189987	1.6829
66432	-1013.669	-1082.009	68.34047	1.348792	0.7075673	0.8170669
66438	-1006.329	-1073.968	67.63901	1.32226	1.544526	0.7302409
66444	-1004.5	-1072.187	67.68764	0.8807152	1.321217	1.300185
66450	-1001.918	-1070.028	68.10954	1.352741	0.924845	0.7815203
66456	-996.0811	-1064.161	68.08013	1.352741	0.8975812	0.8568508
66462	-997.0024	-1064.924	67.92132	1.352741	0.9007952	1.023252
66468	-1005.132	-1073.134	68.00192	1.352741	1.015147	0.8021311
66474	-996.4668	-1064.448	67.98147	1.375104	0.9034882	0.9359553
66480	-997.2408	-1065.295	68.05401	0.9417645	0.7958304	1.36634
66486	-996.7309	-1064.439	67.70848	0.9417645	0.8320979	1.595497
66492	-1008.553	-1075.861	67.30878	0.9820119	1.00092	1.723581
66498	-1008.168	-1075.056	66.88886	0.6194458	0.7717032	2.407823
66504	-998.5197	-1065.755	67.23522	0.796	1.060106	1.863442
66510	-1000.461	-1068.123	67.66265	0.8643575	0.6288279	1.863442
66516	-994.2753	-1061.824	67.54913	0.7369683	0.9207984	1.784617
66522	-1003.165	-1070.612	67.44679	0.9358144	1.350491	1.4283
66528	-996.2063	-1064.115	67.90859	0.9358144	0.9868998	1.32069
66534	-996.1905	-1063.997	67.80632	1.003817	0.9868998	1.348099
66540	-993.666	-1061.621	67.95545	1.073897	0.763168	1.370849
66546	-1000.525	-1068.431	67.90552	1.078485	0.6751753	1.492063
66552	-1007.82	-1075.725	67.90471	1.121737	1.046679	1.115898
66558	-999.02	-1067.018	67.99785	1.060677	1.052419	1.081379
66564	-998.0435	-1065.621	67.57731	1.135267	1.052419	1.37416
66570	-998.403	-1066.688	68.28523	1.02896	0.6502059	1.25892
66576	-995.56	-1063.364	67.80431	1.028655	0.9724064	1.34164
66582	-1000.29	-1067.96	67.67059	0.9459507	1.175018	1.360697
66588	-1001.122	-1068.989	67.86643	0.9871195	0.9706131	1.326642
66594	-993.5139	-1061.113	67.59879	0.9580732	0.8638527	1.637108
66600	-998.0393	-1065.922	67.88284	0.7651687	0.7849339	1.637108
66606	-1000.927	-1067.905	66.97709	0.5082691	1.172138	2.158203
66612	-1021.664	-1090.134	68.46963	1.112264	0.7457153	0.888511
66618	-1014.023	-1082.464	68.44146	1.2904	0.6640959	0.8358385
66624	-1004.174	-1072.357	68.18261	1.446594	0.8231972	0.6972199
66630	-1003.63	-1071.334	67.70383	1.483771	1.28639	0.6827104
66636	-1005.275	-1073.494	68.21903	1.275153	0.7249871	1.00892
66642	-1014.407	-1082.089	67.68167	1.275153	1.278475	0.9843076
66648	-1006.06	-1074.178	68.11757	1.193485	0.7691314	1.129562
66654	-1004.293	-1071.727	67.43358	0.5956631	0.8420878	2.017675
66660	-1000.237	-1068.247	68.00952	0.9853541	0.910138	1.263116
66666	-1002.549	-1070.121	67.57286	0.9511337	1.030392	1.534224
66672	-1004.62	-1072.198	67.57751	0.8940938	0.8870421	1.679803
66678	-1011.814	-1078.634	66.81937	0.5896612	1.39264	2.088479
66684	-1001.716	-1069.126	67.41047	0.6521994	1.127125	1.798705
66690	-1005.674	-1072.768	67.09356	0.8210439	1.292269	1.802105
66696	-1003.915	-1070.508	66.59315	0.485087	1.309025	2.345112
66702	-1002.695	-1069.8	67.1051	0.5534128	0.8794587	2.232803
66708	-1006.044	-1072.683	66.63973	0.7849519	1.111859	2.232803
66714	-1001.278	-1068.884	67.60532	0.6332711	0.7153887	1.979919
66720	-999.7001	-1067.297	67.59648	0.9017766	0.8204269	1.714053
66726	-998.7556	-1066.036	67.27997	0.656018	0.8807193	2.050872
66732	-998.8983	-1065.79	66.89143	0.8539639	1.334063	1.894785
66738	-998.1492	-1065.396	67.24669	1.044543	1.334063	1.507556
66744	-998.5324	-1066.217	67.68501	0.9025369	1.161771	1.39271
66750	-1011.989	-1079.978	67.9887	1.222811	1.071847	0.9085167
66756	-1003.586	-1071.866	68.28017	1.252041	0.6426677	1.077119
66762	-1001.951	-1070.184	68.23346	1.042299	0.7017719	1.233529
66768	-1001.083	-1069.118	68.03565	1.121521	0.9011519	1.132014
66774	-1004.963	-1073.085	68.12171	1.027109	0.8284654	1.210019
66780	-1009.876	-1077.17	67.29407	0.8920416	1.343793	1.57954
66786	-1005.803	-1072.826	67.02262	0.8069734	1.224911	1.899127
66792	-1007.683	-1075.523	67.83959	1.049273	0.8891233	1.367013
66798	-1005.385	-1073.637	68.25197	1.077883	0.6669366	1.226785
66804	-999.0231	-1066.826	67.80291	0.8564959	0.7024445	1.702328
66810	-1002.068	-1069.562	67.49366	0.8811073	0.7024445	1.899425
66816	-998.4041	-1065.675	67.27117	0.8071133	0.7928955	2.02307
66822	-996.3707	-1063.428	67.0571	0.8222298	0.9842176	2.016089
66828	-994.1612	-1061.614	67.45301	0.9482557	0.9842176	1.657067
66834	-999.7269	-1067.495	67.76838	1.229422	0.7219501	1.435276
66840	-1002.148	-1070.264	68.11596	1.16549	0.9325867	0.9820378
66846	-1005.53	-1073.698	68.16831	1.159359	0.9182469	0.9498834
66852	-1010.504	-1078.965	68.46105	1.145893	0.6859779	0.9451213
66858	-1014.673	-1082.504	67.8315	0.7375392	0.9479627	1.562356
66864	-1002.48	-1069.755	67.27485	0.5868401	0.8098526	2.152339
66870	-1003.226	-1070.415	67.18866	0.5756528	0.9267536	2.131058
66876	-996.5379	-1063.805	67.26693	0.7596539	0.9239318	1.959438
66882	-993.2747	-1061.012	67.73773	0.7093115	0.9239318	1.668991
66888	-990.4451	-1058.485	68.04005	0.8585169	0.7966711	1.441075
66894	-991.5519	-1059.217	67.66541	0.7575277	0.7844119	1.796381
66900	-990.5605	-1058.103	67.54287	0.7026229	0.6532533	2.030096
66906	-995.8535	-1063.14	67.28685	0.5320408	1.059353	2.007099
66912	-998.3382	-1065.419	67.08084	0.6394348	1.166176	2.007099
66918	-1003.738	-1070.922	67.18396	0.8372051	1.256756	1.748504
66924	-1007.712	-1075.419	67.70667	1.201333	1.080239	1.192147
66930	-1009.849	-1077.292	67.44313	1.021394	0.9478003	1.638484
66936	-1012.901	-1080.444	67.54299	1.095735	0.9693753	1.494137
66942	-1017.76	-1085.586	67.82583	1.007038	1.106115	1.235457
66948	-1009.988	-1077.009	67.02054	0.7476056	1.465694	1.809347
66954	-1010.662	-1078.347	67.68571	0.9540019	0.7569803	1.667366
66960	-1002.799	-1070.608	67.80859	0.6735599	0.7610354	1.774911
66966	-999.3167	-1067.125	67.80799	0.8184501	0.9538587	1.515307
66972	-999.1611	-1066.202	67.04063	0.8330411	1.393099	1.77453
66978	-996.2158	-1063.562	67.34603	1.005845	0.8472091	1.794978
66984	-996.6594	-1064.262	67.60239	1.085965	0.910176	1.503444
66990	-997.2027	-1065.145	67.9427	1.126233	0.8744027	1.233798
66996	-1002.687	-1069.674	66.98714	1.120611	2.038136	1.278494
67002	-997.2844	-1065.415	68.13079	1.335791	0.6849864	1.08494
67008	-1003.872	-1071.916	68.04426	1.367243	0.6849864	1.135059
67014	-1002.124	-1070.029	67.90431	1.148563	0.9981653	1.135059
67020	-1006.289	-1074.07	67.78031	1.39116	1.001563	1.021213
67026	-1001.02	-1068.973	67.95243	1.210721	1.009924	1.021213
67032	-998.3761	-1066.343	67.96736	1.232436	1.0613	0.9323372
67038	-1007.81	-1075.807	67.99695	1.232436	0.6756175	1.300285
67044	-999.3229	-1067.529	68.20648	1.07765	0.6767923	1.254016
67050	-1001.538	-1068.953	67.4153	1.164561	1.377295	1.254016
67056	-999.081	-1067.133	68.05192	0.9796605	0.8249806	1.310557
67062	-997.275	-1064.826	67.55057	0.7962239	1.15172	1.580985
67068	-995.96	-1063.421	67.46103	0.7456475	1.099077	1.716145
67074	-995.0513	-1061.765	66.71362	0.4820484	1.116106	2.376551
67080	-992.6952	-1059.984	67.28921	0.4177791	1.116106	2.046011
67086	-996.8875	-1063.706	66.81878	0.5190992	1.008014	2.351917
67092	-989.8559	-1056.841	66.98458	0.7679367	0.9874227	2.097721
67098	-998.8367	-1065.928	67.09098	0.4602649	0.9874227	2.228625
67104	-1004.021	-1070.975	66.95341	0.4878147	1.047575	2.261194
67110	-1004.307	-1071.25	66.94277	0.5180162	1.09781	2.217923
67116	-1002.931	-1070.154	67.22323	0.4678078	1.09781	2.067744
67122	-1001.325	-1067.861	66.53587	0.3835853	1.221883	2.491181
67128	-1007.794	-1074.447	66.65274	0.3755079	1.258173	2.403432
67134	-1000.735	-1067.684	66.94899	0.2979005	1.017735	2.403432
67140	-995.9316	-1063.46	67.52841	0.466012	1.017735	1.916457
67146	-996.0933	-1063.117	67.02383	0.6539021	0.8460482	2.244441
67152	-999.4182	-1067.404	67.98534	0.8726878	1.22638	1.120448
67158	-998.9681	-1066.831	67.86246	1.059552	0.8987398	1.332378
67164	-992.7164	-1060.342	67.62519	0.9979393	0.8987398	1.561006
67170	-995.6649	-1063.46	67.79487	0.9523619	1.059863	1.341078
67176	-1001.371	-1068.61	67.23881	0.6912836	0.9290299	2.020274
67182	-991.8938	-1059.524	67.63065	0.8655	0.9631103	1.604168
67188	-991.1114	-1058.817	67.70558	1.102461	1.271408	1.131175
67194	-996.5424	-1063.635	67.09238	0.7474294	1.48667	1.748661
67200	-991.0206	-1058.543	67.52291	0.8904156	0.9195844	1.696261
67206	-996.461	-1063.546	67.08456	0.8058047	1.073261	1.950408
67212	-997.0184	-1064.762	67.74343	0.9251245	1.142649	1.3424
67218	-1001.406	-1068.633	67.22635	0.623989	1.00686	2.020257
67224	-995.0616	-1062.943	67.88172	0.7923157	0.803651	1.602224
67230	-994.3068	-1061.538	67.23094	0.9985834	0.9693354	1.788743
67236	-998.5111	-1065.567	67.05636	0.6380951	1.480493	1.852454
67242	-996.7909	-1063.501	66.70979	0.553145	1.416698	2.171795
67248	-997.3331	-1064.709	67.3763	0.518361	0.9075413	2.058917
67254	-995.524	-1062.587	67.06328	0.8313784	0.9075413	2.058917
67260	-996.8928	-1063.828	66.93567	0.4853617	1.041574	2.277872
67266	-993.8796	-1061.425	67.54561	0.5357102	1.041574	1.841358
67272	-991.8075	-1058.915	67.10735	0.7146438	1.041574	2.016431
67278	-999.9951	-1067.716	67.72091	0.6269113	0.5954213	2.016431
67284	-997.5031	-1065.139	67.63632	0.901213	1.127599	1.455039
67290	-996.2904	-1064.025	67.73462	1.177726	1.232017	1.065946
67296	-1000.998	-1069.152	68.15344	1.110013	0.7357462	1.207218
67302	-1000.632	-1068.054	67.42156	1.159494	1.801513	0.9812998
67308	-992.0667	-1060.261	68.19422	1.268325	0.7964398	0.9518564
67314	-994.1231	-1062.476	68.35322	0.9238065	0.6688667	1.268694
67320	-993.7535	-1061.651	67.89747	1.01821	0.7107602	1.50832
67326	-999.3496	-1067.014	67.66445	0.9317206	0.9926734	1.50832
67332	-992.6269	-1059.883	67.25609	0.5962441	1.066282	1.980361
67338	-991.5365	-1059.794	68.25709	1.111896	0.6765526	1.182302
67344	-996.4265	-1064.367	67.94007	1.218442	1.044324	0.9923236
67350	-992.3931	-1060.224	67.83129	1.145331	1.044324	1.162343
67356	-1000.371	-1068.403	68.03207	1.10182	0.9227225	1.132162
67362	-1003.685	-1071.578	67.89393	1.129226	1.246695	0.9430525
67368	-991.382	-1059.255	67.87287	1.185185	1.246695	0.905027
67374	-994.4008	-1062.248	67.84721	0.9460605	1.280381	1.137709
67380	-1001.395	-1069.474	68.07902	0.7424429	0.929348	1.386022
67386	-1002.134	-1070.111	67.97741	0.7844958	0.7879257	1.551527
67392	-996.8341	-1063.96	67.12597	0.7785844	1.400874	1.748762
67398	-996.1064	-1063.554	67.44746	0.7545797	1.054909	1.748762
67404	-997.8902	-1065.089	67.19879	0.9006725	1.261529	1.690472
67410	-998.1225	-1065.774	67.65114	0.9197706	1.275109	1.328654
67416	-995.34	-1062.753	67.41256	0.9269588	1.153634	1.585045
67422	-1000.715	-1068.068	67.35348	0.8231464	1.153634	1.702126
67428	-1006.01	-1073.725	67.71522	0.8349339	0.8899602	1.621175
67434	-1016.233	-1084.123	67.89088	1.840084	0.728513	0.3309209
67440	-1004.15	-1072.228	68.0776	1.661719	0.7805661	0.4685192
67446	-1006.905	-1075.183	68.2786	1.540128	0.6603512	0.7211346
67452	-1001.642	-1069.413	67.77052	1.447681	1.101345	0.8691888
67458	-1006.945	-1074.686	67.74096	1.451071	1.235087	0.7470576
67464	-1003.84	-1072.069	68.22921	1.497329	0.7327009	0.7172958
67470	-998.5258	-1066.533	68.00762	1.62176	0.8072945	0.7279664
67476	-998.6967	-1066.39	67.69373	1.560099	1.212363	0.6757622
67482	-1001.913	-1068.809	66.89617	0.7395287	0.9080803	2.227442
67488	-998.1314	-1064.23	66.09813	0.5558434	1.06636	2.742258
67494	-999.6397	-1065.895	66.25487	0.1393202	1.36663	2.742258
67500	-997.9251	-1064.813	66.88776	0.1585861	0.9698193	2.55917
67506	-993.9643	-1060.513	66.54861	0.3427494	1.130406	2.55917
67512	-1000.43	-1066.655	66.22453	0.4378611	1.725361	2.415729
67518	-1003.615	-1070.491	66.87608	0.2958369	1.638079	2.126539
67524	-996.6884	-1062.841	66.15279	0.4245296	1.076611	2.783113
67530	-989.5309	-1056.684	67.15339	0.4782964	1.076611	2.119806
67536	-991.0889	-1058.921	67.83161	0.8974116	0.7708193	1.590739
67542	-995.4602	-1062.747	67.28659	1.269106	1.492094	1.200766
67548	-998.3044	-1066.368	68.06325	1.233012	0.721576	1.194448
67554	-998.6107	-1066.352	67.74172	1.065004	0.721576	1.578667
67560	-998.5387	-1065.905	67.36619	0.5993613	1.098641	1.883412
67566	-995.3536	-1062.752	67.39847	0.4569936	0.9177777	2.077536
67572	-993.0878	-1059.818	66.73052	0.4468876	0.974912	2.474143
67578	-989.3435	-1056.673	67.32979	0.6106956	1.300681	1.779354
67584	-994.0937	-1061.987	67.89292	1.002078	1.156091	1.142518
67590	-1000.275	-1067.481	67.20551	1.060046	1.387739	1.494959
67596	-992.3898	-1060.173	67.78316	0.8889529	0.9054639	1.519365
67602	-995.3503	-1062.783	67.43299	0.8208259	1.180868	1.629662
67608	-997.3008	-1064.958	67.65756	0.7937165	0.9040647	1.681115
67614	-997.8503	-1065.208	67.35806	0.6637391	0.9368836	1.953469
67620	-991.3564	-1058.78	67.4236	0.769882	1.040592	1.76441
67626	-986.5807	-1054.062	67.48162	0.7762459	1.001777	1.746111
67632	-986.1065	-1053.766	67.65926	0.7472939	0.7011616	1.878942
67638	-993.1339	-1060.986	67.85245	1.107477	0.7728823	1.415779
67644	-987.2296	-1055.437	68.20776	1.102489	0.7728823	1.126203
67650	-996.6142	-1064.24	67.62573	0.8277128	1.312693	1.397015
67656	-990.7002	-1058.126	67.42624	0.9646225	1.378213	1.404995
67662	-991.4879	-1059.129	67.64099	0.8703078	1.230985	1.404995
67668	-997.6689	-1065.008	67.33931	0.8509329	1.157489	1.690022
67674	-998.7154	-1066.641	67.92531	0.8136172	0.8598432	1.506866
67680	-996.4511	-1064.13	67.67907	0.799464	1.184549	1.46108
67686	-991.6309	-1058.441	66.81005	0.6104335	1.325454	2.115894
67692	-995.6085	-1062.813	67.20484	0.6902134	1.344172	1.786474
67698	-993.1123	-1060.399	67.287	0.8350907	0.9204156	1.89749
67704	-998.7072	-1066.626	67.91857	1.013367	0.8254418	1.389274
67710	-1005.119	-1072.581	67.46198	1.016586	1.480748	1.272561
67716	-1006.542	-1074.057	67.51505	1.261009	1.140565	1.256545
67722	-1008.486	-1076.617	68.13067	0.8852281	0.6295527	1.514973
67728	-1003.896	-1071.78	67.88367	0.9809674	0.750181	1.509291
67734	-1009.845	-1076.609	66.76387	0.8542198	1.768521	1.767617
67740	-1001.79	-1068.646	66.85631	0.8598467	1.621721	1.767617
67746	-1004.082	-1071.96	67.87816	0.6685196	0.8906156	1.623165
67752	-1006.92	-1074.004	67.08424	0.7992401	1.17461	1.892305
67758	-1004.959	-1072.539	67.57952	0.7575985	1.17461	1.573121
67764	-1009.735	-1077.19	67.45528	0.8363479	0.9375362	1.768466
67770	-1014.859	-1082.301	67.44218	0.830322	1.346752	1.513966
67776	-1012.604	-1080.2	67.59616	1.053946	1.381563	1.191763
67782	-1004.276	-1072.103	67.82762	0.8431306	1.1716	1.319872
67788	-1008.597	-1076.252	67.65519	0.6813223	1.024214	1.674837
67794	-1001.395	-1069.231	67.83605	0.9024987	0.879148	1.491073
67800	-1009.469	-1076.762	67.29334	0.554661	1.12408	1.947055
67806	-1003.944	-1070.207	66.26339	0.6744227	1.030481	2.588873
67812	-993.5073	-1060.859	67.35135	0.3745494	0.9793842	2.120501
67818	-994.0551	-1060.936	66.88062	0.2462442	1.509199	2.215066
67824	-1005.393	-1071.481	66.08775	0.4129444	1.231542	2.74492
67830	-1000.937	-1067.156	66.21853	0.1991743	0.9858954	2.933585
67836	-989.6389	-1056.829	67.19033	0.2901024	1.246732	2.119249
67842	-990.6705	-1057.977	67.30682	0.2836994	1.121721	2.119249
67848	-989.8717	-1057.035	67.16308	0.3788547	1.121721	2.150971
67854	-990.1079	-1057.224	67.11649	0.6682079	1.121721	1.990931
67860	-983.9618	-1051.106	67.14452	0.782463	1.370903	1.749436
67866	-993.4372	-1060.889	67.45211	0.5713965	1.196666	1.782783
67872	-993.2279	-1060.871	67.64273	0.6699708	1.109979	1.633352
67878	-992.9065	-1060.002	67.09591	0.7166927	1.109979	1.979505
67884	-996.5019	-1063.881	67.37927	0.5863491	1.109979	1.876201
67890	-995.1793	-1062.074	66.89499	0.7993382	0.9804738	2.140401
67896	-990.1947	-1056.711	66.51624	0.52978	0.9259779	2.587691
67902	-996.3769	-1063.798	67.42128	0.5897064	1.132707	1.83086
67908	-997.1634	-1064.243	67.07914	0.5300755	1.40935	1.946795
67914	-993.9728	-1060.815	66.84259	0.5408012	0.8319396	2.441788
67920	-994.1876	-1062.381	68.19369	1.396	0.8519141	0.7088939
67926	-1000.545	-1068.793	68.24768	1.336738	0.8725302	0.6770041
67932	-999.1448	-1066.948	67.8032	1.466927	1.222618	0.6206879
67938	-999.0697	-1066.645	67.57548	1.731344	1.204776	0.4572815
67944	-1000.059	-1067.29	67.231	1.865679	1.359994	0.3208358
67950	-990.1509	-1058.292	68.14072	1.590392	0.7885017	0.5199698
67956	-999.5068	-1067.397	67.89053	1.496146	1.030162	0.7351378
67962	-1003.56	-1071.164	67.60395	1.55982	1.382849	0.4884083
67968	-999.5053	-1067.265	67.76012	1.63585	1.1096	0.5006651
67974	-996.7291	-1064.404	67.67498	1.654423	1.183174	0.5095874
67980	-999.9412	-1068.062	68.12103	1.654423	0.752242	0.4853951
67986	-996.8701	-1065.286	68.416	1.654423	0.5156907	0.6514939
67992	-1000.394	-1068.539	68.14455	1.446976	0.8774575	0.65162
67998	-997.0245	-1065.202	68.17791	1.635816	0.6923298	0.65162
68004	-995.0905	-1063.153	68.06216	1.986537	0.5396959	0.4026657
68010	-995.6084	-1063.39	67.78119	1.96733	0.7301796	0.3520839
68016	-999.8288	-1067.069	67.2405	1.96733	1.206163	0.3070843
68022	-994.3034	-1061.408	67.10464	1.96733	1.333842	0.2857999
68028	-995.9966	-1063.477	67.48066	1.983964	0.9090558	0.2857999
68034	-997.0642	-1064.423	67.35878	2.039373	1.011088	0.3149178
68040	-995.1786	-1062.635	67.45602	1.936407	1.011088	0.3101481
68046	-993.7036	-1061.248	67.54454	1.952188	0.8830128	0.2883924
68052	-991.7719	-1058.913	67.14074	2.091087	1.03446	0.2304498
68058	-1001.941	-1069.012	67.07165	2.282541	0.8061564	0.1872067
68064	-996.5437	-1062.955	66.41098	2.282541	1.378139	0.1565779
68070	-1004.125	-1071.369	67.2443	2.175655	0.7724307	0.195114
68076	-1001.838	-1069.044	67.20568	2.227674	0.8519877	0.2350362
68082	-993.3531	-1061.553	68.20041	1.253198	0.808456	0.9463484
68088	-998.8303	-1066.834	68.00389	1.121424	0.9653582	1.099604
68094	-1001.1	-1068.827	67.72638	1.074882	0.9213264	1.408373
68100	-997.7859	-1065.67	67.88391	1.316757	1.090236	0.9012582
68106	-997.9382	-1065.841	67.9033	1.044168	1.151277	1.099044
68112	-1002.675	-1070.481	67.80618	0.9237717	1.151277	1.286576
68118	-996.8183	-1064.545	67.72713	0.9918044	0.8568504	1.524283
68124	-1001.743	-1069.126	67.38292	1.13444	1.203119	1.418904
68130	-995.212	-1062.859	67.64678	1.07557	1.093092	1.335837
68136	-996.6769	-1063.614	66.93686	0.7692751	1.107252	2.051978
68142	-997.5178	-1065.048	67.5304	0.7447941	0.8189946	1.86994
68148	-996.982	-1064.426	67.44419	0.7572167	0.8189946	1.920053
68154	-1004.627	-1072.406	67.77865	1.028666	0.934776	1.392606
68160	-1008.132	-1075.458	67.32505	0.8097751	1.082522	1.777339
68166	-1006.762	-1074.065	67.3034	0.9103364	1.646774	1.390089
68172	-1000.264	-1068.503	68.23862	1.19223	0.7143701	1.082598
68178	-999.6976	-1067.5	67.8028	1.04413	0.9943554	1.312604
68184	-1001.441	-1069.304	67.8625	1.00058	0.917316	1.36336
68190	-1000.965	-1068.697	67.732	0.9557199	1.116396	1.346214
68196	-999.2138	-1067.252	68.03857	1.042865	0.9179766	1.182792
68202	-1004.351	-1072.593	68.24108	0.8496335	0.807575	1.278872
68208	-998.3597	-1066.479	68.11884	1.217486	0.7516578	1.126091
68214	-993.4457	-1061.532	68.08594	1.453484	0.7671116	0.9067479
68220	-997.211	-1065.38	68.16856	1.426003	0.6613885	0.9919266
68226	-996.817	-1064.599	67.78194	1.482295	1.175364	0.7148641
68232	-1005.966	-1073.584	67.61853	1.482295	1.435295	0.6145228
68238	-1012.514	-1080.585	68.07107	1.521557	0.7720968	0.8372452
68244	-1004.079	-1071.234	67.15491	0.7592552	1.515046	1.681479
68250	-1001.519	-1069.38	67.86088	1.300498	0.8803142	1.148496
68256	-998.3816	-1065.833	67.45165	1.07889	1.16527	1.434402
68262	-994.3808	-1062.298	67.91744	0.9177147	0.6794308	1.597924
68268	-993.4051	-1060.996	67.5909	0.9610009	0.9865918	1.545789
68274	-1003.444	-1071.352	67.90777	0.9554365	0.9373862	1.346431
68280	-1004.607	-1072.413	67.80629	0.6892867	0.9491415	1.615065
68286	-995.2892	-1063.114	67.82464	0.8308432	0.8043763	1.615065
68292	-1000.004	-1068.083	68.07951	0.8536156	0.7642325	1.444468
68298	-994.4669	-1062.11	67.64312	0.9658881	0.7642325	1.682922
68304	-993.4738	-1060.914	67.44064	0.8452377	0.9767062	1.744195
68310	-988.4196	-1055.081	66.66193	0.462413	1.314567	2.312882
68316	-987.027	-1054.323	67.2957	0.2096103	0.9425309	2.287737
68322	-988.9858	-1055.799	66.81275	0.4506691	1.159782	2.30829
68328	-990.1031	-1057.203	67.10008	0.8101782	1.157743	1.884307
68334	-992.9077	-1060.112	67.20461	0.6999861	1.157743	1.888165
68340	-993.6321	-1060.722	67.08996	0.6996273	1.295987	1.88577
68346	-991.5141	-1058.642	67.1275	0.712233	0.9352244	2.075726
68352	-996.9449	-1063.669	66.72373	0.6547278	1.731374	1.948162
68358	-991.4189	-1058.828	67.40912	0.8950147	0.7701713	1.88968
68364	-999.3387	-1066.5	67.16177	0.7061753	1.078584	1.962087
68370	-994.5054	-1061.406	66.90077	0.6765218	1.078584	2.154094
68376	-992.8057	-1060.012	67.20643	0.5764134	0.9837478	2.080232
68382	-989.4094	-1057.025	67.61604	0.8019271	1.186475	1.505489
68388	-993.0785	-1060.623	67.54409	0.643166	0.9742014	1.814549
68394	-995.7213	-1062.504	66.78254	0.4575377	0.7766608	2.5719
68400	-998.3032	-1064.981	66.67734	0.5980962	1.312801	2.21685
68406	-996.1006	-1063.113	67.01203	0.578183	1.312801	2.010646
68412	-997.0085	-1063.361	66.35201	0.2562	1.056719	2.775832
68418	-993.7724	-1060.314	66.54107	0.4954671	1.132102	2.467587
68424	-999.7603	-1066.478	66.71817	0.4752035	0.9097846	2.506761
68430	-995.8042	-1062.584	66.78008	0.6246928	1.196826	2.196403
68436	-993.4196	-1060.931	67.51176	0.8875766	0.9932314	1.651936
68442	-990.5814	-1058.195	67.61375	0.9293719	0.9932314	1.547333
68448	-994.5212	-1062.261	67.74003	0.8931124	1.313161	1.252299
68454	-997.9238	-1065.657	67.73367	1.238536	1.313161	0.9385787
68460	-995.0583	-1063.275	68.21672	1.491885	0.7335258	0.7440662
68466	-996.6255	-1064.142	67.51641	1.488608	1.478736	0.7369576
68472	-1001.98	-1070.049	68.06855	1.440768	0.8767739	0.7883248
68478	-996.7363	-1064.617	67.8807	1.44838	1.154202	0.623499
68484	-995.7729	-1063.964	68.19088	1.551673	0.7691382	0.5837692
68490	-997.329	-1064.702	67.37291	1.741685	1.433987	0.4324909
68496	-992.3993	-1060.287	67.88805	1.821311	0.7997044	0.4351143
68502	-986.5612	-1054.402	67.8407	1.821311	0.7997044	0.3501076
68508	-996.9811	-1064.293	67.31179	1.847654	1.320187	0.3526197
68514	-999.3106	-1067.166	67.85542	1.690213	0.95409	0.4660645
68520	-1005.638	-1072.25	66.61169	0.5452493	1.350889	2.273359
68526	-1006.173	-1072.662	66.48884	0.4558183	1.509226	2.331848
68532	-1001.86	-1069.027	67.16671	0.7057281	1.227843	1.868258
68538	-1005.057	-1072.563	67.50628	0.8973119	1.017702	1.63135
68544	-1012.923	-1079.83	66.90705	1.864654	1.929165	0.409744
68550	-1004.851	-1072.734	67.88265	1.817471	0.7949426	0.3980984
68556	-1004.541	-1072.348	67.80668	1.817471	0.818413	0.3329289
68562	-1006.423	-1073.588	67.16508	1.870282	1.371298	0.28133
68568	-1004.317	-1071.963	67.64605	2.087105	0.6837494	0.2862318
68574	-998.3623	-1066.201	67.83823	1.877421	0.7641258	0.3637433
68580	-998.7358	-1066.474	67.73836	1.776134	0.9868749	0.4973125
68586	-994.6756	-1062.377	67.70123	1.79614	0.9868749	0.413044
68592	-993.0517	-1060.827	67.77537	1.79634	0.9312159	0.4890359
68598	-993.8333	-1061.606	67.77258	1.79634	0.9312159	0.462072
68604	-993.2064	-1061.161	67.95486	1.715953	0.8206067	0.3996133
68610	-989.6384	-1057.012	67.37374	1.715953	1.471507	0.4443813
68616	-998.3104	-1066.357	68.0467	1.715953	0.7575561	0.4443813
68622	-999.0032	-1066.68	67.67666	1.750636	1.049831	0.396183
68628	-1002.058	-1069.464	67.40672	1.750636	1.389861	0.4757762
68634	-997.7506	-1065.398	67.64702	1.695619	1.151772	0.4186245
68640	-990.3122	-1058.423	68.11067	1.695619	0.7257694	0.4640481
68646	-995.7546	-1063.847	68.09254	1.74369	0.7033745	0.4732991
68652	-995.1093	-1062.967	67.85741	1.630277	0.9894454	0.6182996
68658	-1006.347	-1074.52	68.17276	1.780808	0.6116162	0.4352484
68664	-1002.211	-1069.217	67.00663	1.958564	1.464249	0.2820586
68670	-998.5465	-1066.06	67.51395	1.917641	0.8955703	0.2575447
68676	-998.646	-1066.083	67.437	2.059671	0.7617049	0.2174311
68682	-998.3885	-1065.569	67.18019	2.263168	0.8061964	0.2174311
68688	-995.5137	-1062.535	67.02152	2.398916	0.8061964	0.2089128
68694	-994.8796	-1062.247	67.36718	2.262316	0.641945	0.2089128
68700	-1003.037	-1070.285	67.24835	2.318265	0.6885097	0.2089128
68706	-1004.211	-1071.303	67.09135	2.195845	0.8471659	0.1814435
68712	-998.1428	-1065.285	67.14212	2.093878	1.074601	0.2502107
68718	-1000.799	-1067.677	66.8774	2.004398	1.501063	0.2502107
68724	-999.7912	-1067.018	67.22666	1.980637	1.132631	0.2635048
68730	-996.6561	-1064.393	67.73693	1.80519	0.8898452	0.3312783
68736	-997.2454	-1064.561	67.31575	1.80519	1.371582	0.3556824
68742	-1006.236	-1073.595	67.35873	1.86399	1.21354	0.3253799
68748	-997.3436	-1065.29	67.94677	1.86399	0.7146086	0.425146
68754	-999.6956	-1068.002	68.30607	1.844254	0.4832818	0.4263042
68760	-1003.177	-1071.033	67.8565	2.020598	0.6689343	0.446829
68766	-991.7583	-1058.744	66.98566	2.049303	1.346782	0.2691927
68772	-989.5972	-1056.83	67.23309	2.049303	1.054188	0.2644773
68778	-993.8446	-1061.03	67.18489	1.991661	1.089135	0.2291735
68784	-997.7487	-1065.108	67.35912	1.967829	1.089135	0.3184202
68790	-1003.95	-1070.823	66.87305	2.020673	1.574844	0.2879909
68796	-1004.071	-1071.23	67.15852	2.285299	0.8064998	0.2177444
68802	-993.7531	-1060.332	66.57868	2.19303	1.395661	0.1798022
68808	-995.9862	-1062.337	66.35118	2.19303	1.71345	0.1798022
68814	-1001.325	-1068.603	67.27724	2.240153	0.7614634	0.2255535
68820	-1006.798	-1073.549	66.75156	2.081332	1.553556	0.2448693
68826	-1006.955	-1073.898	66.9426	2.097466	1.146947	0.1981773
68832	-1026.681	-1093.866	67.18525	0.2053778	0.959626	2.34953
68838	-1025.148	-1092.154	67.00572	0.501632	1.051825	2.215986
68844	-1003.614	-1071.724	68.11004	1.367041	0.957666	0.7064715
68850	-1003.233	-1070.985	67.75164	1.299066	1.318192	0.8444388
68856	-1002.378	-1070.421	68.04311	1.31794	0.9548163	0.8701457
68862	-1001.347	-1069.307	67.95978	1.283451	0.9548163	0.9972028
68868	-999.4656	-1067.52	68.05427	1.150769	1.013904	0.975284
68874	-1000.765	-1068.328	67.56279	1.426015	1.246088	0.9793919
68880	-1000.821	-1069	68.17944	1.240868	0.7848443	1.009054
68886	-998.9118	-1066.968	68.05627	1.040858	0.8822203	1.202578
68892	-1001.515	-1069	67.48491	0.7826979	1.098888	1.67305
68898	-1004.479	-1071.759	67.27958	1.230973	1.322161	1.346034
68904	-1005.024	-1072.269	67.24501	0.9698494	0.876441	1.866762
68910	-1001.906	-1069.366	67.4601	1.075397	0.8440748	1.66837
68916	-1004.453	-1071.545	67.09223	0.9612836	1.268343	1.718947
68922	-1005.178	-1072.384	67.20637	0.6528991	1.048471	1.987145
68928	-999.2874	-1067.226	67.93853	0.8499623	0.7790472	1.539738
68934	-998.0761	-1065.826	67.74961	0.9068568	0.9194928	1.519829
68940	-1008.277	-1075.9	67.62259	0.9747043	0.9194928	1.563617
68946	-1013.349	-1080.516	67.16619	0.865059	0.6805937	2.146725
68952	-1009.935	-1076.513	66.57815	0.319059	1.69926	2.277505
68958	-1006.418	-1073.003	66.58506	0.2292477	0.9740633	2.699756
68964	-1009.331	-1077.318	67.98636	1.037556	0.9185716	1.231346
68970	-1003.98	-1072.217	68.23713	1.048107	0.9185716	0.9932405
68976	-1011.572	-1079.562	67.98938	1.048107	0.9185716	1.219889
68982	-1004.325	-1071.574	67.24911	0.9329659	1.002786	1.7982
68988	-1014.559	-1081.68	67.1202	0.8379189	0.6193802	2.248477
68994	-1008.354	-1075.658	67.30403	0.6517826	0.8786693	2.039249
69000	-1002.495	-1069.292	66.79656	0.7107656	1.376698	2.031799
69006	-996.7449	-1063.767	67.02174	0.7557611	1.063765	2.031799
69012	-1001.744	-1069.685	67.94061	0.8803112	0.9519506	1.367874
69018	-1004.218	-1072.332	68.11395	1.082686	0.7144023	1.285628
69024	-1002.766	-1070.719	67.95314	1.68189	0.8726543	0.4904063
69030	-1013.198	-1080.007	66.80876	0.4128979	1.410243	2.201769
69036	-1011.473	-1078.025	66.55269	0.4783797	1.415163	2.321688
69042	-995.9986	-1064.166	68.16779	1.774524	0.6247744	0.5298947
69048	-994.5865	-1062.049	67.46223	1.774524	1.290027	0.4706261
69054	-1003.93	-1071.192	67.26259	1.617287	1.785066	0.5030686
69060	-1000.375	-1068.376	68.00115	1.352097	0.9360855	0.9015398
69066	-994.3108	-1062.309	67.99867	1.413132	0.9360855	0.8323128
69072	-1009.539	-1077.121	67.58221	1.666841	1.270518	0.555207
69078	-1006.941	-1075.199	68.25786	1.610062	0.5832448	0.8082236
69084	-1001.964	-1069.937	67.97258	1.649595	0.8424148	0.6692642
69090	-995.5567	-1063.378	67.82095	1.687781	0.9792982	0.5865843
69096	-999.6119	-1067.192	67.58007	1.436319	1.567016	0.5761602
69102	-1003.201	-1071.228	68.02752	1.482723	0.990228	0.4792749
69108	-994.3976	-1062.312	67.91463	1.563025	1.02387	0.501556
69114	-1002.633	-1070.457	67.82367	1.722573	0.933398	0.6161206
69120	-1000.888	-1068.707	67.81933	1.74257	0.9401198	0.5188129
69126	-1001.164	-1069.397	68.23355	1.721938	0.6124588	0.5570885
69132	-997.8309	-1065.844	68.01272	1.668571	0.8051122	0.6348833
69138	-995.0561	-1062.736	67.68017	1.607135	1.221012	0.571531
69144	-996.8728	-1064.131	67.25863	1.839001	1.315771	0.2934077
69150	-998.1505	-1065.423	67.27253	2.02681	1.014568	0.2528567
69156	-1001.707	-1068.843	67.13642	2.02681	1.185519	0.2653325
69162	-1007.807	-1074.914	67.10686	2.182303	0.922591	0.208411
69168	-992.4576	-1059.398	66.94082	2.182303	1.055219	0.1974269
69174	-997.3895	-1064.427	67.03732	2.322919	0.6950241	0.1534014
69180	-994.2819	-1060.535	66.25268	2.322919	1.515525	0.1534014
69186	-988.3362	-1054.805	66.46926	2.279464	1.266712	0.1488895
69192	-992.6556	-1059.041	66.38538	2.328059	1.266712	0.1416655
69198	-991.7229	-1058.304	66.58083	2.328059	1.168593	0.1662551
69204	-999.4	-1066.481	67.08074	2.08905	1.020639	0.2017576
69210	-997.8912	-1064.881	66.98982	2.237806	0.9921749	0.2121747
69216	-1006.101	-1072.943	66.84246	2.31361	1.065243	0.2121747
69222	-998.6258	-1066.184	67.55803	0.9299175	0.7853137	1.750354
69228	-1003.278	-1070.268	66.98986	0.6426982	1.492838	1.888468
69234	-998.7072	-1065.638	66.93119	0.649385	1.074651	2.154376
69240	-1002.301	-1068.925	66.62422	0.6184065	1.18088	2.309599
69246	-1007.497	-1075.174	67.67721	0.7520108	0.6985016	1.865844
69252	-1002.076	-1069.112	67.03647	0.7518898	0.6952458	2.291047
69258	-990.5617	-1058.233	67.67159	0.8798098	0.8146718	1.681126
69264	-1000.874	-1069.035	68.16119	0.9947948	0.9677099	1.068907
69270	-994.1074	-1061.906	67.79875	0.9947948	1.10341	1.27027
69276	-1001.489	-1069.568	68.0786	0.9104561	0.7812606	1.385269
69282	-994.4618	-1062.463	68.00115	1.065254	0.7812606	1.323962
69288	-995.2827	-1062.809	67.52637	0.9554301	1.243621	1.419506
69294	-994.5333	-1062.699	68.16562	0.8840519	0.7617899	1.356131
69300	-989.3322	-1057.541	68.20867	1.013876	0.7617899	1.214576
69306	-992.2011	-1059.528	67.32675	0.9982675	1.528385	1.368074
69312	-995.2802	-1062.918	67.63781	0.9932603	1.059823	1.431957
69318	-997.0709	-1065.224	68.15337	1.011634	0.681679	1.34556
69324	-999.6797	-1067.447	67.76707	1.163875	1.306325	0.9873018
69330	-993.5443	-1061.277	67.73311	1.21017	1.263057	1.010775
69336	-995.3637	-1063.225	67.86158	1.123397	1.214041	1.010775
69342	-991.8855	-1059.476	67.5901	0.9368423	1.03833	1.526288
69348	-994.0313	-1061.888	67.85624	0.8510949	0.8095229	1.572886
69354	-987.2062	-1054.504	67.29776	0.7622391	1.085214	1.82737
69360	-991.0527	-1058.176	67.12313	0.8132542	1.454221	1.697673
69366	-996.713	-1063.746	67.03295	0.914489	1.232533	1.814022
69372	-998.6764	-1065.498	66.82158	0.6410932	1.400585	2.049048
69378	-993.2374	-1060.694	67.45681	0.9277779	0.9860314	1.667681
69384	-997.044	-1064.733	67.68912	1.008669	0.9818519	1.439694
69390	-992.8806	-1060.671	67.79022	1.306774	1.270915	0.8352843
69396	-992.9556	-1060.501	67.54541	1.052832	1.364197	1.247294
69402	-998.9964	-1066.705	67.70828	0.8276933	0.836762	1.673973
69408	-991.235	-1058.022	66.78703	0.6913782	1.105788	2.201747
69414	-998.3806	-1066.028	67.64714	0.8694757	1.105788	1.486088
69420	-992.7391	-1060.062	67.32247	0.8895263	0.8951358	1.854729
69426	-993.9868	-1061.044	67.05721	0.7351954	0.8951358	2.134855
69432	-989.4451	-1056.584	67.13857	0.6496042	1.052465	2.031905
69438	-1002.22	-1069.194	66.97414	0.4940743	0.878799	2.354943
69444	-1003.38	-1070.107	66.72676	0.5256016	0.9132614	2.467514
69450	-999.2943	-1066.918	67.62397	0.6082934	0.7216759	1.978785
69456	-997.1214	-1063.957	66.83544	0.5346404	1.502723	2.059391
69462	-993.4058	-1060.435	67.02904	0.5346404	1.255993	2.059391
69468	-986.4366	-1054.062	67.6252	0.7156252	0.6519495	1.967716
69474	-996.2926	-1063.36	67.06733	0.5000715	1.443498	1.957382
69480	-1007.721	-1075.237	67.51591	1.047897	0.5241754	1.944797
69486	-993.7227	-1061.035	67.31272	0.8062096	1.171942	1.731302
69492	-1001.557	-1068.681	67.12359	0.4669988	0.8534881	2.294936
69498	-993.1346	-1060.372	67.23774	0.5828223	0.8534881	2.146521
69504	-998.3857	-1065.301	66.91567	0.2509969	1.601424	2.146521
69510	-1002.487	-1069.797	67.30954	0.3161478	0.7401505	2.358117
69516	-1000.158	-1066.863	66.70561	0.4996078	0.834636	2.551255
69522	-1008.533	-1076.137	67.60418	0.762959	1.113966	1.591228
69528	-1003.802	-1071.531	67.72975	0.6546205	0.8458049	1.773513
69534	-997.6511	-1065.41	67.75935	0.7351997	0.8205911	1.716539
69540	-1000.73	-1067.717	66.98692	0.7293446	1.44597	1.855213
69546	-1000.068	-1067.066	66.99833	0.2984494	1.202369	2.262902
69552	-1005.633	-1072.172	66.53867	0.7673981	1.427907	2.138134
69558	-1002.131	-1069.169	67.03861	0.688811	0.9516175	2.138134
69564	-1002.035	-1069.471	67.43566	0.7178524	0.9516175	1.853717
69570	-1003.298	-1069.86	66.56205	0.6588433	1.411782	2.201498
69576	-1003.226	-1070.587	67.36132	0.3278437	1.095744	2.070248
69582	-1006.132	-1072.712	66.58024	0.3338271	0.9247771	2.669954
69588	-1003.016	-1069.815	66.7989	0.212026	0.9589113	2.588104
69594	-991.6134	-1059.651	68.03786	1.847127	0.6415281	0.3781688
69600	-997.7836	-1065.287	67.50359	1.951377	0.9244838	0.290433
69606	-1007.224	-1074.233	67.00934	1.992478	1.392775	0.2710001
69612	-1004.995	-1072.318	67.32373	0.6629854	1.074516	1.884431
69618	-1003.952	-1071.123	67.1713	0.7114728	1.259212	1.842977
69624	-1004.339	-1071.298	66.959	0.7221063	1.259212	1.979555
69630	-1005.413	-1073.04	67.6272	0.9006825	0.9934967	1.558374
69636	-1005.055	-1072.586	67.53133	0.7503618	1.120369	1.648769
69642	-993.7483	-1061.291	67.54293	0.9007215	0.9541159	1.648769
69648	-993.7259	-1061.567	67.84156	0.897833	0.8906278	1.480957
69654	-1001.922	-1070.004	68.08251	0.8484864	0.7272963	1.480957
69660	-999.0142	-1066.856	67.84179	1.042385	0.6898326	1.551937
69666	-1001.92	-1069.713	67.79338	0.9678476	1.201739	1.223472
69672	-1007.737	-1075.328	67.59102	0.8306931	0.8714039	1.727301
69678	-1008.284	-1075.852	67.56777	0.7439036	1.295502	1.515699
69684	-1011.044	-1077.406	66.36219	2.189246	1.705992	0.1804427
69690	-1008.094	-1075.149	67.05477	2.126832	0.9973403	0.1979872
69696	-1007.893	-1075.013	67.12046	2.126832	0.9877412	0.2179092
69702	-1003.004	-1070.215	67.21103	2.126832	0.9666028	0.2479484
69708	-1003.096	-1069.983	66.88698	2.154715	1.188452	0.2115475
69714	-1005.01	-1072.078	67.06781	2.075917	1.084225	0.2142705
69720	-997.236	-1064.148	66.91234	2.122616	1.330396	0.2617606
69726	-996.9154	-1064.343	67.42746	2.017566	0.8589736	0.2440079
69732	-998.5686	-1065.959	67.39082	2.023297	0.8655178	0.2332389
69738	-1004.023	-1070.946	66.92295	2.097703	1.233687	0.2183728
69744	-1002.476	-1069.582	67.10591	2.097703	1.095222	0.2438648
69750	-1003.003	-1070.843	67.8402	0.9868775	0.7088843	1.575668
69756	-1004.576	-1072.321	67.74466	1.108604	1.134362	1.196115
69762	-997.9369	-1065.744	67.80717	1.046097	1.134362	1.196115
69768	-999.0819	-1066.399	67.31711	0.8635023	1.020125	1.787289
69774	-1004.257	-1071.416	67.15845	0.7651766	1.421291	1.724333
69780	-1002.163	-1069.695	67.5323	0.6584412	1.079258	1.740429
69786	-1001.805	-1069.518	67.7139	0.696399	1.029337	1.618247
69792	-1008.169	-1076.005	67.83599	0.9621896	0.8397902	1.479339
69798	-1002.949	-1070.916	67.96655	1.224779	1.207632	0.7821818
69804	-998.1072	-1066.126	68.0185	1.328423	0.8680756	0.9864337
69810	-1000.782	-1068.87	68.08836	1.255328	0.8709896	0.9864337
69816	-993.8761	-1061.306	67.42968	0.9774908	1.168979	1.525085
69822	-995.3623	-1063.335	67.97216	1.143148	0.8483654	1.219221
69828	-1002.294	-1070.664	68.37013	1.107665	0.5693821	1.219221
69834	-997.0042	-1063.403	66.39925	0.7715369	1.30181	2.28986
69840	-1000.406	-1067.55	67.14362	0.7238395	0.8560997	2.113961
69846	-998.4689	-1065.759	67.28981	0.8361155	1.082197	1.783745
69852	-992.9983	-1060.369	67.37078	0.8361155	1.082197	1.727131
69858	-997.1996	-1064.237	67.03716	0.8182797	1.082197	1.968188
69864	-996.5606	-1063.916	67.35537	0.8205297	1.082197	1.748892
69870	-996.284	-1063.48	67.19646	0.8920882	1.082197	1.809637
69876	-990.8026	-1058.123	67.32054	0.6557509	1.109326	1.869329
69882	-992.7941	-1060.103	67.3087	0.5867865	1.070518	1.948716
69888	-989.5641	-1057.239	67.67508	0.7569327	0.9634619	1.650204
69894	-992.3713	-1059.691	67.31998	0.7968234	1.308792	1.650204
69900	-989.0406	-1056.295	67.25399	0.647505	1.021372	1.976568
69906	-990.5346	-1058.046	67.51181	0.4439422	1.073404	1.906177
69912	-991.1412	-1057.58	66.43853	0.5409228	0.8054238	2.711532
69918	-989.7077	-1056.183	66.47523	0.5205788	0.7915865	2.711532
69924	-996.5443	-1063.134	66.58988	0.6970781	0.9711103	2.407693
69930	-996.8809	-1064.233	67.35204	0.7666939	0.9711103	1.863773
69936	-1001.275	-1067.655	66.37997	0.543769	1.304054	2.445307
69942	-995.615	-1062.787	67.17169	0.4311335	0.9214809	2.239392
69948	-1001.054	-1069.043	67.98949	0.6357821	0.9214809	1.54142
69954	-999.441	-1067.137	67.69591	0.6637903	1.197882	1.54142
69960	-998.6378	-1066.71	68.07232	0.804039	0.9251075	1.346267
69966	-996.6877	-1064.455	67.7673	0.8435473	0.9002273	1.568843
69972	-995.4038	-1062.654	67.24993	0.5412806	1.110004	1.993782
69978	-991.3699	-1058.32	66.94992	0.6571733	1.06809	2.141155
69984	-990.0227	-1057.583	67.56016	0.7120703	1.093474	1.673354
69990	-995.5494	-1063.349	67.79999	0.9818813	0.8809869	1.456759
69996	-1001.23	-1068.745	67.51488	0.999063	1.176719	1.439336
70002	-998.7921	-1066.708	67.91587	1.140158	1.004103	1.12691
70008	-992.4806	-1060.318	67.83748	0.9362418	0.9776669	1.384197
70014	-1001.536	-1069.038	67.5021	1.04282	1.285969	1.342235
70020	-1003.371	-1070.487	67.11541	1.1181	1.491366	1.459796
70026	-1003.439	-1071.319	67.88043	0.5454537	0.7789386	1.798889
70032	-1010.636	-1078.147	67.51089	0.6658105	1.134293	1.714429
70038	-998.5386	-1065.996	67.45762	0.7484831	1.324719	1.576125
70044	-1003.235	-1070.92	67.68504	0.8057246	0.8360804	1.706624
70050	-1004.215	-1071.994	67.77969	0.8945068	0.9144643	1.5106
70056	-999.6942	-1066.44	66.74576	0.7493412	1.086681	2.202481
70062	-996.7918	-1063.576	66.7843	0.6204718	1.186107	2.202481
70068	-999.3993	-1066.633	67.23396	0.5205428	0.9644793	2.111743
70074	-1003.704	-1070.717	67.01304	0.5443383	1.300878	2.03891
70080	-1010.611	-1077.03	66.41854	0.5825292	0.9828354	2.579048
70086	-1009.505	-1075.904	66.39861	0.6344936	1.640592	2.215597
70092	-1004.787	-1072.375	67.58711	0.8700119	0.7485802	1.802928
70098	-1001.812	-1069.019	67.20706	0.7186275	0.9232619	2.027258
70104	-1000.438	-1067.923	67.48521	0.8344376	0.9397094	1.747296
70110	-994.4911	-1061.619	67.12771	0.7794548	1.040493	1.960238
70116	-995.7304	-1063.4	67.66999	0.8714563	1.108936	1.46511
70122	-1002.169	-1069.379	67.21083	0.8990698	1.190331	1.726247
70128	-997.2276	-1064.977	67.74988	0.7705832	0.8942523	1.639219
70134	-994.2777	-1061.202	66.92442	0.6802485	0.803943	2.322324
70140	-1003.035	-1070.231	67.19586	0.8324701	0.8568256	2.007213
70146	-1005.477	-1073.089	67.61255	0.6543955	0.7722391	1.913206
70152	-1015.585	-1081.878	66.29323	0.6751274	1.019976	2.576323
70158	-1004.623	-1072.086	67.46269	0.6009712	0.7824417	2.04104
70164	-1000.396	-1067.543	67.14661	0.8667894	1.086193	1.858713
70170	-997.3708	-1064.801	67.43019	0.6338788	1.086193	1.823934
70176	-992.4649	-1059.994	67.52885	0.6623896	0.9862848	1.803323
70182	-990.5181	-1058.114	67.59571	0.7848284	0.687184	1.909052
70188	-997.9458	-1065.719	67.77283	0.8865046	1.24368	1.27834
70194	-993.6183	-1060.832	67.21343	1.000004	1.475496	1.4839
70200	-988.9357	-1056.015	67.07944	0.7250802	1.531746	1.750302
70206	-987.8594	-1055.437	67.57794	0.6458609	1.068177	1.724575
70212	-989.8219	-1057.19	67.3679	0.8117554	1.115334	1.724575
70218	-992.464	-1059.935	67.47112	0.4688529	1.189488	1.844787
70224	-984.9928	-1051.857	66.86414	0.3748435	1.312006	2.240764
70230	-987.5405	-1054.628	67.08793	0.5118557	1.312006	2.004704
70236	-993.5245	-1060.41	66.88508	0.5121846	1.312006	2.138197
70242	-1002.776	-1070.898	68.12243	1.162044	0.7950424	1.12551
70248	-1000.944	-1068.306	67.36249	1.124838	1.111624	1.504037
70254	-995.1681	-1062.821	67.65311	1.110509	1.078458	1.313742
70260	-991.7064	-1059.59	67.88308	1.17808	0.9713814	1.151768
70266	-998.2784	-1065.874	67.5951	1.146635	1.418524	1.084458
70272	-996.8654	-1064.681	67.81609	1.070413	1.239097	1.084458
70278	-1000.246	-1068.265	68.01968	1.189831	0.7377771	1.250548
70284	-999.7507	-1067.45	67.69938	1.091447	0.4595039	1.864268
70290	-996.0306	-1064.167	68.13632	1.081627	0.6667261	1.319183
70296	-989.0909	-1057.069	67.97828	1.043294	0.8864478	1.262259
70302	-994.1449	-1061.89	67.74538	1.055877	1.426231	1.022179
70308	-993.6431	-1061.288	67.64516	1.167608	1.309588	1.098355
70314	-993.5611	-1060.661	67.10033	0.9270842	1.310927	1.71258
70320	-999.158	-1066.333	67.17508	0.6296518	1.053679	2.020138
70326	-992.0805	-1058.657	66.577	0.5836979	1.053679	2.435687
70332	-997.0862	-1064.652	67.56528	0.6529995	0.991991	1.780584
70338	-998.0756	-1065.824	67.74852	0.9504176	0.8659214	1.531616
70344	-1000.204	-1067.124	66.92025	0.5028035	0.8728997	2.38768
70350	-995.3855	-1062.317	66.9319	0.6371161	1.369908	1.994317
70356	-990.1875	-1057.163	66.97526	0.8232735	1.128791	1.977359
70362	-995.7029	-1063.437	67.73422	0.8071982	1.093211	1.476209
70368	-1000.959	-1068.394	67.43518	0.853835	1.258178	1.555496
70374	-998.0147	-1066.025	68.01073	0.8647052	0.7848745	1.469391
70380	-1001.513	-1068.49	66.97699	0.9014313	1.347216	1.796321
70386	-1003.834	-1071.564	67.73034	0.6673905	0.9762986	1.665345
70392	-993.9338	-1061.144	67.20986	0.7067796	0.9624608	2.006034
70398	-997.3964	-1064.743	67.34615	0.8945383	0.87242	1.852141
70404	-993.0479	-1060.531	67.48273	0.7553878	0.9735258	1.779799
70410	-998.6922	-1065.988	67.29615	0.8884462	1.027043	1.779799
70416	-1002.286	-1070.04	67.75369	0.8919185	0.7537678	1.665976
70422	-1001.801	-1069.19	67.38889	0.9021444	0.7309741	1.93139
70428	-1002.67	-1070.347	67.67721	0.9077759	0.9272685	1.566597
70434	-992.4314	-1059.855	67.42358	0.8151249	0.9272685	1.812686
70440	-995.4577	-1062.813	67.35498	1.125565	1.434634	1.299271
70446	-996.5097	-1065.034	68.5245	1.40013	0.4910471	0.9138977
70452	-1000.274	-1068.042	67.76814	1.294796	1.429811	0.7023383
70458	-991.8393	-1059.469	67.6302	0.8717142	0.9303241	1.624739
70464	-988.3969	-1056.025	67.62768	0.6941854	0.9398642	1.745631
70470	-988.586	-1055.845	67.25943	0.7223827	0.9398642	1.978188
70476	-981.2955	-1048.069	66.77364	0.5391226	1.026819	2.356077
70482	-983.1199	-1050.104	66.98418	0.619332	0.7606695	2.356077
70488	-989.501	-1056.441	66.94006	0.5703364	0.7720914	2.406206
70494	-1001.149	-1067.502	66.35278	0.5718665	0.7720914	2.769366
70500	-996.5767	-1064.116	67.5397	0.6319486	0.8508868	1.915512
70506	-999.7251	-1067.103	67.37804	0.6482479	0.9397035	1.948465
70512	-989.8916	-1057.281	67.38978	0.9008405	0.9397035	1.767584
70518	-991.8992	-1058.962	67.06274	0.8937386	0.9135778	2.013655
70524	-996.8984	-1064.304	67.40602	1.011484	1.335272	1.410751
70530	-1002.856	-1069.328	66.47201	0.938323	1.299514	2.13633
70536	-996.5192	-1064.729	68.20951	1.082193	0.7522947	1.164992
70542	-999.3001	-1067.206	67.9055	1.37985	0.8842667	1.029786
70548	-1005.687	-1073.502	67.81534	1.108299	0.9592041	1.279282
70554	-1001.623	-1069.607	67.98323	1.276886	0.8388924	1.101353
70560	-1002.885	-1070.911	68.02591	1.276886	0.8020562	1.101353
70566	-999.3641	-1067.029	67.66523	1.16582	1.244263	1.131005
70572	-999.4244	-1067.238	67.81404	0.8128703	0.7722092	1.663239
70578	-1002.547	-1070.327	67.77974	0.9181442	1.287426	1.215599
70584	-1002.371	-1070.156	67.78572	0.9577329	0.9551471	1.425631
70590	-1005.861	-1073.732	67.87107	1.480135	1.097235	0.6869517
70596	-1000.982	-1069.335	68.35253	1.348202	0.7342429	0.7545399
70602	-999.8683	-1067.635	67.76629	1.348202	1.305041	0.7749882
70608	-991.7164	-1059.685	67.96866	1.345803	1.095706	0.7498199
70614	-997.9484	-1065.737	67.78907	1.441401	1.188515	0.7498199
70620	-997.0356	-1064.979	67.94294	1.118706	1.033198	1.095723
70626	-996.6343	-1064.367	67.73244	1.02831	1.163461	1.252167
70632	-1002.142	-1069.571	67.4289	0.7326035	1.035446	1.790138
70638	-997.948	-1065.731	67.78304	0.8666618	0.8415809	1.588001
70644	-1002.549	-1070.075	67.52566	0.7099879	0.816986	1.898441
70650	-997.5368	-1064.564	67.02748	0.4986019	1.10284	2.172617
70656	-1002.862	-1070.014	67.15253	0.4065959	1.083102	2.163137
70662	-1008.22	-1074.938	66.71841	0.5028566	1.379124	2.217645
70668	-1003.977	-1070.686	66.7094	0.6504056	1.373416	2.13059
70674	-999.5437	-1066.323	66.779	0.5454537	1.231966	2.228687
70680	-998.949	-1066.475	67.5261	0.4160071	0.7532401	2.144242
70686	-996.1703	-1063.252	67.08135	0.7630724	1.186233	1.911841
70692	-997.0836	-1064.359	67.27507	0.5693615	1.186233	1.911841
70698	-1000.91	-1067.824	66.91396	0.6111914	0.9995935	2.237554
70704	-1000.965	-1067.43	66.46515	0.3147549	1.420999	2.477514
70710	-1000.094	-1068.359	68.26506	1.254018	0.5751211	1.176379
70716	-991.3971	-1059.425	68.02795	1.200343	0.6947971	1.280492
70722	-992.7964	-1060.094	67.29785	0.8161939	1.302141	1.656078
70728	-991.9934	-1059.983	67.98975	1.166364	0.7447318	1.287444
70734	-997.168	-1064.591	67.42326	0.9364214	1.091701	1.611684
70740	-1004.475	-1072.383	67.90754	0.7405379	0.8929461	1.547249
70746	-1002.867	-1070.01	67.14342	0.5852341	1.184948	1.990434
70752	-999.885	-1066.876	66.99088	0.3585948	1.184948	2.238826
70758	-999.1127	-1065.772	66.65929	0.4038559	1.54631	2.238826
70764	-1000.592	-1068.582	67.98998	0.5057108	0.7959739	1.736029
70770	-994.5503	-1062.136	67.58547	0.7303499	0.8953774	1.782949
70776	-995.9982	-1063.696	67.69796	1.000105	0.5910928	1.782949
70782	-998.2926	-1066.084	67.7911	1.040214	1.194845	1.168415
70788	-997.5322	-1065.318	67.78629	1.021237	0.967281	1.365963
70794	-1002.603	-1070.415	67.81152	0.6863577	0.6099832	1.901514
70800	-1005.144	-1073.127	67.98316	0.9136467	0.7431416	1.491724
70806	-1004.457	-1072.319	67.86243	0.9807909	0.7431416	1.531762
70812	-1001.625	-1069.847	68.22198	1.255275	0.6169461	1.159515
70818	-1004.529	-1071.804	67.27509	0.8429001	1.384469	1.60577
70824	-1002.965	-1069.985	67.02053	0.8044695	1.382871	1.813798
70830	-1001.993	-1068.933	66.94054	0.4559219	1.101973	2.256846
70836	-996.8787	-1063.287	66.40805	0.534023	0.9290575	2.649915
70842	-992.3895	-1059.769	67.37975	0.7246147	0.8899714	1.931679
70848	-993.3128	-1060.441	67.12793	0.5493709	1.125109	2.060174
70854	-998.7962	-1065.387	66.59086	0.6530064	1.080622	2.366963
70860	-996.2309	-1063.23	66.99932	0.5160744	0.7875685	2.391295
70866	-1000.135	-1067.24	67.10543	0.624288	0.784963	2.256729
70872	-1002.566	-1069.528	66.9619	0.7655134	0.786894	2.256729
70878	-1002.642	-1069.368	66.72654	0.3835657	1.021918	2.486814
70884	-1007.481	-1074.548	67.06668	0.2264192	1.021918	2.3716
70890	-1006.353	-1073.121	66.76809	0.2257772	1.218374	2.446419
70896	-1001.25	-1068.031	66.78068	0.452968	0.9631292	2.446419
70902	-1001.449	-1069.619	68.17071	1.101611	0.6379118	1.307143
70908	-1013.002	-1080.469	67.46729	1.235849	1.065648	1.371616
70914	-1007.382	-1075.36	67.97801	1.07336	0.7876657	1.329875
70920	-1005.154	-1072.677	67.52312	1.070507	1.484366	1.17293
70926	-1006.498	-1074.378	67.88008	1.265737	1.160815	0.8902476
70932	-999.6004	-1065.689	66.08865	0.4026245	1.499204	2.620583
70938	-998.6768	-1065.147	66.47046	0.3279655	1.123647	2.620583
70944	-1001.29	-1068.302	67.01168	0.6991454	0.8141252	2.246739
70950	-994.6538	-1062.295	67.64138	0.7441077	0.8446465	1.773647
70956	-990.0086	-1057.44	67.4315	0.6081403	1.013539	1.888597
70962	-989.7733	-1056.948	67.17465	0.7087668	1.013539	1.993815
70968	-992.0351	-1059.525	67.49	0.746812	1.02568	1.744283
70974	-996.6998	-1063.865	67.16557	0.63471	1.057078	2.020928
70980	-1003.227	-1069.827	66.60001	0.5107714	1.154906	2.407923
70986	-1009.487	-1076.108	66.62022	0.711117	1.091512	2.304802
70992	-1004.524	-1071.63	67.10575	0.8637273	1.106747	1.875606
70998	-1001.904	-1069.012	67.10743	0.8363025	1.106747	1.893125
71004	-1008.641	-1075.364	66.72342	0.9089038	2.088631	1.620188
71010	-1002.092	-1069.416	67.32386	0.809134	1.340338	1.620188
71016	-1002.446	-1069.446	66.99994	0.6466969	1.308172	1.975501
71022	-997.4321	-1064.882	67.45034	0.8664776	0.8589693	1.810077
71028	-1004.783	-1071.523	66.73959	0.7186688	0.7363961	2.466684
71034	-998.1482	-1065.989	67.84046	1.50581	1.163635	0.5180534
71040	-992.7421	-1060.622	67.87978	1.208185	1.266853	0.8505585
71046	-993.5252	-1061.599	68.0738	1.236675	0.9238473	0.9616645
71052	-995.1067	-1063.036	67.92954	1.31542	0.9847078	0.9642302
71058	-996.1056	-1064.061	67.95589	1.326804	0.9864414	0.9222154
71064	-999.25	-1067.244	67.99446	1.3929	1.028472	0.7366486
71070	-997.1807	-1065.26	68.07932	1.334669	1.028472	0.6922535
71076	-997.7911	-1065.924	68.1329	0.8859984	0.7968724	1.347051
71082	-989.6745	-1057.086	67.41156	0.7593449	0.6703113	2.064146
71088	-988.0211	-1055.671	67.65009	0.8556575	0.7639619	1.755959
71094	-992.8876	-1060.483	67.59579	0.7981154	0.7639619	1.83348
71100	-999.5826	-1066.749	67.1661	0.6206147	1.203845	1.940419
71106	-989.9331	-1056.755	66.82221	0.4872818	0.9485742	2.408142
71112	-987.6384	-1054.344	66.70538	0.5242077	1.027741	2.408142
71118	-993.0259	-1059.76	66.73428	0.5411675	1.027741	2.379153
71124	-1000.037	-1067.328	67.2917	0.4200066	1.027741	2.098192
71130	-997.0783	-1064.395	67.31637	0.276793	1.22981	2.05459
71136	-992.0486	-1058.892	66.84323	0.4484077	1.106398	2.321282
71142	-1002.765	-1069.684	66.91916	0.3271359	1.168342	2.314346
71148	-997.2676	-1063.656	66.38817	0.4310167	1.168342	2.582764
71154	-995.5791	-1063.415	67.83556	0.737166	0.8135474	1.666859
71160	-995.0662	-1063.023	67.95709	0.8202679	0.9969175	1.366069
71166	-999.4844	-1066.944	67.45953	0.7214091	0.788557	1.957965
71172	-996.8344	-1063.796	66.96138	0.739286	0.6450627	2.389669
71178	-997.2589	-1064.458	67.19944	0.8170111	1.049663	1.880361
71184	-990.6483	-1058.082	67.43393	0.7549362	0.881946	1.880361
71190	-985.4305	-1052.651	67.22043	0.6706345	0.881946	2.079623
71196	-994.0183	-1060.735	66.71672	0.4738697	1.146917	2.361977
71202	-988.516	-1055.537	67.02073	0.6058951	0.7043018	2.386412
71208	-994.5981	-1061.239	66.64086	0.6605856	0.8427499	2.485455
71214	-993.8614	-1061.35	67.48854	0.6167347	1.152621	1.752971
71220	-1000.7	-1067.948	67.24769	1.013623	0.9885761	1.752971
71226	-998.3483	-1066.372	68.02371	1.183618	0.9593096	1.02808
71232	-996.6368	-1064.303	67.66623	0.8065308	1.022601	1.5776
71238	-994.8515	-1061.997	67.14551	0.803871	1.080944	1.905666
71244	-1002.146	-1069.217	67.07058	1.08626	1.336775	1.604975
71250	-994.4907	-1061.771	67.28073	1.01396	1.261989	1.548951
71256	-995.6475	-1063.116	67.46856	0.9683801	1.148002	1.516894
71262	-999.058	-1066.313	67.25525	0.4357116	0.8282747	2.248978
71268	-1003.111	-1070.288	67.17638	0.5112095	0.8312145	2.248978
71274	-1004.612	-1071.47	66.85856	0.5166693	1.138441	2.248978
71280	-1004.33	-1071.515	67.18494	0.5322589	0.6344261	2.388558
71286	-995.6837	-1062.779	67.09537	0.6668664	1.012672	2.074723
71292	-990.5425	-1058.145	67.60225	0.7480911	0.9045093	1.751993
71298	-991.7058	-1059.079	67.37287	0.6916305	0.8328418	2.001234
71304	-997.5314	-1064.531	66.99964	0.8117236	0.921647	2.103808
71310	-995.2354	-1062.87	67.63461	0.6740674	0.8705107	1.806818
71316	-1000.326	-1067.818	67.49245	0.655262	0.8701786	1.917109
71322	-995.8286	-1062.879	67.05043	0.6159929	1.092527	2.087198
71328	-990.9705	-1057.939	66.96844	0.3678855	1.262163	2.204526
71334	-993.9522	-1060.174	66.22217	0.4279966	0.8975659	2.848927
71340	-990.9118	-1057.365	66.45274	0.6135753	0.9465017	2.561721
71346	-990.8731	-1057.75	66.87681	0.4822195	1.075139	2.29696
71352	-995.6668	-1062.443	66.77589	0.5456425	0.9327973	2.410966
71358	-996.1071	-1063.595	67.48786	0.6942065	0.9327973	1.847638
71364	-996.2619	-1063.605	67.34294	0.8391232	0.9327973	1.847638
71370	-999.7421	-1066.442	66.70019	0.8391232	1.377651	2.010055
71376	-995.7334	-1063.08	67.34618	0.8700641	0.8898904	1.855729
71382	-997.6872	-1064.849	67.16175	0.9429338	0.8756771	1.942044
71388	-999.7745	-1067.214	67.43995	0.9864361	1.556097	1.270396
71394	-995.3712	-1063.064	67.69288	1.095903	0.9881873	1.363977
71400	-998.7088	-1066.607	67.89815	1.01765	0.7208345	1.498563
71406	-1007.295	-1074.582	67.28685	0.871105	0.7208345	2.029006
71412	-1004.798	-1072.009	67.21085	1.066614	0.9619646	1.760633
71418	-1006.444	-1074.133	67.68856	0.9691699	0.5121138	1.894451
71424	-1003.039	-1070.493	67.45437	0.8464014	0.9045194	1.786533
71430	-997.1246	-1064.382	67.25719	0.7348274	1.162508	1.825424
71436	-996.2873	-1063.115	66.8277	0.6057211	1.21539	2.167375
71442	-1001.703	-1068.524	66.8214	0.6178466	0.9963717	2.294736
71448	-997.4104	-1064.466	67.05532	0.5456579	0.9019772	2.254021
71454	-1003.832	-1070.558	66.72628	0.6995374	0.8796914	2.38119
71460	-1003.81	-1071.387	67.57738	0.7896666	1.028965	1.64967
71466	-1011.716	-1079.13	67.41362	0.7896666	1.733197	1.35279
71472	-1003.022	-1070.317	67.2948	0.9148094	1.733197	1.347764
71478	-1003.532	-1069.936	66.4036	0.6424492	0.8896083	2.611879
71484	-1000.613	-1067.859	67.24613	0.82745	0.9657607	1.898256
71490	-1009.722	-1076.806	67.08448	0.7159943	0.8507588	2.161603
71496	-1012.726	-1079.765	67.03867	0.6822357	0.9151488	2.167385
71502	-1003.591	-1070.626	67.03509	0.5404464	0.8880288	2.28006
71508	-1014.485	-1081.327	66.84205	0.6849357	0.9332978	2.28006
71514	-1014.242	-1081.235	66.9933	0.7727812	0.8051575	2.2179
71520	-1010.736	-1077.746	67.00922	0.7173792	0.8392887	2.2179
71526	-1008.488	-1075.817	67.32885	0.9408741	0.8392887	1.857737
71532	-1007.113	-1074.082	66.96925	0.6563121	0.7624826	2.340664
71538	-998.4603	-1066.12	67.65997	0.739217	0.8960516	1.724127
71544	-1006.698	-1074.523	67.82501	0.739217	1.225984	1.366942
71550	-1006.991	-1074.34	67.3488	0.6298039	1.225984	1.796347
71556	-1000.674	-1068.551	67.87664	0.7102564	1.117672	1.424195
71562	-998.6955	-1066.134	67.43865	0.6816252	1.157602	1.739337
71568	-992.9854	-1060.342	67.35708	0.8764513	1.045989	1.732703
71574	-996.9169	-1064.656	67.73935	0.7497938	0.6895244	1.832832
71580	-998.1451	-1065.635	67.48965	1.161751	0.8069917	1.615793
71586	-996.1564	-1064.232	68.07554	1.161406	0.6474989	1.324969
71592	-1002.224	-1069.878	67.65438	1.120272	1.508153	0.9877521
71598	-1003.419	-1070.778	67.35926	0.8085056	1.64804	1.42507
71604	-996.179	-1063.041	66.86161	0.1051139	0.8401032	2.694745
71610	-997.7564	-1065.258	67.5018	0.03124151	0.8401032	2.341284
71616	-994.3773	-1061.426	67.04857	0.02853083	1.058542	2.485218
71622	-996.9685	-1063.723	66.75436	0.02539478	0.9997774	2.705025
71628	-995.4175	-1062.601	67.18369	0.0191968	0.9997774	2.442391
71634	-1001.274	-1068.734	67.46037	0.009621941	0.8448627	2.377853
71640	-1005.806	-1073.111	67.30517	0.005493992	0.8448627	2.478181
71646	-999.9821	-1066.275	66.29251	0.006217472	1.450073	2.761283
71652	-999.3	-1066.209	66.90927	0.01193559	1.386466	2.405449
71658	-998.7036	-1065.788	67.08443	0.01278043	1.047315	2.479388
71664	-1002.398	-1069.106	66.70851	0.006297045	1.047315	2.716197
71670	-1003.012	-1070.995	67.98276	0.008162542	0.7705287	2.09847
71676	-1003.435	-1070.075	66.64004	0.007480903	1.06434	2.747377
71682	-1001.871	-1068.27	66.39874	0.00875758	1.181504	2.828169
71688	-1004.247	-1070.718	66.47155	0.01216623	1.422781	2.660567
71694	-996.3801	-1063.634	67.25356	0.01464605	1.214443	2.274512
71700	-1001.724	-1068.802	67.07814	0.02717606	1.380354	2.291524
71706	-1009.622	-1076.389	66.76738	0.01516749	1.842957	2.291524
71712	-1012.988	-1079.761	66.77333	0.01022482	0.8726485	2.784431
71718	-1007.751	-1074.463	66.71171	0.01783884	1.112308	2.669473
71724	-1012.209	-1078.699	66.49061	0.02048909	1.189577	2.760757
71730	-1009.717	-1076.626	66.90892	0.02764556	1.189577	2.498022
71736	-1006.251	-1072.452	66.2015	0.04062872	1.189577	2.923958
71742	-1005.035	-1071.995	66.95998	0.03539362	1.189577	2.461187
71748	-1003.746	-1070.733	66.98752	0.07143442	0.8646685	2.620902
71754	-1002.801	-1068.909	66.10792	0.08559676	1.160099	2.968953
71760	-1008.481	-1074.464	65.98325	0.1141244	1.160099	3.026647
71766	-1012.28	-1078.862	66.58182	0.08994548	0.8726197	2.8524
71772	-1011.363	-1077.544	66.18055	0.1347428	1.366314	2.790564
71778	-1005.599	-1071.9	66.30078	0.1094682	1.24996	2.790564
71784	-1006.869	-1073.223	66.35356	0.2928021	0.9827095	2.797037
71790	-1013.074	-1080.145	67.07111	0.7019512	0.7609728	2.247539
71796	-1011.916	-1079.337	67.42034	0.6782627	1.048412	1.824923
71802	-1012.136	-1079.507	67.37103	0.6084579	1.048412	1.906292
71808	-1016.249	-1083.593	67.3437	0.6088856	1.048412	1.924496
71814	-1005.274	-1072.586	67.3117	0.7070244	0.9815449	1.924496
71820	-1007.275	-1074.539	67.26388	0.5188005	1.518142	1.772438
71826	-1003.076	-1070.524	67.44826	0.721777	1.052931	1.772438
71832	-1002.802	-1070.435	67.6331	0.71249	0.7746325	1.857725
71838	-1012.272	-1079.587	67.31433	0.6522369	0.7746325	2.111185
71844	-1009.555	-1075.827	66.27234	0.4760982	1.344148	2.534709
71850	-1003.516	-1070.363	66.84621	0.5817442	1.532602	2.006605
71856	-1012.871	-1079.726	66.85523	0.4824872	1.354318	2.154835
71862	-1006.865	-1074.427	67.56208	0.57237	1.336	1.621647
71868	-1019.521	-1087.113	67.59166	0.491662	1.038605	1.841962
71874	-1004.339	-1071.744	67.40581	0.413301	0.8177485	2.174045
71880	-999.4863	-1066.319	66.83236	0.4735359	1.357188	2.174045
71886	-1000.239	-1067.402	67.16303	0.7817438	0.9019563	2.029727
71892	-997.1044	-1064.641	67.53673	1.060414	0.9236521	1.560476
71898	-1000.761	-1068.252	67.49053	0.9714977	1.233597	1.441256
71904	-995.2535	-1062.807	67.55379	1.054804	1.070685	1.441256
71910	-990.3612	-1057.643	67.28161	0.8073222	0.9603735	1.891594
71916	-996.4764	-1063.803	67.32701	0.4000643	0.9072551	2.168875
71922	-998.3874	-1065.066	66.6783	0.4469663	1.083942	2.439863
71928	-998.1631	-1065.407	67.24422	0.2119797	0.9834901	2.292199
71934	-1003.72	-1071.178	67.45724	0.1867995	0.8106159	2.292199
71940	-1005.096	-1072.115	67.01921	0.1910284	1.26463	2.284315
71946	-1002.883	-1069.564	66.68086	0.2295898	1.26463	2.474116
71952	-995.6894	-1062.859	67.16986	0.04864127	0.8393001	2.539681
71958	-1006.483	-1073.174	66.69067	0.04149833	0.8173201	2.853796
71964	-999.9976	-1067.133	67.13587	0.02092961	0.8173201	2.593697
71970	-998.6265	-1065.397	66.77008	0.01559462	1.57064	2.40461
71976	-997.9218	-1064.402	66.47991	0.007041271	1.474943	2.634326
71982	-993.3307	-1059.912	66.58169	0.007264228	1.061673	2.784677
71988	-992.4054	-1058.88	66.4751	0.01248692	1.005427	2.879548
71994	-993.875	-1060.822	66.94687	0.01282289	1.112364	2.52694
72000	-996.0594	-1062.825	66.76604	0.02292026	1.309388	2.52694
72006	-999.9806	-1066.946	66.9658	0.03150661	1.309388	2.396205
72012	-991.2955	-1058.372	67.07614	0.0303038	1.180642	2.396205
72018	-992.1949	-1058.546	66.35118	0.03828587	1.244306	2.806132
72024	-991.7913	-1057.843	66.05153	0.05864532	0.9267995	3.154154
72030	-992.802	-1059.635	66.83328	0.1162671	1.0543	2.567268
72036	-988.0045	-1054.217	66.2126	0.05060207	1.0543	2.985985
72042	-996.0618	-1062.342	66.28002	0.08095551	0.9561888	2.985985
72048	-990.5722	-1056.771	66.19892	0.09551859	1.022172	2.985985
72054	-986.9447	-1053.366	66.42086	0.1029556	0.9062337	2.919689
72060	-992.4719	-1059.083	66.611	0.1866728	1.462538	2.446639
72066	-985.792	-1052.527	66.73532	0.3490477	0.8445582	2.619169
72072	-992.2447	-1058.687	66.44271	0.2792975	1.212098	2.619169
72078	-995.377	-1062.177	66.79993	0.508016	1.173389	2.272062
72084	-1000.849	-1067.6	66.75058	0.5797117	1.148378	2.272062
72090	-1001.449	-1068.72	67.27125	0.723444	1.148378	1.8323
72096	-999.5022	-1066.835	67.33316	0.7329403	1.148378	1.782946
72102	-991.3316	-1058.796	67.46421	0.4954543	0.7751552	2.115292
72108	-994.1109	-1061.103	66.9917	0.7081852	1.136252	2.038513
72114	-993.4568	-1060.05	66.59352	0.5663682	1.487296	2.204131
72120	-990.5965	-1057.302	66.70577	0.6864318	0.9240721	2.372118
72126	-989.0641	-1056.766	67.70202	0.8119863	0.8720426	1.661328
72132	-990.3505	-1058.107	67.75696	0.745746	0.6649895	1.845978
72138	-993.2476	-1060.254	67.00644	0.4863146	0.9638093	2.281655
72144	-995.2457	-1062.174	66.92844	0.5978515	1.10677	2.170113
72150	-997.2654	-1064.352	67.08637	0.5349882	1.176491	2.066584
72156	-999.5045	-1066.671	67.16613	0.5406738	0.956375	2.148364
72162	-1000.255	-1067.966	67.71103	0.4852976	0.956375	1.820923
72168	-995.953	-1063.143	67.19024	0.5194932	1.13155	2.034827
72174	-996.5378	-1063.922	67.38376	0.3234301	1.134342	2.034827
72180	-993.0993	-1059.599	66.49925	0.5328843	1.134342	2.46907
72186	-1001.81	-1069.125	67.3157	0.4346055	0.8611407	2.18661
72192	-1000.889	-1067.825	66.93671	0.5371955	1.074103	2.223838
72198	-999.714	-1067.394	67.68024	0.8124321	0.9940621	1.583784
72204	-989.8747	-1056.894	67.01961	0.6851283	1.255234	1.965968
72210	-988.8166	-1055.797	66.98086	0.6795678	1.442375	1.895133
72216	-994.6625	-1062.528	67.86571	0.7645234	0.7812881	1.653016
72222	-992.8475	-1060.555	67.70703	0.8159615	1.104708	1.482038
72228	-992.5203	-1059.786	67.26608	0.743929	1.500377	1.620429
72234	-993.5478	-1060.82	67.27197	0.6467154	1.112188	1.906708
72240	-998.0368	-1064.337	66.29992	0.481947	1.412486	2.480374
72246	-994.7609	-1061.421	66.65983	0.2194691	1.412486	2.41917
72252	-998.3649	-1065.104	66.73864	0.119333	1.412486	2.432596
72258	-996.1075	-1062.412	66.3046	0.1090299	0.8541581	3.020376
72264	-1001.234	-1067.764	66.52998	0.0873245	1.269903	2.653479
72270	-994.8898	-1061.662	66.77264	0.1202023	0.9450654	2.669885
72276	-1000.611	-1067.068	66.45718	0.1387466	1.18437	2.711659
72282	-996.982	-1063.42	66.43813	0.2400247	1.034404	2.746299
72288	-993.9808	-1060.587	66.60601	0.2423508	0.917707	2.714909
72294	-998.721	-1065.349	66.62784	0.1768946	0.9593139	2.714909
72300	-994.5556	-1061.1	66.54444	0.2461347	1.16655	2.601482
72306	-991.0075	-1058.383	67.37582	0.3272396	1.221496	1.986305
72312	-997.2255	-1063.429	66.20306	0.4949425	1.27824	2.599355
72318	-992.8753	-1059.72	66.84437	0.4400099	1.092804	2.333963
72324	-999.4117	-1066.463	67.05147	0.57814	1.327299	1.976513
72330	-1003.637	-1071.416	67.77864	0.8081193	1.168724	1.388485
72336	-999.3466	-1066.966	67.61972	1.065919	1.168724	1.309923
72342	-997.4128	-1065.337	67.92446	0.8619607	0.9222764	1.419076
72348	-1003.799	-1071.573	67.77403	0.8784707	1.054922	1.419076
72354	-999.1556	-1066.912	67.75589	0.9686058	1.081735	1.342633
72360	-997.6163	-1065.302	67.68616	0.8872158	1.251296	1.342633
72366	-992.445	-1060.065	67.62019	0.8445461	1.251296	1.427648
72372	-999.5594	-1067.044	67.48513	0.7893344	1.064378	1.691319
72378	-1000.659	-1068.182	67.52286	0.606931	0.9613299	1.863076
72384	-1001.39	-1068.181	66.79058	0.4559438	1.379879	2.200939
72390	-1010.929	-1077.698	66.7696	0.7578806	0.7966629	2.376804
72396	-1001.198	-1068.683	67.48507	0.8076188	0.9460183	1.761536
72402	-1002.459	-1069.717	67.25774	1.029589	2.027732	1.129973
72408	-1009.787	-1078.112	68.32499	1.118091	0.7295663	1.052916
72414	-1004.7	-1072.818	68.11853	1.392153	0.6774368	1.052916
72420	-999.8462	-1066.024	66.17804	0.5272987	1.156856	2.659445
72426	-994.996	-1062.062	67.06584	0.7574509	1.14083	1.953416
72432	-1002.545	-1069.855	67.31027	0.5715544	1.077559	1.953416
72438	-1003.652	-1071.417	67.76498	0.8707513	1.010858	1.464832
72444	-994.0764	-1061.694	67.6174	0.9263465	1.07338	1.488541
72450	-997.3063	-1065.378	68.07162	0.8900572	0.7234661	1.461397
72456	-994.9139	-1062.521	67.60692	0.9050368	1.363805	1.318256
72462	-993.8443	-1061.325	67.48054	1.08091	1.281636	1.331892
72468	-994.0412	-1062.286	68.24428	1.058586	0.547374	1.388543
72474	-997.0848	-1065.303	68.21841	1.083482	0.7421589	1.167082
72480	-1002.77	-1070.751	67.98124	1.174762	0.8979962	1.13611
72486	-1000.012	-1068.318	68.30568	1.174762	0.6031149	1.17412
72492	-993.7815	-1061.532	67.75026	1.013866	0.9896727	1.382192
72498	-995.3484	-1063.321	67.97266	1.208206	0.8372153	1.173781
72504	-996.0519	-1063.907	67.85512	1.303732	0.9366812	1.096152
72510	-998.3913	-1066.647	68.25545	1.407874	0.730556	0.8126733
72516	-995.7202	-1063.474	67.75397	1.358554	1.252818	0.8348483
72522	-992.8013	-1060.898	68.0971	1.339345	0.9435388	0.790004
72528	-989.9346	-1057.895	67.96076	1.501	0.9410529	0.7578992
72534	-988.7193	-1056.513	67.79404	1.391056	1.226675	0.7678342
72540	-995.9912	-1063.881	67.88987	1.280657	1.226675	0.7882235
72546	-994.0818	-1061.788	67.70569	1.199846	1.362733	0.966913
72552	-994.6934	-1062.428	67.7345	1.199846	1.06723	1.180039
72558	-997.3712	-1064.832	67.46131	0.8913188	1.141078	1.58374
72564	-993.878	-1061.905	68.02693	0.9487857	0.5718904	1.606197
72570	-992.8871	-1060.353	67.46573	0.7687774	0.7301285	1.970108
72576	-995.6601	-1062.781	67.12064	0.9020558	0.8405217	2.023211
72582	-1002.811	-1068.821	66.01004	0.6461819	1.518747	2.509264
72588	-995.4241	-1062.578	67.1542	0.7666828	0.9617047	2.003727
72594	-995.935	-1063.491	67.55622	0.8293202	0.8664511	1.756525
72600	-997.4584	-1064.761	67.30245	0.8228687	1.124911	1.756525
72606	-994.3311	-1061.77	67.43919	0.7307715	0.9875423	1.817147
72612	-995.0795	-1062.335	67.25517	0.5987887	0.8829434	2.103281
72618	-1000.378	-1067.671	67.29286	0.6754975	1.111177	1.873579
72624	-992.6456	-1059.485	66.83961	0.7444795	1.213286	2.069953
72630	-989.1449	-1055.828	66.68338	0.5970548	1.213286	2.267314
72636	-987.9677	-1055.262	67.29427	0.724135	0.7249036	2.11755
72642	-993.7834	-1061.398	67.61479	0.9170155	0.9959245	1.553691
72648	-988.4373	-1055.718	67.28102	0.5458111	0.7566651	2.216297
72654	-994.5983	-1061.387	66.78874	0.579102	1.203898	2.216297
72660	-996.3343	-1062.472	66.13785	0.4582544	0.9907968	2.822633
72666	-992.1083	-1058.589	66.48045	0.5432782	1.254797	2.408081
72672	-990.8746	-1058.076	67.20135	0.6495024	1.067682	1.980462
72678	-993.3173	-1060.795	67.47804	0.7784976	1.165855	1.63729
72684	-998.3362	-1066.257	67.92091	0.6606512	0.9864721	1.523882
72690	-993.5624	-1061.458	67.89531	0.7656397	0.7581649	1.651127
72696	-994.2883	-1061.758	67.46988	0.700397	1.153523	1.70669
72702	-998.4105	-1064.802	66.39126	0.6038614	1.165985	2.474419
72708	-997.8714	-1064.214	66.34291	0.4461869	1.165985	2.602705
72714	-998.2139	-1064.618	66.40379	0.3991016	1.234005	2.557388
72720	-998.838	-1065.656	66.81811	0.6662155	0.7848102	2.412992
72726	-1000.495	-1066.899	66.40407	0.5199563	1.045623	2.58829
72732	-1000.143	-1066.82	66.67621	0.4706117	0.8225378	2.596131
72738	-996.0338	-1063.28	67.24613	0.4792807	1.047592	2.076488
72744	-994.9337	-1062.471	67.53707	0.5735288	1.047592	1.817204
72750	-997.6107	-1064.952	67.3417	0.7170211	1.102359	1.817204
72756	-998.8668	-1066.229	67.36215	0.6974996	0.9047519	1.951003
72762	-994.5073	-1061.498	66.99058	0.5786807	1.453618	1.951003
72768	-997.9228	-1065.662	67.73958	0.6706694	0.7748014	1.81315
72774	-1000.261	-1067.569	67.30805	0.6450906	1.227343	1.81315
72780	-1003.209	-1070.195	66.98579	0.5646893	1.195494	2.10222
72786	-1003.188	-1069.785	66.59639	0.6077898	0.992544	2.446141
72792	-1001.162	-1068.583	67.42119	0.593465	0.992544	1.919739
72798	-1001.677	-1069.55	67.873	0.6662876	0.992544	1.550676
72804	-998.9057	-1066.22	67.31483	0.6281552	0.9803053	1.976269
72810	-996.1127	-1063.643	67.53037	0.7159082	0.8499156	1.865521
72816	-993.3786	-1060.825	67.44675	0.681095	0.7491264	2.02541
72822	-993.7692	-1060.59	66.82062	0.6877009	1.387744	2.02541
72828	-997.5778	-1064.52	66.94271	0.8750326	1.398846	1.810225
72834	-992.009	-1059.211	67.20234	0.874758	1.303275	1.68179
72840	-991.4254	-1058.734	67.30828	0.8661376	1.089909	1.744848
72846	-994.1379	-1061.761	67.62342	0.8484447	0.8719778	1.691408
72852	-994.0817	-1061.325	67.24353	0.9308353	1.059614	1.764952
72858	-999.3157	-1065.768	66.45231	0.5833502	1.358633	2.346828
72864	-990.9294	-1058.273	67.3436	0.5420342	0.8360979	2.116893
72870	-985.6506	-1053.069	67.41886	0.5509206	0.8065352	2.084135
72876	-990.0565	-1057.686	67.62968	0.7172317	0.7033176	1.917527
72882	-994.3072	-1061.975	67.66727	1.040773	0.662455	1.705423
72888	-992.762	-1060.597	67.83499	1.142017	0.8881829	1.297272
72894	-994.3597	-1062.267	67.90766	0.8542165	0.8894726	1.464896
72900	-990.3621	-1056.908	66.5463	0.6479398	1.041433	2.42201
72906	-990.1416	-1057.028	66.88662	0.4838716	0.9517108	2.367499
72912	-993.1814	-1060.871	67.68928	0.4127464	0.9720217	1.874545
72918	-997.7981	-1065.096	67.29744	0.4469142	1.199147	1.971621
72924	-1004.235	-1071.915	67.67959	0.7148064	1.14111	1.553062
72930	-1000.5	-1068.652	68.1524	0.9095786	0.9055986	1.210887
72936	-990.7452	-1058.902	68.1568	1.197475	0.7358368	1.127662
72942	-989.6284	-1057.676	68.04788	1.36733	0.8551175	0.9301565
72948	-990.8279	-1058.45	67.62234	0.7080397	0.8551175	1.80369
72954	-992.9294	-1059.9	66.97045	0.6948457	0.8787846	2.228906
72960	-992.1501	-1059.146	66.99552	0.3940369	0.8181816	2.447888
72966	-998.029	-1064.702	66.6732	0.2525282	1.236274	2.479544
72972	-1001.832	-1068.652	66.82032	0.3311776	0.9919794	2.479544
72978	-1003.565	-1070.053	66.48736	0.3571804	1.334435	2.479544
72984	-1011.208	-1078.894	67.68637	1.202472	1.398647	0.9550059
72990	-1000.216	-1067.342	67.12555	0.6079643	1.047	2.071525
72996	-999.1985	-1066.963	67.76423	0.70469	1.047	1.562973
73002	-990.1825	-1057.951	67.76896	0.9193754	1.112119	1.348856
73008	-993.0559	-1061.296	68.2399	0.9249672	0.8240939	1.200616
73014	-988.8154	-1056.868	68.0528	1.068501	0.8346051	1.227378
73020	-988.204	-1055.873	67.66877	1.154458	1.320781	1.080287
73026	-998.685	-1066.87	68.18482	0.9081505	0.7662502	1.317194
73032	-997.556	-1065.607	68.05116	1.133572	0.7662502	1.241876
73038	-994.7164	-1062.132	67.4156	0.7521288	1.027766	1.791026
73044	-1003.878	-1070.952	67.07406	0.5252236	0.924502	2.239607
73050	-997.5619	-1064.622	67.05989	0.5393951	0.924502	2.239607
73056	-1001.62	-1069.083	67.46277	0.3936138	0.924502	2.072216
73062	-1002.051	-1069.678	67.62761	0.8347813	0.924502	1.657586
73068	-998.8078	-1066.245	67.43689	0.9344103	0.85483	1.77552
73074	-995.5706	-1062.946	67.37516	0.8134077	0.8206572	1.927429
73080	-1003.095	-1070.298	67.20333	0.985735	1.451514	1.515639
73086	-1000.002	-1067.67	67.66759	0.985735	0.732961	1.67896
73092	-995.8074	-1063.553	67.74584	0.9649765	0.896274	1.49785
73098	-996.3294	-1064.284	67.95496	1.09658	0.896274	1.228277
73104	-1002.002	-1070.207	68.20534	1.15413	0.8478279	0.9966656
73110	-1013.009	-1080.735	67.72571	1.098631	1.519714	0.9269011
73116	-1010.203	-1078.119	67.91681	1.148148	1.049518	1.077995
73122	-998.834	-1066.757	67.92264	1.111259	0.9971358	1.152825
73128	-992.9439	-1060.78	67.836	1.069229	0.7693653	1.460966
73134	-993.4473	-1060.634	67.18628	0.8929113	1.046289	1.839686
73140	-1000.238	-1068.026	67.78768	0.7556553	0.7087637	1.77803
73146	-990.3615	-1057.884	67.5229	1.077361	0.8357375	1.628706
73152	-987.1624	-1054.633	67.47036	0.9998201	0.6580082	1.874687
73158	-998.3945	-1065.969	67.57495	0.8076584	0.8061846	1.806426
73164	-1002.105	-1069.684	67.57959	0.9796168	0.8061846	1.682632
73170	-997.3229	-1064.646	67.32271	0.8746938	1.187607	1.665896
73176	-998.6181	-1065.722	67.10352	0.6795118	0.8402487	2.180671
73182	-994.4466	-1061.696	67.24906	0.4242704	0.8588561	2.237987
73188	-990.7658	-1057.732	66.96613	0.3265918	0.9150709	2.440953
73194	-997.7025	-1064.393	66.69095	0.6219697	0.862996	2.463982
73200	-1004.078	-1070.828	66.74983	0.2909988	1.28122	2.383322
73206	-999.916	-1066.681	66.76446	0.2384004	1.16776	2.468577
73212	-996.6058	-1063.353	66.74711	0.3278685	0.8946817	2.590551
73218	-999.9011	-1066.926	67.02481	0.6166602	0.8946817	2.233053
73224	-999.2149	-1066.629	67.41457	0.5695831	0.8946817	2.008794
73230	-994.3994	-1062.035	67.63524	0.8935974	0.7337932	1.765934
73236	-999.2685	-1066.958	67.68956	0.7908857	0.5817565	1.941171
73242	-993.3077	-1060.442	67.13452	0.6821685	1.168476	1.941171
73248	-994.7345	-1062.68	67.94537	0.7440185	0.7406507	1.646282
73254	-998.37	-1065.289	66.91872	0.6914849	0.6352347	2.455258
73260	-1009.01	-1075.708	66.69779	0.8609553	1.452603	1.958585
73266	-1003.29	-1070.104	66.81376	0.7311637	0.9676086	2.245669
73272	-1003.242	-1070.746	67.504	0.7914168	0.9455963	1.75994
73278	-1002.206	-1069.926	67.72008	0.8258542	0.7461668	1.743163
73284	-1002.536	-1069.582	67.04587	0.8155465	1.187599	1.899509
73290	-994.3021	-1062.079	67.77661	0.9766364	1.116873	1.293106
73296	-995.2149	-1062.874	67.6595	0.7605561	1.116873	1.550452
73302	-999.9261	-1066.392	66.46576	0.7041942	1.03911	2.438721
73308	-1002.98	-1070.341	67.36119	0.5017018	1.011577	2.00879
73314	-1006.61	-1073.768	67.15809	0.3153842	1.032907	2.249626
73320	-1003.459	-1070.764	67.30456	0.4946662	0.898915	2.127719
73326	-999.2925	-1065.912	66.61943	0.3398502	0.9461703	2.628227
73332	-994.2938	-1061.346	67.05247	0.4243574	0.9439888	2.304968
73338	-992.5054	-1060.193	67.68807	0.905496	1.036889	1.477396
73344	-996.9978	-1064.418	67.4201	0.9102704	1.335278	1.477396
73350	-993.954	-1061.594	67.63999	0.9275968	0.9341718	1.574017
73356	-996.9143	-1063.853	66.93874	0.6275348	1.096477	2.150326
73362	-1016.214	-1083.682	67.46765	0.6798764	1.441691	1.551961
73368	-1017.343	-1084.553	67.2096	0.7590861	1.552131	1.623197
73374	-994.2524	-1061.687	67.4345	0.8444542	1.141915	1.636624
73380	-995.5066	-1063.016	67.50914	0.8755247	1.352659	1.425388
73386	-995.0661	-1062.501	67.43498	1.085081	1.34145	1.326032
73392	-997.7739	-1065.752	67.97768	1.022048	0.9869901	1.191525
73398	-994.7077	-1062.434	67.7266	0.9019383	0.9869901	1.488333
73404	-989.8886	-1057.33	67.4411	0.7168546	0.9869901	1.825803
73410	-1007.691	-1074.85	67.15901	0.9317706	1.307202	1.669751
73416	-1000.543	-1068.151	67.60743	1.395417	1.157364	1.041951
73422	-995.3089	-1063.561	68.25197	1.591762	0.6849904	0.601118
73428	-998.3422	-1066.313	67.97122	1.591762	0.9378133	0.5325235
73434	-1006.176	-1074.061	67.88432	1.591762	0.9928915	0.6382393
73440	-1000.546	-1068.988	68.44163	1.433087	0.619961	0.7212737
73446	-1005.415	-1073.24	67.82584	1.433087	0.9264609	1.01114
73452	-1006.785	-1074.948	68.16285	1.286187	0.9811417	0.7132526
73458	-999.5178	-1067.628	68.11032	1.412085	0.9089583	0.7165113
73464	-1005.702	-1073.599	67.89717	1.040906	0.987132	1.243716
73470	-1010.475	-1077.916	67.44081	1.266121	0.9643488	1.446363
73476	-1006.665	-1074.703	68.03827	1.387051	0.8791465	0.8892538
73482	-1007.42	-1075.486	68.06658	1.420677	0.8791465	0.8141872
73488	-998.5265	-1066.593	68.06653	1.083793	0.8014253	1.235386
73494	-1009.488	-1076.728	67.24007	0.5930937	1.177127	1.924886
73500	-1004.217	-1071.109	66.8924	0.6041674	0.874137	2.340196
73506	-1005.683	-1072.286	66.60283	0.6229635	1.49945	2.155558
73512	-996.4322	-1063.42	66.98823	0.6937451	1.200188	2.012656
73518	-993.7638	-1060.679	66.91492	0.5102528	0.8942328	2.371533
73524	-997.3702	-1064.394	67.02434	0.7430216	0.8711552	2.168308
73530	-992.9901	-1059.724	66.7343	0.5785225	0.8711552	2.458346
73536	-990.8	-1057.261	66.46128	0.4009432	1.06562	2.61466
73542	-999.4466	-1066.248	66.8012	0.3462801	1.108558	2.411406
73548	-1000.422	-1067.323	66.90137	0.6970833	1.412606	1.952351
73554	-997.761	-1065.021	67.25967	0.5520912	1.15539	1.952351
73560	-997.8216	-1065.176	67.35419	0.7131242	1.267497	1.709703
73566	-1000.332	-1067.727	67.39494	0.9838932	1.036704	1.635774
73572	-1011.086	-1078.141	67.05524	0.7888325	1.405569	1.788394
73578	-1004.718	-1071.865	67.14663	0.8249801	1.386174	1.709632
73584	-1003.307	-1070.335	67.02786	0.2066853	0.7356517	2.606592
73590	-1006.453	-1073.859	67.40609	0.8223513	1.231691	1.616118
73596	-1008.666	-1076.083	67.41715	0.683901	0.9523966	1.888963
73602	-992.2052	-1058.931	66.72624	0.05611422	1.249342	2.56206
73608	-993.8556	-1060.199	66.34308	0.09193626	1.035082	2.893679
73614	-992.7806	-1060.174	67.39317	0.05407744	0.8692742	2.374913
73620	-993.3328	-1060.26	66.92726	0.1495419	1.297893	2.351808
73626	-994.0441	-1061.157	67.11329	0.1584676	0.6367082	2.664311
73632	-995.8652	-1063.201	67.33609	0.1358582	0.6475415	2.531062
73638	-1003.035	-1069.503	66.46716	0.4459445	0.6475415	2.874025
73644	-1003.137	-1070.913	67.77586	0.6137474	0.7521704	1.846366
73650	-992.7785	-1059.785	67.0067	0.6685743	1.091186	2.082205
73656	-993.4941	-1060.557	67.06305	0.2061969	1.15574	2.30688
73662	-992.0188	-1059.218	67.19915	0.547851	1.007577	2.08808
73668	-988.6626	-1055.544	66.88187	0.4785615	1.110067	2.27515
73674	-993.615	-1060.625	67.01049	0.3499467	1.110067	2.27515
73680	-986.5899	-1053.803	67.21348	0.362299	1.110067	2.135899
73686	-989.0616	-1056.008	66.94621	0.5913832	1.441185	1.978535
73692	-986.9197	-1054.131	67.21106	0.5440255	1.127057	2.007416
73698	-990.5743	-1057.456	66.88146	0.4349679	1.085604	2.317849
73704	-1002.151	-1069.665	67.51482	0.4636127	1.241997	1.78699
73710	-995.2462	-1062.389	67.14302	0.644343	0.999391	2.066881
73716	-998.2042	-1065.815	67.61111	0.808391	0.999391	1.632995
73722	-1000.586	-1067.698	67.11202	0.3565961	0.7272136	2.467443
73728	-998.5328	-1065.233	66.70002	0.5395256	1.10295	2.356442
73734	-1000.779	-1068.014	67.23517	0.5303897	0.6360996	2.356442
73740	-996.8751	-1064.106	67.23131	0.680886	0.8038036	2.124012
73746	-994.026	-1061.192	67.16616	0.713201	0.8644015	2.100075
73752	-1003.873	-1071.802	67.92919	0.9078185	0.8687174	1.42492
73758	-1002.761	-1070.399	67.63761	0.8329386	0.8687174	1.694907
73764	-999.2867	-1066.973	67.68659	0.7839531	0.8687174	1.694907
73770	-1002.87	-1070.033	67.16227	0.8553137	1.354193	1.694907
73776	-1005.892	-1072.708	66.81541	0.4254433	1.354193	2.217695
73782	-1013.855	-1081.397	67.54247	1.053727	1.118796	1.416219
73788	-1011.779	-1079.31	67.53148	0.9063235	1.103645	1.546373
73794	-1008.237	-1075.654	67.41722	0.8977134	1.280344	1.522595
73800	-1002.567	-1070.336	67.76867	0.9855868	0.8782719	1.479963
73806	-1005.589	-1073.675	68.08606	1.10417	0.5923261	1.423329
73812	-1007.095	-1074.89	67.79487	0.9757003	1.01502	1.357188
73818	-1002.998	-1071.047	68.04875	0.8427699	0.8460551	1.402412
73824	-1004.933	-1072.806	67.87341	1.350607	0.909922	1.061895
73830	-996.309	-1064.642	68.33292	1.229644	0.6325119	1.061895
73836	-999.9599	-1067.65	67.69019	1.306908	1.465011	0.7641433
73842	-1001.778	-1069.727	67.94926	1.279866	0.8107604	1.158279
73848	-1005.597	-1073.224	67.62695	1.196794	1.147815	1.210948
73854	-1011.581	-1078.06	66.47908	0.583241	1.012851	2.522258
73860	-1016.375	-1082.658	66.28261	0.4434877	1.944058	2.288022
73866	-1003.336	-1070.393	67.0572	0.6538528	0.9472081	2.151794
73872	-1004.344	-1071.656	67.312	0.6379886	0.8213754	2.085777
73878	-1008.143	-1074.863	66.7198	0.5810163	0.9815379	2.392239
73884	-999.5556	-1066.318	66.76268	0.4002565	0.9877266	2.475067
73890	-999.0957	-1066.253	67.15688	0.4965769	0.9877266	2.162244
73896	-1001.298	-1068.169	66.87098	0.3791859	0.9149403	2.467759
73902	-1002.191	-1068.946	66.7553	0.2633806	1.186345	2.448336
73908	-993.8035	-1060.275	66.47137	0.1870793	1.186345	2.672197
73914	-997.8558	-1064.82	66.96403	0.3288755	1.186345	2.274372
73920	-1004.033	-1070.889	66.85666	0.5692973	1.062728	2.261657
73926	-1002.306	-1069.78	67.47436	0.7898484	0.8662511	1.84071
73932	-1000.902	-1068.698	67.79607	0.9365204	0.5097452	1.845989
73938	-1000.145	-1067.843	67.69821	0.5782077	1.024844	1.717009
73944	-1002.782	-1070.46	67.67835	0.7794065	1.052663	1.567162
73950	-1000.358	-1067.767	67.40815	0.8375	1.080112	1.701165
73956	-996.7773	-1064.147	67.37019	0.8410198	0.7075655	2.004912
73962	-995.6166	-1063.439	67.82229	1.076494	0.5820724	1.650727
73968	-998.1843	-1066.197	68.01277	0.7614446	0.6686029	1.652394
73974	-1005.516	-1072.785	67.2689	1.000652	1.837602	1.244425
73980	-999.4217	-1067.168	67.74656	1.050867	0.8733428	1.451329
73986	-1014.812	-1082.688	67.87576	0.7825549	0.8740075	1.55502
73992	-1010.718	-1076.976	66.2582	0.4135016	1.068748	2.730017
73998	-1001.048	-1067.344	66.29618	0.6839529	1.645113	2.247736
74004	-998.05	-1065.213	67.16302	0.4561562	0.8909684	2.250006
74010	-996.5822	-1063.545	66.96257	0.3013974	1.089695	2.348794
74016	-1002.853	-1070.206	67.35264	0.2230865	1.089695	2.148302
74022	-1007.53	-1075.044	67.51386	0.2289123	1.028212	2.077467
74028	-1005.469	-1072.345	66.87567	0.1677324	1.185917	2.433024
74034	-1008.479	-1075.875	67.3967	0.2838097	0.9722901	2.154843
74040	-1003.55	-1070.812	67.26215	0.4550553	1.19503	1.992179
74046	-1011.799	-1077.559	65.75963	0.4215805	1.295768	2.906326
74052	-996.1869	-1062.635	66.44828	0.4824174	1.210006	2.490558
74058	-1002.972	-1070.094	67.12234	0.3709285	0.8721098	2.343719
74064	-999.5191	-1066.877	67.35782	0.3554135	0.8279278	2.234907
74070	-988.4427	-1055.552	67.10911	0.6606505	0.7853925	2.230638
74076	-988.3191	-1056.329	68.00961	0.9334497	0.7853925	1.417175
74082	-988.5645	-1056.551	67.98663	1.177455	0.8356392	1.189883
74088	-994.1578	-1061.925	67.76764	1.001007	0.8356392	1.505109
74094	-995.0818	-1062.404	67.3223	0.9049798	1.150022	1.668421
74100	-992.976	-1059.815	66.83888	0.716717	0.9666812	2.239417
74106	-995.7497	-1062.784	67.03392	0.7213718	0.9891558	2.09475
74112	-992.8397	-1060.146	67.30626	0.9054381	1.202872	1.646105
74118	-990.844	-1058.653	67.80891	0.9392376	0.5242447	1.81919
74124	-991.3823	-1058.699	67.31662	0.800003	0.9966759	1.847505
74130	-989.8617	-1057.587	67.72516	0.8173168	0.8299175	1.674922
74136	-996.5125	-1064.321	67.80836	0.8686331	0.8287236	1.578802
74142	-997.1171	-1064.746	67.62844	0.988172	0.81656	1.632852
74148	-988.4318	-1055.473	67.0413	0.6846366	0.7937962	2.252396
74154	-991.8656	-1058.67	66.80455	0.5310772	0.7937962	2.499622
74160	-985.7167	-1052.719	67.00213	0.5825729	1.352981	1.992784
74166	-986.4801	-1053.803	67.32253	0.66178	0.9457434	1.972406
74172	-985.9193	-1053.16	67.24067	0.7340529	0.9549693	1.972406
74178	-989.7496	-1056.87	67.12091	0.7579057	1.475122	1.72729
74184	-991.4478	-1059.105	67.65686	0.8091265	0.7646997	1.783041
74190	-989.799	-1056.89	67.09153	0.744491	1.149323	1.939691
74196	-1004.047	-1070.649	66.60213	0.624915	1.667537	2.077207
74202	-1002.627	-1070.341	67.71414	1.028235	0.6206541	1.722087
74208	-1006.1	-1074.019	67.91928	1.146885	1.165832	0.9715185
74214	-996.8114	-1064.186	67.37443	0.9384713	1.096413	1.642277
74220	-1001.713	-1068.697	66.9847	0.5050309	0.9138392	2.31706
74226	-1002.916	-1070.398	67.48238	0.5524515	0.9138392	1.961119
74232	-999.2439	-1065.887	66.64282	0.6874123	1.490441	2.091593
74238	-992.944	-1060.099	67.15519	0.688298	1.054268	1.993956
74244	-1000.855	-1067.963	67.10783	0.6683731	1.126045	1.993956
74250	-989.9703	-1057.685	67.71519	0.8524752	0.8012877	1.680711
74256	-991.2712	-1058.365	67.09331	0.6750494	0.8995978	2.147387
74262	-1001.944	-1069.742	67.79863	0.6250308	0.8995978	1.704137
74268	-1007.119	-1074.802	67.683	0.546937	0.7229268	1.979278
74274	-998.5352	-1066.484	67.94842	1.164388	1.104439	0.9809109
74280	-1001.833	-1069.805	67.97185	1.18001	1.2037	0.8382125
74286	-1001.721	-1069.867	68.14586	1.384461	0.9098715	0.7014124
74292	-1003.328	-1070.98	67.65136	1.26005	1.514853	0.8298128
74298	-1006.393	-1074.214	67.82077	1.393443	1.28666	0.6256615
74304	-999.329	-1067.497	68.16763	1.520353	0.779074	0.6850116
74310	-1001.816	-1069.937	68.12114	1.379991	0.7477256	0.9731257
74316	-999.2272	-1066.734	67.50673	1.436371	1.318394	0.9647655
74322	-998.9218	-1067.042	68.11974	1.360723	0.8819579	0.8189646
74328	-1003.374	-1071.713	68.33891	1.358714	0.6950318	0.827191
74334	-1003.791	-1071.79	67.99878	1.589527	0.9141464	0.4707948
74340	-1000.378	-1068.578	68.19992	1.565994	0.7427194	0.6117717
74346	-1009.414	-1076.977	67.56277	1.552666	1.109634	0.97329
74352	-997.6497	-1065.303	67.65297	1.676941	1.095797	0.7257284
74358	-996.7084	-1064.816	68.10759	1.500655	0.8142499	0.7481316
74364	-997.5998	-1065.326	67.7257	1.970843	0.7320799	0.3048518
74370	-1000.468	-1068.277	67.80852	1.880634	0.7560407	0.3238295
74376	-996.8611	-1064.67	67.80852	1.880634	0.7560407	0.3238295
74382	-1004.322	-1072.31	67.98794	1.880634	0.6115531	0.3131109
74388	-1006.197	-1073.627	67.42981	1.841073	1.129336	0.3029336
74394	-999.3497	-1067.522	68.17231	1.36398	0.9434197	0.6146559
74400	-992.5857	-1060.717	68.13136	1.366806	0.9347563	0.7112046
74406	-1004.041	-1072.023	67.9821	0.9688519	0.92849	1.283188
74412	-1005.969	-1073.764	67.7946	1.06429	0.92849	1.35729
74418	-990.842	-1058.202	67.35951	0.7798797	0.9120383	1.891814
74424	-996.933	-1064.207	67.2741	0.6923712	0.6351324	2.22882
74430	-1000.015	-1066.931	66.91553	0.4560677	0.9775185	2.349973
74436	-991.5711	-1059.032	67.46129	0.5858818	0.8499528	1.999811
74442	-998.5296	-1066.279	67.74965	0.8270366	0.5100772	1.951452
74448	-992.8698	-1060.513	67.64282	0.8038134	0.6146099	1.931692
74454	-993.3075	-1061.152	67.84431	0.8007702	0.6314644	1.779512
74460	-993.49	-1061.561	68.07067	0.7963275	0.6691411	1.584741
74466	-989.8697	-1057.65	67.78042	0.7708501	0.7982859	1.694878
74472	-996.1175	-1063.912	67.7941	0.7571729	0.7982859	1.694878
74478	-999.7609	-1067.43	67.66955	0.8742554	1.157704	1.429403
74484	-999.8651	-1066.531	66.66546	0.6682011	1.154844	2.266171
74490	-999.1401	-1066.489	67.34897	0.6439573	1.008017	1.923969
74496	-990.1039	-1057.512	67.40807	0.5971619	0.9956983	1.923969
74502	-989.8905	-1057.469	67.57852	0.903241	0.9956983	1.590547
74508	-994.252	-1061.097	66.84547	0.909961	1.641665	1.730518
74514	-991.2198	-1058.375	67.15558	0.7280293	0.793439	2.15066
74520	-994.7052	-1062.236	67.53116	0.8135447	1.178091	1.565291
74526	-994.939	-1062.979	68.04017	0.8800272	0.649526	1.565291
74532	-995.1926	-1062.743	67.55013	0.8728362	0.7654919	1.81217
74538	-989.5334	-1057.012	67.47891	0.7454296	1.211517	1.63161
74544	-987.0123	-1054.737	67.72503	1.006564	0.7706434	1.589019
74550	-987.7841	-1054.861	67.0765	0.8237299	0.7706434	2.157651
74556	-991.601	-1058.752	67.15143	0.6068609	0.7523812	2.263814
74562	-992.0298	-1059.038	67.00816	0.5229847	1.095604	2.173705
74568	-994.7694	-1061.901	67.13115	0.5335197	0.9594493	2.173705
74574	-999.8928	-1067.153	67.26007	0.7250275	1.032789	1.912764
74580	-1003.833	-1071.019	67.18527	0.7574131	1.211878	1.829529
74586	-1004.509	-1072.706	68.19781	1.081097	0.8281094	1.095444
74592	-1003.311	-1070.929	67.61784	1.061194	1.189446	1.300443
74598	-1004.957	-1072.443	67.48547	1.00972	1.576171	1.20062
74604	-1010.215	-1077.953	67.73854	1.174995	1.455204	0.8804215
74610	-1003.248	-1070.88	67.6316	1.757447	1.093033	0.613246
74616	-1003.682	-1071.359	67.67706	1.784018	1.012244	0.3907172
74622	-1002.713	-1070.79	68.07765	1.750459	0.7073899	0.4545
74628	-1001.337	-1068.844	67.50706	1.851451	1.123141	0.3963771
74634	-1002.553	-1069.863	67.30945	1.911825	1.179935	0.2997465
74640	-998.8973	-1065.965	67.06735	2.089153	1.179935	0.2589172
74646	-1002.009	-1069.446	67.43687	2.089153	0.8661778	0.2958976
74652	-1006.555	-1073.673	67.1175	2.089153	1.180294	0.2894884
74658	-1002.366	-1069.659	67.29292	1.973475	1.055805	0.2566155
74664	-1003.177	-1070.29	67.11338	2.011341	1.180291	0.2430655
74670	-1010.11	-1076.784	66.6735	2.011341	1.643654	0.2095691
74676	-1002.477	-1069.614	67.13671	2.16005	0.8976884	0.201764
74682	-1001.405	-1069.01	67.60516	2.024828	0.7950632	0.3132601
74688	-1000.199	-1068.074	67.87484	1.815292	0.7950632	0.380771
74694	-1005.831	-1073.647	67.81557	1.801758	0.8377887	0.3495398
74700	-1001.706	-1069.466	67.76077	1.881445	0.8377887	0.3836403
74706	-1005.667	-1073.148	67.48173	1.782123	1.142759	0.3069722
74712	-1005.031	-1072.298	67.26635	1.902492	1.342917	0.3930542
74718	-1004.689	-1072.275	67.58592	1.893015	0.9789493	0.3665108
74724	-1000.214	-1068.001	67.7871	1.73317	0.9789493	0.46708
74730	-1006.904	-1074.085	67.18141	1.05231	1.462811	1.475731
74736	-1001.003	-1068.406	67.40342	1.11239	1.123686	1.474244
74742	-996.3393	-1064.654	68.31455	1.38915	0.7684127	0.6797404
74748	-1001.679	-1069.65	67.97119	1.504456	0.989035	0.6479346
74754	-996.9106	-1064.925	68.01426	1.570488	0.896981	0.6171996
74760	-1000.913	-1068.663	67.75	0.877246	0.877992	1.574616
74766	-1008.323	-1075.582	67.25914	1.020634	1.16612	1.620351
74772	-997.6067	-1065.336	67.72898	0.5846262	0.7599583	1.891706
74778	-993.2433	-1060.625	67.38165	0.6086168	0.9159935	1.989414
74784	-1000.698	-1067.417	66.71877	0.7582143	1.500663	1.989414
74790	-1002.69	-1070.422	67.73259	0.6858351	0.9172836	1.694388
74796	-997.1284	-1064.254	67.12599	0.496565	0.9172836	2.229565
74802	-998.6292	-1064.886	66.25685	0.393514	1.327047	2.604118
74808	-1004.226	-1070.908	66.68237	0.4996954	1.262532	2.303451
74814	-1003.237	-1070.139	66.90184	0.5455139	1.073652	2.241221
74820	-1008.031	-1075.025	66.99353	0.4784927	1.073652	2.225325
74826	-1005.246	-1072.811	67.56558	0.9659637	0.8336035	1.679702
74832	-1007.159	-1074.196	67.03679	0.8186723	1.320054	1.827257
74838	-999.7245	-1067.196	67.47131	0.5703079	0.8161508	2.029259
74844	-999.3763	-1065.859	66.48304	0.5416031	1.322812	2.372008
74850	-999.7665	-1066.416	66.64923	0.5887966	1.340477	2.226577
74856	-1008.786	-1075.412	66.62517	0.2733305	1.23833	2.495488
74862	-990.6382	-1056.757	66.11919	0.1986632	1.299938	2.82148
74868	-996.259	-1062.71	66.45085	0.2348401	0.972117	2.77964
74874	-995.3094	-1062.377	67.06786	0.2396894	1.203824	2.255171
74880	-988.5579	-1055.203	66.64472	0.3141939	1.063922	2.555723
74886	-989.6875	-1057.432	67.74482	0.7524541	0.8426675	1.696698
74892	-991.837	-1059.699	67.86203	0.8050717	0.6881217	1.710135
74898	-992.7191	-1060.63	67.91112	0.8834591	0.8696419	1.456626
74904	-991.259	-1059.131	67.87245	0.8902979	1.12723	1.277562
74910	-984.4986	-1052.51	68.01141	1.130508	0.9005161	1.146215
74916	-985.608	-1053.144	67.53609	0.8109109	1.100298	1.615057
74922	-990.8017	-1058.307	67.5058	0.7183914	1.349046	1.548475
74928	-993.3162	-1061.468	68.15154	1.054341	0.726548	1.265297
74934	-992.1579	-1060.122	67.96419	0.8306734	0.7876988	1.527323
74940	-994.018	-1061.583	67.56537	0.94507	0.7876988	1.732582
74946	-1000.793	-1067.742	66.94862	0.6714869	0.7876988	2.324745
74952	-1002.374	-1069.722	67.34734	0.5853607	0.7876988	2.123081
74958	-1004.886	-1071.717	66.8312	0.5346116	0.7876988	2.485285
74964	-996.2916	-1063.544	67.2527	0.8078425	1.217083	1.744582
74970	-1003.819	-1071.253	67.43358	0.7328241	1.165264	1.701995
74976	-1004.072	-1071.567	67.49427	0.9914667	1.117322	1.501298
74982	-1005.466	-1072.235	66.76924	0.507095	1.222421	2.264896
74988	-991.5054	-1058.388	66.8824	0.5508223	1.079106	2.246991
74994	-998.3092	-1065.68	67.37123	0.4530746	0.8296742	2.161716
75000	-997.5639	-1064.35	66.78598	0.4163362	1.51862	2.161716
75006	-996.1726	-1063.807	67.63421	0.4595819	0.935758	1.905681
75012	-996.1729	-1063.15	66.97703	0.5306503	0.7698252	2.409657
75018	-1002.603	-1069.389	66.78628	0.7200435	0.876841	2.332094
75024	-994.4997	-1061.273	66.77338	0.6114981	1.055986	2.292109
75030	-995.2772	-1062.545	67.26817	0.5240039	1.055986	2.027006
75036	-987.4725	-1054.548	67.07588	0.7119658	1.06024	2.027174
75042	-992.1788	-1059.852	67.67353	0.6713671	0.7877204	1.847431
75048	-992.6618	-1059.804	67.14211	0.6653448	0.7877204	2.204508
75054	-1001.404	-1068.651	67.24606	0.6132118	1.022971	2.003713
75060	-998.0115	-1064.215	66.20353	0.4434405	1.254815	2.642994
75066	-996.2707	-1063.223	66.95283	0.5428058	1.059003	2.219096
75072	-990.8629	-1057.93	67.06711	0.5668989	0.8639129	2.259637
75078	-991.5084	-1058.596	67.0881	0.560341	1.244577	2.009589
75084	-1000.363	-1067.259	66.89697	0.4927098	1.134818	2.241797
75090	-995.8517	-1062.848	66.99622	0.6203383	1.105249	2.112147
75096	-996.5815	-1063.933	67.35109	0.6595508	1.029553	1.897591
75102	-989.8543	-1057.384	67.53001	0.6203552	1.045234	1.791274
75108	-985.1046	-1051.613	66.50799	0.3806704	1.065764	2.598217
75114	-987.1948	-1053.554	66.35952	0.453661	1.147196	2.598217
75120	-989.4539	-1055.798	66.34422	0.4164059	1.147196	2.630712
75126	-991.7174	-1058.615	66.89726	0.4812518	1.147196	2.241776
75132	-987.1221	-1054.409	67.28663	0.6352963	0.7861926	2.131298
75138	-990.9205	-1057.973	67.05225	0.7519614	1.162303	1.953268
75144	-992.3892	-1059.629	67.2401	0.7270531	1.162303	1.842641
75150	-988.9372	-1056.528	67.59049	0.6116334	0.7500465	1.975131
75156	-989.283	-1056.162	66.87913	0.569368	0.8353414	2.3983
75162	-986.6863	-1054.221	67.53422	0.5975982	1.059571	1.794564
75168	-989.4483	-1056.762	67.31351	0.707439	1.071575	1.862987
75174	-995.2398	-1062.804	67.56396	1.058337	0.8000403	1.642688
75180	-991.7176	-1059.321	67.60299	0.8470935	0.8021297	1.762869
75186	-995.6487	-1062.89	67.24128	0.8698968	0.8170208	1.982257
75192	-995.8441	-1063.068	67.22411	0.4913192	1.21417	1.982257
75198	-992.874	-1059.641	66.76709	0.4569811	1.21417	2.302902
75204	-1001.68	-1069.294	67.61392	0.4005286	1.123132	1.834493
75210	-996.5173	-1063.489	66.97169	0.6794386	1.067869	2.11251
75216	-988.106	-1055.254	67.14787	0.7943832	1.359815	1.744868
75222	-982.9215	-1050.823	67.90128	1.070498	0.9342371	1.261034
75228	-983.4425	-1051.014	67.57191	0.8962681	0.884345	1.684344
75234	-988.3957	-1056.185	67.78945	1.005617	0.7259733	1.583104
75240	-997.288	-1064.992	67.70445	0.8598884	1.403252	1.25011
75246	-992.4848	-1060.347	67.86184	1.022775	0.9655572	1.30577
75252	-993.2238	-1060.257	67.03307	0.7998914	1.705072	1.645034
75258	-992.391	-1059.248	66.85734	0.6800794	1.092531	2.171494
75264	-1000.211	-1067.189	66.97787	0.6256732	1.130673	2.105359
75270	-996.1631	-1063.04	66.87656	0.6846629	1.275678	2.05013
75276	-997.873	-1064.7	66.8266	0.810357	1.859596	1.713915
75282	-996.4019	-1063.497	67.09523	0.6784871	0.9968649	2.077538
75288	-998.6482	-1066.034	67.38604	0.7309966	0.9968649	1.847092
75294	-993.2999	-1060.739	67.4394	0.6171658	0.9311041	1.934165
75300	-997.178	-1063.896	66.71803	0.4386157	0.9892111	2.478071
75306	-997.0248	-1064.733	67.70847	0.5945198	1.090189	1.653566
75312	-998.0321	-1065.639	67.60674	0.4944453	0.7466443	2.045116
75318	-1001.014	-1067.909	66.89493	0.6460105	1.118572	2.153498
75324	-996.8785	-1064.282	67.40387	0.7715101	1.118572	1.72549
75330	-998.8152	-1066.357	67.54147	0.6979803	0.9447362	1.799485
75336	-994.6326	-1061.903	67.27023	0.7520297	1.02751	1.89106
75342	-1000.606	-1067.776	67.16913	0.7818126	1.102259	1.89106
75348	-1006.514	-1073.563	67.04908	0.392123	0.8744831	2.375087
75354	-1001.126	-1068.061	66.93509	0.6294132	1.337359	2.01455
75360	-1001.551	-1068.101	66.55017	0.5649565	1.337359	2.307018
75366	-1002.426	-1069.506	67.07992	0.4883391	1.087316	2.154617
75372	-997.8904	-1065.29	67.39947	0.5048206	0.6617282	2.245308
75378	-996.3621	-1063.172	66.81022	0.5429062	1.39912	2.121841
75384	-996.2328	-1063.113	66.88	0.6522983	1.361749	2.023045
75390	-996.0934	-1063.638	67.54455	0.8327528	0.7955534	1.81875
75396	-995.7363	-1062.783	67.04716	0.7470045	1.219702	1.926142
75402	-997.3835	-1064.07	66.68678	0.392261	1.003635	2.517543
75408	-999.0915	-1065.435	66.34378	0.5233982	1.003635	2.648907
75414	-997.3324	-1064.5	67.16785	0.7124771	0.7669078	2.173541
75420	-996.5833	-1064.029	67.44543	0.7337886	0.8921847	1.879302
75426	-999.0106	-1066.47	67.45919	0.9137389	0.8921847	1.745529
75432	-998.8671	-1066.553	67.68624	0.8001872	0.8067623	1.733604
75438	-991.1544	-1058.696	67.54189	0.8336988	1.074372	1.611982
75444	-993.2578	-1060.368	67.10974	0.916488	1.351388	1.690361
75450	-990.7141	-1058.925	68.21069	1.160401	0.6620813	1.197267
75456	-988.7036	-1056.328	67.62479	0.6858052	1.062823	1.666649
75462	-1000.452	-1067.872	67.42091	0.6136646	1.062823	1.859373
75468	-990.5248	-1057.871	67.34626	0.7778533	0.9002164	1.910809
75474	-996.394	-1063.585	67.19104	0.5262872	0.9002164	2.180131
75480	-993.2295	-1060.885	67.65554	0.9029827	0.9769342	1.548132
75486	-995.3104	-1062.667	67.35675	0.7047101	0.9769342	1.898733
75492	-991.6913	-1059.397	67.70529	1.051577	0.9769342	1.397932
75498	-991.617	-1059.059	67.44222	0.9608634	1.244941	1.478745
75504	-987.2065	-1054.587	67.38018	1.023508	0.8451972	1.760524
75510	-985.4534	-1053.144	67.69105	0.8732606	0.7974097	1.686356
75516	-993.3239	-1060.964	67.64036	0.7285692	0.6991234	1.906313
75522	-992.0364	-1059.245	67.20837	0.656088	0.9346569	2.059817
75528	-993.4975	-1060.714	67.21703	0.9851824	1.168655	1.674419
75534	-984.6969	-1051.645	66.94856	0.8206999	1.120801	2.001793
75540	-988.2607	-1055.775	67.51461	0.6366233	0.7589513	2.001793
75546	-997.5772	-1064.536	66.95932	0.6038808	0.9051289	2.276078
75552	-998.4821	-1065.288	66.80609	0.74774	0.5728128	2.546964
75558	-987.8068	-1053.916	66.10895	0.4089311	0.895052	2.930563
75564	-986.3745	-1053.312	66.93727	0.5562987	1.072785	2.211948
75570	-992.6819	-1059.658	66.97645	0.6056197	1.107145	2.133556
75576	-994.1944	-1061.211	67.01685	0.4348945	1.107145	2.218162
75582	-997.8364	-1064.746	66.90965	0.5420977	1.107145	2.218162
75588	-1003.111	-1070.842	67.73028	0.6330135	0.8605931	1.776594
75594	-990.9344	-1058.769	67.83424	0.8705128	0.587707	1.781764
75600	-986.7945	-1054.028	67.23366	0.8411588	0.8460925	1.984269
75606	-993.1277	-1060.89	67.76205	0.9354411	0.8544788	1.542171
75612	-990.9784	-1059.132	68.15337	0.9493014	0.8621604	1.216788
75618	-989.818	-1057.691	67.87343	0.9575933	0.8436876	1.451046
75624	-998.4563	-1065.603	67.1468	0.9951775	1.082344	1.772479
75630	-1003.713	-1071.626	67.91345	0.9951775	0.8552048	1.381002
75636	-1010.633	-1078.746	68.11234	1.010086	1.093065	0.9818997
75642	-1002.105	-1070.062	67.95785	0.9455728	1.136646	1.150603
75648	-1001.893	-1070.305	68.41166	0.9937589	0.7216755	1.097473
75654	-998.1098	-1065.996	67.88581	0.9174909	1.188089	1.197799
75660	-998.2918	-1066.098	67.80576	0.9975357	1.188089	1.197799
75666	-1003.415	-1070.529	67.11396	0.6852807	1.213745	1.926184
75672	-1001.58	-1068.602	67.0221	0.7353521	1.213745	1.954334
75678	-993.7775	-1060.746	66.96862	0.4685824	1.021531	2.280054
75684	-996.7045	-1064.183	67.47893	0.5069552	0.9958119	1.936949
75690	-991.4716	-1058.674	67.20225	0.7108093	1.07042	1.936949
75696	-1002.793	-1070.42	67.62723	0.6420527	0.9152384	1.800389
75702	-997.2628	-1064.815	67.55205	0.8282606	0.8564413	1.767985
75708	-984.9575	-1052.5	67.54276	0.6899494	0.8965141	1.839505
75714	-985.4079	-1052.688	67.28022	0.7185379	0.989864	1.932297
75720	-998.779	-1066.101	67.32186	0.7185379	0.7053331	2.119571
75726	-1001.202	-1068.394	67.19112	0.8868732	1.206878	1.738532
75732	-1002.981	-1070.008	67.02697	0.6420621	1.592205	1.814558
75738	-995.7049	-1062.251	66.5461	0.4573943	1.592205	2.256263
75744	-1008.686	-1076.471	67.78508	1.116504	0.832998	1.406142
75750	-1010.719	-1076.862	66.1435	0.4603254	1.412514	2.591252
75756	-1018.098	-1085.25	67.15244	0.4198936	1.143022	2.11846
75762	-999.6362	-1066.385	66.74879	0.4746684	1.171562	2.327074
75768	-1000.948	-1068.386	67.43792	0.4482409	1.171562	1.892318
75774	-999.5774	-1066.625	67.04742	0.3669118	1.171562	2.20461
75780	-1010.174	-1077.274	67.10012	0.2051292	1.299491	2.20461
75786	-1007.834	-1074.362	66.52816	0.2796142	0.9761244	2.702477
75792	-1008.142	-1074.147	66.00536	0.2246284	1.206135	2.922565
75798	-1006.523	-1073.324	66.80108	0.2306635	0.9527664	2.579136
75804	-1004.107	-1071.483	67.37584	0.5844797	0.9722858	1.97013
75810	-1004.755	-1071.852	67.09704	0.4880861	1.262446	2.041628
75816	-1004.434	-1071.832	67.3983	0.7393343	1.044273	1.800738
75822	-996.9099	-1064.423	67.51294	0.728534	1.082992	1.702195
75828	-998.4965	-1066.179	67.68255	0.7821821	1.138581	1.502487
75834	-1005.424	-1073.269	67.84503	0.9513816	0.7885226	1.525437
75840	-1003.003	-1070.449	67.44582	0.9880177	0.89667	1.69918
75846	-1003.58	-1071.869	68.28873	1.23593	0.5875124	1.155363
75852	-1002.067	-1069.902	67.83483	1.339962	1.285419	0.7069825
75858	-1001.502	-1069.363	67.86015	1.328262	0.9240903	1.081101
75864	-997.679	-1064.121	66.44189	0.4241407	1.188854	2.542413
75870	-999.0755	-1066.362	67.28701	0.6479728	1.033607	1.94605
75876	-1002.694	-1069.941	67.247	0.70108	1.020249	1.94605
75882	-990.7865	-1058.677	67.89025	0.731316	0.9762055	1.501785
75888	-990.4175	-1057.734	67.31667	0.9589031	0.9762055	1.751768
75894	-989.1431	-1056.439	67.29611	0.5560781	1.197297	1.900014
75900	-987.271	-1054.514	67.24275	0.4888423	0.6722967	2.346596
75906	-990.9176	-1059.045	68.12765	0.9733951	0.6722967	1.405629
75912	-990.8686	-1058.346	67.4772	0.9658134	1.363704	1.373176
75918	-986.1049	-1054.226	68.12108	0.8841112	0.7714372	1.381918
75924	-993.3639	-1061.084	67.72027	1.236387	1.25374	1.005276
75930	-995.3232	-1063.538	68.21459	1.022068	0.8173787	1.144814
75936	-994.8955	-1062.594	67.69823	0.882741	0.9896848	1.521909
75942	-994.1876	-1062.13	67.94193	0.8814477	0.8601067	1.442756
75948	-989.1176	-1057.012	67.89438	0.8394486	0.8601067	1.510455
75954	-988.506	-1056.545	68.03917	0.9850921	0.6485194	1.488948
75960	-995.6781	-1062.732	67.05401	0.6871813	1.224666	1.958943
75966	-994.3702	-1061.278	66.90797	0.4647506	1.29724	2.162051
75972	-996.2797	-1064.099	67.81891	0.6833265	0.8110464	1.718949
75978	-992.9322	-1060.132	67.20006	0.9485083	1.264798	1.653488
75984	-993.4055	-1060.953	67.54781	0.9675962	0.6830995	1.820593
75990	-994.7698	-1062.36	67.59017	1.06386	0.7042515	1.704477
75996	-994.4591	-1062.67	68.21048	1.350799	0.6610852	1.025336
76002	-984.3113	-1052.262	67.95103	1.241258	0.9767329	1.025336
76008	-987.0127	-1054.731	67.71862	1.138609	0.9767329	1.318669
76014	-986.9676	-1054.637	67.66913	0.9855575	1.362464	1.200726
76020	-1003.979	-1071.862	67.88314	0.9937543	0.9169985	1.352693
76026	-1005.41	-1073.511	68.10106	1.435317	0.7547902	0.9266942
76032	-1001.826	-1069.09	67.26405	0.597395	1.090968	1.95863
76038	-1000.82	-1068.659	67.83932	0.9458708	0.7387643	1.578555
76044	-1002.087	-1069.535	67.44798	0.9197843	1.132213	1.578555
76050	-1005.841	-1073.073	67.23266	0.6056574	0.9306346	2.079847
76056	-994.0827	-1061.539	67.45618	0.9281278	0.7668859	1.837627
76062	-992.2559	-1059.757	67.50121	0.9520541	0.8417853	1.728487
76068	-996.2458	-1064.228	67.98178	0.8942275	0.8417853	1.418181
76074	-991.6358	-1058.974	67.33846	0.8410761	0.8508771	1.910177
76080	-993.3131	-1060.635	67.32212	1.027861	1.306766	1.480018
76086	-997.1755	-1064.873	67.69725	0.8037664	1.077542	1.5176
76092	-986.5452	-1054.204	67.65841	0.6476601	1.106246	1.640608
76098	-987.4379	-1054.789	67.35155	0.865927	0.7975339	1.926182
76104	-990.5325	-1058.121	67.58885	0.8410232	0.7058635	1.858864
76110	-992.3642	-1059.237	66.87263	0.5835038	1.429823	2.038512
76116	-994.6103	-1061.666	67.05559	0.7697773	0.9264351	2.091282
76122	-992.5598	-1059.606	67.04626	0.6640476	0.8580258	2.214744
76128	-1001.585	-1068.763	67.17848	0.8638161	0.8305672	2.017749
76134	-996.2724	-1063.496	67.22374	0.6265061	1.041551	1.997638
76140	-993.5961	-1060.964	67.36744	0.8246461	1.041551	1.764733
76146	-995.8811	-1063.375	67.49364	0.7174257	0.8663805	1.876956
76152	-999.9547	-1067.112	67.15741	0.7912445	1.076596	1.908942
76158	-996.5856	-1064.361	67.77547	0.8802238	0.8945401	1.540336
76164	-990.0735	-1057.32	67.24692	0.94327	0.8945401	1.870079
76170	-988.6811	-1056.7	68.01852	1.01192	0.6988021	1.433103
76176	-988.5748	-1056.317	67.7424	1.001344	0.6988021	1.645573
76182	-994.6793	-1062.529	67.84984	1.012634	0.5926734	1.665521
76188	-992.6122	-1059.943	67.33051	0.7489481	0.6625287	2.131072
76194	-998.1773	-1064.948	66.77061	0.4666931	0.7527661	2.591702
76200	-995.0359	-1060.521	65.48478	0.2891097	1.26333	3.166276
76206	-992.0842	-1058.768	66.68333	0.1985644	1.26333	2.492674
76212	-994.745	-1061.288	66.54253	0.1853735	1.26333	2.588538
76218	-1008.477	-1075.107	66.62986	0.3430898	0.9602563	2.610752
76224	-1010.222	-1078.201	67.97967	0.9762653	0.8332591	1.363374
76230	-1008.629	-1075.455	66.82638	0.8071676	1.010053	2.160663
76236	-1004.881	-1072.356	67.47522	0.5950214	0.9276502	1.927396
76242	-1001.74	-1068.999	67.25894	0.511747	0.9276502	2.126273
76248	-997.9102	-1064.908	66.99763	0.6253548	0.8816153	2.254133
76254	-997.8286	-1064.555	66.72604	0.6934029	0.9189777	2.358278
76260	-998.3916	-1064.909	66.51781	0.6035992	0.9189777	2.545491
76266	-995.1371	-1061.867	66.73021	0.6815723	0.8824881	2.388127
76272	-993.6886	-1060.173	66.48398	0.5377963	0.9568875	2.582672
76278	-995.3723	-1062.484	67.11186	0.6223997	0.8584088	2.19898
76284	-995.7078	-1061.926	66.21866	0.6015571	1.378546	2.472858
76290	-997.8186	-1064.894	67.07522	0.4722019	1.167945	2.120135
76296	-1000.963	-1068.034	67.07159	0.5219695	0.9157586	2.249274
76302	-1002.144	-1069.554	67.40954	0.6216058	1.311597	1.709561
76308	-998.0869	-1064.953	66.86617	0.6517537	1.311597	2.059213
76314	-989.7332	-1056.818	67.08455	0.6543667	1.060793	2.059213
76320	-995.2379	-1062.6	67.36247	0.7684223	0.8317432	1.957657
76326	-997.9206	-1064.125	66.20484	0.5926101	0.9156581	2.747412
76332	-997.7834	-1064.796	67.01293	0.6617576	0.9590393	2.167475
76338	-1000.533	-1067.593	67.05996	0.7108057	0.9590393	2.104752
76344	-993.6941	-1061.183	67.48926	0.9579591	0.9590393	1.642554
76350	-998.8727	-1066.373	67.50003	0.7775916	0.9375714	1.778197
76356	-994.7323	-1062.385	67.65279	0.8506601	1.089404	1.507445
76362	-995.955	-1063.782	67.82678	0.7897153	1.089404	1.421608
76368	-997.2247	-1064.772	67.54695	0.9101346	1.089404	1.54194
76374	-996.8874	-1064.767	67.87918	0.7332323	0.5591982	1.874785
76380	-993.611	-1060.315	66.70364	0.540343	1.079387	2.367625
76386	-1001.693	-1068.908	67.21478	0.5375157	0.9741674	2.106689
76392	-996.6521	-1063.687	67.03516	0.6512161	0.9741674	2.149769
76398	-992.7753	-1059.82	67.0446	0.5114346	1.108414	2.149769
76404	-993.1754	-1059.763	66.58727	0.4758722	1.300008	2.359375
76410	-992.3294	-1059.722	67.39228	0.660115	0.9461609	1.926324
76416	-997.5904	-1064.655	67.06433	0.7803965	0.991186	2.034391
76422	-1002.442	-1069.684	67.24266	0.5149225	0.9176989	2.141735
76428	-1009.167	-1076.468	67.30148	0.2362919	1.106936	2.162551
76434	-993.7642	-1060.725	66.96098	0.3785064	1.233004	2.218424
76440	-992.5596	-1059.577	67.01771	0.6054838	1.233004	2.032901
76446	-989.6651	-1056.176	66.51112	0.4628808	1.233004	2.451017
76452	-994.9043	-1061.634	66.72938	0.2446267	1.233004	2.451017
76458	-991.7806	-1058.598	66.81768	0.2043032	1.003565	2.553123
76464	-1004.25	-1071.721	67.471	0.2540581	0.8868825	2.184524
76470	-991.2347	-1058.215	66.9803	0.373274	1.229906	2.211035
76476	-1001.927	-1068.777	66.85029	0.3340507	1.229906	2.319619
76482	-1002.407	-1069.701	67.29492	0.5426816	1.124991	1.953486
76488	-1002.694	-1069.873	67.17904	0.4413855	0.8606678	2.270681
76494	-998.2434	-1064.793	66.54981	0.4134373	1.407779	2.368404
76500	-1002.362	-1069.276	66.91421	0.4230745	1.177038	2.251154
76506	-998.3763	-1065.793	67.41717	0.6269385	1.040826	1.86733
76512	-1006.338	-1074.16	67.82155	0.7080507	0.7731102	1.731441
76518	-1007.233	-1074.346	67.11292	0.4558044	1.041717	2.182587
76524	-1007.803	-1075.041	67.23819	0.5110667	0.8559082	2.191088
76530	-1007.469	-1073.468	65.99867	0.4536352	1.509385	2.640032
76536	-1004.876	-1072.275	67.39866	0.7678239	0.9739751	1.829024
76542	-1011.175	-1079.192	68.0168	1.058213	0.6683364	1.429848
76548	-1005.258	-1073.274	68.0168	1.058213	0.6683364	1.429848
76554	-1005.235	-1072.795	67.55962	1.173274	1.494469	1.038887
76560	-1003.167	-1070.633	67.46629	1.201951	1.494469	1.099625
76566	-1002.84	-1070.369	67.52883	1.021688	1.264102	1.352248
76572	-999.0794	-1066.628	67.54823	0.9270824	1.195204	1.456428
76578	-996.1244	-1064.054	67.92932	1.198435	1.195204	0.8760449
76584	-1001.778	-1069.805	68.02789	0.9779562	1.035169	1.144388
76590	-1002.231	-1070.265	68.03342	1.340424	0.7818277	1.057575
76596	-1008.9	-1077.084	68.18417	1.393107	0.7354597	0.9081613
76602	-998.9388	-1066.695	67.75665	1.074202	1.335928	1.061684
76608	-1006.334	-1073.988	67.65449	1.007402	1.16978	1.328292
76614	-1009.028	-1076.502	67.47339	0.8388921	1.135034	1.61707
76620	-1004.759	-1071.265	66.50567	0.5651762	0.7909022	2.665939
76626	-1004.076	-1071.033	66.95618	0.4972772	0.7909022	2.427864
76632	-1002.005	-1068.643	66.63773	0.5554691	0.8396419	2.555177
76638	-1005.231	-1072.86	67.62899	0.6319533	0.8963145	1.820231
76644	-1007.95	-1075.372	67.42157	0.7597654	1.437754	1.529137
76650	-1002.836	-1069.758	66.92245	0.5522405	1.35097	2.06683
76656	-997.8147	-1065	67.18522	0.6238235	0.8418034	2.162625
76662	-999.3829	-1066.106	66.72269	0.7269876	1.287525	2.11706
76668	-1003.565	-1070.488	66.92267	0.7488598	1.287525	1.970177
76674	-1000.154	-1067.217	67.06289	0.6748296	1.06873	2.055003
76680	-1006.113	-1073.513	67.40048	0.8213697	1.06873	1.725582
76686	-1001.551	-1067.751	66.20039	0.5518783	1.532384	2.442891
76692	-1003.721	-1070.051	66.33095	0.7027171	1.179166	2.442891
76698	-1000.011	-1067.278	67.26738	0.6201792	1.026929	1.982237
76704	-1006.007	-1073.224	67.21705	0.8874497	0.7645207	2.028341
76710	-998.1078	-1066.168	68.06044	0.9719051	0.664669	1.466211
76716	-994.9683	-1062.365	67.39714	0.8042986	0.8805832	1.872812
76722	-995.5943	-1063.04	67.44525	0.6858687	0.5436391	2.209598
76728	-989.8428	-1057.3	67.45697	0.6902768	0.9480225	1.860565
76734	-999.085	-1065.99	66.90526	0.7007322	1.516458	1.894763
76740	-989.2706	-1056.832	67.56155	0.7381106	0.9750019	1.735738
76746	-994.3908	-1061.811	67.42065	0.7381106	1.170142	1.704335
76752	-1006.777	-1074.213	67.43511	0.7104155	0.9862454	1.834875
76758	-995.7146	-1062.922	67.20716	0.8234119	1.329212	1.699872
76764	-999.6996	-1067.628	67.92816	0.8478011	1.091888	1.293486
76770	-1003.698	-1071.678	67.98029	1.089525	0.8994929	1.209827
76776	-996.7939	-1064.669	67.87467	1.213152	0.7692935	1.318364
76782	-996.8997	-1064.756	67.85656	1.109181	1.22596	1.019623
76788	-1002.269	-1070.559	68.29036	1.226091	0.7653339	0.9342617
76794	-999.8201	-1067.776	67.95598	1.249723	0.8431684	1.145993
76800	-1000.782	-1068.815	68.03266	1.135891	0.8005414	1.220893
76806	-989.3088	-1057.067	67.75787	0.9737536	1.013924	1.388668
76812	-994.4209	-1062.517	68.0961	1.106047	0.8745111	1.117737
76818	-1003.234	-1071.576	68.34237	1.140046	0.5448572	1.246946
76824	-1004.592	-1071.985	67.39281	0.8773276	1.205114	1.602483
76830	-1004.94	-1071.77	66.82966	0.8592669	1.230394	1.990648
76836	-1008.366	-1075.651	67.28462	0.5324514	0.7769582	2.206636
76842	-1007.133	-1075.104	67.97169	1.374149	0.8893277	0.9635192
76848	-1003.639	-1071.814	68.17481	1.172792	0.8443671	1.012381
76854	-999.2545	-1067.444	68.18933	1.190565	0.8443671	0.9799609
76860	-998.8879	-1067.151	68.26286	1.23963	0.7505854	0.9680709
76866	-1002.256	-1070.238	67.98278	1.103847	0.7414717	1.346731
76872	-1001.264	-1068.899	67.63534	0.4712965	0.8718511	1.943576
76878	-1008.055	-1075.313	67.25735	0.2328827	0.804572	2.394465
76884	-1003.071	-1070.122	67.05049	0.4511629	0.804572	2.387245
76890	-997.0546	-1063.752	66.69716	0.4113993	0.9842485	2.511275
76896	-994.4743	-1062.128	67.65356	0.5244433	0.7058128	2.028495
76902	-996.5901	-1064.132	67.54192	0.6360883	0.7058128	2.028495
76908	-990.9746	-1057.496	66.52114	0.5066844	1.207349	2.431053
76914	-992.7338	-1060.421	67.6877	0.8190871	1.23294	1.4072
76920	-1004.088	-1071.337	67.24824	0.6886897	0.6154929	2.265643
76926	-1001.292	-1068.105	66.81263	0.4503528	1.236668	2.265643
76932	-1002.651	-1069.73	67.0797	0.5046964	0.8564491	2.296767
76938	-1001.872	-1068.471	66.59913	0.66985	1.007125	2.396117
76944	-1007.491	-1073.905	66.41438	0.4185839	1.081597	2.623381
76950	-1005.675	-1072.352	66.67633	0.3705946	0.8602425	2.63138
76956	-1004.045	-1071.388	67.34275	0.4957884	0.874121	2.119752
76962	-1005.324	-1073.591	68.26625	0.9625258	0.6645673	1.312805
76968	-1002.189	-1069.951	67.76252	1.059305	0.9311565	1.38425
76974	-999.9299	-1067.555	67.62485	0.7825597	0.7171784	1.864273
76980	-1000.766	-1067.603	66.83689	0.8197011	0.9507766	2.184777
76986	-1006.616	-1074.665	68.04874	1.02208	0.79031	1.311688
76992	-1004.968	-1073.011	68.04348	0.8955854	0.7844977	1.421087
76998	-1003.91	-1071.849	67.93852	1.110213	0.7844977	1.335013
77004	-998.4171	-1066.021	67.60358	0.9719801	1.145259	1.413535
77010	-999.2678	-1066.082	66.8138	0.6401579	0.7495112	2.459132
77016	-989.5464	-1056.621	67.07508	0.8128602	0.7684324	2.167393
77022	-995.9453	-1063.045	67.09946	0.6844603	1.072893	2.021773
77028	-991.2752	-1058.699	67.42389	0.7165766	0.8228278	1.958121
77034	-987.6988	-1054.592	66.89346	0.5072301	1.126848	2.239389
77040	-992.5924	-1059.587	66.99416	0.7132469	0.8756158	2.203972
77046	-999.6174	-1066.416	66.79851	0.4310876	0.8610785	2.517448
77052	-1001.448	-1068.331	66.88338	0.343173	0.8638011	2.517448
77058	-1005.396	-1071.875	66.4785	0.5592629	0.8802052	2.623365
77064	-1003.704	-1070.616	66.91146	0.576866	1.021879	2.247022
77070	-1005.094	-1072.421	67.32738	0.8883058	1.192822	1.649534
77076	-999.9184	-1067.615	67.69621	0.8330892	1.133441	1.457249
77082	-998.2188	-1066.216	67.99755	1.023563	0.7868809	1.354732
77088	-999.9239	-1068.097	68.17289	1.226212	0.7816238	1.03361
77094	-1002.349	-1069.915	67.56594	1.489666	1.486356	0.6320891
77100	-999.2799	-1067.014	67.73413	1.498594	1.292811	0.5432014
77106	-1002.368	-1069.873	67.5049	1.64502	1.401007	0.5003776
77112	-1001.597	-1069.928	68.33175	1.499721	0.6616396	0.6965312
77118	-1005.494	-1073.785	68.29154	1.590347	0.6616396	0.578403
77124	-1004.174	-1072.369	68.19507	1.258582	0.8306716	0.9185208
77130	-995.879	-1063.755	67.87604	1.303367	1.092177	0.9227712
77136	-995.1137	-1063.247	68.13355	1.052813	0.6337903	1.38018
77142	-1004.232	-1071.605	67.37326	0.8322221	1.231653	1.632726
77148	-1017.374	-1084.924	67.55021	1.095271	0.7921566	1.632726
77154	-1002.29	-1070.201	67.91094	1.47381	1.099587	0.6082088
77160	-1005.616	-1073.111	67.49429	1.543517	1.551453	0.4897975
77166	-1005.813	-1073.387	67.57401	1.570013	1.408366	0.4897975
77172	-1000.802	-1068.965	68.1629	1.576352	0.7740964	0.57381
77178	-998.6104	-1066.409	67.79855	1.07574	0.7740964	1.480064
77184	-1006.119	-1074.225	68.10641	1.028496	0.7872688	1.262243
77190	-1004.695	-1072.417	67.72204	1.043236	1.140948	1.265191
77196	-1002.167	-1070.211	68.04434	0.9161614	0.940197	1.265191
77202	-1003.152	-1070.938	67.78558	1.04101	1.127813	1.223925
77208	-1004.82	-1072.213	67.3926	1.105483	1.276513	1.385398
77214	-1004.771	-1072.479	67.70807	0.90071	1.02528	1.474477
77220	-1002.212	-1070.182	67.96966	1.060022	0.9550565	1.193845
77226	-995.9737	-1063.976	68.00262	1.110188	0.9550565	1.120644
77232	-1003.114	-1070.637	67.52314	1.197503	1.488862	1.05458
77238	-1003.661	-1071.152	67.49092	1.205389	1.379945	1.152581
77244	-1010.745	-1077.97	67.22546	0.7872691	1.517849	1.609213
77250	-1005.023	-1072.647	67.62363	0.7699442	0.8885448	1.733824
77256	-1006.516	-1074.243	67.72662	0.7801924	0.8722679	1.666289
77262	-1011.078	-1078.106	67.02847	0.6889056	1.386603	1.885553
77268	-1004.602	-1071.024	66.42181	0.4216368	0.8948635	2.732976
77274	-1003.793	-1070.176	66.38285	0.4037259	1.106731	2.637516
77280	-1003.118	-1069.183	66.06561	0.2273834	1.2368	2.868553
77286	-1002.08	-1069.267	67.18654	0.2225582	1.095641	2.252521
77292	-997.9362	-1064.765	66.8283	0.1316759	1.115137	2.525171
77298	-993.7894	-1060.428	66.63906	0.09413643	1.115137	2.665623
77304	-999.8293	-1066.611	66.78138	0.3043297	1.169771	2.415363
77310	-1000.846	-1067.985	67.1392	0.4074417	0.9618236	2.248389
77316	-1003.137	-1070.109	66.97181	0.6712382	0.8715257	2.248389
77322	-1015.559	-1082.744	67.18565	0.5940166	0.7545157	2.248389
77328	-1005.607	-1072.266	66.65828	0.7648012	1.336156	2.108549
77334	-999.821	-1066.924	67.10307	0.6582579	0.9974774	2.08529
77340	-997.916	-1065.173	67.25679	0.7083018	0.8090387	2.08529
77346	-1002.438	-1069.902	67.46483	0.7916792	0.830303	1.873777
77352	-1001.77	-1069.212	67.44195	0.8889062	0.830303	1.82282
77358	-1004.842	-1071.479	66.63723	0.562042	1.232833	2.308504
77364	-1003.928	-1070.984	67.05594	0.7080341	1.183206	1.967829
77370	-1001.523	-1069.228	67.70544	0.7457396	1.176022	1.48747
77376	-999.6265	-1066.82	67.19385	0.6322985	1.087914	1.984189
77382	-1006.366	-1073.084	66.71874	0.485986	1.173172	2.338088
77388	-1003.828	-1070.542	66.71343	0.5370408	1.122427	2.338088
77394	-1007.714	-1074.794	67.08027	0.4758949	1.076957	2.168837
77400	-1010.649	-1078.576	67.92671	1.186998	1.07883	1.004152
77406	-1010.956	-1078.648	67.69205	1.099617	1.233601	1.173803
77412	-1001.748	-1069.13	67.38219	0.9808456	1.183628	1.548191
77418	-1004.967	-1072.7	67.73297	0.784075	0.9619844	1.589805
77424	-1005.407	-1073.016	67.60865	0.6807565	0.7517173	1.914997
77430	-993.5263	-1060.07	66.54407	0.6392989	0.7517173	2.625861
77436	-996.5735	-1063.21	66.63604	0.5473072	0.7517331	2.625861
77442	-999.2497	-1066.284	67.03452	0.564547	0.7517331	2.365872
77448	-998.5363	-1065.327	66.79059	0.5476151	1.237233	2.216924
77454	-997.5082	-1064.543	67.03493	0.8083624	1.262145	1.868313
77460	-995.2326	-1062.356	67.12348	0.5919507	1.262145	1.954895
77466	-997.0203	-1064.237	67.21699	0.6304042	0.8515845	2.130408
77472	-998.5102	-1065.752	67.24194	0.78425	1.081418	1.853033
77478	-1002.335	-1069.648	67.31274	0.8221451	0.9065611	1.898869
77484	-1005.792	-1073.475	67.6832	1.139517	1.105724	1.244274
77490	-997.5276	-1065.455	67.92706	1.139517	1.105724	1.0258
77496	-1009.916	-1077.679	67.76269	1.139517	1.409599	0.9317893
77502	-1011.05	-1079.062	68.01153	1.021274	0.602612	1.531003
77508	-1009.268	-1077.293	68.02418	1.00862	0.602612	1.531003
77514	-1005.408	-1073.146	67.73861	1.029371	0.9280217	1.428591
77520	-1008.769	-1076.118	67.34953	0.9385626	1.436712	1.449368
77526	-997.2704	-1064.776	67.50568	0.6336042	0.8276365	1.95519
77532	-996.4311	-1063.911	67.48007	0.6686087	0.7801119	1.986347
77538	-997.9041	-1065.511	67.60727	0.5434596	0.7784142	1.986347
77544	-994.8203	-1061.435	66.6143	0.5301454	1.416423	2.248504
77550	-995.6745	-1063.292	67.61713	0.5455908	0.766786	1.987738
77556	-990.2922	-1057.815	67.52236	0.6227553	1.060234	1.784898
77562	-995.8106	-1063.366	67.55527	0.5129722	0.8288974	2.001756
77568	-993.308	-1060.557	67.24885	0.6872322	0.5929061	2.287127
77574	-1002.32	-1070.028	67.7077	0.5029215	0.8039834	1.925679
77580	-999.0716	-1066.599	67.52724	0.6072078	0.6059945	2.146748
77586	-992.8229	-1059.602	66.77933	0.3729277	0.9251338	2.522205
77592	-1004.893	-1071.711	66.81736	0.394145	1.138478	2.35355
77598	-994.2353	-1061.012	66.77684	0.2710405	0.9603493	2.564256
77604	-999.2884	-1066.668	67.37918	0.3780452	1.06377	2.045226
77610	-995.4161	-1062.936	67.5198	0.2759108	0.7853164	2.213952
77616	-993.6255	-1060.977	67.35201	0.5769887	0.7825059	2.129563
77622	-996.9083	-1064.243	67.33479	0.7361458	0.7996032	2.022669
77628	-1001.394	-1068.306	66.91247	0.6226538	0.8439508	2.337179
77634	-1004.899	-1071.245	66.34623	0.6445366	0.8958709	2.641806
77640	-994.2817	-1061.921	67.63951	0.7536373	1.025166	1.633582
77646	-1000.934	-1068.257	67.32313	0.886437	1.596258	1.42043
77652	-1006.084	-1073.86	67.77639	0.7901577	1.061995	1.47952
77658	-1004.601	-1072.03	67.42835	0.7939389	1.061995	1.729789
77664	-1002.213	-1069.082	66.86928	0.6857863	1.061995	2.178785
77670	-995.7063	-1062.419	66.71266	0.5456729	1.03583	2.384988
77676	-996.2119	-1062.901	66.68954	0.5687909	1.03583	2.384988
77682	-996.3457	-1063.297	66.95142	0.3069138	1.03583	2.384988
77688	-991.2276	-1058.152	66.9242	0.5041135	0.9376826	2.340084
77694	-991.5567	-1058.752	67.19541	0.444385	0.9376826	2.204499
77700	-987.6692	-1055.147	67.4778	0.729079	1.071823	1.734038
77706	-993.0214	-1059.981	66.95917	0.6710775	1.071823	2.123714
77712	-988.8158	-1055.741	66.92528	0.430507	0.9969715	2.347545
77718	-992.5761	-1059.731	67.15447	0.341731	0.9969715	2.25786
77724	-989.8383	-1056.274	66.43533	0.2870331	1.246895	2.600544
77730	-989.7913	-1056.073	66.28192	0.3635343	1.011091	2.780259
77736	-990.784	-1057.24	66.45631	0.2949442	1.011091	2.715588
77742	-997.8797	-1064.723	66.84296	0.3607837	1.241165	2.30112
77748	-1001.595	-1069.294	67.69958	0.4354	0.8190177	1.964767
77754	-994.2654	-1061.063	66.79745	0.5990683	1.103944	2.255638
77760	-994.5244	-1061.278	66.75398	0.4294421	1.103944	2.391412
77766	-991.2829	-1058.519	67.23602	0.3475793	0.9593061	2.226264
77772	-997.9654	-1065.525	67.55992	0.4397153	0.9419667	1.964774
77778	-994.0239	-1061.375	67.35119	0.3168192	0.9909601	2.150654
77784	-997.252	-1064.538	67.28591	0.1014867	1.3007	2.150654
77790	-994.2164	-1061.104	66.88754	0.09666963	1.210215	2.45691
77796	-988.2389	-1055.339	67.09994	0.4275814	0.6944862	2.45691
77802	-987.4486	-1054.251	66.80225	0.2668299	1.115154	2.45691
77808	-988.0671	-1054.875	66.80782	0.1635824	0.9396392	2.624951
77814	-993.5335	-1060.608	67.07462	0.1714719	1.038487	2.391094
77820	-997.5115	-1063.914	66.40245	0.289656	1.383473	2.550427
77826	-996.9791	-1063.468	66.48891	0.7646142	0.929999	2.455617
77832	-993.3783	-1060.227	66.84884	0.5846499	0.9242457	2.345804
77838	-987.7184	-1054.616	66.89717	0.5774114	0.8269314	2.387912
77844	-997.307	-1064.875	67.56775	0.9907481	1.131323	1.436417
77850	-992.3337	-1060.348	68.0139	0.9275033	0.8067518	1.398844
77856	-995.3644	-1062.919	67.55468	0.9970779	0.9549182	1.569744
77862	-1003.206	-1070.918	67.71177	0.9568898	1.34274	1.202197
77868	-999.0291	-1066.708	67.67847	0.8006538	1.183192	1.461542
77874	-990.2937	-1057.435	67.1415	0.5748718	1.319556	1.922375
77880	-996.0515	-1063.274	67.22282	0.6678056	1.143572	1.906305
77886	-1000.819	-1068.442	67.62238	0.4672787	1.004661	1.8605
77892	-1001.065	-1067.669	66.60419	0.6187296	1.354906	2.228899
77898	-1004.716	-1071.935	67.21907	0.7313267	0.7418432	2.148055
77904	-1004.518	-1071.922	67.40382	0.7860451	1.089768	1.734101
77910	-1001.729	-1068.999	67.26966	1.003398	1.089768	1.675243
77916	-1004.163	-1071.842	67.67938	1.028938	0.9750815	1.436893
77922	-1002.97	-1070.469	67.49904	0.8307466	1.386979	1.446752
77928	-1003.505	-1070.541	67.03597	0.6461644	1.141102	2.047354
77934	-997.8874	-1064.89	67.00292	0.6792138	1.141102	2.047354
77940	-1004.934	-1071.965	67.03111	0.6136382	1.182976	2.047354
77946	-1005.231	-1072.566	67.33494	0.6753075	0.9697744	1.938303
77952	-1011.371	-1079.168	67.79704	1.335828	1.117688	0.9473569
77958	-1008.238	-1075.213	66.97582	0.9977195	1.56678	1.612129
77964	-1008.081	-1075.533	67.45205	0.9788747	1.372194	1.377412
77970	-1003.213	-1071.105	67.89254	0.8660924	0.9634827	1.407251
77976	-998.2276	-1065.944	67.71589	0.9277507	1.132961	1.369104
77982	-1005.95	-1073.173	67.22366	0.9333766	0.9131441	1.879002
77988	-1004.802	-1072.995	68.19316	0.8258277	0.9163803	1.237458
77994	-1005.907	-1072.781	66.87427	0.8797559	1.318821	1.897278
78000	-999.7674	-1067.515	67.74751	0.9693537	0.9388015	1.459008
78006	-997.5696	-1064.843	67.27301	1.253469	1.339669	1.322023
78012	-1003.218	-1071.011	67.79206	1.011964	1.190853	1.195091
78018	-1004.734	-1072.915	68.1812	1.28892	0.7694613	0.9775786
78024	-1001.274	-1069.384	68.1095	1.154563	0.9015607	1.032184
78030	-1000.749	-1068.692	67.94282	1.206641	0.9015607	1.138507
78036	-997.4302	-1065.134	67.70379	1.171227	1.172684	1.147122
78042	-1007.536	-1075.259	67.72283	1.042448	0.9498475	1.413023
78048	-1002.949	-1070.506	67.5576	1.117284	1.301756	1.225104
78054	-1005.828	-1073.497	67.66918	0.9530728	1.020718	1.467663
78060	-1003.464	-1071.013	67.5492	1.248757	1.007223	1.341576
78066	-1002.416	-1070.346	67.93033	1.193569	0.5924443	1.473847
78072	-997.6634	-1066.097	68.43346	1.301166	0.6574003	0.8436394
78078	-1005.848	-1074.271	68.42234	1.385204	0.6097455	0.835896
78084	-1001.455	-1068.572	67.1175	0.6964463	1.181456	1.935274
78090	-996.2099	-1063.119	66.90866	0.7661335	1.208335	2.012725
78096	-1001.895	-1068.709	66.81371	0.7568191	1.208335	2.081707
78102	-999.3063	-1066.819	67.51262	0.6669553	1.160849	1.695459
78108	-997.3319	-1064.892	67.56026	0.8139815	1.160892	1.5548
78114	-995.4583	-1062.988	67.52936	0.8728783	0.620192	1.956225
78120	-998.3299	-1066.018	67.68776	0.8392305	1.123651	1.465799
78126	-996.5394	-1064.286	67.74627	0.883212	0.8554292	1.591332
78132	-1006.474	-1074.777	68.30299	0.7832103	0.8072913	1.282849
78138	-1003.729	-1071.816	68.08679	0.861999	0.7918758	1.406753
78144	-1003.05	-1071.121	68.07093	1.171907	0.8637247	1.091504
78150	-1003.612	-1071.35	67.73859	1.048728	1.185538	1.213371
78156	-999.4554	-1067.475	68.01933	1.303895	0.6582986	1.242179
78162	-1004.858	-1072.39	67.53223	1.157022	1.060721	1.386204
78168	-1003.231	-1071.15	67.91877	1.043244	0.9687412	1.239329
78174	-999.6163	-1067.823	68.2064	1.050147	0.733375	1.215634
78180	-992.3109	-1060.242	67.93129	1.09002	1.135401	1.043254
78186	-1005.008	-1072.633	67.62538	0.998225	1.164483	1.36251
78192	-1001.704	-1069.494	67.79015	1.077205	1.222804	1.114787
78198	-992.1012	-1060.242	68.14042	1.095518	0.7372701	1.228933
78204	-992.558	-1060.243	67.68533	1.095518	1.104	1.280262
78210	-997.7505	-1065.333	67.58226	1.340402	1.192335	1.088341
78216	-993.9308	-1061.597	67.66613	1.124672	1.09855	1.276246
78222	-996.1811	-1063.918	67.73692	1.078603	1.072258	1.276246
78228	-996.2763	-1064.378	68.10147	1.074394	0.8938619	1.122316
78234	-991.5521	-1059.756	68.20374	1.374106	0.7903743	0.8282644
78240	-990.6485	-1059.033	68.38424	1.359907	0.6525321	0.8401037
78246	-996.9231	-1065.234	68.31062	1.017424	0.5732365	1.337483
78252	-996.7578	-1064.202	67.44436	1.082229	1.315612	1.337483
78258	-998.2747	-1065.92	67.64529	0.9436116	0.77592	1.687128
78264	-991.4659	-1059.177	67.71142	0.9196078	0.77592	1.657077
78270	-996.6277	-1064.642	68.0142	0.8194553	0.6208375	1.657077
78276	-1001.222	-1069.337	68.11471	1.011486	0.7721261	1.28441
78282	-1010.643	-1078.719	68.0759	0.9718782	0.7370142	1.381794
78288	-999.9486	-1067.345	67.39624	1.180431	1.189837	1.381794
78294	-1003.377	-1070.874	67.49684	0.8941859	1.197229	1.518582
78300	-1014.373	-1082.538	68.16467	0.82051	0.910269	1.271007
78306	-1006.495	-1074.389	67.89431	1.230463	0.7114675	1.346619
78312	-1007.373	-1074.908	67.53481	0.9114511	0.8506995	1.726313
78318	-1006.154	-1073.72	67.56586	0.8792746	1.094434	1.547296
78324	-1008.588	-1075.781	67.19318	1.009259	1.114879	1.708796
78330	-1007.496	-1074.073	66.5767	0.8413026	1.004489	2.303126
78336	-1008.845	-1075.686	66.84074	0.4604396	1.152636	2.288253
78342	-1003.906	-1071.28	67.37412	1.64893	1.529362	0.6347003
78348	-998.7563	-1066.869	68.11295	1.64893	0.7528606	0.5858632
78354	-1006.459	-1074.839	68.38051	1.64893	0.5546775	0.6004702
78360	-1001.228	-1069.449	68.22163	1.674354	0.6249591	0.6709061
78366	-1005.125	-1072.68	67.55445	1.721736	1.24432	0.4832484
78372	-1018.013	-1085.163	67.14979	0.5337959	1.294861	1.95804
78378	-1018.506	-1085.96	67.4538	0.6301844	0.8728735	1.95804
78384	-1001.716	-1069.531	67.81511	1.519899	1.157744	0.5984298
78390	-1003.518	-1071.617	68.09925	1.313177	0.9788078	0.7728945
78396	-997.842	-1065.307	67.46496	1.191047	1.411692	1.166347
78402	-999.8175	-1067.579	67.76122	1.178297	1.24083	1.032821
78408	-1003.688	-1071.353	67.6656	1.145437	1.314791	1.09606
78414	-1005.264	-1073.275	68.01091	0.8379802	0.8114721	1.465672
78420	-1008.147	-1075.77	67.62285	0.8878548	1.238161	1.400701
78426	-998.8684	-1066.354	67.48571	0.867818	1.074163	1.628083
78432	-1007.912	-1075.099	67.18709	0.6326722	1.182559	1.9307
78438	-1004.76	-1071.714	66.95433	0.6331155	1.268772	2.036585
78444	-1008.579	-1076.517	67.93778	1.361541	1.017947	0.8677158
78450	-1008.642	-1076.633	67.99137	1.409745	1.044339	0.6875796
78456	-1007.882	-1075.74	67.8581	1.545861	1.066022	0.6394994
78462	-1005.141	-1073.089	67.94783	1.545861	0.9456846	0.699224
78468	-1004.39	-1072.29	67.90026	1.436105	1.105843	0.699224
78474	-1003.844	-1072.284	68.44022	1.174668	0.7295069	0.87384
78480	-1011.346	-1079.155	67.80902	1.02058	1.375241	1.033014
78486	-1004.494	-1072.643	68.14921	1.245047	0.9125264	0.8833144
78492	-1008.982	-1077.086	68.10328	1.303151	0.9242735	0.8542208
78498	-1007.984	-1076.557	68.57331	1.220821	0.5689534	0.9212681
78504	-1006.547	-1074.38	67.83299	1.131189	1.009699	1.202528
78510	-1007.215	-1074.349	67.13334	0.806582	1.722119	1.559078
78516	-1013.711	-1081.04	67.32979	0.9729793	0.9933735	1.720469
78522	-1013.634	-1081.442	67.80847	1.366832	1.229066	0.7787891
78528	-1022.361	-1089.643	67.28187	1.446333	1.540197	1.010975
78534	-1013.011	-1080.918	67.90777	1.509189	0.9961239	0.7404446
78540	-1008.251	-1076.254	68.00266	1.531987	0.9054857	0.7020978
78546	-1003.34	-1071.552	68.21197	1.280053	0.9054857	0.7687625
78552	-1000.101	-1068.214	68.11262	1.375408	0.9314805	0.7332835
78558	-1008.083	-1076.36	68.27691	1.37209	0.7887868	0.7315584
78564	-1006.295	-1073.831	67.53606	1.417085	1.610996	0.6611008
78570	-1004.964	-1073.172	68.20794	1.341303	0.8156647	0.8267995
78576	-1012.277	-1080.09	67.81307	1.403691	1.091065	0.8820532
78582	-1009.131	-1077.474	68.34272	1.372757	0.7269689	0.7461932
78588	-1003.359	-1071.392	68.0331	1.361864	0.8324403	0.9784584
78594	-1004.722	-1072.696	67.97406	1.345344	1.10786	0.7245864
78600	-1006.931	-1073.185	66.25447	0.8431713	1.423896	2.27487
78606	-1004.268	-1071.16	66.89246	0.5661011	1.4158	2.044006
78612	-1004.452	-1071.62	67.16799	1.106147	0.9050619	1.804586
78618	-1005.442	-1073.089	67.64681	0.8218075	0.9050619	1.66799
78624	-1004.831	-1072.425	67.59402	0.7860286	1.181538	1.53697
78630	-1001.557	-1068.819	67.26283	0.9408046	0.8491152	1.895183
78636	-999.0234	-1066.152	67.12826	0.6497368	1.516409	1.776573
78642	-1000.196	-1067.856	67.65946	0.8106089	0.9546054	1.629404
78648	-1001.638	-1068.367	66.72876	0.7081301	1.216675	2.164394
78654	-1008.647	-1075.97	67.32224	0.7050057	1.406305	1.658956
78660	-1011.289	-1078.711	67.42243	0.3352438	1.131096	2.003242
78666	-1000.084	-1067.123	67.03892	0.5482664	1.33027	2.003242
78672	-1001.037	-1068.518	67.48067	0.6013845	1.037614	1.843491
78678	-1000.025	-1067.501	67.47575	0.8402414	0.8171456	1.843491
78684	-1001.703	-1068.902	67.19853	0.7068533	1.042377	1.960207
78690	-996.1858	-1063.939	67.75287	0.760196	0.8138737	1.708969
78696	-997.2218	-1064.823	67.60157	0.634575	0.8138737	1.90056
78702	-999.9147	-1067.427	67.51264	0.4020364	1.01714	1.970535
78708	-994.4588	-1062.245	67.78596	0.7861527	0.9240581	1.578521
78714	-992.1645	-1059.406	67.24149	0.5894747	1.280521	1.86627
78720	-1004.612	-1072.136	67.52357	1.819578	1.134512	0.3873383
78726	-1002.24	-1070.575	68.33572	1.479177	0.6942206	0.6436141
78732	-1005.109	-1071.918	66.80883	0.4615327	1.181115	2.291753
78738	-1010.18	-1076.791	66.61115	0.2826625	0.8713796	2.717917
78744	-1007.256	-1075.165	67.90882	1.740485	0.8583011	0.531453
78750	-998.5648	-1066.131	67.56635	1.744276	1.201323	0.4618645
78756	-995.6668	-1063.391	67.7238	1.625039	1.158977	0.5340682
78762	-994.1148	-1062.156	68.04112	1.631442	0.8087978	0.6449615
78768	-1005.773	-1073.539	67.76549	1.56983	1.122966	0.6719906
78774	-1008.292	-1076.034	67.7424	1.543542	1.177842	0.6719906
78780	-1001.759	-1069.787	68.02734	1.526746	0.7860433	0.8636446
78786	-992.8865	-1060.88	67.99394	1.318714	1.007961	0.8636446
78792	-1006.343	-1074.589	68.24582	1.514568	0.657739	0.8104859
78798	-1002.524	-1069.768	67.24453	1.502473	1.777204	0.8104859
78804	-1003.752	-1071.832	68.08039	1.591095	0.7796115	0.7128754
78810	-1010.523	-1078.341	67.81725	1.556093	1.041772	0.7382876
78816	-1005.496	-1073.325	67.82894	1.556093	1.041772	0.7196746
78822	-1009.528	-1077.637	68.10865	1.498265	0.8636228	0.6515167
78828	-1007.152	-1074.926	67.77453	1.5122	0.9840945	0.9203987
78834	-1005.787	-1073.532	67.74542	1.24809	1.067898	1.127263
78840	-1006.582	-1074.174	67.59119	1.25209	0.8163633	1.4656
78846	-996.3655	-1063.895	67.52933	1.035016	0.8520037	1.641277
78852	-1000.574	-1068.291	67.71778	0.9719446	0.7585802	1.630063
78858	-1002.231	-1069.816	67.58488	0.9785483	0.8667363	1.630063
78864	-1013.813	-1081.343	67.52977	1.180856	0.8364649	1.547555
78870	-1009.881	-1076.789	66.90789	0.6379858	1.265043	2.066127
78876	-1014.507	-1081.734	67.22674	0.695017	1.200273	1.85081
78882	-1007.59	-1075.004	67.41465	1.042393	1.334349	1.380521
78888	-1003.953	-1071.611	67.6581	0.8024129	1.343236	1.372202
78894	-997.5639	-1065.072	67.50835	1.037379	1.120502	1.453746
78900	-998.7475	-1066.878	68.1301	1.216443	0.8512966	1.005662
78906	-998.1209	-1066.084	67.96294	1.263759	0.7823914	1.189648
78912	-995.8289	-1063.437	67.60847	0.9856507	1.115914	1.419866
78918	-995.4236	-1063.155	67.73193	1.038204	1.115914	1.280018
78924	-995.8186	-1063.688	67.86985	1.134352	0.8830355	1.279661
78930	-993.5513	-1061.553	68.00181	1.139257	0.6045327	1.447409
78936	-991.6732	-1059.054	67.38112	0.9582132	1.166089	1.577041
78942	-998.0166	-1065.929	67.9129	0.9285339	0.6963734	1.577041
78948	-1001.82	-1069.45	67.63004	1.063568	0.8380979	1.558728
78954	-1000.402	-1068.415	68.01282	1.000113	0.7427098	1.40342
78960	-1000.226	-1067.892	67.66659	0.9432395	0.5681869	1.867228
78966	-998.0497	-1065.956	67.90595	1.082437	0.9461935	1.236749
78972	-995.0128	-1062.853	67.84027	1.176098	0.9370222	1.221246
78978	-999.9381	-1067.706	67.76825	1.049656	0.962424	1.361713
78984	-1001.677	-1069.553	67.87693	1.360802	1.058952	0.8928606
78990	-1002.416	-1070.083	67.6666	1.49111	1.240513	0.7895999
78996	-1000.008	-1067.962	67.95425	1.464717	1.001381	0.7290638
79002	-1004.658	-1072.947	68.28843	1.557404	0.6215591	0.7621299
79008	-1009.229	-1077.578	68.34914	1.544897	0.5485137	0.8418964
79014	-1002.626	-1070.831	68.20494	1.316299	0.6369745	1.094615
79020	-1000.821	-1068.699	67.87797	1.187443	1.030572	1.094615
79026	-996.2119	-1063.555	67.34343	1.178085	1.329817	1.332351
79032	-997.5498	-1065.779	68.22916	1.339114	0.5398398	1.180594
79038	-1000.438	-1068.529	68.09058	0.9093447	0.7864153	1.371898
79044	-1003.649	-1071.225	67.57648	0.9099743	0.9291237	1.636799
79050	-1009.909	-1077.734	67.82489	0.7936992	1.110996	1.404441
79056	-1009.959	-1077.794	67.83495	1.207818	1.094058	1.05912
79062	-1004.702	-1072.43	67.72738	1.146496	1.286425	1.05912
79068	-1003.76	-1071.678	67.91776	1.241213	1.126317	0.9105158
79074	-1006.699	-1074.441	67.74147	1.344697	1.234102	0.885305
79080	-1009.749	-1077.5	67.75067	1.19106	1.386878	0.9077846
79086	-1004.107	-1072.027	67.92029	1.341675	1.183652	0.7063574
79092	-1006.835	-1074.868	68.0329	1.238774	0.9766154	0.9448038
79098	-1008.213	-1076.362	68.14863	1.037101	1.063835	0.9448038
79104	-1005.221	-1073.503	68.28161	1.400936	0.5613629	1.046588
79110	-996.4656	-1064.337	67.87107	1.197871	1.016223	1.104318
79116	-995.0058	-1062.895	67.8896	1.111357	1.016223	1.1651
79122	-994.6237	-1062.079	67.45529	1.110092	1.592087	1.129311
79128	-999.4796	-1067.654	68.17471	1.110092	0.6776452	1.252513
79134	-993.6033	-1060.692	67.08905	0.8101808	1.005545	1.988556
79140	-998.1642	-1065.763	67.59913	0.8862292	1.023523	1.567705
79146	-1001.461	-1069.312	67.85112	0.8617194	0.7894883	1.586171
79152	-1002.463	-1070.562	68.09893	1.672465	0.7532973	0.5410054
79158	-1003.412	-1071.511	68.09858	1.615762	0.7910377	0.5901055
79164	-1002.484	-1070.751	68.26629	1.236321	0.8508783	0.8347041
79170	-1001.814	-1069.381	67.56648	1.071138	0.6542908	1.762704
79176	-993.7415	-1061.163	67.42195	1.004842	0.7213025	1.847412
79182	-994.5415	-1062.581	68.03977	1.208245	0.845814	1.105226
79188	-998.2641	-1065.614	67.34945	1.328439	1.32309	1.207809
79194	-994.9897	-1062.704	67.71477	1.184339	0.7609795	1.473366
79200	-1002.651	-1070.014	67.3635	0.4873895	0.8628458	2.119864
79206	-1000.459	-1067.508	67.0486	0.464577	1.137722	2.160192
79212	-996.736	-1064.247	67.51086	0.6455459	0.9454772	1.856108
79218	-999.2052	-1066.613	67.4079	0.6576963	0.9650124	1.904197
79224	-1002.222	-1070.136	67.91486	1.097328	0.656961	1.489341
79230	-999.9541	-1066.844	66.88961	0.931782	2.011542	1.513905
79236	-991.814	-1059.745	67.93112	1.217631	0.9499856	1.092659
79242	-1000.505	-1068.251	67.74572	1.07278	0.7970797	1.501357
79248	-1006.003	-1074.159	68.15553	1.247617	0.4872664	1.386063
79254	-992.6043	-1060.477	67.8725	1.025985	0.8332379	1.408336
79260	-998.4622	-1066.34	67.87767	1.020808	0.8332379	1.408336
79266	-992.0862	-1059.441	67.35493	0.8273153	1.049407	1.766295
79272	-998.4451	-1065.617	67.17152	1.069233	0.9900451	1.766295
79278	-1000.865	-1068.232	67.36746	0.7540735	1.444484	1.569525
79284	-1004.897	-1071.825	66.92765	0.8131681	1.196763	1.97538
79290	-1010.102	-1078.293	68.19063	1.47042	0.7846678	0.7201036
79296	-1011.633	-1079.243	67.60963	1.449372	1.455812	0.6735105
79302	-1007.375	-1075.42	68.04495	1.465989	0.9578598	0.6401413
79308	-1006.962	-1074.476	67.51427	1.566008	1.483359	0.5628672
79314	-1010.116	-1076.599	66.4826	0.3027001	0.7863823	2.84368
79320	-997.529	-1063.898	66.36857	0.2179726	1.315944	2.649082
79326	-997.1881	-1062.987	65.79905	0.2656212	1.315944	2.966623
79332	-993.1055	-1060.113	67.00789	0.4389853	0.8906615	2.360233
79338	-986.3732	-1053.561	67.18825	0.4020611	1.021836	2.181184
79344	-986.3451	-1053.489	67.14341	0.5434869	1.014996	2.12267
79350	-1001.175	-1068.438	67.26327	0.4337632	0.922367	2.177895
79356	-992.0649	-1058.662	66.59728	0.4164117	1.413062	2.333783
79362	-991.6412	-1058.411	66.76938	0.3892789	0.9168563	2.523699
79368	-990.6726	-1057.285	66.61201	0.4927442	1.063995	2.464624
79374	-991.4178	-1058.084	66.66573	0.3657725	1.156007	2.457196
79380	-996.3054	-1062.427	66.12145	0.4015549	1.70579	2.511292
79386	-995.8888	-1062.343	66.45459	0.5503897	1.542845	2.277783
79392	-991.8075	-1058.583	66.77565	0.4519328	1.256112	2.277783
79398	-998.6094	-1065.891	67.28183	0.288099	1.162644	2.108491
79404	-1002.378	-1069.555	67.17729	0.7884026	0.7195754	2.156384
79410	-1007.865	-1074.862	66.99772	0.7579749	1.020776	2.073759
79416	-1007.396	-1074.244	66.84847	0.5513365	1.433739	2.073759
79422	-1002.453	-1069.496	67.04294	0.8099937	1.200031	1.897886
79428	-996.037	-1063.668	67.63083	0.880181	1.103262	1.492075
79434	-994.9142	-1062.778	67.86408	1.070684	0.8603463	1.355873
79440	-993.4573	-1061.361	67.90339	1.156503	0.8790678	1.237069
79446	-1001.896	-1070.136	68.24006	1.107909	0.6456391	1.235974
79452	-1000.205	-1068.392	68.18637	1.156709	0.5306095	1.377651
79458	-1003.784	-1072.182	68.39793	1.141214	0.5938722	1.134199
79464	-1000.945	-1068.007	67.06241	0.8666957	1.10596	1.903553
79470	-994.5503	-1061.909	67.3587	0.8262971	1.192539	1.671665
79476	-1003.453	-1071.186	67.7331	0.9268553	0.9514566	1.49206
79482	-1008.731	-1076.75	68.01911	0.8138615	0.9514566	1.358761
79488	-1005.361	-1072.777	67.41592	0.9672034	1.453919	1.365578
79494	-1002.388	-1069.96	67.57236	0.7956384	0.6515199	1.949864
79500	-1002.917	-1070.764	67.84709	0.8765663	0.8049305	1.564861
79506	-1003.875	-1071.45	67.57475	0.8852227	0.8049305	1.753658
79512	-1002.357	-1069.993	67.63594	0.9161112	1.163954	1.41874
79518	-1006.474	-1074.136	67.66231	0.9864068	1.163954	1.342967
79524	-1002.624	-1069.934	67.3096	0.7793912	1.622717	1.498157
79530	-998.2173	-1064.88	66.66243	0.831785	1.143023	2.169398
79536	-997.8701	-1064.895	67.02504	0.6501281	1.143023	2.050816
79542	-997.4694	-1064.897	67.42743	0.6006064	1.143023	1.812657
79548	-998.1109	-1065.658	67.54726	0.6868453	0.8107053	1.904455
79554	-1001.085	-1068.042	66.9574	0.6823827	1.359022	1.952681
79560	-999.3772	-1066.358	66.98074	0.6437265	1.378458	1.952681
79566	-994.5013	-1061.812	67.31112	0.7999473	1.254925	1.686172
79572	-991.9873	-1059.899	67.91209	0.7601901	0.7017746	1.693824
79578	-992.857	-1060.686	67.82894	0.8722006	0.9567203	1.456776
79584	-996.9219	-1064.492	67.57044	0.775093	1.004403	1.68237
79590	-992.2366	-1060.447	68.21057	1.177717	0.8248776	0.9940562
79596	-993.6555	-1061.91	68.25463	1.074165	0.7684198	1.114341
79602	-991.8069	-1059.997	68.18971	0.9018699	0.6318926	1.455448
79608	-995.6347	-1063.373	67.73841	0.8743213	0.9198425	1.551971
79614	-1005.595	-1072.854	67.25911	0.9935699	1.217443	1.607414
79620	-1003.098	-1070.664	67.56608	0.9144805	0.762387	1.774871
79626	-996.2039	-1063.928	67.72446	1.02905	1.013224	1.372055
79632	-994.6516	-1062.684	68.03234	1.057418	1.071076	1.034867
79638	-998.004	-1065.867	67.86313	1.078467	1.08599	1.158196
79644	-997.1286	-1064.578	67.44934	0.8176205	1.443417	1.461594
79650	-989.7916	-1057.213	67.42176	0.8758648	1.305924	1.519804
79656	-1005.172	-1072.18	67.00756	0.814679	1.377979	1.818347
79662	-1001.929	-1069	67.07156	0.618111	1.008135	2.125304
79668	-1006.6	-1074.411	67.81121	0.7636862	0.6380235	1.821756
79674	-995.8547	-1063.481	67.62666	0.9268341	1.013242	1.524845
79680	-993.1032	-1060.595	67.49213	0.691381	0.8514792	1.90703
79686	-996.938	-1063.765	66.82659	0.8168688	1.324291	1.968868
79692	-1002.181	-1069.345	67.16452	0.4789308	1.324291	1.968868
79698	-995.7054	-1062.684	66.97861	0.5435394	1.337779	2.042433
79704	-991.5139	-1058.833	67.31901	0.782862	0.9017857	1.924706
79710	-992.883	-1060.418	67.53465	0.9175837	0.9017857	1.682185
79716	-1000.169	-1068.185	68.01611	0.9057798	0.8074699	1.413328
79722	-999.8211	-1067.076	67.25474	0.8334308	1.045593	1.833975
79728	-995.6689	-1062.816	67.14711	0.7724357	1.220196	1.840497
79734	-999.0929	-1066.425	67.33223	0.902141	1.048517	1.730397
79740	-998.7382	-1066.216	67.47819	0.7460784	1.059018	1.730397
79746	-996.5041	-1062.968	66.46433	0.7387219	1.58346	2.130994
79752	-999.0631	-1065.633	66.56986	0.6680485	1.783826	2.019355
79758	-989.8844	-1057.303	67.41854	0.7286755	0.7952517	1.97524
79764	-991.3039	-1058.838	67.53417	0.9162944	0.8756461	1.703697
79770	-991.9853	-1059.178	67.19272	0.6622855	1.149371	1.926861
79776	-992.359	-1059.399	67.04042	0.6753629	0.9990642	2.114135
79782	-994.0585	-1061.318	67.25993	0.4285942	1.300121	1.951821
79788	-988.4689	-1055.41	66.94081	0.4483648	1.037529	2.30076
79794	-995.0521	-1062.422	67.37018	0.2494133	1.037529	2.152169
79800	-994.2655	-1061.436	67.171	0.3854711	1.044884	2.188547
79806	-990.9213	-1058.236	67.31426	0.8204207	1.044884	1.802375
79812	-988.5187	-1056.344	67.82494	0.5889897	0.7662456	1.81777
79818	-986.1201	-1053.835	67.71505	0.8076576	0.9102678	1.625134
79824	-989.3159	-1056.975	67.65897	0.7088115	0.8830532	1.756116
79830	-992.3682	-1059.593	67.22522	0.568597	0.7790853	2.220001
79836	-997.4738	-1064.634	67.16001	0.3911878	1.000783	2.220001
79842	-996.9994	-1063.702	66.70223	0.4996397	1.359519	2.2401
79848	-1002.353	-1069.333	66.9802	0.7371884	1.643319	1.756394
79854	-998.4198	-1065.84	67.42012	0.7591005	1.006401	1.797681
79860	-996.8487	-1064.756	67.90681	0.750281	0.975674	1.475443
79866	-995.7757	-1063.776	68.00067	1.159843	0.8935284	1.136417
79872	-994.2957	-1061.382	67.0867	0.9546066	1.260416	1.732214
79878	-1000.044	-1067.704	67.65926	0.738263	1.060991	1.605314
79884	-990.1614	-1057.32	67.15824	0.7676326	1.096459	1.911728
79890	-991.825	-1059.129	67.30369	0.6404114	0.7445684	2.14994
79896	-993.4859	-1061.101	67.61507	0.9158005	0.666357	1.825352
79902	-995.9728	-1063.447	67.47401	0.726846	0.9458191	1.825352
79908	-995.3948	-1062.731	67.33658	0.9651579	0.9458191	1.755361
79914	-993.2372	-1061.013	67.7756	1.008659	1.012101	1.348628
79920	-994.3553	-1061.464	67.10896	0.7024402	1.095307	1.98942
79926	-997.8505	-1065.051	67.20064	0.5336975	0.936134	2.144169
79932	-996.4395	-1063.351	66.91137	0.6361332	0.8819454	2.302255
79938	-1000.533	-1067.332	66.79935	0.6486068	1.143005	2.199401
79944	-998.1304	-1065.862	67.73208	0.960813	0.8668296	1.535344
79950	-1001.056	-1068.628	67.57216	0.9803157	0.8668296	1.637879
79956	-991.0595	-1058.328	67.26896	0.7955264	1.166209	1.772963
79962	-998.7034	-1066.105	67.40164	0.6133216	1.166209	1.807318
79968	-994.4557	-1061.723	67.26719	0.6388236	0.7759708	2.149691
79974	-998.4687	-1066.022	67.55339	0.7960932	0.7759708	1.853952
79980	-1000.727	-1068.576	67.84895	0.9522417	0.7759708	1.533076
79986	-999.8034	-1067.365	67.56119	0.9757828	1.106482	1.470222
79992	-998.1078	-1065.719	67.61161	0.7277152	0.8437616	1.80637
79998	-999.3086	-1067.167	67.85795	0.9018955	1.157218	1.257555
80004	-991.9538	-1059.659	67.70563	1.105378	0.8810151	1.434467
80010	-998.7077	-1066.092	67.38422	1.14567	0.8980246	1.629476
80016	-994.1201	-1062.229	68.10865	1.217121	0.7874735	1.09614
80022	-988.3131	-1055.981	67.66797	0.8550222	0.9308599	1.609072
80028	-991.7601	-1059.058	67.29749	0.8432956	1.051446	1.793759
80034	-1000.416	-1067.28	66.86457	0.8833557	1.020301	2.079186
80040	-996.5174	-1063.23	66.71256	0.9241486	1.066658	2.122702
80046	-999.441	-1066.612	67.1707	0.7757169	1.043193	1.932068
80052	-1010.284	-1076.638	66.35344	0.6772601	0.9536096	2.579242
80058	-1004.555	-1071.124	66.5683	0.5665047	1.173218	2.38242
80064	-1001.232	-1068.107	66.87467	0.4993863	1.269911	2.175882
80070	-1003.13	-1070.442	67.31192	0.4028529	0.9052449	2.178269
80076	-996.3621	-1063.744	67.38178	0.3408051	1.045861	2.07945
80082	-993.6548	-1061.122	67.46756	0.7738415	0.8675278	1.85537
80088	-1008.738	-1076.591	67.85338	0.7317587	0.8539471	1.624719
80094	-1006.509	-1074.199	67.68989	0.8741836	0.8764879	1.621795
80100	-1009.78	-1077.149	67.36944	1.12583	1.619709	1.174259
80106	-998.6467	-1067.045	68.39836	1.237648	0.715216	0.8703845
80112	-998.6448	-1066.651	68.0059	1.520756	0.954016	0.6108782
80118	-999.6562	-1067.201	67.54517	1.472826	1.559127	0.5902041
80124	-1006.207	-1074.526	68.31841	1.52043	0.6562598	0.6964449
80130	-996.3655	-1064.323	67.95745	1.285505	1.080046	0.8635073
80136	-991.6491	-1059.566	67.91718	1.182475	1.039768	1.054213
80142	-996.5323	-1064.541	68.00827	1.12439	1.039768	1.022376
80148	-996.374	-1063.974	67.60045	1.178823	1.328185	1.115155
80154	-992.1541	-1059.152	66.99787	0.6546869	1.18872	2.038839
80160	-995.0003	-1061.529	66.5286	0.4256929	1.18872	2.487404
80166	-999.9195	-1067.486	67.56683	0.8476358	0.6964525	1.877733
80172	-994.0927	-1061.096	67.0036	0.7342759	1.286118	1.926337
80178	-995.3181	-1062.187	66.8693	0.5891066	1.006648	2.275908
80184	-1007.47	-1074.134	66.66431	0.265356	1.375466	2.405544
80190	-995.1015	-1062.277	67.17588	0.6142999	1.121718	1.98727
80196	-999.4176	-1067.026	67.60865	0.7905477	1.121718	1.562536
80202	-999.6181	-1067.537	67.9188	0.8596387	0.7730305	1.552534
80208	-998.2017	-1065.632	67.43	0.9019053	1.212569	1.552534
80214	-995.7341	-1063.046	67.31169	0.8832939	0.967068	1.814251
80220	-999.1405	-1066.848	67.70735	0.8735528	0.967068	1.539036
80226	-997.2542	-1064.527	67.27311	0.8906449	0.8961085	1.88693
80232	-992.6687	-1059.516	66.84776	0.7050971	1.166023	2.117696
80238	-996.0258	-1063.379	67.35355	0.502711	0.9673589	2.042788
80244	-999.5251	-1066.873	67.34813	0.5081265	0.9673589	2.042788
80250	-993.7069	-1061.083	67.37648	0.6092134	0.9673589	1.956485
80256	-999.2503	-1067.142	67.89213	0.9760399	0.9673589	1.317566
80262	-998.6994	-1066.559	67.85951	0.9363231	1.039874	1.317566
80268	-1001.833	-1069.831	67.99848	0.986227	0.9095181	1.272059
80274	-1005.611	-1072.936	67.32526	0.9650768	0.9095181	1.790043
80280	-1001.244	-1068.237	66.99255	0.7254049	1.447942	1.853034
80286	-996.6384	-1063.893	67.25453	0.7746344	1.346484	1.691044
80292	-992.3009	-1059.703	67.40248	0.8524363	1.033094	1.726475
80298	-991.703	-1059.134	67.43149	0.7745289	1.130612	1.696054
80304	-1000.754	-1067.455	66.70053	0.9620479	1.30098	1.968763
80310	-994.4338	-1062.259	67.82494	0.9911206	1.30098	1.101784
80316	-993.6304	-1061.675	68.04489	1.203841	0.9830126	0.9620983
80322	-993.3447	-1061.528	68.18286	1.018738	0.8350021	1.157847
80328	-988.0844	-1056.121	68.03693	0.8869825	0.7972481	1.421071
80334	-993.944	-1061.213	67.26849	0.8866328	0.9653017	1.84293
80340	-995.9048	-1063.214	67.30872	0.6719564	0.9653017	1.961276
80346	-999.0696	-1066.406	67.33635	0.7775499	1.238566	1.69399
80352	-1001.141	-1068.683	67.54201	0.6664407	1.238566	1.626339
80358	-1001.547	-1068.923	67.37549	0.7795836	0.9052082	1.88614
80364	-1004.373	-1071.431	67.05806	1.016767	1.917152	1.362635
80370	-993.3885	-1060.835	67.44625	0.9205934	1.48071	1.362635
80376	-1001.342	-1068.817	67.47521	1.085806	0.6506519	1.819302
80382	-996.8175	-1064.336	67.51844	0.987076	0.9143623	1.634369
80388	-993.0135	-1060.632	67.61858	0.9131775	0.9143623	1.615415
80394	-992.1305	-1059.777	67.64678	0.8360783	0.9784507	1.602427
80400	-998.7452	-1066.566	67.82091	1.197756	0.9784507	1.18264
80406	-994.8654	-1063.014	68.14905	1.227951	0.7172215	1.128425
80412	-995.0707	-1062.886	67.81553	1.358192	1.003325	1.017277
80418	-1000.604	-1068.646	68.0415	1.39733	0.9535405	0.772231
80424	-993.3436	-1061.689	68.34579	1.423465	0.6373773	0.8349057
80430	-999.567	-1067.297	67.72954	1.344429	1.321395	0.8118039
80436	-996.7454	-1064.399	67.6538	1.360978	1.380135	0.8277355
80442	-1000.092	-1067.344	67.25259	0.9177653	1.347089	1.58913
80448	-996.4905	-1063.758	67.26786	0.8760523	1.303629	1.633745
80454	-993.0439	-1060.549	67.50489	1.100408	1.445121	1.188266
80460	-1000.456	-1067.908	67.45229	0.9764053	1.445121	1.334658
80466	-1006.172	-1074.02	67.84768	1.133871	1.37584	0.8721889
80472	-1002.893	-1070.554	67.66039	1.236081	1.599578	0.7690136
80478	-999.9587	-1067.529	67.57002	1.318571	1.599578	0.7801274
80484	-997.6114	-1065.775	68.16359	1.318571	0.8851984	0.8121867
80490	-997.3665	-1065.381	68.01488	1.318571	0.9296258	0.9308141
80496	-995.8753	-1063.704	67.82907	1.038948	1.082843	1.224166
80502	-993.2324	-1061.071	67.83856	1.095375	0.9759545	1.256607
80508	-993.5786	-1061.359	67.7807	1.065344	0.9010004	1.390485
80514	-993.3594	-1061.099	67.73946	0.9550357	0.8862449	1.51823
80520	-991.5852	-1058.798	67.21291	0.7795533	0.8862449	2.009389
80526	-1002.339	-1069.396	67.05629	0.9558114	1.001676	1.915276
80532	-995.5961	-1063.13	67.53376	0.9091764	0.9466052	1.654881
80538	-997.237	-1064.433	67.19554	0.9169171	1.244035	1.691716
80544	-993.483	-1060.703	67.21999	0.5775793	1.121136	1.982688
80550	-995.6571	-1062.932	67.27465	0.4674931	0.7209756	2.299367
80556	-993.1881	-1059.876	66.68826	0.5320746	1.115496	2.361274
80562	-990.7542	-1057.434	66.68026	0.4634681	1.115496	2.40973
80568	-993.9535	-1060.994	67.04079	0.4312679	1.115496	2.200048
80574	-992.6013	-1059.64	67.03902	0.6480691	1.115496	2.059532
80580	-989.3167	-1056.549	67.232	0.5162594	0.8842973	2.171309
80586	-995.6772	-1062.605	66.92782	0.5295646	1.254788	2.12987
80592	-993.0154	-1060.569	67.55368	0.766505	1.256952	1.533214
80598	-997.9298	-1065.309	67.37898	0.7926818	1.443286	1.533214
80604	-994.2616	-1061.252	66.99064	0.8805878	1.385266	1.780478
80610	-989.6781	-1056.398	66.7199	0.5536086	0.9663245	2.419266
80616	-988.6469	-1055.765	67.11785	0.7540668	1.419033	1.761803
80622	-990.4879	-1057.824	67.33583	0.7377835	1.099364	1.808845
80628	-1000.554	-1068.463	67.90884	0.8660078	0.9830011	1.379074
80634	-990.1418	-1056.782	66.64047	0.7929235	1.348621	2.095243
80640	-992.8037	-1060.227	67.42366	0.9603304	1.253264	1.487845
80646	-995.3267	-1062.953	67.62648	0.8611743	0.9403319	1.627439
80652	-991.6665	-1059.347	67.68078	1.103423	1.068785	1.304506
80658	-993.682	-1061.027	67.3451	0.8394674	1.123983	1.715513
80664	-995.5156	-1062.971	67.45511	0.7783474	0.9750349	1.781965
80670	-994.5083	-1061.563	67.05437	0.8237069	0.9604895	2.033013
80676	-994.5232	-1062.013	67.48936	0.7159104	0.6342253	2.074077
80682	-995.6592	-1061.913	66.25335	0.3792989	1.461531	2.550269
80688	-993.1789	-1059.74	66.5608	0.4634742	1.005866	2.550269
80694	-993.9567	-1061.093	67.13604	0.7437377	0.879806	2.088595
80700	-996.5316	-1063.969	67.43735	0.8561352	0.5587471	2.088595
80706	-990.9437	-1058.111	67.16683	0.6937826	1.314774	1.826659
80712	-991.2997	-1057.481	66.181	0.4572498	1.314774	2.617759
80718	-995.7848	-1061.965	66.18	0.5719204	1.180463	2.617759
80724	-995.5255	-1062.082	66.55622	0.6383174	0.9768522	2.462164
80730	-995.8114	-1061.876	66.06506	0.21738	1.457064	2.768011
80736	-999.3004	-1065.311	66.01104	0.449241	1.457064	2.659001
80742	-1000.854	-1067.888	67.03387	0.3812689	1.053354	2.274352
80748	-1002.536	-1069.662	67.1269	0.2882427	1.053354	2.274352
80754	-995.1154	-1061.616	66.50054	0.4007232	1.234256	2.495932
80760	-999.7515	-1066.523	66.77194	0.3085113	0.8569657	2.612938
80766	-1000.851	-1068.076	67.22511	0.1584283	1.079424	2.278685
80772	-997.6544	-1064.004	66.34926	0.2013493	1.088181	2.79274
80778	-993.4724	-1060.874	67.40125	0.4662389	1.088181	1.956323
80784	-998.6916	-1065.794	67.10217	0.4602418	1.005758	2.209554
80790	-997.4249	-1064.303	66.87781	0.7063327	1.349283	1.99512
80796	-997.2978	-1064.975	67.67754	0.8048406	1.061921	1.54247
80802	-995.2111	-1062.177	66.96598	0.7325961	1.260218	1.967292
80808	-995.3665	-1063.097	67.73036	0.768623	1.048116	1.54
80814	-997.2151	-1064.085	66.87006	0.5844367	1.033261	2.261595
80820	-998.1109	-1065.632	67.52151	0.4862355	0.8328548	2.038935
80826	-1002.599	-1069.81	67.21136	0.5663661	1.046605	2.042572
80832	-1000.57	-1067.493	66.92236	0.6829605	1.046605	2.155736
80838	-998.0407	-1064.95	66.90938	0.3440296	0.8980358	2.477131
80844	-997.467	-1064.236	66.76916	0.4522866	0.8980358	2.497136
80850	-991.9904	-1058.844	66.85365	0.3229601	0.9401252	2.497136
80856	-999.4841	-1065.419	65.93461	0.2038525	1.461138	2.853721
80862	-998.6023	-1064.433	65.83029	0.1537721	1.129684	3.110737
80868	-993.2716	-1060.343	67.07099	0.4256635	1.129684	2.175678
80874	-993.6677	-1059.912	66.24377	0.5518527	1.310469	2.522238
80880	-999.4202	-1066.724	67.30397	0.5210546	0.9613222	2.067526
80886	-992.2846	-1059.483	67.19832	0.4984808	0.8696906	2.215068
80892	-999.0238	-1066.291	67.26707	0.78207	1.27103	1.720446
80898	-1001.014	-1068.012	66.9977	0.5426577	1.045144	2.198819
80904	-996.7752	-1063.808	67.03325	0.4325833	0.923714	2.32559
80910	-994.8764	-1062.066	67.1894	0.5106639	1.048579	2.092531
80916	-995.911	-1062.719	66.80805	0.6795056	1.250957	2.112244
80922	-994.4616	-1061.554	67.0927	0.5414978	1.133327	2.083632
80928	-998.9871	-1066.179	67.19183	0.8518929	1.016998	1.88349
80934	-995.2902	-1063.011	67.72062	0.9970982	1.224389	1.243599
80940	-996.3203	-1064.537	68.21646	1.181475	0.8592186	0.9437488
80946	-994.8555	-1062.943	68.08787	1.375782	0.9381105	0.759644
80952	-997.0375	-1064.617	67.5799	1.788678	1.110298	0.3930933
80958	-993.7873	-1061.66	67.8727	1.704993	0.9240093	0.531305
80964	-1002.829	-1070.595	67.76595	1.140752	0.5209113	1.712311
80970	-1007.189	-1074.596	67.40671	1.140873	0.9884351	1.547609
80976	-1012.897	-1080.434	67.53766	1.102915	1.335466	1.230986
80982	-1011.911	-1080.009	68.09768	1.430924	0.8476996	0.8060106
80988	-1001.711	-1069.807	68.09566	1.430924	0.8476996	0.8086642
80994	-997.0818	-1065.087	68.00483	1.431162	0.8410535	0.9248591
81000	-1000.994	-1069.001	68.00687	1.182556	0.6567909	1.352734
81006	-1003.14	-1070.143	67.00356	0.9159957	1.031635	1.957712
81012	-1001.647	-1068.386	66.73921	0.9207525	1.487381	1.872542
81018	-1001.552	-1068.92	67.36832	0.890493	1.220442	1.601083
81024	-1002.864	-1070.337	67.47308	0.7857297	1.220442	1.601083
81030	-991.953	-1059.139	67.18593	1.016644	1.220442	1.641737
81036	-992.3939	-1059.926	67.53187	0.880375	0.8409996	1.75787
81042	-996.5206	-1063.621	67.10075	1.146325	0.8409996	1.871878
81048	-992.4058	-1059.961	67.55563	1.07303	0.929834	1.53235
81054	-996.7542	-1064.094	67.33943	0.8259112	0.929834	1.861225
81060	-997.57	-1065.203	67.63312	0.8063834	0.7289503	1.832021
81066	-1009.817	-1077.315	67.49859	0.746617	0.7289503	1.963933
81072	-1008.71	-1075.503	66.79355	0.1920437	0.9438927	2.613432
81078	-998.8577	-1065.517	66.65931	0.4058694	0.6832172	2.75226
81084	-995.6315	-1062.511	66.87952	0.4320614	0.837224	2.483048
81090	-988.1637	-1055.399	67.23567	0.8642713	0.837224	1.974209
81096	-986.7133	-1054.584	67.87033	0.7621554	0.6126609	1.806715
81102	-995.694	-1063.839	68.1454	0.8974135	0.425967	1.731499
81108	-997.7317	-1065.098	67.36668	0.7717191	0.4384984	2.318141
81114	-988.7379	-1056.479	67.74095	0.7495856	0.5307468	1.986915
81120	-990.7299	-1058.395	67.66474	0.9218748	0.747842	1.713079
81126	-993.0588	-1060.621	67.5624	1.020786	0.9449715	1.554234
81132	-995.4157	-1062.182	66.76586	1.011131	1.465547	1.803305
81138	-998.499	-1065.738	67.23937	0.5505618	1.521824	1.765514
81144	-993.8108	-1060.817	67.00642	0.7787959	1.40996	1.826735
81150	-999.9627	-1067.64	67.67749	0.4746788	0.8715347	1.913073
81156	-1005.02	-1072.495	67.47542	0.7215973	0.9759082	1.806611
81162	-994.9504	-1062.657	67.70643	0.967642	1.144543	1.336636
81168	-1001.206	-1068.947	67.74166	0.9441502	1.365366	1.171847
81174	-1006.375	-1074.432	68.05738	1.096338	0.8632382	1.171847
81180	-1001.252	-1069.39	68.13769	1.016028	0.8632382	1.171847
81186	-1002.073	-1070.082	68.00951	1.213712	0.8632382	1.109975
81192	-999.6988	-1067.736	68.03764	0.8778663	1.032152	1.225113
81198	-1000.872	-1068.332	67.45981	0.6998598	1.032152	1.793639
81204	-995.6784	-1063.297	67.61875	0.6399177	1.074486	1.695705
81210	-993.0736	-1060.737	67.66391	0.7368535	0.9321851	1.695705
81216	-1000.928	-1068.884	67.95681	1.186113	0.9321851	1.115009
81222	-989.993	-1058.11	68.11673	1.23355	0.623533	1.259808
81228	-1004.92	-1072.466	67.54583	1.084829	0.8373934	1.605336
81234	-997.8049	-1065.712	67.90737	1.097284	0.6771598	1.474487
81240	-997.9237	-1066.044	68.12079	1.052172	0.5270371	1.512108
81246	-995.3533	-1063.25	67.89706	0.9002277	0.5149576	1.795556
81252	-992.0642	-1059.463	67.3989	1.028229	0.8826677	1.714725
81258	-988.3277	-1055.82	67.49264	0.8124894	0.8440949	1.829695
81264	-999.7746	-1067.342	67.56727	0.9327957	1.228997	1.415016
81270	-994.3826	-1062.596	68.21322	1.209346	0.6155275	1.208602
81276	-991.442	-1059.325	67.88294	1.191841	0.9797041	1.132116
81282	-1000.347	-1067.585	67.23824	1.22928	1.297766	1.395553
81288	-1002.05	-1069.584	67.53384	1.112506	1.434537	1.159495
81294	-999.9261	-1067.825	67.89879	1.089336	0.7629931	1.403248
81300	-1001.434	-1069.592	68.15856	0.9751614	0.7026255	1.348585
81306	-1003.031	-1070.944	67.91321	0.972638	0.8909496	1.36782
81312	-1006.948	-1074.752	67.80459	1.195612	1.134801	1.063854
81318	-1006.608	-1074.028	67.41987	1.239501	1.367638	1.193201
81324	-1001.018	-1068.765	67.7468	1.399869	1.315239	0.7132054
81330	-997.944	-1066.386	68.44251	1.519717	0.5925016	0.628461
81336	-998.6175	-1066.274	67.65644	1.43637	1.456396	0.5912887
81342	-999.1865	-1067.24	68.05331	1.609548	0.8462404	0.531755
81348	-997.6347	-1065.563	67.92862	1.589239	0.9313021	0.682801
81354	-994.0262	-1061.685	67.65845	1.589239	1.269581	0.5651655
81360	-998.9024	-1067.215	68.31228	1.589239	0.6522897	0.5475508
81366	-1009.449	-1077.316	67.8666	1.522509	1.102384	0.5869053
81372	-1011.753	-1079.778	68.02517	1.268961	1.022998	0.8679733
81378	-1006.433	-1074.794	68.36102	1.360895	0.6226863	0.9143178
81384	-1008.038	-1075.977	67.93824	1.101816	0.9681451	1.173197
81390	-1003.782	-1071.512	67.73047	0.9688745	0.9617284	1.454212
81396	-995.3683	-1063.457	68.08909	0.960562	0.7774064	1.341083
81402	-1000.172	-1068.138	67.96632	1.317416	1.026743	0.8758428
81408	-997.9139	-1066.008	68.0936	1.353699	0.8985389	0.8379811
81414	-999.352	-1067.152	67.79954	1.067031	1.2957	1.058797
81420	-996.0141	-1063.961	67.94645	1.105275	0.8163492	1.302336
81426	-992.5198	-1060.519	67.99926	1.153789	0.8163492	1.218337
81432	-992.3168	-1060.364	68.04718	1.343367	0.8163492	1.001692
81438	-998.0819	-1065.728	67.64614	1.313952	1.142021	1.095122
81444	-1003.179	-1070.911	67.73257	1.395028	0.9678825	1.095122
81450	-1006.343	-1074.095	67.75141	1.212892	0.9729306	1.233813
81456	-997.542	-1065.388	67.84571	0.8995453	0.9391695	1.437034
81462	-992.8696	-1060.827	67.95721	0.8692343	0.9391695	1.374016
81468	-995.257	-1063.116	67.8593	1.056614	1.084651	1.181726
81474	-995.7176	-1064.112	68.39393	1.316962	0.5804881	0.9904448
81480	-990.3844	-1058.891	68.50668	1.204207	0.5804881	0.9904448
81486	-995.3367	-1063.32	67.98354	1.411125	0.8103967	1.004502
81492	-991.7713	-1059.749	67.97727	0.8948924	1.13778	1.177098
81498	-992.1363	-1058.976	66.8395	0.5134408	1.13778	2.263681
81504	-1002.311	-1069.057	66.74528	0.365891	1.116505	2.429665
81510	-996.5161	-1063.25	66.73393	0.5421056	1.037385	2.37282
81516	-993.56	-1060.488	66.92808	0.7611617	0.9859612	2.140094
81522	-996.4986	-1063.194	66.69512	0.7737122	0.9653775	2.295926
81528	-1000.08	-1066.401	66.3204	0.5720328	1.49107	2.373476
81534	-1000.9	-1068.268	67.36772	0.5830901	1.49107	1.66789
81540	-991.0963	-1058.501	67.40464	0.7557396	1.49107	1.515047
81546	-991.5137	-1059.093	67.57897	0.9446755	1.106985	1.479948
81552	-1001.401	-1068.418	67.0174	0.9693031	0.967534	1.955689
81558	-997.4933	-1064.694	67.20075	0.8891628	0.9494443	1.898614
81564	-1001.168	-1068.475	67.30778	0.9243991	1.059669	1.724393
81570	-999.3446	-1066.749	67.40439	0.7940937	1.071965	1.739838
81576	-993.6138	-1061.287	67.67296	0.7600442	1.071965	1.571795
81582	-993.146	-1060.599	67.45271	0.9058813	1.045415	1.644254
81588	-990.5541	-1058.455	67.90097	0.9991116	0.9360335	1.318048
81594	-996.9054	-1064.74	67.83483	1.043263	0.9360335	1.335692
81600	-996.36	-1064.23	67.86957	0.8689379	0.8490068	1.516279
81606	-997.891	-1066.088	68.19668	1.051623	0.8954408	1.05369
81612	-996.3986	-1064.404	68.00536	1.214702	0.7744089	1.203608
81618	-1006.496	-1074.125	67.62856	1.072754	1.417077	1.122434
81624	-1010.562	-1077.88	67.31754	0.3551978	0.966027	2.16407
81630	-1012.825	-1080.065	67.23964	0.3458496	1.06932	2.154472
81636	-1007.357	-1074.564	67.20777	0.1789449	1.06932	2.282781
81642	-1004.383	-1071.68	67.29707	0.337693	0.8313283	2.282781
81648	-1010.534	-1077.802	67.26722	0.720413	1.021518	1.918524
81654	-1012.72	-1080.625	67.90479	0.7429493	1.021518	1.447673
81660	-1008.286	-1076.049	67.76296	0.9894566	1.151955	1.267614
81666	-1002.087	-1070.089	68.00241	1.243618	1.189409	0.7244207
81672	-999.1129	-1067.536	68.42336	1.299243	0.6394888	0.8870677
81678	-995.8662	-1064.101	68.23443	1.412937	0.7891307	0.7334825
81684	-997.5442	-1065.779	68.2352	1.33457	0.8207575	0.7922085
81690	-1010.45	-1078.287	67.83689	1.323579	1.232589	0.7950056
81696	-1012.312	-1079.964	67.65147	1.214035	1.280337	1.071754
81702	-1003.979	-1071.982	68.00243	1.11538	0.9721796	1.100081
81708	-999.1442	-1066.838	67.6935	1.285223	1.337922	0.9096983
81714	-994.0328	-1062.295	68.26191	1.121802	0.7484736	1.086456
81720	-993.8777	-1061.98	68.10211	1.281594	0.7484736	1.086456
81726	-989.9108	-1058.17	68.25944	1.405382	0.6812088	0.8883758
81732	-991.3509	-1059.325	67.97429	1.454098	1.066929	0.5643301
81738	-991.1127	-1058.724	67.61131	1.647772	1.26232	0.4654038
81744	-995.9825	-1063.968	67.98581	1.742411	0.7790402	0.4183185
81750	-997.8852	-1065.349	67.46413	1.742411	1.300928	0.4001794
81756	-1005.58	-1073.217	67.63793	1.736919	1.132568	0.5047478
81762	-1002.609	-1070.242	67.63377	1.769706	1.077576	0.4014386
81768	-1001.27	-1069.158	67.88816	1.769706	0.8376791	0.414211
81774	-999.7469	-1067.388	67.64142	1.657916	1.214621	0.463356
81780	-1000.885	-1068.763	67.87745	1.639957	0.9485114	0.6473641
81786	-1008.209	-1076.035	67.82658	1.639957	1.035244	0.4990073
81792	-1001.839	-1069.556	67.71706	1.694294	1.072763	0.4085044
81798	-996.7308	-1064.23	67.49929	1.803229	1.187848	0.4003756
81804	-998.3076	-1066.13	67.82194	1.733587	0.914278	0.3800328
81810	-995.3003	-1063.235	67.93479	1.644278	0.914278	0.5774082
81816	-993.5214	-1061.45	67.92905	1.652934	0.91956	0.5348372
81822	-999.2828	-1067.41	68.12696	1.652934	0.7433661	0.4431299
81828	-999.2371	-1066.868	67.63126	1.830672	1.031108	0.4371312
81834	-1000.51	-1068.525	68.01439	1.778546	0.7330713	0.443766
81840	-999.9164	-1067.737	67.82068	1.536327	1.130606	0.6058606
81846	-1006.484	-1074.652	68.16808	1.742635	0.643766	0.5605028
81852	-1002.014	-1069.817	67.80308	1.597697	1.095907	0.439693
81858	-997.9876	-1065.721	67.73344	1.730756	1.0372	0.4854733
81864	-996.6001	-1064.614	68.01397	1.486592	0.92492	0.7243792
81870	-991.0456	-1058.652	67.60635	1.404978	1.473919	0.7326828
81876	-991.8391	-1060.353	68.51352	1.605203	0.4604148	0.7323207
81882	-989.2344	-1057.366	68.13136	1.533903	0.7890611	0.7042219
81888	-989.6143	-1057.707	68.09257	1.599587	0.7890611	0.6530734
81894	-996.9925	-1065.211	68.21836	1.132624	0.8901286	0.9572361
81900	-997.3857	-1064.733	67.34771	1.055882	0.8267227	1.775306
81906	-996.2235	-1064.158	67.9345	0.8144922	0.6138976	1.724207
81912	-996.1642	-1064.235	68.0712	0.9965703	0.9193349	1.193338
81918	-995.8149	-1063.564	67.74937	0.9016251	0.550005	1.858087
81924	-998.8817	-1065.73	66.84786	0.7600722	0.9895324	2.190616
81930	-1003.418	-1070.814	67.39549	0.7989956	0.5988609	2.114285
81936	-999.094	-1065.915	66.82086	0.6089883	1.125485	2.221396
81942	-1013.248	-1080.908	67.66036	0.7160107	1.038237	1.636469
81948	-1005.58	-1073.594	68.01363	0.9290525	1.038237	1.196917
81954	-1002.491	-1070.449	67.95799	1.143564	0.9349068	1.149491
81960	-1002.536	-1070.213	67.67778	1.066271	1.140398	1.283066
81966	-1006.95	-1074.612	67.6618	1.117536	1.287995	1.144512
81972	-1003.733	-1071.58	67.84704	1.206012	1.287995	0.8712485
81978	-1003.137	-1070.829	67.69197	1.262699	1.111119	1.125747
81984	-995.62	-1063.674	68.05376	1.25163	0.8106787	1.089665
81990	-998.1514	-1066.041	67.88964	1.26721	1.108075	0.9311982
81996	-1000.439	-1068.109	67.66949	1.071848	0.8449528	1.517588
82002	-994.4915	-1062.165	67.6734	0.8735753	1.029766	1.517588
82008	-1005.075	-1072.962	67.88688	1.041944	0.7039656	1.505047
82014	-998.923	-1066.723	67.8004	0.8722819	0.8898191	1.531554
82020	-998.7468	-1066.835	68.08855	1.042745	0.6279379	1.429308
82026	-997.9266	-1065.812	67.88559	0.9862526	0.8247789	1.436378
82032	-996.3509	-1064.315	67.96443	1.204649	1.018668	1.006834
82038	-997.9967	-1065.821	67.82413	1.204649	1.288987	0.8982225
82044	-994.5366	-1062.676	68.13949	1.109443	0.7041653	1.25337
82050	-995.9606	-1063.603	67.64238	1.140281	1.333241	1.108375
82056	-1000.78	-1068.666	67.88591	1.123016	1.136676	1.053975
82062	-996.4171	-1064.284	67.86692	1.034355	1.196876	1.104351
82068	-995.2692	-1062.698	67.4286	1.059853	1.196876	1.445283
82074	-1000.443	-1068.106	67.66268	0.8454293	0.6186588	1.886135
82080	-1001.937	-1070.049	68.11187	1.011676	0.8219488	1.237741
82086	-1002.686	-1070.552	67.86686	1.227039	1.002381	1.094028
82092	-997.6289	-1064.915	67.28642	0.8543091	1.157326	1.725133
82098	-993.1993	-1060.712	67.51268	0.6557451	0.9139261	1.870665
82104	-998.2588	-1065.47	67.21114	0.3274518	0.9139261	2.28579
82110	-989.6802	-1056.533	66.85234	0.4611361	1.163573	2.27411
82116	-990.9773	-1058.213	67.23532	0.6053584	0.8988967	2.10059
82122	-990.9021	-1058.118	67.21621	0.5809604	0.9982361	2.061168
82128	-990.5137	-1057.732	67.21823	0.7320953	1.183116	1.841528
82134	-997.533	-1063.531	65.99826	0.6197613	0.9186767	2.854662
82140	-996.518	-1064.061	67.54311	0.9527355	0.9808781	1.591181
82146	-987.8413	-1055.295	67.45372	0.8307102	1.206536	1.591181
82152	-996.6296	-1064.057	67.42725	0.8026776	1.10434	1.696236
82158	-998.2168	-1065.873	67.65631	1.027582	0.7828312	1.613015
82164	-998.2122	-1065.78	67.56746	0.8068139	0.8301113	1.792964
82170	-987.5835	-1055.147	67.56355	0.8188642	0.8301113	1.787317
82176	-991.9953	-1059.029	67.03395	0.780469	0.9646319	2.072273
82182	-995.236	-1062.29	67.05359	0.6303121	1.548701	1.825564
82188	-998.6592	-1066.188	67.52912	0.9177712	1.018729	1.599265
82194	-998.2867	-1065.929	67.64257	0.84165	0.9813944	1.599265
82200	-992.6049	-1060.08	67.47468	0.8355308	0.8657568	1.809403
82206	-1002.559	-1070.119	67.55991	1.130347	0.4947872	1.891719
82212	-1000.3	-1068.812	68.51245	1.405508	0.3908859	1.100794
82218	-995.6471	-1063.475	67.828	1.268218	0.8913512	1.194799
82224	-996.8697	-1065.301	68.43107	1.197138	0.6555741	0.9656143
82230	-999.5394	-1067.496	67.95653	1.494573	1.010224	0.655136
82236	-1003.62	-1071.44	67.81981	1.473215	1.010224	0.8839603
82242	-997.2353	-1065.666	68.43063	1.687429	0.5025609	0.5819832
82248	-996.5798	-1064.726	68.14598	1.590412	0.784409	0.5139714
82254	-1001.003	-1069.129	68.12665	1.519291	0.8335644	0.6403375
82260	-1002.505	-1070.529	68.02401	1.621925	0.8335644	0.6403375
82266	-1003.808	-1071.407	67.59954	1.574156	1.366256	0.5422499
82272	-1004.435	-1072.431	67.99629	1.517243	0.9588818	0.6316145
82278	-995.7833	-1063.768	67.98422	1.534198	0.9588818	0.6194501
82284	-995.1093	-1063.429	68.31995	1.527005	0.6439259	0.7116443
82290	-992.7572	-1060.537	67.77941	1.383351	1.318679	0.6797094
82296	-992.0875	-1060.327	68.23909	1.757233	0.5856683	0.5473591
82302	-987.4517	-1055.017	67.56507	1.834952	1.088176	0.4160429
82308	-996.7257	-1064.672	67.94665	1.524649	1.024734	0.4492974
82314	-988.6681	-1056.579	67.91047	1.725823	0.8702346	0.4722028
82320	-992.8305	-1060.608	67.77706	1.707454	1.016775	0.4915718
82326	-994.1126	-1062.036	67.92293	1.707454	0.8760292	0.4768878
82332	-999.5357	-1067.639	68.10374	1.597044	0.8004539	0.5977098
82338	-996.7715	-1064.915	68.14359	1.273717	0.9448326	0.8136243
82344	-991.1275	-1059.501	68.37394	1.735191	0.5147247	0.4760354
82350	-1001.017	-1068.867	67.85073	1.644171	1.005251	0.4760354
82356	-1009.854	-1078.094	68.24001	1.547213	0.7351861	0.5736987
82362	-1013.036	-1081.036	68.00015	1.780103	0.7482819	0.4838046
82368	-1010.346	-1078.277	67.93126	1.825913	0.7482819	0.3990569
82374	-1002.681	-1069.875	67.19408	1.825913	1.468087	0.3267221
82380	-997.7408	-1065.974	68.23291	1.469764	0.7002273	0.8120256
82386	-1003.077	-1071.369	68.29164	1.392256	0.7002273	0.8359078
82392	-998.4359	-1066.699	68.26316	1.392256	0.6656757	0.9221044
82398	-1000.409	-1068.413	68.00423	1.31392	0.9389355	0.9367457
82404	-1000.487	-1068.454	67.96693	1.330053	1.058825	0.8218729
82410	-995.7299	-1063.688	67.95834	1.456331	0.9662676	0.7876069
82416	-1001.642	-1070.078	68.4362	1.456331	0.6203518	0.6897278
82422	-996.1664	-1063.846	67.67957	1.490642	1.312549	0.6749983
82428	-1000.85	-1068.543	67.69327	1.517405	1.263536	0.6749983
82434	-995.1328	-1063.029	67.896	1.648792	0.9572101	0.5035265
82440	-1001.961	-1069.497	67.53682	1.648792	1.351567	0.461624
82446	-999.7676	-1067.562	67.79402	1.701644	1.002556	0.461624
82452	-992.7017	-1060.325	67.62346	1.471298	1.399796	0.6866826
82458	-993.7162	-1061.625	67.909	1.422023	1.109714	0.7022856
82464	-997.3516	-1065.43	68.07828	1.531399	0.8913602	0.5516544
82470	-999.0625	-1067.444	68.38112	1.438379	0.584681	0.8657453
82476	-999.9556	-1067.657	67.70103	1.056751	1.213617	1.217665
82482	-992.8278	-1060.758	67.93053	1.107651	0.9694402	1.173672
82488	-993.2388	-1061.05	67.81066	1.077331	0.9694402	1.299802
82494	-996.8599	-1064.15	67.29011	1.02329	1.667018	1.299802
82500	-994.0467	-1061.525	67.47786	1.06857	1.395971	1.269632
82506	-989.0177	-1056.705	67.68744	0.9699826	0.913208	1.524106
82512	-994.5352	-1062.294	67.75925	0.8062408	0.9298798	1.578858
82518	-994.7902	-1062.107	67.31698	0.6922059	1.283055	1.741512
82524	-993.4604	-1060.777	67.31703	0.7006749	1.16543	1.805905
82530	-1000.024	-1067.509	67.48488	0.6727275	0.6679403	2.075013
82536	-994.6428	-1061.434	66.79124	0.7715376	0.8258	2.332792
82542	-995.8326	-1062.705	66.87265	0.7419006	0.7817894	2.332792
82548	-988.4689	-1056.105	67.6363	0.7703414	0.9622817	1.669228
82554	-986.1052	-1053.259	67.15364	0.7013775	0.7984659	2.165395
82560	-987.3576	-1054.614	67.25613	0.5363537	0.7529097	2.241422
82566	-988.0256	-1055.294	67.26857	0.7794172	0.7529097	2.075124
82572	-1001.67	-1069.616	67.94601	1.038101	0.7032592	1.464051
82578	-1010.723	-1077.935	67.21176	0.7058035	1.672221	1.599795
82584	-1002.828	-1070.012	67.18328	0.613555	1.170797	1.953144
82590	-996.5291	-1064.103	67.57369	0.7395471	0.8930218	1.786527
82596	-997.7638	-1064.702	66.93814	0.8404721	1.496005	1.786527
82602	-999.2624	-1066.341	67.07908	0.6274709	0.9793124	2.133195
82608	-991.7608	-1059.114	67.35274	0.6264178	0.967058	1.96108
82614	-1001.841	-1069.181	67.34022	0.6594891	1.210373	1.791033
82620	-1005.976	-1073.399	67.42229	0.8022407	0.8891384	1.850616
82626	-1012.956	-1080.766	67.81007	1.072711	0.9379641	1.330323
82632	-1010.584	-1078.175	67.59011	0.8715235	0.8505263	1.71562
82638	-1010.366	-1077.83	67.46464	0.9298859	0.9511114	1.686083
82644	-998.9485	-1066.596	67.6474	0.6961322	1.04653	1.654285
82650	-999.8033	-1067.586	67.78278	0.7046152	1.04653	1.5497
82656	-997.5826	-1065.505	67.92265	1.053773	1.089204	1.124528
82662	-1001.298	-1068.6	67.30235	0.9098283	1.121972	1.697294
82668	-996.1753	-1063.84	67.66494	0.803402	1.120482	1.512141
82674	-1001.642	-1069.429	67.78757	1.037085	0.9639677	1.355112
82680	-1004.772	-1072.076	67.30373	0.6323954	1.169602	1.859448
82686	-1002.304	-1069.75	67.44547	0.6982662	1.169602	1.715294
82692	-998.3093	-1065.421	67.11211	0.4688629	1.169602	2.097181
82698	-998.1817	-1065.404	67.22217	0.5194337	0.8504675	2.200006
82704	-995.3632	-1062.804	67.44048	0.6744603	0.9104143	1.909587
82710	-999.124	-1067.404	68.28023	1.034384	0.6549096	1.253217
82716	-998.223	-1065.771	67.54849	1.158586	1.296873	1.201124
82722	-1008.756	-1076.23	67.47451	0.9958863	1.296873	1.393884
82728	-1019.243	-1086.301	67.05781	1.036075	1.29369	1.675436
82734	-1013.757	-1081.237	67.48032	2.04189	0.8150276	0.2575885
82740	-1008.645	-1076.307	67.66205	1.349042	0.9482936	1.21573
82746	-1003.235	-1071.232	67.99752	1.238122	0.9080555	1.052774
82752	-1010.175	-1077.857	67.68165	1.227048	1.136226	1.146261
82758	-1007.155	-1073.586	66.43146	0.9867847	0.9883543	2.313297
82764	-998.3744	-1066.064	67.68966	0.9468961	0.7772506	1.651969
82770	-992.7049	-1060.547	67.84164	0.9809356	0.8452115	1.456165
82776	-990.2884	-1057.525	67.2368	0.6939884	0.9112006	2.032409
82782	-987.9197	-1055.085	67.16557	0.5903873	1.33195	1.888762
82788	-992.2947	-1059.415	67.12039	0.5884902	0.8414399	2.227745
82794	-993.6122	-1061.042	67.42975	0.9062887	1.134186	1.600393
82800	-990.7488	-1058.633	67.88413	0.6928809	0.7723161	1.69866
82806	-994.7373	-1062.203	67.46577	0.598803	1.299648	1.692803
82812	-1003.884	-1071.746	67.86179	0.7845929	0.723048	1.692803
82818	-1008.55	-1075.644	67.09461	0.6365328	1.127164	2.023272
82824	-995.7368	-1062.967	67.22975	0.6226916	0.9455067	2.060251
82830	-992.4006	-1059.677	67.27677	0.920409	0.9455067	1.828105
82836	-992.9743	-1060.996	68.0212	1.193767	0.7925413	1.18932
82842	-992.636	-1060.477	67.84059	1.32628	0.8337763	1.18932
82848	-991.7467	-1059.034	67.28701	1.23791	1.682715	1.109685
82854	-993.4308	-1061.567	68.13588	1.17736	1.028292	0.8386144
82860	-1003.431	-1071.218	67.78671	1.229962	1.341774	0.8625926
82866	-1002.495	-1070.117	67.62157	1.383812	1.318614	0.897281
82872	-995.6861	-1063.79	68.10385	1.146103	0.9113408	1.035658
82878	-993.8354	-1061.95	68.11447	1.053611	0.6750761	1.350102
82884	-995.3708	-1063.66	68.28959	1.363217	0.5981566	1.022314
82890	-998.0237	-1065.536	67.51257	1.386224	1.216659	1.090865
82896	-999.0797	-1066.948	67.86842	1.364378	1.194593	0.738166
82902	-998.5076	-1066.288	67.78066	1.45878	1.195759	0.7260766
82908	-989.7388	-1057.285	67.54605	0.847757	1.050652	1.615207
82914	-988.2754	-1055.921	67.64545	0.9224104	0.834011	1.653423
82920	-1002.227	-1069.489	67.26223	1.070051	1.396278	1.439308
82926	-992.4139	-1060.349	67.93529	1.164804	0.883643	1.198699
82932	-1007.348	-1075.28	67.93221	1.19486	1.070164	0.9990122
82938	-1007.344	-1075.288	67.9445	1.365148	1.118225	0.7248971
82944	-997.6616	-1065.582	67.91995	1.365148	1.071046	0.8221667
82950	-1001.396	-1069.36	67.96468	1.254213	1.071046	0.9011165
82956	-1000.539	-1068.357	67.81832	1.447565	1.055084	0.8645053
82962	-1006.296	-1073.934	67.63875	1.302652	1.381248	0.9130213
82968	-1005.77	-1074.211	68.4403	1.334303	0.5870601	0.9130213
82974	-1001.424	-1069.014	67.59006	0.9652738	1.32989	1.305066
82980	-994.8793	-1062.418	67.53858	0.9712323	0.9580194	1.598052
82986	-990.1119	-1057.323	67.21153	0.7866361	1.106673	1.856061
82992	-1001.3	-1068.576	67.27621	0.6199009	1.184929	1.877513
82998	-992.9702	-1060.832	67.86142	0.7661872	0.8870044	1.567095
83004	-992.897	-1060.834	67.93673	0.8288304	0.7673431	1.567095
83010	-997.8298	-1065.418	67.58785	0.8288304	1.255875	1.461446
83016	-992.0884	-1059.461	67.3724	1.018849	1.312689	1.445004
83022	-988.7246	-1056.567	67.84238	1.329043	1.114276	0.9089634
83028	-988.4469	-1056.496	68.04891	1.386972	0.8329279	0.9350103
83034	-990.5558	-1058.706	68.1499	1.293798	0.8474719	0.9083693
83040	-997.9855	-1065.82	67.8341	1.220085	1.247725	0.9083693
83046	-997.5742	-1065.811	68.23629	1.164031	0.7851496	1.028319
83052	-995.3649	-1063.409	68.04382	1.213655	0.8176857	1.125896
83058	-993.2264	-1061.407	68.18055	1.212169	0.8551181	0.9541219
83064	-995.565	-1063.528	67.96254	1.176405	0.8551181	1.192525
83070	-990.9907	-1058.276	67.28552	0.9078073	1.084935	1.73486
83076	-995.9114	-1063.413	67.50112	1.017918	1.075824	1.505351
83082	-997.5238	-1065.28	67.75637	0.7884747	0.6585278	1.823031
83088	-1003.531	-1070.175	66.6435	0.5426408	1.330601	2.265046
83094	-996.4465	-1063.703	67.25608	0.5162525	0.7669856	2.243287
83100	-993.4658	-1059.981	66.51553	0.4693974	1.667923	2.23467
83106	-989.132	-1055.967	66.83536	0.4849393	1.22981	2.232552
83112	-996.9844	-1064.029	67.04448	0.4948709	1.22981	2.090051
83118	-992.6221	-1059.753	67.13063	0.4534804	0.9945559	2.202762
83124	-995.8739	-1062.705	66.83076	0.5608529	1.135525	2.240139
83130	-1000.428	-1067.342	66.91447	0.4771464	1.135525	2.240139
83136	-1002.156	-1068.464	66.30836	0.4750752	1.132984	2.624575
83142	-1000.695	-1067.885	67.18978	0.4071477	1.233723	2.049887
83148	-1006.691	-1074.361	67.6696	0.4187547	0.7511791	2.049887
83154	-1000.004	-1067.501	67.49769	0.6871294	0.9264764	1.850326
83160	-1004.097	-1071.882	67.78486	0.6441556	0.8384625	1.748164
83166	-998.3013	-1065.256	66.95514	0.7104902	0.866324	2.237581
83172	-994.1462	-1061.383	67.23637	0.2482038	0.8533553	2.362531
83178	-996.5342	-1063.205	66.67084	0.2246073	1.10464	2.571345
83184	-989.7123	-1056.468	66.75602	0.1813907	1.18752	2.49862
83190	-989.0227	-1055.973	66.95049	0.1184821	1.044731	2.49862
83196	-993.4971	-1059.779	66.28216	0.08247056	0.8716131	3.038056
83202	-991.8443	-1058.066	66.2221	0.05011482	1.053903	2.980801
83208	-993.5049	-1059.768	66.26329	0.08405254	0.9779016	2.980801
83214	-993.3807	-1059.563	66.18215	0.1373811	1.035564	2.963025
83220	-990.597	-1057.574	66.97695	0.1608618	1.035564	2.461082
83226	-984.4084	-1050.926	66.51769	0.1649652	1.035564	2.742858
83232	-987.666	-1054.911	67.24515	0.1341993	0.8946034	2.40026
83238	-995.8786	-1061.993	66.11448	0.1864468	0.8946034	3.061064
83244	-991.4647	-1058.025	66.56002	0.3172937	0.9265924	2.691358
83250	-994.7678	-1061.65	66.88219	0.2149294	0.9265924	2.55557
83256	-993.0433	-1059.694	66.6506	0.1241262	0.9265924	2.754189
83262	-991.0885	-1057.498	66.40943	0.2576613	0.9265924	2.819776
83268	-998.9035	-1065.141	66.23762	0.3716757	0.9823955	2.819776
83274	-995.0357	-1061.547	66.51141	0.09114199	0.9732459	2.829528
83280	-997.889	-1064.305	66.41596	0.1236939	1.240346	2.71648
83286	-988.5088	-1055.165	66.65668	0.09473774	1.008623	2.716992
83292	-992.1032	-1058.895	66.79213	0.1493746	1.084704	2.554307
83298	-992.8342	-1059.416	66.58175	0.0920442	1.398996	2.554307
83304	-991.6808	-1058.719	67.03798	0.1256018	0.9019552	2.5306
83310	-986.4982	-1053.223	66.72503	0.06261756	1.303801	2.5306
83316	-992.943	-1060.073	67.13001	0.1023919	0.8398957	2.5306
83322	-991.9125	-1058.846	66.93362	0.295858	0.8398957	2.532422
83328	-998.1857	-1065.472	67.28644	0.1099401	0.6833329	2.548032
83334	-1006.748	-1074.013	67.26497	0.121422	0.9460049	2.361181
83340	-1000.725	-1067.965	67.24045	0.07950509	0.9460049	2.403227
83346	-1004.415	-1070.48	66.06499	0.07164777	1.450488	2.859676
83352	-1003.601	-1070.61	67.00893	0.02627776	1.450488	2.301903
83358	-1012.564	-1078.95	66.38638	0.02475183	1.450488	2.692266
83364	-1007.675	-1074.028	66.35309	0.03429894	1.150376	2.857189
83370	-1000.895	-1068.082	67.18693	0.04488344	1.12045	2.351095
83376	-1003.196	-1069.457	66.26153	0.07371183	1.484423	2.723265
83382	-998.2589	-1065.215	66.95645	0.1084898	1.22577	2.397633
83388	-991.1847	-1057.938	66.75344	0.09115081	0.9417307	2.70167
83394	-998.8292	-1065.545	66.71543	0.2645359	1.088595	2.528091
83400	-989.4794	-1056.853	67.37404	0.7782291	1.127572	1.735944
83406	-991.8467	-1058.854	67.0071	0.753755	1.351958	1.874524
83412	-991.8454	-1058.916	67.07102	0.6654358	1.119783	2.024237
83418	-1004.921	-1072.127	67.2062	0.7973573	1.239644	1.770907
83424	-1003.396	-1070.874	67.47853	0.6682853	1.145956	1.728039
83430	-1001.11	-1068.805	67.69476	0.5847479	1.005885	1.728039
83436	-1005.211	-1072.479	67.26735	0.4169774	1.055932	2.098218
83442	-1002.241	-1069.942	67.70148	0.8040906	1.25323	1.394767
83448	-996.6544	-1063.982	67.32784	0.6767602	1.25323	1.762159
83454	-996.2812	-1063.791	67.51026	0.8316524	1.155091	1.582345
83460	-986.9094	-1054.975	68.06528	1.024638	0.8792826	1.211489
83466	-983.7468	-1051.664	67.91685	1.199879	0.9563845	1.115857
83472	-993.4363	-1060.841	67.40432	1.199879	1.558286	1.115857
83478	-1002.248	-1069.03	66.78223	0.9859933	1.558286	1.762358
83484	-994.3313	-1062.233	67.90203	1.122567	1.262005	0.9276566
83490	-993.0557	-1061.607	68.55142	1.343054	0.5016231	0.9276566
83496	-995.9372	-1064.615	68.67761	1.639134	0.3782134	0.6523012
83502	-992.5196	-1060.819	68.29893	1.508351	0.6970181	0.6523012
83508	-994.3552	-1062.691	68.33628	1.430228	0.6568807	0.803973
83514	-991.3321	-1059.312	67.97983	1.159729	0.928442	1.121626
83520	-992.8262	-1060.516	67.68988	1.128372	1.270878	1.122399
83526	-990.2522	-1058.008	67.75583	1.012411	1.162669	1.246509
83532	-989.7407	-1057.719	67.97812	1.023237	1.094445	1.097397
83538	-993.949	-1061.701	67.75208	1.249276	1.094445	1.097397
83544	-988.3569	-1056.383	68.02568	0.7269795	0.9083851	1.456333
83550	-988.5115	-1056.501	67.9898	1.102355	0.7868964	1.297691
83556	-993.0043	-1060.676	67.67164	1.296367	1.243609	1.002501
83562	-985.1814	-1053.416	68.23481	1.255838	0.7857941	0.9354413
83568	-990.3145	-1058.474	68.15953	1.227551	0.8275146	0.9922026
83574	-992.8109	-1060.849	68.03798	1.057023	0.8734099	1.212676
83580	-994.1989	-1061.257	67.05824	0.5389096	0.9346394	2.234089
83586	-992.2257	-1059.229	67.00339	0.5937628	0.9346394	2.234089
83592	-997.3166	-1064.132	66.81543	0.4743625	1.613229	2.060368
83598	-995.4313	-1063.265	67.83398	0.6000873	0.8617815	1.726138
83604	-995.4896	-1063.212	67.72225	0.6131447	0.9129215	1.756124
83610	-996.2034	-1063.122	66.91896	0.5383905	0.6536004	2.534981
83616	-991.6177	-1058.46	66.84254	0.3181629	0.8748231	2.550844
83622	-993.4409	-1060.085	66.64442	0.3744126	1.010414	2.550844
83628	-994.7066	-1061.042	66.33521	0.533548	1.285973	2.489106
83634	-991.2653	-1058.196	66.93031	0.5825265	1.285973	2.076434
83640	-988.421	-1055.841	67.4204	0.6104902	1.012399	1.895312
83646	-997.968	-1065.03	67.06205	0.7462195	1.012399	2.04451
83652	-998.2355	-1065.218	66.98252	0.7828475	1.012399	2.072841
83658	-1004.948	-1073.193	68.24481	1.263034	0.7444987	0.9703369
83664	-997.0868	-1065.198	68.11083	1.206375	0.765008	1.128551
83670	-996.3893	-1064.149	67.75963	1.021177	1.126202	1.263442
83676	-998.3636	-1066.332	67.96846	0.9762702	0.9699966	1.252687
83682	-996.6771	-1064.715	68.03797	1.184594	1.041396	0.9284488
83688	-995.1949	-1062.765	67.57011	0.638792	1.147293	1.683271
83694	-992.788	-1060.128	67.3398	0.8753656	1.180591	1.657611
83700	-991.0056	-1058.34	67.3344	0.5330222	0.8745135	2.100545
83706	-993.9384	-1061.538	67.60013	0.5973256	0.8745135	1.880088
83712	-983.3894	-1050.727	67.33729	0.5982009	1.209676	1.835783
83718	-984.6077	-1052	67.39187	0.66067	0.9553542	1.919778
83724	-990.1183	-1057.094	66.97531	0.7770502	1.581985	1.761705
83730	-991.8279	-1059.282	67.45441	1.068842	1.581985	1.172832
83736	-997.1905	-1065.483	68.29296	1.131028	0.8917544	0.8748586
83742	-994.7003	-1062.887	68.18693	1.173145	0.8362365	1.009199
83748	-996.1835	-1064.268	68.08491	1.231255	0.8600224	1.02593
83754	-1000.22	-1067.905	67.68555	1.220178	1.359577	0.9692945
83760	-996.4763	-1064.26	67.78361	1.05298	1.085139	1.248731
83766	-992.1067	-1059.907	67.79983	0.7646268	0.9203558	1.586998
83772	-996.0616	-1064.105	68.04379	1.061859	0.9203558	1.159454
83778	-994.5921	-1062.621	68.0288	1.051432	0.8021317	1.292685
83784	-997.353	-1064.785	67.43189	1.066029	1.132015	1.48202
83790	-996.9671	-1064.593	67.62641	1.00794	1.085997	1.410284
83796	-996.2862	-1064.016	67.72949	0.9564095	0.8658767	1.541312
83802	-991.4453	-1059.28	67.83516	0.7699862	0.8154598	1.642031
83808	-988.8314	-1056.162	67.33035	0.8139416	1.05471	1.789148
83814	-987.5672	-1054.842	67.27455	0.7327805	1.05471	1.883261
83820	-993.6751	-1060.511	66.83583	0.4528947	1.135842	2.30591
83826	-992.843	-1059.895	67.05233	0.4286162	0.9386444	2.30591
83832	-988.9065	-1056.04	67.13385	0.5153954	0.9386444	2.197734
83838	-988.3974	-1054.951	66.55366	0.5189191	1.342856	2.331337
83844	-989.3469	-1056.002	66.65537	0.3653492	1.080254	2.507562
83850	-994.2974	-1060.459	66.1612	0.2220721	0.794301	3.079878
83856	-990.7619	-1056.706	65.94408	0.2377254	1.222235	2.943229
83862	-995.206	-1061.919	66.71272	0.6599814	1.245135	2.19027
83868	-990.1476	-1057.084	66.93639	0.8521852	0.7283803	2.263618
83874	-987.8305	-1055.785	67.95463	0.9571222	0.7283803	1.494413
83880	-991.9208	-1059.18	67.25941	0.6107046	1.339239	1.806486
83886	-993.9946	-1061.483	67.48855	0.665047	0.9527024	1.85289
83892	-993.2972	-1061.126	67.82856	0.7989146	0.6695965	1.755304
83898	-1000.262	-1067.54	67.27733	0.7046028	1.212203	1.802253
83904	-999.7327	-1066.806	67.07306	0.617446	0.8441316	2.237615
83910	-1000.321	-1068.218	67.89705	0.8837989	0.9643957	1.389231
83916	-997.9286	-1065.634	67.70584	0.7883603	0.7714225	1.757683
83922	-1003.539	-1070.706	67.1668	0.7631913	0.8136974	2.10477
83928	-995.9503	-1063.495	67.54445	0.7723662	0.8136974	1.845676
83934	-998.2074	-1065.743	67.53602	0.9036185	0.9526983	1.652706
83940	-988.7433	-1056.381	67.63808	0.9664771	1.040975	1.466069
83946	-992.0129	-1058.987	66.97385	0.7965747	1.025901	2.060726
83952	-990.686	-1057.937	67.25148	0.6008237	1.025901	2.00644
83958	-995.2753	-1062.557	67.28132	0.5594496	1.509698	1.73612
83964	-994.5864	-1061.674	67.08775	0.4385736	1.260405	2.081569
83970	-990.579	-1057.404	66.82475	0.7441655	1.260405	2.053479
83976	-995.9501	-1062.683	66.73269	0.6344269	1.086506	2.284934
83982	-999.0706	-1066.699	67.62876	0.4671075	0.7554322	2.041445
83988	-1008.032	-1075.308	67.27577	0.8778842	0.9087099	1.884543
83994	-997.5831	-1065.244	67.66079	0.7676313	0.7729466	1.802139
84000	-999.1537	-1066.761	67.60729	0.695587	0.7729466	1.888252
84006	-1004.064	-1071.109	67.04488	0.6735044	1.009923	2.105338
84012	-1011.083	-1078.128	67.04512	0.8697534	0.8232764	2.107394
84018	-1004.859	-1071.351	66.49178	0.8074307	1.531023	2.092501
84024	-1000.431	-1067.349	66.91765	0.7190279	0.963015	2.189482
84030	-1000.834	-1067.795	66.96067	0.6760093	0.963015	2.189482
84036	-997.226	-1063.857	66.63055	0.7881724	1.2974	2.131984
84042	-1003.643	-1070.67	67.02621	0.7251604	1.60161	1.752784
84048	-997.6497	-1064.807	67.15777	0.7521833	1.448566	1.719368
84054	-993.7233	-1061.309	67.58607	1.064057	0.895039	1.544051
84060	-997.1801	-1064.811	67.63078	0.8987075	0.9002466	1.628031
84066	-1002.223	-1070.189	67.96578	0.9377744	0.9319601	1.318703
84072	-998.8946	-1066.356	67.46166	0.8748991	0.9319601	1.741153
84078	-997.0927	-1064.251	67.15805	0.8390473	1.206798	1.794997
84084	-999.5396	-1066.953	67.41378	0.8390473	1.014983	1.740442
84090	-998.007	-1065.415	67.40791	0.6692178	0.7321196	2.073001
84096	-992.3933	-1059.333	66.93939	0.6640313	0.8130609	2.316308
84102	-985.9063	-1052.659	66.75305	0.5815103	1.24653	2.214181
84108	-984.9529	-1051.867	66.91375	0.4958834	1.273435	2.150838
84114	-988.3096	-1055.115	66.80547	0.5003076	0.8101522	2.50623
84120	-994.3389	-1061.471	67.13164	0.2483452	1.133993	2.24852
84126	-993.9059	-1060.019	66.11363	0.2463516	1.259972	2.816023
84132	-1000.899	-1067.767	66.86819	0.4961564	1.130263	2.260746
84138	-1000.521	-1067.804	67.28292	0.4541299	1.006815	2.095117
84144	-1004.218	-1071.287	67.06878	0.4056838	1.375373	2.054244
84150	-996.9411	-1063.655	66.71433	0.5582126	0.9773941	2.412744
84156	-1002.093	-1069.062	66.96881	0.5554909	0.9773941	2.252508
84162	-1001.947	-1068.465	66.51811	0.5158888	1.557329	2.252508
84168	-995.768	-1062.433	66.66513	0.6987518	1.144914	2.252508
84174	-993.5442	-1060.441	66.89642	0.5490179	1.05725	2.252508
84180	-995.7419	-1063.301	67.55861	0.6640014	0.6986901	2.004986
84186	-997.3298	-1064.876	67.54645	0.887687	0.823293	1.756758
84192	-993.2663	-1061.118	67.85194	0.7539802	0.6842044	1.756758
84198	-989.1735	-1056.604	67.43024	1.060718	1.171834	1.460181
84204	-990.8423	-1058.489	67.64634	0.9780347	0.653128	1.773049
84210	-990.5135	-1057.643	67.12951	0.7202437	1.26909	1.85993
84216	-987.0926	-1054.49	67.3973	0.612493	0.8416368	2.030931
84222	-987.1195	-1054.452	67.332	0.6777947	0.8416368	2.030931
84228	-993.8593	-1060.145	66.28526	0.4495887	1.155006	2.642279
84234	-998.6638	-1064.988	66.32418	0.5677949	0.9734766	2.65237
84240	-996.5387	-1064.075	67.53601	0.6687396	0.8764744	1.873641
84246	-1000.878	-1068.108	67.22979	0.7013584	1.118742	1.894157
84252	-991.2336	-1058.766	67.53213	0.9226254	1.073663	1.554616
84258	-991.149	-1059.054	67.90459	0.9783903	1.040903	1.245284
84264	-993.8081	-1062.184	68.37545	1.229458	0.6266657	1.029184
84270	-991.8292	-1060.068	68.23877	1.138196	0.8212047	1.009587
84276	-994.2443	-1061.804	67.56015	1.054543	0.8709491	1.58949
84282	-993.6148	-1060.963	67.34791	0.9087495	1.052174	1.712208
84288	-991.9881	-1059.978	67.99	1.05036	0.7512497	1.373704
84294	-986.8958	-1054.857	67.96089	1.045342	0.9837508	1.188738
84300	-993.8965	-1061.729	67.83286	1.162694	1.076191	1.118319
84306	-995.8903	-1064.01	68.11991	0.9887444	0.6524404	1.420554
84312	-992.4452	-1060.416	67.97113	0.9630913	0.8264221	1.386606
84318	-993.9993	-1060.943	66.94326	0.8980157	1.11938	1.954475
84324	-995.6675	-1062.675	67.00732	0.839241	1.078912	1.976208
84330	-997.6824	-1064.87	67.18748	0.7967053	1.011504	1.927537
84336	-999.1866	-1066.703	67.51655	0.4833336	0.9447195	1.962679
84342	-1009.543	-1076.108	66.56511	0.474817	0.9322262	2.587376
84348	-995.593	-1062.443	66.85007	0.466146	0.9322262	2.414697
84354	-998.8011	-1065.743	66.94201	0.5330877	0.7974785	2.409308
84360	-1003.332	-1070.995	67.66232	0.3448327	0.7974785	2.066551
84366	-999.4234	-1066.49	67.0664	0.632335	0.8248556	2.246515
84372	-1002.675	-1069.554	66.8789	0.4035	1.221332	2.261602
84378	-1002.972	-1069.834	66.86147	0.4206575	1.270409	2.235054
84384	-994.1928	-1061.08	66.887	0.5134731	0.980243	2.329856
84390	-999.395	-1065.786	66.3908	0.6160536	0.8865867	2.638124
84396	-993.5054	-1060.915	67.4096	0.9614013	0.7123159	1.893329
84402	-993.0461	-1060.45	67.40431	0.7773459	0.6860389	2.043203
84408	-991.95	-1059.876	67.92616	0.929797	0.7409953	1.524286
84414	-986.9232	-1054.252	67.32832	0.7579926	1.124739	1.783819
84420	-990.6478	-1058.257	67.60891	0.9530355	1.044711	1.495503
84426	-987.622	-1055.353	67.73067	0.907585	0.9778181	1.488014
84432	-992.3447	-1060.117	67.7719	0.9856708	0.9778181	1.396686
84438	-992.4933	-1060.509	68.01588	1.062746	0.9175065	1.185656
84444	-997.5571	-1064.705	67.14778	0.950791	1.760472	1.420759
84450	-1000.994	-1068.4	67.40655	0.8271654	1.095651	1.699283
84456	-1001.031	-1068.296	67.26523	0.8281371	1.279713	1.684028
84462	-1007.415	-1075.065	67.65025	0.6863994	1.010999	1.684028
84468	-995.7404	-1063.134	67.39369	0.7362112	1.236252	1.684028
84474	-992.1017	-1059.161	67.05937	0.5753813	1.094347	2.106879
84480	-991.2268	-1058.192	66.9654	0.5798318	1.322083	2.035516
84486	-1000.156	-1067.42	67.26392	0.3548891	1.223433	2.041239
84492	-988.1727	-1054.617	66.4439	0.5444278	1.223433	2.447162
84498	-989.1199	-1055.697	66.57742	0.5891801	1.116095	2.394941
84504	-988.0096	-1054.439	66.42966	0.5213663	1.116095	2.530199
84510	-990.4098	-1056.821	66.41143	0.4538984	1.116095	2.583465
84516	-991.6707	-1058.081	66.41076	0.4545658	1.116095	2.583465
84522	-990.8957	-1057.253	66.35779	0.575299	1.050421	2.579802
84528	-992.714	-1059.381	66.6675	0.6013491	1.146735	2.312304
84534	-990.8363	-1057.386	66.54991	0.6020952	1.024034	2.459253
84540	-995.5208	-1062.815	67.29455	0.4022332	0.8952497	2.196935
84546	-995.4585	-1062.155	66.6969	0.6096126	1.499663	2.10271
84552	-989.8546	-1057.068	67.2135	0.5214444	0.998678	2.101831
84558	-995.3682	-1062.51	67.14133	0.8059923	0.9279274	2.009591
84564	-989.1623	-1056.333	67.17068	0.6305131	0.6828157	2.293305
84570	-994.8895	-1061.814	66.92408	0.6135592	1.062247	2.18993
84576	-997.2483	-1064.421	67.17303	0.5824894	1.03356	2.065619
84582	-996.1048	-1062.899	66.79398	0.445195	0.91242	2.47634
84588	-991.9766	-1059.081	67.1048	0.527137	1.053417	2.134102
84594	-991.9292	-1058.856	66.92731	0.5469034	1.278106	2.106092
84600	-990.1259	-1056.972	66.84567	0.5155606	1.278106	2.179779
84606	-987.4437	-1054.539	67.09482	0.6706251	1.257602	1.923771
84612	-987.5119	-1054.73	67.21817	0.69923	1.281239	1.806468
84618	-990.5303	-1057.115	66.58457	0.7112938	1.281239	2.220391
84624	-988.5036	-1055.486	66.98273	0.4761457	1.095764	2.220391
84630	-992.0196	-1059.046	67.02618	0.6261437	1.068224	2.1115
84636	-996.9018	-1064.66	67.75832	1.127548	0.9274641	1.3367
84642	-991.5794	-1059.395	67.8154	0.9943852	0.9274641	1.396693
84648	-1000.807	-1068.248	67.4407	0.8769376	0.8056227	1.85159
84654	-999.7016	-1067.552	67.8509	0.7770839	0.8056227	1.633865
84660	-993.135	-1060.824	67.68868	0.7527971	0.936108	1.663783
84666	-994.7992	-1061.975	67.17535	0.6941889	1.09058	1.953434
84672	-988.4738	-1056.032	67.55854	0.8315286	0.9856655	1.664025
84678	-988.5931	-1055.923	67.33025	0.8455972	1.018497	1.79171
84684	-1001.807	-1069.18	67.37238	0.8273605	1.018497	1.775109
84690	-996.109	-1063.654	67.54497	0.997235	0.9475376	1.582351
84696	-996.791	-1064.481	67.68971	0.6708176	0.9475376	1.712797
84702	-987.4817	-1054.803	67.32099	0.5804996	0.9493168	2.025152
84708	-992.718	-1059.671	66.95283	0.518548	0.7723756	2.430583
84714	-996.8038	-1063.25	66.44606	0.6716956	1.230969	2.361381
84720	-999.8142	-1066.726	66.91232	0.5567571	1.230969	2.135434
84726	-999.8551	-1066.128	66.27276	0.3572254	1.300376	2.630116
84732	-1003.492	-1069.747	66.25455	0.6014856	1.300376	2.48965
84738	-994.8355	-1061.479	66.64394	0.4533187	1.031298	2.489095
84744	-997.2873	-1064.605	67.31748	0.5773918	1.183218	1.879385
84750	-996.4781	-1062.758	66.28031	0.4340308	1.757904	2.369442
84756	-989.8322	-1057.274	67.4419	0.5089311	0.9244094	2.009738
84762	-994.1519	-1060.994	66.8419	0.4561205	0.9244094	2.431363
84768	-982.2453	-1049.533	67.28781	0.5727221	1.04863	1.986196
84774	-987.877	-1055.105	67.22821	0.7733029	1.174723	1.811386
84780	-992.8782	-1060.043	67.16492	0.664786	1.222432	1.900499
84786	-994.5865	-1061.589	67.00205	0.6724916	1.413515	1.900499
84792	-996.2887	-1063.488	67.19904	0.7577964	1.189268	1.833339
84798	-990.8105	-1058.638	67.82782	0.8935921	0.6411995	1.716548
84804	-995.8955	-1062.907	67.01155	0.611874	0.7445931	2.356038
84810	-989.617	-1057.091	67.47402	0.6072334	1.080529	1.815761
84816	-988.7899	-1055.761	66.9707	0.5464704	1.379201	2.023966
84822	-990.2719	-1057.701	67.42862	0.8171006	0.7167819	1.973956
84828	-987.8088	-1055.276	67.46728	0.8766762	1.245602	1.522661
84834	-993.2856	-1060.861	67.5752	0.8554224	1.146431	1.522661
84840	-992.5759	-1059.987	67.41151	0.9338948	1.113396	1.607422
84846	-1005.077	-1073.035	67.95764	0.8249196	0.9502992	1.399247
84852	-1004.671	-1072.257	67.58614	1.590261	1.333777	0.6242071
84858	-1005.206	-1073.299	68.09267	1.836949	0.5790889	0.3250787
84864	-1002.432	-1070.34	67.90868	1.920622	0.6844527	0.3819948
84870	-1000.919	-1068.845	67.92538	1.871148	0.6962341	0.3574984
84876	-1004.1	-1072.011	67.91121	1.792587	0.7973694	0.4120806
84882	-999.0905	-1067.073	67.98203	1.6715	0.8353531	0.3989927
84888	-1007.623	-1075.536	67.91251	1.809642	0.7951108	0.5312319
84894	-998.9552	-1066.459	67.50348	1.760681	1.255143	0.4595491
84900	-993.1043	-1060.773	67.66834	1.649352	1.175279	0.4090726
84906	-990.933	-1058.567	67.63441	1.698848	1.175992	0.46438
84912	-998.1259	-1066.156	68.0296	1.552246	0.9002724	0.6154505
84918	-1000.809	-1068.739	67.92968	1.663328	0.8961018	0.5964472
84924	-993.5569	-1061.693	68.13574	1.579824	0.7885786	0.5955822
84930	-993.9843	-1062.152	68.16741	1.616748	0.6614141	0.7713774
84936	-1002.692	-1070.719	68.02681	1.679528	0.7816188	0.6414697
84942	-1003.388	-1071.169	67.78087	1.43692	1.040361	0.9346887
84948	-1003.162	-1071.124	67.96216	1.173483	1.127612	0.9346887
84954	-1003.128	-1070.516	67.38798	1.151185	1.747856	1.056411
84960	-1003.923	-1071.735	67.81148	1.230262	0.9920804	1.150384
84966	-1001.113	-1068.33	67.2165	0.7535595	1.468879	1.665899
84972	-999.3269	-1066.378	67.05105	0.9269409	1.205751	1.808847
84978	-999.0046	-1066.669	67.6647	0.9550595	0.6818089	1.749295
84984	-1001.451	-1068.807	67.35627	0.8953566	0.9548623	1.783735
84990	-997.7701	-1064.866	67.09585	0.7526127	1.11716	1.951014
84996	-995.9997	-1062.711	66.71131	0.5530736	0.9054818	2.465207
85002	-990.6371	-1057.006	66.36859	0.4287614	1.421458	2.466358
85008	-990.3459	-1056.92	66.57426	0.3413336	1.27329	2.466358
85014	-996.5449	-1063.05	66.50486	0.2492549	1.430306	2.48921
85020	-998.201	-1064.862	66.66125	0.2595931	1.060421	2.58144
85026	-992.982	-1060.433	67.45106	0.3192964	0.8167957	2.206351
85032	-991.3746	-1058.454	67.07892	0.4208054	0.8256065	2.372966
85038	-989.139	-1055.943	66.8036	0.3439646	0.913079	2.533127
85044	-991.0534	-1057.355	66.30195	0.1877858	1.345605	2.693941
85050	-987.9087	-1054.871	66.96186	0.3738612	1.147088	2.269323
85056	-992.7302	-1060.003	67.27273	0.1982262	1.127746	2.193489
85062	-994.5709	-1061.726	67.15486	0.7454435	1.127746	1.909484
85068	-995.4053	-1063.178	67.7728	0.7497753	0.8599376	1.664838
85074	-994.5869	-1062.198	67.61128	0.8136201	0.8108207	1.773315
85080	-993.4227	-1060.854	67.43144	0.8935929	0.8108207	1.842346
85086	-995.3106	-1062.739	67.42835	0.8514977	0.8018991	1.880392
85092	-994.7218	-1062.377	67.65501	0.7736743	0.803271	1.776843
85098	-996.0626	-1063.139	67.07639	0.5904969	0.9232665	2.196819
85104	-998.9081	-1066.731	67.82317	0.8490947	0.8399061	1.572888
85110	-998.3192	-1065.811	67.4913	0.8467664	0.8399061	1.810267
85116	-1003.594	-1070.626	67.03212	0.8636271	0.5023726	2.402128
85122	-1000.533	-1068.785	68.25228	1.564235	0.5978757	0.8460219
85128	-1003.334	-1071.273	67.93975	1.32647	0.9291693	1.001044
85134	-1006.879	-1074.74	67.86121	1.475937	1.030802	0.8049461
85140	-1012.027	-1079.256	67.22855	0.7127155	0.934999	2.008661
85146	-1000.73	-1068.012	67.28256	0.7807368	0.934999	1.926851
85152	-992.9338	-1060.206	67.27254	0.6008053	1.332506	1.807988
85158	-992.9818	-1060.526	67.54444	0.7712391	1.004111	1.70376
85164	-996.1606	-1063.476	67.31567	0.5021396	1.30741	1.860142
85170	-991.3298	-1058.767	67.43734	0.6231985	1.034746	1.860142
85176	-996.4264	-1063.222	66.79536	0.6925196	1.360648	2.053052
85182	-993.8142	-1060.498	66.68405	0.6188212	1.074853	2.332951
85188	-998.1441	-1065.263	67.11926	0.6706124	1.074853	2.016584
85194	-998.0264	-1065.329	67.30273	0.5241636	1.148578	1.946288
85200	-996.9054	-1064.757	67.85195	0.8525862	1.152535	1.30634
85206	-1001.997	-1069.329	67.33218	0.8668786	0.9130892	1.850332
85212	-999.7941	-1067.184	67.38978	0.7412696	0.9783017	1.850332
85218	-1000.825	-1069.098	68.27342	0.7347461	0.8307782	1.324049
85224	-997.5694	-1065.276	67.70648	1.082255	1.245712	1.167379
85230	-1010.363	-1077.846	67.48274	1.058277	1.781888	1.033514
85236	-1000.69	-1068.691	68.00141	1.038437	1.046896	1.103517
85242	-1003.94	-1071.995	68.05516	1.126581	1.058334	0.9545711
85248	-1002.558	-1070.605	68.04626	1.126581	1.027072	0.9948152
85254	-1004.804	-1072.833	68.02879	1.196058	0.9750259	0.9948152
85260	-999.9915	-1067.829	67.83777	1.296293	1.067213	0.9948152
85266	-1004.402	-1071.816	67.41371	1.194999	1.067213	1.443696
85272	-996.1113	-1063.839	67.72819	0.8335801	0.8726929	1.62649
85278	-998.9191	-1066.968	68.04879	0.9257399	0.8381667	1.344188
85284	-995.9708	-1063.496	67.52484	1.037533	0.9465541	1.568327
85290	-994.2449	-1061.969	67.72421	0.864342	0.92168	1.568327
85296	-1003.642	-1070.767	67.12575	0.8283584	0.9209657	2.009989
85302	-989.2417	-1056.145	66.90366	0.7755806	1.114814	2.06513
85308	-993.1603	-1060.214	67.05338	0.8227194	1.114814	1.933865
85314	-993.9989	-1061.034	67.03518	0.6557818	1.040673	2.103531
85320	-993.7159	-1061.064	67.34761	0.7888128	1.040673	1.803992
85326	-995.3453	-1063.303	67.95727	0.9193696	0.8758924	1.388011
85332	-1002.227	-1069.505	67.27814	0.9489921	0.7806446	1.933258
85338	-996.7905	-1064.154	67.3637	0.9544478	0.7493017	1.897541
85344	-992.4665	-1059.008	66.54134	0.582403	1.330186	2.3052
85350	-991.2525	-1058.92	67.66727	0.5242319	1.041466	1.765199
85356	-996.4244	-1063.027	66.60215	0.33015	1.05978	2.57471
85362	-996.3927	-1063.102	66.70925	0.5493472	0.9343841	2.449529
85368	-999.2027	-1065.654	66.45104	0.437865	0.9343841	2.679188
85374	-999.9143	-1066.346	66.43121	0.2703281	1.099592	2.693937
85380	-998.3979	-1065.162	66.76365	0.1240018	0.9129389	2.693937
85386	-998.195	-1065.303	67.10843	0.08181384	1.214938	2.324055
85392	-991.1337	-1057.678	66.54425	0.1484757	1.459505	2.513783
85398	-994.0504	-1060.584	66.53396	0.2459068	1.2951	2.53989
85404	-997.8766	-1064.864	66.98766	0.2624262	1.32036	2.229243
85410	-1004.034	-1070.898	66.86336	0.6818381	1.324271	2.034366
85416	-995.2684	-1062.455	67.18669	0.6227257	0.7804735	2.20885
85422	-1002.467	-1069.749	67.28242	0.8510875	1.40426	1.583271
85428	-1001.217	-1068.595	67.37777	0.7745103	1.25178	1.658667
85434	-998.0006	-1065.42	67.41931	0.6848274	0.82144	1.983541
85440	-1005.278	-1072.999	67.72105	1.196348	1.116884	1.15421
85446	-1002.925	-1070.554	67.62814	1.021776	1.029512	1.440002
85452	-1003.106	-1071.094	67.98831	0.8323637	0.8657478	1.440002
85458	-1002.1	-1068.794	66.69418	0.6902467	1.465102	2.068312
85464	-1004.374	-1071.157	66.7835	0.6009197	1.465102	2.068312
85470	-999.1392	-1066.339	67.20007	0.4703477	1.133139	2.059877
85476	-1001.917	-1068.757	66.84017	0.6953931	1.710017	1.851106
85482	-1003.203	-1070.802	67.59911	0.934326	1.262994	1.36649
85488	-1009.361	-1077.339	67.97785	0.9383181	0.7841537	1.439005
85494	-1004.126	-1071.989	67.86358	0.5413934	0.8006675	1.795442
85500	-1002.38	-1070.031	67.65133	1.049584	1.117197	1.335106
85506	-1004.423	-1072.167	67.7439	0.9990527	1.000842	1.389988
85512	-1004.469	-1072.097	67.62768	1.057101	1.109986	1.353243
85518	-994.9734	-1062.439	67.46564	0.9618395	1.109986	1.549661
85524	-997.5927	-1064.721	67.1279	0.6695183	0.6997987	2.281448
85530	-995.4206	-1062.664	67.24329	0.7977497	1.218347	1.757465
85536	-999.1197	-1066.399	67.27951	0.5607202	1.439104	1.773232
85542	-1013.188	-1080.767	67.57904	1.309932	1.091048	1.199774
85548	-1009.718	-1077.33	67.61229	1.164206	1.091048	1.293695
85554	-1009.67	-1077.138	67.46718	1.093055	1.062656	1.483809
85560	-1012.28	-1079.469	67.18843	0.7258832	1.363583	1.762329
85566	-1003.905	-1070.733	66.828	0.6142774	0.9614606	2.315456
85572	-1008.738	-1076.513	67.77552	0.9304142	0.6646871	1.704782
85578	-1009.362	-1077.403	68.04143	1.052475	0.6900481	1.392854
85584	-995.2378	-1062.967	67.72895	0.9826994	0.9616999	1.444844
85590	-1001.918	-1069.382	67.46496	1.024854	1.556117	1.217346
85596	-996.5417	-1063.795	67.25311	0.8601896	1.219101	1.706212
85602	-998.8044	-1066.406	67.60142	0.8939265	0.7121994	1.808239
85608	-997.2983	-1064.529	67.23057	0.8735163	0.8606437	1.953677
85614	-994.7638	-1062.157	67.39333	0.6423526	1.262902	1.734699
85620	-999.3487	-1067.597	68.24851	1.021394	0.8421886	1.088896
85626	-1000.8	-1068.682	67.88202	1.043867	1.275569	1.01763
85632	-999.4586	-1067.541	68.08255	1.420744	0.9526704	0.6677974
85638	-999.8842	-1067.494	67.60978	1.541771	1.099832	0.9450636
85644	-996.3023	-1064.218	67.91559	1.72724	0.8432472	0.6211871
85650	-997.0003	-1065.203	68.20307	1.719787	0.621632	0.6218797
85656	-1000.311	-1068.646	68.33504	1.792226	0.4520414	0.7419611
85662	-1007.148	-1075.843	68.69529	1.792226	0.286019	0.7105369
85668	-1000.952	-1068.538	67.58658	1.201962	1.235888	1.174822
85674	-998.2726	-1065.833	67.56051	1.15328	1.545771	1.021226
85680	-996.0948	-1064.219	68.12392	1.268429	0.8749814	0.9309494
85686	-998.7208	-1066.527	67.8066	1.179902	1.059237	1.14092
85692	-1009.733	-1077.703	67.96972	1.246632	0.8388328	1.14092
85698	-1000.74	-1068.37	67.63053	1.163498	1.227873	1.176009
85704	-994.0884	-1061.893	67.80453	1.203239	1.227873	0.9758577
85710	-997.8475	-1065.376	67.52886	1.219959	1.236494	1.208597
85716	-994.4156	-1062.024	67.60876	1.009382	1.236494	1.316817
85722	-999.1165	-1067.065	67.94844	1.311561	1.006426	0.9251099
85728	-997.2923	-1065.194	67.9014	1.168752	1.006426	1.112064
85734	-994.8907	-1062.498	67.60698	0.9912497	0.9302869	1.554506
85740	-1000.687	-1068.096	67.4093	0.8892127	1.248498	1.554506
85746	-1009.098	-1077.018	67.92001	0.6298039	0.9376276	1.58436
85752	-1001.31	-1068.89	67.57989	0.7883381	0.9749655	1.687335
85758	-1003.062	-1070.875	67.81321	0.9012243	0.7928361	1.582096
85764	-998.9421	-1066.424	67.48225	0.7364358	0.9436383	1.81463
85770	-1001.318	-1068.487	67.16845	0.6693573	1.071976	1.986456
85776	-1008.015	-1074.941	66.9255	0.9382558	1.645711	1.651649
85782	-1007.41	-1074.592	67.1821	0.7699111	1.062374	1.915819
85788	-1005.488	-1072.297	66.80918	0.6523983	1.312499	2.095837
85794	-1006.599	-1074.526	67.92688	0.8356643	1.053119	1.334017
85800	-1006.238	-1074.266	68.02852	1.145808	0.6596035	1.36166
85806	-997.7715	-1065.904	68.132	1.033793	0.6596035	1.368397
85812	-997.0876	-1064.753	67.66534	0.9150601	0.8811003	1.606289
85818	-996.5952	-1064.128	67.53244	0.9069292	1.067248	1.570412
85824	-1004.74	-1072.481	67.7409	0.9069732	0.864557	1.570412
85830	-1001.038	-1068.581	67.54239	0.8159965	1.373997	1.432625
85836	-1002.153	-1069.265	67.11232	0.6955291	1.483425	1.772651
85842	-996.6521	-1064.303	67.6505	0.7667554	0.8945045	1.712572
85848	-997.2339	-1064.527	67.29344	0.5684141	1.153779	1.919554
85854	-999.6267	-1066.695	67.06782	0.3696936	0.8283223	2.410315
85860	-1003.576	-1070.099	66.52275	0.3208331	1.073622	2.621476
85866	-1010.289	-1076.78	66.49094	0.2784643	1.078585	2.664327
85872	-1006.419	-1073.699	67.27987	0.4678834	1.071724	2.046483
85878	-1002.096	-1069.593	67.49639	0.653662	0.8800715	1.908125
85884	-1001.056	-1068.15	67.09339	0.6419588	0.8366018	2.214223
85890	-1007.935	-1074.944	67.00836	0.3972256	0.9692522	2.33373
85896	-1001.5	-1068.319	66.81831	0.4732349	0.9692522	2.405997
85902	-1004.054	-1071.082	67.02749	0.3746611	1.155728	2.221596
85908	-1004.682	-1071.844	67.16172	0.294149	1.190892	2.16663
85914	-1008.146	-1074.687	66.54039	0.174813	1.623202	2.425859
85920	-1013.331	-1080.321	66.99002	0.1485918	1.2319	2.347634
85926	-1007.441	-1075.098	67.65746	0.3891738	0.9134602	1.953465
85932	-998.9561	-1066.277	67.32117	0.6502407	1.180016	1.828917
85938	-999.3956	-1066.343	66.94747	0.6833637	1.617119	1.828917
85944	-1011.359	-1078.293	66.93428	0.3765081	1.276962	2.213049
85950	-1009.827	-1076.838	67.01122	0.9444294	1.426748	1.698772
85956	-1006.209	-1073.666	67.45703	0.9345972	0.9952683	1.655988
85962	-999.9197	-1067.897	67.97773	1.04119	0.9952683	1.167634
85968	-999.3978	-1067.159	67.7616	1.04119	1.228856	1.167634
85974	-999.9735	-1067.95	67.97635	1.041182	0.9283346	1.227994
85980	-1001.934	-1070.142	68.20746	1.041182	0.6817148	1.277934
85986	-998.3302	-1065.713	67.38306	0.9292906	1.136453	1.616087
85992	-997.9715	-1065.976	68.00435	1.167851	0.7960987	1.222249
85998	-998.8071	-1066.491	67.68365	0.9997675	1.101527	1.360534
86004	-1005.959	-1073.977	68.01796	1.146238	0.9629119	1.06581
86010	-1006.482	-1074.432	67.94981	1.054362	1.172176	1.027897
86016	-999.167	-1066.872	67.70463	0.981212	1.05112	1.39606
86022	-998.0632	-1065.518	67.45509	0.9316686	1.220833	1.50649
86028	-1008.611	-1076.06	67.44845	1.140793	1.348006	1.265432
86034	-998.6871	-1066.986	68.29932	1.226754	0.7724668	0.914339
86040	-997.0238	-1064.747	67.72371	1.181456	1.118341	1.163787
86046	-999.6743	-1067.648	67.97324	1.038534	1.118341	1.067129
86052	-999.8334	-1067.991	68.15776	0.9975082	0.9702557	1.067129
86058	-1001.848	-1069.75	67.90197	1.194888	1.096413	1.004499
86064	-1001.145	-1069.108	67.9626	0.9617454	1.040598	1.210639
86070	-999.5253	-1067.098	67.57295	1.045157	1.102555	1.410877
86076	-996.1369	-1064	67.86278	1.105091	1.102567	1.120986
86082	-997.9383	-1065.878	67.93975	1.378805	0.912026	0.9663625
86088	-1000.296	-1068.396	68.10053	1.175124	1.005968	0.90839
86094	-1003.71	-1071.431	67.72172	1.093271	1.064426	1.282798
86100	-1002.84	-1070.47	67.63062	0.9836829	1.346957	1.24531
86106	-1007.301	-1075.826	68.52484	1.13421	0.5677971	1.059654
86112	-1006.521	-1073.95	67.42858	0.7489226	0.8847247	1.886022
86118	-998.1419	-1065.344	67.20225	0.8389364	1.330114	1.691829
86124	-1000.614	-1068.319	67.70582	1.025819	1.335598	1.152425
86130	-1005.253	-1073.099	67.84534	1.032937	1.200929	1.12202
86136	-1002.23	-1069.98	67.74995	0.9861932	1.062331	1.348019
86142	-997.3883	-1065.145	67.75693	1.041578	1.168594	1.216585
86148	-1003.138	-1071.03	67.89192	0.9383536	0.9679943	1.347379
86154	-1001.456	-1068.679	67.22344	1.058401	1.309392	1.529445
86160	-1005.084	-1073.067	67.98341	1.183062	1.060562	0.9682478
86166	-999.7999	-1067.926	68.12599	1.209133	0.7609907	1.116824
86172	-1000.501	-1068.687	68.18649	1.315301	0.7475301	0.9726933
86178	-1005.343	-1072.997	67.65458	1.221278	1.295252	1.050314
86184	-1014.09	-1082.34	68.24978	0.9476798	0.7918946	1.205011
86190	-1006.788	-1074.548	67.75968	1.16119	0.7671182	1.451141
86196	-1011.282	-1078.898	67.61556	1.128012	0.5379588	1.807344
86202	-1006.629	-1074.617	67.98855	1.01999	0.7796829	1.371471
86208	-1007.121	-1074.965	67.84315	1.07063	0.855232	1.376939
86214	-1010.208	-1077.93	67.72246	1.230876	1.448425	0.8389431
86220	-1009.44	-1077.197	67.75735	1.747967	0.9736073	0.4009644
86226	-999.6063	-1067.123	67.51664	1.937547	0.9736073	0.3316831
86232	-1001.449	-1068.268	66.81884	1.937547	1.809173	0.3020389
86238	-1006.111	-1073.66	67.54939	1.937547	0.871703	0.2740886
86244	-999.2304	-1067.341	68.11067	1.688612	0.733471	0.5006049
86250	-1008.028	-1075.391	67.36358	0.7623451	1.100347	1.771923
86256	-1004.737	-1072.13	67.39246	0.8059065	0.7041818	2.016377
86262	-1007.401	-1074.297	66.89542	0.6479102	1.157994	2.128615
86268	-1005.707	-1072.943	67.23619	0.5969625	1.157994	1.936377
86274	-999.8492	-1067.878	68.02883	1.746226	0.7435369	0.5801633
86280	-1004.756	-1072.524	67.76808	1.152125	0.7523281	1.465437
86286	-1009.207	-1077.501	68.29315	1.180718	0.5769911	1.21285
86292	-1003.808	-1071.533	67.72449	1.239008	1.250594	1.001099
86298	-1002.449	-1070.208	67.7583	1.432665	1.053162	0.9500828
86304	-1009.146	-1076.878	67.73159	1.566389	1.135749	0.7178158
86310	-1008.254	-1076.729	68.47453	1.179177	0.7118973	0.8543934
86316	-1001.214	-1069.285	68.07149	1.258127	0.6876008	1.203585
86322	-998.9685	-1066.822	67.85302	1.036354	0.873835	1.379823
86328	-997.7847	-1065.377	67.59229	1.062797	0.8446964	1.581478
86334	-992.443	-1059.866	67.42276	1.006066	0.8645439	1.727661
86340	-995.9013	-1063.351	67.45009	0.8265023	0.7576013	1.918759
86346	-1009.739	-1077.485	67.74632	0.8833709	1.017537	1.464402
86352	-1001.742	-1070.008	68.26659	0.8903238	0.8029535	1.228322
86358	-1009.044	-1076.86	67.81602	1.220775	1.042178	1.110467
86364	-1003.951	-1071.762	67.81133	1.160296	0.8931452	1.297251
86370	-1002.22	-1069.989	67.76941	0.9942459	1.116659	1.284762
86376	-1000.688	-1068.981	68.29319	1.019264	0.749519	1.149743
86382	-997.5217	-1065.438	67.9166	1.09224	0.749519	1.400029
86388	-996.2592	-1063.935	67.67623	1.012507	1.28323	1.226284
86394	-997.788	-1065.704	67.9159	1.213397	0.9241628	1.134903
86400	-1003.339	-1071.575	68.23664	1.067956	0.6962651	1.215219
86406	-1010.551	-1077.643	67.09203	1.091511	1.983556	1.242104
86412	-999.0953	-1067.213	68.11724	1.269333	0.9545302	0.839759
86418	-1003.223	-1070.805	67.58197	1.187783	1.414763	1.060922
86424	-1003.522	-1070.826	67.30394	1.024287	1.556234	1.349706
86430	-997.3456	-1065.621	68.2749	1.041875	0.6950402	1.206214
86436	-997.3451	-1064.887	67.54232	1.136577	1.247042	1.259848
86442	-1002.761	-1069.833	67.0724	1.211153	1.625308	1.346689
86448	-998.6591	-1066.841	68.1821	1.194604	0.7994773	1.034711
86454	-996.5679	-1064.824	68.25601	1.156638	0.7032916	1.112438
86460	-995.5573	-1063.811	68.25405	1.234182	0.8104955	0.9061313
86466	-1002.836	-1070.84	68.00453	1.655764	0.8323496	0.6076849
86472	-1010.138	-1077.993	67.8548	1.66665	0.9693383	0.5774589
86478	-1007.057	-1074.801	67.74434	1.51472	1.231062	0.6302458
86484	-1005.552	-1073.375	67.82268	1.74305	0.892674	0.6703583
86490	-1005.167	-1072.882	67.71505	1.74305	1.04064	0.4611115
86496	-1004.481	-1072.339	67.8573	1.98322	0.6898323	0.4186466
86502	-1003.374	-1070.309	66.93478	1.898026	1.859121	0.4869593
86508	-1001.984	-1070.169	68.18511	1.898026	0.5313126	0.4828643
86514	-998.716	-1066.52	67.80401	1.660503	1.034225	0.5398274
86520	-1004.233	-1072.149	67.91553	1.660503	0.9216463	0.4470058
86526	-999.6622	-1067.696	68.03371	1.646937	0.787448	0.6799597
86532	-1012.715	-1080.284	67.56875	1.521869	1.367627	0.7360024
86538	-1006.968	-1075.065	68.09672	1.591055	0.7529281	0.7389281
86544	-997.2635	-1065.617	68.35339	1.487583	0.6724207	0.6497668
86550	-998.5738	-1066.742	68.16856	1.504598	0.6724207	0.8922366
86556	-1002.374	-1070.536	68.16228	1.375276	0.8538656	0.7845975
86562	-1003.923	-1071.853	67.93047	1.160095	0.8538656	1.234861
86568	-1010.498	-1078.794	68.29617	1.232606	0.7259885	0.9727217
86574	-1004.069	-1071.604	67.53467	0.9505494	1.110828	1.506169
86580	-1008.923	-1076.798	67.87515	1.11755	1.152165	1.056103
86586	-1002.036	-1069.854	67.81814	1.115801	1.068115	1.179657
86592	-1004.947	-1073.217	68.2692	1.379091	0.6931686	0.8892466
86598	-1000.503	-1068.091	67.58769	1.091799	1.304788	1.219102
86604	-1002.876	-1070.814	67.93818	0.9280471	0.6724646	1.582041
86610	-1004.043	-1071.005	66.96221	0.8996667	0.7211494	2.222354
86616	-1008.399	-1075.478	67.07861	1.032795	1.605777	1.490144
86622	-1000.507	-1068.586	68.07893	1.154609	0.7152678	1.254278
86628	-1004.053	-1072.212	68.15875	1.546279	0.6930736	0.8210339
86634	-1001.425	-1069.449	68.02335	1.553455	0.8744248	0.6873257
86640	-1000.589	-1068.578	67.98927	1.539134	0.8744248	0.7651806
86646	-993.6884	-1061.605	67.91622	1.450047	0.9996685	0.8071416
86652	-992.3407	-1059.893	67.55252	1.450047	1.510885	0.7021731
86658	-994.7415	-1062.751	68.00964	1.360056	0.8446699	0.9899675
86664	-999.8675	-1067.959	68.09135	1.625575	0.7669241	0.6570914
86670	-997.7007	-1065.311	67.61025	1.836195	0.9805124	0.3309768
86676	-1005.928	-1073.75	67.8215	1.954857	0.6932801	0.3309768
86682	-1000.387	-1067.656	67.26926	1.991863	0.9947345	0.2262477
86688	-1000.607	-1068.309	67.70286	1.81229	0.9084183	0.3247299
86694	-1002.223	-1069.965	67.74212	1.785207	0.9084183	0.3366213
86700	-1001.195	-1068.585	67.38985	1.83814	1.176945	0.3028359
86706	-995.646	-1062.956	67.31046	1.736122	1.509901	0.4034103
86712	-997.6495	-1065.513	67.86351	1.736122	0.8679321	0.370399
86718	-1005.632	-1073.02	67.38778	1.79577	1.302246	0.3646541
86724	-999.2128	-1067.117	67.90381	1.79577	0.797074	0.4020771
86730	-997.4192	-1065.394	67.97454	1.809375	0.7301427	0.4075134
86736	-995.442	-1062.881	67.439	1.84015	1.135593	0.3141831
86742	-1000.205	-1068.141	67.93602	1.45973	1.109027	0.4809013
86748	-1002.494	-1070.526	68.03138	1.749463	0.7478719	0.4850929
86754	-996.9943	-1064.913	67.91876	1.504393	1.079811	0.5181458
86760	-992.4659	-1060.235	67.76884	1.191735	1.368477	0.902842
86766	-996.158	-1063.724	67.5658	1.32647	1.368477	0.9759031
86772	-993.6557	-1061.224	67.56848	1.103075	1.368477	1.182105
86778	-992.6074	-1060.42	67.81306	1.077092	0.7589214	1.482046
86784	-994.4118	-1062.216	67.80455	0.9623566	0.7440139	1.58713
86790	-1000.665	-1068.468	67.80337	1.023482	0.9835443	1.33748
86796	-1003.776	-1071.803	68.02703	1.203517	0.6408219	1.33748
86802	-996.9762	-1065.001	68.02475	0.8275972	0.7083149	1.557652
86808	-1000.524	-1068.338	67.81324	1.216176	0.7083149	1.424407
86814	-991.4397	-1059.469	68.02945	0.9742478	0.7284498	1.424407
86820	-992.8763	-1060.415	67.53881	0.9573014	1.258609	1.39861
86826	-990.6537	-1057.935	67.28171	0.9930626	1.54399	1.39861
86832	-996.5755	-1063.428	66.85276	0.8882744	1.54399	1.788399
86838	-996.9358	-1064.556	67.62044	0.8197784	1.180607	1.492673
86844	-1002.926	-1070.312	67.3852	0.8099106	1.434178	1.52091
86850	-995.7138	-1062.747	67.03307	0.8863324	1.138885	1.889647
86856	-996.5468	-1063.655	67.108	0.8674935	0.9804281	1.954384
86862	-994.2286	-1061.422	67.19388	0.5996374	0.9804281	2.075413
86868	-1002.055	-1068.916	66.86048	0.8261414	1.090082	2.075413
86874	-997.5121	-1065.017	67.50532	0.9008264	1.090082	1.578953
86880	-1001.159	-1068.474	67.31512	1.053154	1.301216	1.469619
86886	-1002.147	-1069.932	67.78504	0.7342119	0.8592127	1.667791
86892	-1005.411	-1072.305	66.89379	1.215044	1.983652	1.303587
86898	-1003.297	-1071.509	68.21248	1.015643	0.7572024	1.214613
86904	-1008.856	-1076.683	67.82683	1.256254	0.4883615	1.62456
86910	-1002.178	-1070.005	67.82663	0.8492323	0.9573367	1.475476
86916	-1005.345	-1072.702	67.35702	0.7046015	1.038891	1.85664
86922	-1001.362	-1068.183	66.8209	0.8923237	1.431509	1.864791
86928	-994.4225	-1061.903	67.48052	0.9404153	0.8195865	1.76897
86934	-998.787	-1065.859	67.07238	0.6901962	1.421409	1.836263
86940	-997.3955	-1064.567	67.17138	0.8702099	1.209657	1.762324
86946	-993.3418	-1060.302	66.96041	0.8639661	1.209657	1.911582
86952	-997.4476	-1064.656	67.20848	0.9651207	1.327699	1.598095
86958	-1001.694	-1069.453	67.75874	1.082375	1.100247	1.233113
86964	-1005.534	-1073.395	67.8611	0.8891258	1.136741	1.280728
86970	-1018.792	-1086.968	68.17605	0.8596643	0.8359506	1.296989
86976	-1010.282	-1077.808	67.52657	0.859782	1.400028	1.395283
86982	-1011.048	-1078.275	67.22633	0.9521909	1.170507	1.690104
86988	-1015.04	-1082.137	67.09674	1.064847	1.361867	1.586961
86994	-1009.695	-1076.517	66.82163	0.8900795	0.6868545	2.34693
87000	-1009.963	-1078.097	68.13373	1.29331	0.5953598	1.229512
87006	-1006.593	-1074.203	67.61025	1.314779	1.498971	0.8272894
87012	-1000.777	-1068.756	67.97921	1.384745	0.9517993	0.8704082
87018	-1003.931	-1071.663	67.73185	1.129614	1.422532	0.9643961
87024	-1008.871	-1076.816	67.94573	1.129614	0.5173018	1.595598
87030	-1004.612	-1072.441	67.8294	0.9735045	0.6546269	1.645397
87036	-1001.313	-1068.493	67.17987	1.185081	1.436729	1.390029
87042	-1006.657	-1074.094	67.43655	0.7927325	1.562297	1.423704
87048	-1015.997	-1083.648	67.65015	0.9806563	1.065325	1.428124
87054	-1016.022	-1082.72	66.69827	0.7695335	1.735837	1.885737
87060	-1008.395	-1075.295	66.89974	0.7349545	1.176315	2.057888
87066	-1011.206	-1078.185	66.97884	0.7554454	0.9775148	2.116257
87072	-1005.028	-1072.08	67.05228	0.6603488	1.392716	1.885542
87078	-1012.288	-1079.249	66.96049	1.074042	1.258467	1.738123
87084	-1011.273	-1079.198	67.92492	0.9859751	0.6600033	1.561613
87090	-1008.99	-1076.467	67.47667	1.186753	0.8554696	1.56646
87096	-1010.671	-1078.684	68.01293	1.100445	0.5184251	1.56646
87102	-1006.367	-1073.774	67.40766	1.116017	1.096417	1.487338
87108	-996.5876	-1063.68	67.09282	0.7843504	0.836613	2.122051
87114	-995.5212	-1062.362	66.84121	0.5260891	0.8304991	2.45294
87120	-994.2951	-1061.22	66.92472	0.5815684	0.8381815	2.359661
87126	-993.1849	-1060.805	67.61981	1.064172	1.277949	1.233979
87132	-988.6758	-1056.728	68.0523	1.100504	0.8313227	1.203815
87138	-988.1252	-1056.153	68.02767	1.024354	0.9579045	1.171947
87144	-990.0596	-1058.191	68.13191	0.9764069	0.7601199	1.310853
87150	-991.2409	-1059.383	68.14199	1.019344	0.7638495	1.263775
87156	-993.9727	-1061.023	67.05039	0.8224177	1.158771	1.909114
87162	-1000.319	-1067.817	67.49813	0.7779978	1.158771	1.627728
87168	-985.7897	-1053.474	67.68411	0.8256413	0.9760155	1.584637
87174	-988.9849	-1056.855	67.87024	0.8436048	1.03902	1.38333
87180	-992.806	-1060.053	67.24727	0.8519764	1.004198	1.854256
87186	-995.1201	-1062.181	67.06086	0.799546	1.59231	1.680442
87192	-993.91	-1061.711	67.80116	0.8706526	1.008325	1.439232
87198	-994.9274	-1062.821	67.89409	1.06659	0.9532014	1.253809
87204	-993.9789	-1061.641	67.66222	1.017961	0.7542776	1.64075
87210	-987.2858	-1054.755	67.46965	0.7329365	1.12843	1.699903
87216	-992.6196	-1060.031	67.41149	0.9854669	0.8492405	1.762028
87222	-997.5711	-1064.598	67.02708	0.6556802	1.294201	1.958958
87228	-997.4853	-1064.237	66.75162	0.6235676	1.310616	2.153328
87234	-1001.148	-1068.206	67.05757	0.5318912	0.7699409	2.357821
87240	-990.5212	-1057.329	66.80775	0.4358591	0.9831989	2.427266
87246	-994.7194	-1061.171	66.45203	0.4280537	1.017719	2.632323
87252	-990.8915	-1057.374	66.48273	0.4796249	0.936885	2.632323
87258	-991.592	-1059.423	67.83084	0.6940402	0.6655407	1.830233
87264	-994.8865	-1062.892	68.00519	0.8406341	0.7664726	1.508406
87270	-993.5829	-1061.247	67.66428	0.6619586	0.9040571	1.769166
87276	-994.393	-1061.254	66.86053	0.6919837	1.170318	2.11542
87282	-999.9134	-1066.997	67.08319	0.5116246	1.123413	2.11542
87288	-1002.798	-1069.576	66.77843	0.494758	1.063753	2.358515
87294	-1000.361	-1067.264	66.90256	0.5138814	1.006677	2.302735
87300	-995.2125	-1062.287	67.07462	0.6242146	1.244826	1.975815
87306	-994.5623	-1062.096	67.53373	0.7950671	1.130842	1.607865
87312	-999.6797	-1067.459	67.77925	0.8082143	0.7694366	1.693721
87318	-1003.039	-1070.731	67.69216	1.016543	1.064675	1.367963
87324	-1002.877	-1070.317	67.44022	0.7711941	1.163791	1.670943
87330	-1000.428	-1068.005	67.57785	0.6856012	0.7355504	1.946095
87336	-997.1957	-1064.742	67.54657	0.9427367	1.336546	1.353694
87342	-998.9865	-1066.663	67.67693	1.110188	0.9366748	1.406763
87348	-999.7089	-1067.402	67.69284	0.9427793	1.299276	1.259656
87354	-997.1885	-1065.207	68.0187	1.508075	0.8907706	0.7409033
87360	-993.247	-1061.419	68.1722	1.667201	0.6883554	0.6007758
87366	-994.8422	-1062.69	67.84802	1.490803	1.111872	0.6847314
87372	-998.2553	-1066.02	67.76507	1.490803	1.234858	0.630104
87378	-1000.385	-1068.574	68.18968	1.490803	0.8201281	0.5891165
87384	-1000.805	-1068.416	67.6111	1.482038	1.413829	0.6691383
87390	-993.1941	-1061.691	68.49669	1.347524	0.5908993	0.8242264
87396	-992.197	-1059.844	67.64725	1.610259	1.249242	0.5919686
87402	-998.0317	-1066.274	68.24189	1.525854	0.7340711	0.6345211
87408	-1003.158	-1071.674	68.51546	1.356404	0.6111595	0.7454978
87414	-988.8529	-1056.927	68.07382	1.296107	0.9764407	0.8324852
87420	-993.6926	-1061.657	67.96433	1.352277	1.009455	0.8571484
87426	-1001.004	-1069.095	68.0909	1.391342	0.4705243	1.346178
87432	-995.1486	-1063.001	67.852	0.8293604	1.123372	1.346178
87438	-994.7524	-1062.335	67.58215	0.9070684	1.171453	1.461758
87444	-998.3543	-1065.836	67.4819	0.7416416	0.8145533	1.90857
87450	-999.4505	-1066.996	67.54525	0.6878608	1.01104	1.756983
87456	-1002.689	-1070.491	67.80174	0.9276435	0.5413285	1.813492
87462	-993.748	-1061.596	67.8477	0.7339952	0.862842	1.620001
87468	-994.7547	-1062.757	68.0024	1.001926	0.9842058	1.18999
87474	-997.9579	-1065.671	67.71295	1.217642	1.445863	0.8687245
87480	-1002.629	-1070.603	67.97416	1.694612	0.8289098	0.4163117
87486	-1005.768	-1073.508	67.74024	1.965029	0.7846157	0.3851677
87492	-1011.279	-1079.311	68.03177	0.989187	0.8388192	1.306308
87498	-1015.358	-1082.842	67.48412	0.6755978	0.8946145	1.890779
87504	-1001.776	-1069.623	67.84723	0.9235388	0.8846174	1.462172
87510	-994.3983	-1061.925	67.5269	1.142455	0.8991834	1.526465
87516	-998.7869	-1066.401	67.6143	0.9430358	0.8991834	1.608711
87522	-999.748	-1066.921	67.17282	0.7690525	0.8185524	2.093266
87528	-998.4665	-1065.392	66.92552	0.7299731	1.094343	2.093266
87534	-1005.497	-1072.842	67.34551	1.859393	1.327317	0.5413012
87540	-1004.024	-1072.154	68.13027	1.634428	0.7374778	0.6316109
87546	-999.7722	-1067.91	68.13819	1.520425	0.8037098	0.6851329
87552	-998.9762	-1066.866	67.88975	1.538934	0.9918366	0.728829
87558	-1005.331	-1073.59	68.25858	1.574639	0.6626445	0.6909778
87564	-1001.462	-1069.801	68.3392	1.574639	0.5830242	0.7440808
87570	-1000.794	-1068.528	67.73382	1.556214	1.226385	0.5324237
87576	-999.2516	-1067.123	67.87159	1.615461	1.012696	0.5291627
87582	-1006.283	-1072.87	66.58704	0.4233863	1.378433	2.352946
87588	-1002.294	-1069.015	66.7213	0.5562572	1.254827	2.246399
87594	-1006.795	-1073.951	67.15578	0.8060384	1.254827	1.790991
87600	-995.1265	-1062.487	67.36047	0.8230461	0.9425097	1.83965
87606	-997.416	-1064.994	67.57825	0.6078671	0.9400207	1.83965
87612	-993.2009	-1060.51	67.30896	0.7593826	0.9231675	1.931886
87618	-997.2395	-1064.576	67.3366	0.7317394	0.9231675	1.931886
87624	-998.6036	-1066.084	67.4806	0.6902029	0.8303355	1.931886
87630	-1016.191	-1083.386	67.1948	0.8311406	1.5509	1.582228
87636	-1010.372	-1077.809	67.43675	1.066265	1.631821	1.16018
87642	-1008.817	-1076.111	67.2942	0.9856378	1.044247	1.701223
87648	-1004.151	-1071.727	67.57683	0.9856378	1.079522	1.470008
87654	-1000.286	-1067.145	66.85885	0.5802976	1.413984	2.057764
87660	-998.4216	-1065.137	66.71533	0.4123062	1.191514	2.376754
87666	-998.1312	-1065.474	67.3424	0.6167571	0.8977836	2.023176
87672	-1003.265	-1071.208	67.94266	0.8748735	0.990526	1.339295
87678	-1002.084	-1069.063	66.97909	1.0221	1.582338	1.584006
87684	-1002.666	-1070.471	67.80471	0.8912581	0.8413781	1.554234
87690	-1006.447	-1074.016	67.56844	0.8132079	1.056364	1.620028
87696	-998.9771	-1066.113	67.13624	0.6707384	0.9279178	2.102322
87702	-998.481	-1065.649	67.16828	0.5520758	1.08912	2.053751
87708	-999.8718	-1066.831	66.95875	0.583587	1.483928	1.953894
87714	-1004.447	-1071.835	67.38804	0.3663484	1.042818	2.060425
87720	-1000.989	-1067.779	66.79007	0.6066314	1.545134	2.021386
87726	-999.5019	-1066.601	67.09951	0.5726552	1.033191	2.12061
87732	-1000.738	-1068.493	67.7557	0.5876969	1.033191	1.663653
87738	-993.8911	-1061.279	67.38789	0.6968723	1.191784	1.743009
87744	-992.6315	-1059.854	67.22249	0.7129324	1.127791	1.885619
87750	-994.2016	-1061.232	67.03079	0.5987469	1.088633	2.113797
87756	-989.5998	-1056.979	67.37912	0.7113987	1.075524	1.812627
87762	-994.4487	-1062.168	67.71881	0.8517771	0.9993791	1.522395
87768	-997.2505	-1065.011	67.76047	0.8670288	0.9458704	1.520702
87774	-996.773	-1064.098	67.32492	0.7319561	1.345155	1.67208
87780	-999.3597	-1065.795	66.4351	0.6767	1.274927	2.341623
87786	-994.273	-1061.451	67.17818	0.7649497	0.7613779	2.137054
87792	-989.9489	-1057.51	67.56146	0.7977768	1.181504	1.552376
87798	-989.2638	-1056.583	67.31947	0.7427689	1.029363	1.862574
87804	-991.1929	-1058.26	67.06688	0.4639531	0.922165	2.285135
87810	-995.705	-1062.593	66.88806	0.8163048	1.361197	1.907937
87816	-994.3724	-1061.748	67.37525	0.7411607	0.8095969	1.984543
87822	-990.649	-1057.907	67.25822	0.6910531	0.9620551	1.984543
87828	-992.2039	-1060.053	67.84874	1.062404	0.9620551	1.287115
87834	-991.0597	-1058.312	67.25204	0.8306027	1.17894	1.752408
87840	-990.155	-1057.931	67.776	1.046514	0.9025148	1.407524
87846	-996.9021	-1063.937	67.03538	1.113543	1.461347	1.53999
87852	-999.4207	-1066.683	67.26188	0.8359456	0.9733533	1.876481
87858	-991.4476	-1058.975	67.52725	0.6864351	0.9750641	1.795669
87864	-991.3818	-1058.991	67.60872	0.8462378	0.6696577	1.874325
87870	-1000.43	-1068.302	67.87165	0.8323593	1.023763	1.402629
87876	-995.19	-1062.651	67.46078	0.8323593	1.229529	1.570319
87882	-1001.197	-1068.95	67.75291	0.8591357	0.9861176	1.501383
87888	-997.4102	-1065.212	67.80145	0.8304158	0.6730735	1.748972
87894	-989.7039	-1057.742	68.03763	0.8759526	0.6586865	1.560954
87900	-1002.029	-1069.859	67.83029	0.6689391	0.7318866	1.788201
87906	-992.631	-1060.204	67.57271	0.7821061	0.8633749	1.780328
87912	-993.8871	-1060.736	66.84922	0.8383148	1.604015	1.796057
87918	-995.7374	-1062.928	67.19084	0.5843911	1.353349	1.863958
87924	-1000.87	-1068.291	67.42153	0.8180427	0.7693095	1.934102
87930	-999.4645	-1067.305	67.84025	0.7950494	0.7455599	1.680574
87936	-999.518	-1066.666	67.14813	0.7434153	1.025688	1.980389
87942	-1000.979	-1068.675	67.69542	0.938541	0.7814735	1.650188
87948	-999.1107	-1067.091	67.98017	1.006441	0.7085535	1.456946
87954	-998.9116	-1066.183	67.27119	0.8003971	1.132943	1.788844
87960	-995.5453	-1062.958	67.41295	0.810165	1.125811	1.687037
87966	-997.65	-1064.444	66.79353	0.4812772	0.7435615	2.575522
87972	-993.3261	-1059.801	66.47475	0.4414022	1.11097	2.554849
87978	-991.1912	-1057.971	66.77929	0.5077102	0.7651784	2.551403
87984	-997.5062	-1063.979	66.47277	0.6546117	0.6134739	2.772875
87990	-991.9356	-1058.595	66.6597	0.8007605	1.335238	2.084489
87996	-994.6026	-1061.787	67.18445	0.9065777	0.6793626	2.108719
88002	-991.2123	-1058.793	67.58104	0.7986079	0.762282	1.844675
88008	-990.7556	-1057.864	67.10827	0.6176714	1.449926	1.846536
88014	-997.6137	-1065.171	67.55709	0.4864084	1.273774	1.722812
88020	-989.1892	-1056.256	67.06722	0.5825242	1.273774	1.992372
88026	-1000.392	-1067.033	66.64174	0.4846048	1.273774	2.332982
88032	-992.3996	-1059.385	66.98491	0.4186416	1.267512	2.158016
88038	-998.5294	-1065.287	66.75774	0.5642866	1.093613	2.309491
88044	-996.2576	-1063.451	67.19369	0.7781997	1.236425	1.794813
88050	-992.8062	-1059.975	67.16868	0.7724125	1.272996	1.794813
88056	-994.034	-1061.198	67.16423	0.9622174	1.064823	1.794813
88062	-994.9664	-1061.845	66.87879	0.5636203	1.064823	2.249797
88068	-998.3943	-1065.519	67.12464	0.5665289	0.9414351	2.168648
88074	-1002.137	-1069.166	67.02918	0.6316278	1.128949	2.068737
88080	-1003.115	-1070.301	67.18611	0.8061414	1.302059	1.742417
88086	-997.535	-1065.06	67.52449	0.8833024	0.8645615	1.742417
88092	-993.8489	-1061.261	67.41182	0.8248702	0.6677063	2.02292
88098	-997.5554	-1064.734	67.17889	0.8731629	0.8984341	1.960691
88104	-998.8778	-1066.405	67.52733	0.9886099	0.8984341	1.639203
88110	-995.369	-1063.307	67.93769	0.909987	1.020292	1.291061
88116	-994.8388	-1062.519	67.68007	0.9126429	0.9190674	1.567309
88122	-998.0688	-1065.914	67.84535	0.9968861	0.9190674	1.378296
88128	-999.7208	-1067.578	67.85681	1.047203	0.8398396	1.398186
88134	-999.1344	-1065.937	66.80217	0.854714	1.549882	1.843549
88140	-1000.654	-1067.648	66.99404	0.7170454	1.083818	2.063166
88146	-996.8386	-1063.87	67.03104	0.7575919	1.003754	2.063166
88152	-998.2661	-1065.669	67.40262	0.7892776	1.094623	1.729479
88158	-1002.558	-1068.344	65.78649	0.6077443	1.404841	2.723979
88164	-1002.356	-1069.488	67.13224	0.5710741	1.004035	2.119045
88170	-997.9472	-1065.153	67.20562	0.7237574	1.158625	1.870744
88176	-996.9186	-1064.109	67.19036	0.7345248	1.027327	1.956963
88182	-1000.296	-1066.873	66.57708	0.9249969	1.891338	1.794549
88188	-986.7442	-1054.269	67.52462	0.7428539	0.9248627	1.794549
88194	-987.5745	-1054.819	67.24471	0.9002102	0.8314934	1.948426
88200	-994.2714	-1061.84	67.56847	0.8587726	0.8314934	1.754981
88206	-994.9845	-1062.495	67.51094	0.7566061	0.9951268	1.743995
88212	-1003.716	-1070.575	66.85956	0.7412959	1.452935	1.930071
88218	-996.0468	-1063.418	67.3714	0.6958617	0.9267247	1.930071
88224	-1000.25	-1067.816	67.56628	0.7573144	0.6989818	1.937076
88230	-996.6416	-1064.024	67.38249	0.7550448	0.8528188	1.937076
88236	-994.6532	-1062.713	68.05961	0.6993287	0.7113249	1.622948
88242	-996.3875	-1063.549	67.16156	0.6046201	1.202332	1.955119
88248	-999.8196	-1067.081	67.26144	0.6636133	0.8905895	2.050957
88254	-995.4373	-1062.508	67.07062	0.4317671	0.7996576	2.390441
88260	-994.029	-1060.992	66.96261	0.7200941	0.7111228	2.345274
88266	-992.8236	-1059.764	66.94034	0.5860403	0.8445928	2.342274
88272	-1000.416	-1067.276	66.85968	0.6259341	1.021571	2.248961
88278	-994.7207	-1061.925	67.20444	0.5699004	1.345371	1.868908
88284	-997.6453	-1064.409	66.76325	0.3918043	1.125118	2.397003
88290	-995.0751	-1061.934	66.85889	0.5807541	1.125118	2.215293
88296	-995.7656	-1062.756	66.99073	0.2974089	1.125118	2.312526
88302	-993.9597	-1060.975	67.01516	0.2910103	1.125118	2.30101
88308	-995.978	-1062.602	66.62419	0.3565983	1.52604	2.30101
88314	-995.5975	-1062.436	66.83811	0.4360622	1.270644	2.24005
88320	-993.1718	-1060.206	67.03454	0.3835062	0.9686369	2.326199
88326	-992.3343	-1059.364	67.02921	0.343728	1.013441	2.326199
88332	-993.6534	-1060.109	66.45534	0.4029399	1.050087	2.626295
88338	-994.3953	-1061.706	67.31102	0.6719048	1.056778	1.898502
88344	-994.0742	-1061.267	67.19319	0.6757726	1.180713	1.898502
88350	-1004.419	-1072.033	67.6139	0.558327	0.7357438	2.006992
88356	-993.3917	-1060.777	67.38555	0.5629178	0.9305392	2.006992
88362	-1007.303	-1075.345	68.04155	0.8664182	0.9237521	1.322135
88368	-1016.407	-1083.839	67.43187	1.012144	1.35544	1.377529
88374	-1011.895	-1079.783	67.88741	1.218412	0.4692386	1.631665
88380	-1010.266	-1077.817	67.55082	1.052802	1.471709	1.172413
88386	-1001.504	-1069.217	67.71344	1.22257	1.261839	1.01895
88392	-998.2506	-1066.145	67.89476	1.232698	1.157518	0.9141529
88398	-1000.466	-1068.682	68.21552	1.28716	0.7178135	1.009552
88404	-996.2008	-1064.494	68.29369	1.237329	0.7178135	0.9810737
88410	-993.212	-1061.607	68.39523	1.293001	0.7178135	0.8012005
88416	-991.9551	-1059.711	67.75547	1.239175	1.394524	0.8388757
88422	-990.8834	-1058.673	67.78921	1.107503	1.140167	1.153709
88428	-997.1246	-1065.094	67.96973	1.188712	0.8804358	1.150976
88434	-1003.046	-1070.935	67.88885	1.293979	0.8890491	1.120764
88440	-998.5133	-1066.346	67.83251	1.020667	0.8890491	1.395048
88446	-995.106	-1062.954	67.84793	0.8834159	0.9375364	1.448983
88452	-998.1252	-1065.875	67.75011	1.127606	1.121019	1.185542
88458	-996.701	-1064.985	68.28443	1.034387	0.5837192	1.332354
88464	-999.7586	-1066.72	66.96101	1.090625	1.571481	1.55261
88470	-995.3834	-1062.957	67.57396	1.007281	1.001258	1.513047
88476	-992.3626	-1060.474	68.11101	1.007281	0.7384304	1.324455
88482	-993.4096	-1061.49	68.08088	1.037417	0.7384304	1.324455
88488	-995.269	-1063.529	68.26043	1.138528	0.5376598	1.324455
88494	-996.7859	-1065.134	68.34787	1.112672	0.5376598	1.274399
88500	-988.1322	-1055.63	67.49825	0.7786208	1.144684	1.636322
88506	-994.0674	-1061.263	67.19604	0.4717604	1.076747	2.09605
88512	-1006.984	-1074.852	67.8685	0.5828251	1.076747	1.554995
88518	-992.835	-1060.6	67.76507	0.8001974	0.7945413	1.688089
88524	-994.6657	-1062.817	68.15156	0.8245008	0.7421295	1.43246
88530	-997.9765	-1065.702	67.72556	1.162071	0.729475	1.511448
88536	-996.3593	-1064.362	68.00294	1.144231	0.6418118	1.402062
88542	-994.6299	-1062.071	67.44153	1.006563	1.311298	1.402062
88548	-999.7735	-1067.408	67.63466	1.108219	1.076919	1.331585
88554	-995.1582	-1063.405	68.24668	1.108219	0.6664828	1.206038
88560	-997.0074	-1064.205	67.1979	0.8483603	0.8355926	2.01128
88566	-991.5546	-1058.849	67.29443	0.6212858	0.9018784	2.049032
88572	-1000.135	-1066.961	66.82625	0.6260125	1.34913	2.082569
88578	-1001.643	-1068.116	66.4731	0.3864795	1.092278	2.600722
88584	-999.1914	-1066.41	67.21902	0.508828	0.8093639	2.239365
88590	-992.1846	-1059.197	67.01203	0.4540831	1.098019	2.214358
88596	-994.5665	-1061.557	66.99074	0.4753761	1.098019	2.214358
88602	-994.7483	-1061.546	66.79772	0.5372751	1.241161	2.216837
88608	-996.3834	-1062.918	66.5344	0.4660244	0.8838273	2.643956
88614	-999.6081	-1066.427	66.8185	0.5662247	0.9353944	2.369284
88620	-997.1773	-1064.127	66.94976	0.487907	0.7414404	2.47564
88626	-998.1453	-1064.796	66.65049	0.3771807	1.127739	2.47564
88632	-999.231	-1066.185	66.95394	0.7826951	0.8868925	2.17701
88638	-1001.141	-1068.24	67.09855	0.7875911	0.9439042	2.039066
88644	-995.6993	-1062.009	66.30939	0.6678981	1.459271	2.334619
88650	-998.5014	-1065.028	66.52704	0.4502454	1.459271	2.334619
88656	-1000.432	-1067.657	67.22448	0.4237225	1.103803	2.092269
88662	-999.3207	-1066.338	67.01736	0.5262869	1.103803	2.160621
88668	-995.3682	-1062.872	67.50353	0.5099461	0.9739147	1.933277
88674	-997.6126	-1064.819	67.2068	0.4443646	0.8578319	2.252986
88680	-996.1681	-1063.647	67.47908	0.5305907	0.8578319	2.018872
88686	-995.8026	-1063.322	67.51942	0.5279969	0.818046	2.023952
88692	-1002.034	-1069.498	67.46458	0.7078313	0.8932943	1.883116
88698	-999.3818	-1066.83	67.44816	0.4536273	1.215789	1.855276
88704	-997.2555	-1064.152	66.89666	0.5822562	0.9244013	2.316785
88710	-997.2011	-1063.903	66.70148	0.9155299	1.172277	2.07191
88716	-1000.948	-1068.686	67.73817	0.8422878	0.7523704	1.713467
88722	-1001.137	-1068.756	67.61871	0.616788	1.090305	1.701565
88728	-1003.471	-1070.478	67.00762	0.3967985	1.465408	2.054961
88734	-991.6109	-1058.127	66.51597	0.2576683	1.449284	2.467976
88740	-989.6586	-1056.191	66.53215	0.2989421	1.389629	2.460609
88746	-987.8434	-1054.457	66.61326	0.4766164	1.072332	2.468978
88752	-994.3214	-1060.692	66.37042	0.359404	0.9421219	2.771631
88758	-994.5552	-1061.747	67.19139	0.3887466	0.9421219	2.239991
88764	-993.7787	-1060.517	66.7387	0.3213222	1.143952	2.446099
88770	-991.0567	-1057.766	66.70908	0.4639259	1.023974	2.446099
88776	-988.1402	-1054.997	66.85699	0.7595548	0.9104839	2.238118
88782	-995.4906	-1063.403	67.91254	1.213322	0.885259	1.174906
88788	-999.6071	-1067.928	68.32143	1.125182	0.7251467	1.054881
88794	-990.1091	-1057.648	67.53892	0.8435246	0.8242908	1.791946
88800	-991.2334	-1059.592	68.35827	0.9088061	0.6623352	1.284114
88806	-988.8399	-1056.813	67.97321	1.15147	0.7736795	1.284114
88812	-996.3057	-1064.458	68.1524	1.361668	0.8274431	0.8534122
88818	-993.3712	-1061.361	67.99001	1.34017	0.9766258	0.8800474
88824	-987.6537	-1055.922	68.26847	1.321595	0.7715766	0.8411929
88830	-993.6292	-1061.581	67.95156	1.405806	1.005207	0.81155
88836	-999.822	-1067.662	67.83999	1.351506	1.208796	0.7805426
88842	-993.1086	-1061.04	67.93142	1.298366	1.208796	0.7233618
88848	-989.5531	-1057.263	67.70969	0.9993648	1.247041	1.234685
88854	-992.7175	-1060.619	67.90099	1.068693	0.6310189	1.547758
88860	-996.6471	-1064.496	67.8493	0.9122598	1.037446	1.346885
88866	-1001.869	-1069.522	67.65333	0.6192172	1.216805	1.593366
88872	-997.5031	-1065.157	67.65359	0.7356232	1.164202	1.541562
88878	-994.0689	-1061.543	67.47389	0.6063693	0.9652411	1.894084
88884	-994.5437	-1062.224	67.68048	0.7820341	0.7232196	1.821176
88890	-995.3946	-1063.237	67.84238	0.9190199	0.7718329	1.566148
88896	-1001.068	-1068.753	67.6842	1.066022	1.155245	1.266986
88902	-1004.694	-1073.094	68.40031	1.220172	0.7312331	0.8646842
88908	-1005.043	-1072.736	67.69324	1.231073	1.458741	0.8646842
88914	-1002.448	-1069.484	67.03593	0.6287545	0.9455907	2.183023
88920	-992.9217	-1059.9	66.97787	0.6692827	1.243155	2.011248
88926	-988.9104	-1055.905	66.99413	0.6530253	1.243155	2.011248
88932	-995.2315	-1062.721	67.48947	0.5091462	0.8780968	2.011248
88938	-994.0165	-1060.994	66.97786	0.7416018	1.023087	2.096097
88944	-988.6277	-1055.874	67.24588	0.6091875	0.9582092	2.049804
88950	-986.1455	-1053.768	67.62283	0.585252	0.9580918	1.81159
88956	-987.8233	-1055.375	67.55187	0.8026098	0.7100492	1.906513
88962	-987.4653	-1055.354	67.88857	0.8463551	0.7100492	1.641441
88968	-987.236	-1055.041	67.80475	0.8996402	0.7665789	1.612391
88974	-987.7811	-1055.483	67.7021	0.7654955	0.9799683	1.612391
88980	-994.6642	-1061.946	67.28162	0.7582775	1.083638	1.842201
88986	-1005.636	-1072.862	67.22613	0.5089165	0.9629253	2.125522
88992	-1001.189	-1068.221	67.03155	0.6351409	1.34106	1.9442
88998	-992.5605	-1060.325	67.76407	0.9235073	1.046067	1.398498
89004	-995.9236	-1064.065	68.14123	1.08807	0.8545887	1.113256
89010	-1005.078	-1072.848	67.76941	2.174069	0.4483057	0.2128704
89016	-1002.671	-1070.134	67.46261	2.174069	0.7391521	0.2704177
89022	-998.5401	-1065.824	67.2841	2.045771	0.8773191	0.2054878
89028	-1002.027	-1069.723	67.69545	2.045771	0.5985383	0.2283454
89034	-996.5132	-1063.664	67.15048	2.179099	0.8436462	0.1929253
89040	-997.4753	-1064.367	66.89139	2.297044	0.9259523	0.17793
89046	-990.9711	-1057.82	66.84925	2.297044	0.9259523	0.166849
89052	-995.1656	-1062.275	67.10943	2.340608	0.686609	0.1723963
89058	-1002.436	-1068.958	66.5217	2.340608	1.166252	0.1547584
89064	-1005.554	-1072.18	66.62677	2.300835	1.076751	0.1510529
89070	-998.507	-1065.249	66.74156	2.300835	1.076751	0.1792581
89076	-999.4778	-1066.834	67.35607	1.903454	1.068251	0.2592978
89082	-993.1728	-1060.827	67.65408	1.70071	1.137839	0.4175059
89088	-993.0503	-1060.894	67.8441	1.60254	1.054697	0.4772131
89094	-998.402	-1066.082	67.67965	1.666593	1.163177	0.4772131
89100	-996.3906	-1064.038	67.64767	1.668754	1.163177	0.3857993
89106	-1000.091	-1068.425	68.33466	1.689792	0.5513729	0.3909853
89112	-997.4621	-1065.303	67.84065	1.879165	0.753308	0.3522554
89118	-997.9724	-1065.74	67.76778	1.879165	0.8159633	0.3548763
89124	-1004.177	-1071.699	67.52212	1.879165	1.046277	0.3525151
89130	-1000.801	-1068.545	67.74444	1.797894	0.9394937	0.4045866
89136	-1004.98	-1072.661	67.68049	1.989855	0.6977328	0.2595768
89142	-1005.613	-1073.195	67.58129	1.84129	1.004385	0.3311171
89148	-997.4562	-1065.234	67.77727	1.825064	0.887864	0.4154248
89154	-994.8563	-1062.568	67.71174	1.852991	0.887864	0.3534595
89160	-1004.212	-1071.312	67.09979	1.982739	1.300956	0.2754883
89166	-1004.052	-1071.83	67.77783	2.039582	0.6248017	0.2887272
89172	-1002.874	-1070.374	67.50056	2.076341	0.7469706	0.2439667
89178	-1000.969	-1068.343	67.37405	2.076341	0.8562796	0.2451268
89184	-1000.97	-1067.715	66.74509	2.143173	1.279139	0.186465
89190	-998.6928	-1066.551	67.85781	2.128337	0.5446305	0.3288856
89196	-994.0934	-1061.638	67.5443	2.128337	0.7248757	0.2814819
89202	-993.2927	-1060.243	66.95069	2.236659	0.9043736	0.1714479
89208	-1001.132	-1067.712	66.58081	2.25134	1.268416	0.1685838
89214	-1000.135	-1066.359	66.2243	2.510769	1.268416	0.1463263
89220	-1000.581	-1066.94	66.3589	2.510769	0.9953732	0.1250012
89226	-1001.881	-1068.206	66.32542	2.510769	1.029163	0.1250012
89232	-1012.688	-1080.059	67.37147	2.368168	0.4968126	0.1749373
89238	-1002.367	-1069.225	66.85808	2.384851	0.8176862	0.1611413
89244	-1007.113	-1073.231	66.11819	2.398886	1.430521	0.1294547
89250	-1011.175	-1077.093	65.91729	2.667397	1.07002	0.09527605
89256	-1003.939	-1070.254	66.31407	2.723189	0.7657204	0.1117136
89262	-1007.326	-1073.176	65.8502	2.683366	1.014015	0.08379602
89268	-1010.484	-1076.512	66.0281	2.683366	1.014015	0.1043027
89274	-1003.973	-1070.012	66.03889	2.683366	1.064073	0.1125247
89280	-1003.44	-1069.29	65.84917	2.684222	1.252307	0.1096493
89286	-1003.026	-1069.645	66.61873	2.624622	0.6949176	0.1302984
89292	-995.9895	-1061.892	65.90242	2.624622	1.095999	0.0914669
89298	-994.267	-1060.439	66.17191	2.65693	0.959433	0.1129332
89304	-1000.387	-1066.927	66.53973	2.562482	0.6421657	0.0989988
89310	-999.7751	-1065.711	65.93592	2.562482	1.192527	0.09832552
89316	-1003.237	-1069.815	66.57775	2.467097	0.8469373	0.1279008
89322	-994.3663	-1061.166	66.8	2.312553	1.039543	0.1893213
89328	-1006.029	-1073.241	67.21182	2.267414	0.679148	0.1775948
89334	-1008.53	-1076.353	67.8225	0.9868748	0.7544119	1.546488
89340	-1008.152	-1076.118	67.96574	1.118337	0.8409003	1.252556
89346	-999.835	-1067.732	67.89723	1.121893	0.9788053	1.181932
89352	-1009.107	-1077.399	68.29224	1.19106	0.6157385	1.155709
89358	-1013.263	-1081.171	67.90749	1.272649	1.105272	0.9085347
89364	-1006.387	-1073.915	67.52805	1.452588	1.567811	0.666818
89370	-1001.854	-1070.286	68.4322	1.58629	0.5703947	0.4523253
89376	-999.453	-1067.174	67.7208	1.524777	1.198373	0.7122718
89382	-1012.324	-1079.967	67.64247	1.233998	1.542868	0.8479694
89388	-998.2033	-1066.218	68.0151	1.450879	0.9375922	0.7570325
89394	-1000.032	-1068.033	68.00062	1.30742	0.9752527	0.906774
89400	-1004.342	-1072.603	68.26187	1.146087	0.7263362	1.089682
89406	-1009.031	-1076.707	67.67609	1.243887	1.210953	1.075768
89412	-995.614	-1063.417	67.80256	1.243887	1.225517	0.9374466
89418	-994.7438	-1062.779	68.0356	1.281957	0.8029505	1.086789
89424	-997.3712	-1065.433	68.06174	1.313597	0.8991938	0.920654
89430	-986.3402	-1054.549	68.20898	1.389921	0.7692556	0.8337178
89436	-994.0247	-1062.084	68.05931	1.241715	0.9975035	0.8893293
89442	-999.598	-1067.663	68.06449	0.9254191	0.9974974	1.190883
89448	-993.834	-1061.641	67.80693	0.9880588	0.8761277	1.450841
89454	-997.346	-1065.242	67.89575	0.9856999	1.270238	1.06466
89460	-1001.857	-1069.858	68.00149	0.8748234	1.284662	1.058189
89466	-1008.035	-1075.623	67.58774	0.9378658	1.284662	1.35843
89472	-1001.851	-1069.246	67.39462	0.7575414	1.017674	1.80867
89478	-993.6564	-1060.94	67.28347	0.5809512	0.8902225	2.091185
89484	-984.3742	-1051.436	67.06158	0.5637644	1.130436	2.091185
89490	-993.6669	-1060.472	66.80527	0.6350197	1.006505	2.287596
89496	-992.524	-1059.771	67.24666	0.6703194	1.051917	1.946224
89502	-995.767	-1063.278	67.51144	0.691674	1.051917	1.750028
89508	-1002.507	-1069.343	66.83561	0.5228131	0.9420262	2.381535
89514	-1008.913	-1075.458	66.5444	0.3876047	1.165481	2.51417
89520	-1002.224	-1069.247	67.02375	0.608002	0.8461034	2.273925
89526	-1000.922	-1068.251	67.32872	0.6795943	0.8411161	2.032307
89532	-1001.314	-1068.859	67.54415	0.9612137	0.760757	1.75896
89538	-1000.826	-1068.098	67.27145	0.7562404	0.9785952	1.920465
89544	-997.5896	-1064.643	67.05325	0.7490246	1.217076	1.922192
89550	-998.2726	-1065.689	67.41603	0.842654	0.7680987	1.922192
89556	-996.4489	-1063.814	67.36468	0.6857064	0.8185089	2.021618
89562	-988.6982	-1055.685	66.98671	0.7136948	0.8185089	2.250162
89568	-994.3996	-1062.166	67.76606	0.8114176	0.8085791	1.667608
89574	-995.667	-1063.66	67.99272	1.131577	0.8331055	1.226299
89580	-994.8125	-1062.825	68.01284	1.110599	0.8331055	1.227026
89586	-1002.937	-1070.534	67.59672	1.122014	1.445487	1.086765
89592	-1000.007	-1067.451	67.44334	0.9384976	0.7929362	1.817759
89598	-999.614	-1066.816	67.20175	0.8429251	1.096877	1.830394
89604	-1005.973	-1072.848	66.87503	0.9216879	1.24638	1.909015
89610	-1004.372	-1070.911	66.53939	0.7057184	1.335426	2.224622
89616	-1002.144	-1069.776	67.63152	0.842242	0.730618	1.806951
89622	-1009.575	-1076.929	67.35456	0.9048724	0.8921214	1.824408
89628	-1012.77	-1080.171	67.40026	0.8677987	1.074215	1.689223
89634	-1007.021	-1075.035	68.01386	1.461792	0.8040992	0.9282037
89640	-1006.447	-1074.679	68.23126	1.497447	0.5888425	0.9594538
89646	-1010.02	-1077.606	67.58594	1.301065	1.332941	1.009704
89652	-1003.79	-1071.956	68.16511	1.354382	0.79709	0.8886365
89658	-1010.133	-1077.888	67.75463	1.353571	1.163761	0.9290937
89664	-1007.193	-1075.052	67.85947	1.160957	1.163761	1.019326
89670	-1006.913	-1074.818	67.90513	1.27076	1.163761	0.8518533
89676	-1002.882	-1070.703	67.82151	0.9873478	1.163761	1.211448
89682	-1004.909	-1073.016	68.10732	0.9819459	0.8918911	1.200255
89688	-997.1692	-1064.483	67.31334	0.9666442	1.13958	1.637402
89694	-1000.9	-1068.121	67.22134	0.7059409	1.259779	1.81201
89700	-1001.328	-1069.279	67.95022	0.7640495	0.7057649	1.660222
89706	-994.8941	-1062.095	67.20108	0.7980806	1.316005	1.729583
89712	-1001.501	-1068.404	66.90307	0.7987702	1.126433	2.043147
89718	-1014.112	-1081.399	67.28726	0.9957832	0.5776648	2.076649
89724	-1001.14	-1068.904	67.76348	1.215349	1.170652	1.053594
89730	-999.8134	-1067.793	67.97931	1.24146	0.8203259	1.15584
89736	-997.7326	-1065.148	67.41523	0.858412	0.8914177	1.815141
89742	-1004.824	-1071.635	66.81118	0.4551192	1.118353	2.330397
89748	-1005.115	-1071.859	66.74379	0.6404579	1.365461	2.118706
89754	-1001.955	-1069.335	67.37995	0.7962914	1.101499	1.735982
89760	-996.0891	-1063.024	66.93456	0.6173232	0.8713539	2.306918
89766	-995.0588	-1062.217	67.15846	0.5335596	0.7515082	2.306918
89772	-994.6574	-1061.132	66.47425	0.500228	0.9955924	2.587562
89778	-1003.205	-1071.175	67.97006	0.5048624	0.936593	1.639438
89784	-995.7018	-1062.955	67.2536	0.7214791	1.078517	1.889776
89790	-997.7029	-1065.385	67.68214	0.8674683	0.7243299	1.759781
89796	-996.4893	-1064.018	67.52842	0.8284795	1.029782	1.656372
89802	-1002.573	-1070.172	67.59886	0.8199517	1.296647	1.433928
89808	-1006.306	-1073.775	67.46859	0.7498187	1.269897	1.599997
89814	-1005.913	-1073.905	67.99164	1.126006	0.9393515	1.131006
89820	-1004.884	-1073.066	68.18245	1.129372	0.7302328	1.171472
89826	-999.9966	-1068.192	68.19505	1.19966	0.9482116	0.8378121
89832	-996.8755	-1064.719	67.84368	1.167792	1.047719	1.128501
89838	-995.1155	-1062.539	67.42365	0.8462961	1.130469	1.650566
89844	-1001.388	-1069.183	67.79472	1.109779	1.130469	1.154611
89850	-997.392	-1064.824	67.43183	1.012281	1.342409	1.385592
89856	-995.3433	-1062.914	67.57112	0.9870139	0.9706515	1.553146
89862	-995.3626	-1063.326	67.96293	1.095646	0.7639083	1.347011
89868	-998.0485	-1065.858	67.81	0.9604516	1.028182	1.347011
89874	-1003.383	-1071.05	67.66667	0.9748288	0.8977113	1.548283
89880	-993.9669	-1061.568	67.60102	0.8269861	0.8980925	1.702215
89886	-992.1034	-1059.819	67.71557	1.031214	0.9554793	1.422794
89892	-1000.707	-1068.676	67.96938	1.183444	0.8669668	1.168999
89898	-994.6294	-1062.22	67.59082	1.034509	0.888492	1.567581
89904	-994.7354	-1062.036	67.30081	0.7933411	1.207654	1.726698
89910	-992.9468	-1060.568	67.62147	0.7181414	0.8439436	1.806032
89916	-994.1146	-1061.566	67.45187	0.817526	1.335526	1.522977
89922	-993.6272	-1060.886	67.25911	0.9942684	1.510483	1.433896
89928	-995.2119	-1062.477	67.26552	0.9621356	0.9561837	1.799417
89934	-996.6955	-1064.255	67.55984	0.8632124	1.045954	1.597263
89940	-997.8294	-1065.194	67.36429	0.6890475	1.023885	1.872316
89946	-1006.317	-1074.313	67.99622	0.7402663	0.6449061	1.702276
89952	-999.3824	-1066.94	67.55802	0.8682519	0.7340758	1.836674
89958	-997.4687	-1064.519	67.05013	0.6633825	0.7943543	2.259953
89964	-998.8302	-1065.727	66.89693	0.3824682	1.169435	2.292586
89970	-1002.747	-1069.999	67.25233	0.978206	1.338252	1.550155
89976	-999.4706	-1067.35	67.87896	0.7669038	0.7627328	1.657928
89982	-997.7142	-1065.658	67.94361	0.8720572	0.8951429	1.418998
89988	-998.5681	-1066.293	67.72454	0.9847804	0.9971037	1.418998
89994	-998.0059	-1065.927	67.92069	0.8002634	0.7036615	1.657388
90000	-993.555	-1061.299	67.74439	0.9384602	0.7541837	1.638909
90006	-996.0483	-1063.67	67.62166	0.9902624	0.8161134	1.636609
90012	-998.9692	-1066.178	67.20905	0.9292237	1.017924	1.818092
90018	-1002.395	-1069.592	67.19753	0.6564831	0.7298043	2.220352
90024	-998.6208	-1066.179	67.55843	0.3475137	1.045435	1.957847
90030	-1003.119	-1070.983	67.86404	0.267594	0.7952875	1.985635
90036	-998.9707	-1066.317	67.34643	0.3626554	1.070658	2.07269
90042	-1002.114	-1069.099	66.98525	0.6595887	1.104075	2.094313
90048	-995.8613	-1063.114	67.25241	0.5853085	1.010541	2.026212
90054	-1000.654	-1067.931	67.27616	0.7176041	1.010541	1.921708
90060	-999.4968	-1066.89	67.39358	0.7377909	0.7414321	2.029413
90066	-1007.498	-1074.61	67.1111	0.4354333	1.338984	2.025628
90072	-1008.868	-1075.589	66.72049	2.406116	0.9233854	0.1613739
90078	-1005.149	-1072.24	67.09107	2.3449	0.7056495	0.1752752
90084	-1000.309	-1067.883	67.57409	1.027496	1.157189	1.38494
90090	-998.9468	-1066.731	67.7838	1.016053	1.157189	1.224067
90096	-997.9902	-1065.197	67.20699	0.6807109	0.6089574	2.303153
90102	-1001.594	-1068.626	67.03197	0.8411068	0.6191825	2.303153
90108	-995.3453	-1063.364	68.01835	0.7049172	0.8404134	1.534866
90114	-999.478	-1067.03	67.55169	0.5440404	0.8404134	1.974589
90120	-1001.238	-1068.465	67.22697	0.7011868	1.39664	1.734511
90126	-1002.112	-1069.293	67.18108	0.7470758	1.39664	1.734511
90132	-1005.785	-1072.591	66.80641	0.7536567	1.39664	1.986337
90138	-1002.498	-1070.043	67.54579	0.6649906	1.074153	1.729749
90144	-1009.464	-1076.491	67.02622	0.722882	1.652533	1.729749
90150	-1006.116	-1072.946	66.82986	0.9211374	1.861361	1.6318
90156	-998.2914	-1065.682	67.39053	0.8264881	0.9276281	1.827377
90162	-998.0512	-1065.845	67.79414	0.8346947	0.845119	1.600272
90168	-998.309	-1065.695	67.38635	0.9087763	0.6748527	1.977572
90174	-1000.55	-1067.655	67.10542	0.7660469	0.9696708	2.031144
90180	-998.3532	-1065.833	67.47941	0.7199066	0.6864478	2.031144
90186	-999.5449	-1066.552	67.00658	0.8338839	0.9017878	2.098676
90192	-1005.969	-1073.233	67.26357	0.5836646	1.355972	1.813072
90198	-1002.649	-1069.454	66.80474	0.5690375	1.104757	2.269747
90204	-1006.298	-1073.414	67.11577	0.6154594	0.8404197	2.214077
90210	-1003.52	-1070.935	67.4151	0.5569228	0.8381414	2.058565
90216	-1003.465	-1070.496	67.03141	0.8121089	1.134097	1.94392
90222	-1005.28	-1071.446	66.16544	0.6181979	1.152758	2.6134
90228	-997.6767	-1064.396	66.71971	0.427848	1.583394	2.167185
90234	-1001.371	-1068.551	67.17916	0.5329795	1.265301	1.955327
90240	-995.2262	-1062.412	67.18562	0.7403121	1.169935	1.866212
90246	-993.2425	-1060.724	67.48118	0.6735914	0.9329336	1.866212
90252	-1001.312	-1068.694	67.38198	0.500814	0.8541739	2.105331
90258	-1005.323	-1072.223	66.89948	0.3976645	0.9695193	2.402292
90264	-1008.542	-1075.75	67.20752	0.2982414	0.8886895	2.324172
90270	-1007.28	-1074.05	66.76998	0.5115561	1.071488	2.348541
90276	-1006.339	-1073.068	66.72906	0.53196	1.395333	2.183743
90282	-1015.688	-1083.107	67.41818	0.5402754	1.403309	1.709522
90288	-1000.813	-1067.986	67.17311	0.7743893	1.267429	1.793592
90294	-1004.478	-1072.481	68.00317	0.9938866	0.5745442	1.587767
90300	-1013.63	-1081.7	68.06925	0.8914342	0.7320045	1.453928
90306	-1010.651	-1078.769	68.11715	0.8783353	0.5937476	1.568087
90312	-1007.448	-1075.312	67.86453	0.9097066	0.6224005	1.697827
90318	-1000.668	-1068.956	68.28779	1.256343	0.625892	1.087829
90324	-1001.595	-1069.352	67.75724	1.178779	1.143438	1.115927
90330	-1002.181	-1069.874	67.69233	1.106666	1.302856	1.115927
90336	-997.5863	-1065.46	67.87386	0.7973246	0.8508596	1.56457
90342	-996.6483	-1064.092	67.44406	0.8589259	1.314255	1.51074
90348	-997.5374	-1065.205	67.66812	0.8585041	1.051985	1.516689
90354	-993.0186	-1060.587	67.56811	0.9110277	1.051985	1.55191
90360	-994.4716	-1062.149	67.67787	1.205309	1.051985	1.236141
90366	-996.6848	-1064.784	68.09903	1.356632	0.8621661	0.8759796
90372	-1007.525	-1074.907	67.38184	0.8914196	1.139653	1.64219
90378	-1006.24	-1073.23	66.9904	0.8368194	1.719717	1.64219
90384	-1014.712	-1082.205	67.4928	0.8485938	1.436907	1.408259
90390	-1004.957	-1072.729	67.77189	1.023773	0.949863	1.389392
90396	-1005.833	-1073.21	67.37671	0.9129289	0.949863	1.760874
90402	-1000.54	-1068.481	67.94069	0.8405095	0.9203879	1.424645
90408	-992.6088	-1060.099	67.49042	0.8901364	1.292396	1.465796
90414	-990.7514	-1058.253	67.50157	0.6994983	0.8104603	1.927002
90420	-991.8387	-1058.724	66.88575	0.6486586	1.10892	2.163542
90426	-994.899	-1062.519	67.61977	0.7342589	0.7301694	1.889413
90432	-997.7594	-1065.196	67.43621	0.4276128	1.201851	1.889413
90438	-996.404	-1063.386	66.98177	0.3758714	1.179732	2.236527
90444	-995.4202	-1062.535	67.11508	0.7022579	1.076186	1.997457
90450	-999.6581	-1066.982	67.32424	0.6429548	0.9092307	2.009626
90456	-1001.034	-1068.373	67.33915	0.9524026	0.9387526	1.767631
90462	-998.7519	-1065.417	66.66488	0.474747	1.077567	2.434615
90468	-995.7962	-1062.581	66.78465	0.5366418	1.223997	2.235126
90474	-995.4922	-1061.934	66.44215	0.7716399	1.049035	2.405048
90480	-987.7412	-1054.938	67.1967	0.7416539	1.049035	1.933694
90486	-987.9275	-1055.003	67.07528	0.6098916	1.091828	2.07529
90492	-990.7174	-1058.241	67.52316	1.009953	1.326772	1.325021
90498	-990.1671	-1058.122	67.95456	0.993364	1.002693	1.222294
90504	-992.0176	-1059.673	67.65579	0.6929446	1.051636	1.647021
90510	-992.5378	-1060.044	67.506	0.9844331	1.123329	1.493629
90516	-988.8555	-1056.402	67.54671	1.006293	1.159641	1.420981
90522	-991.1774	-1058.719	67.54119	0.9822777	0.7653404	1.74237
90528	-989.0137	-1056.987	67.9736	1.104022	0.8033743	1.293613
90534	-991.9434	-1059.699	67.7555	1.163315	1.082381	1.181058
90540	-995.8903	-1063.523	67.6325	1.434732	1.27492	0.8673175
90546	-994.4684	-1062.372	67.90396	1.434732	1.0915	0.7179648
90552	-994.8621	-1062.952	68.09007	1.340478	0.9610488	0.772967
90558	-1000	-1068.349	68.34878	1.561412	0.6095983	0.6855169
90564	-1004.128	-1072.345	68.2175	1.385443	0.8128006	0.7585261
90570	-1000.782	-1068.515	67.73371	1.34871	1.317903	0.804434
90576	-987.7879	-1056.13	68.34158	1.446704	0.5819714	0.9061948
90582	-986.8997	-1054.985	68.08511	1.242063	0.9571096	0.9061948
90588	-993.1197	-1060.747	67.6276	1.318407	1.480646	0.8177957
90594	-991.9134	-1059.684	67.7704	1.251726	1.185565	0.9984994
90600	-999.2868	-1067.15	67.86269	0.9790086	1.368333	1.026541
90606	-990.713	-1058.583	67.86969	1.196013	1.007794	1.114867
90612	-988.2231	-1055.851	67.62827	0.8027668	1.225548	1.470101
90618	-996.8843	-1064.442	67.55814	0.9132725	1.179145	1.470101
90624	-995.537	-1062.933	67.39641	0.8791564	1.179145	1.615039
90630	-996.2795	-1063.599	67.31907	0.9218175	1.179145	1.640066
90636	-1011.968	-1079.04	67.07199	0.6938459	1.179145	1.968981
90642	-1001.947	-1069.313	67.36643	0.5290637	1.199818	1.86904
90648	-1002.816	-1068.983	66.16607	0.542251	0.784798	2.891446
90654	-997.9688	-1064.956	66.98722	0.6258327	1.398412	1.949904
90660	-993.165	-1060.233	67.06817	0.8748552	1.398412	1.723083
90666	-990.8285	-1058.586	67.75794	0.6040888	0.9321799	1.723083
90672	-994.8357	-1061.844	67.00881	0.8775459	0.7906497	2.15103
90678	-996.8445	-1064.704	67.85926	0.7427119	0.9840771	1.510465
90684	-995.8995	-1063.404	67.5044	0.7344234	0.9630125	1.786788
90690	-986.7998	-1054.761	67.96126	0.7560814	0.9456929	1.453157
90696	-981.7015	-1048.812	67.1101	0.591516	0.9456929	2.158968
90702	-993.623	-1060.437	66.81422	0.5701438	1.331301	2.136427
90708	-994.6787	-1062.159	67.48032	0.6749913	0.8627177	1.917584
90714	-995.417	-1062.941	67.52411	0.6939682	0.8627177	1.874958
90720	-1000.612	-1067.628	67.0156	0.7669234	1.510417	1.776466
90726	-1008.284	-1076.312	68.0286	0.560137	0.7182207	1.737825
90732	-1004.307	-1070.814	66.50728	0.6564754	0.7182207	2.663897
90738	-1003.934	-1070.212	66.27841	0.6482448	1.594383	2.304491
90744	-1000.42	-1067.119	66.69902	0.3957245	1.367976	2.304491
90750	-1002.571	-1068.535	65.96478	0.3269205	1.358234	2.808814
90756	-1016.145	-1082.55	66.40471	0.4217222	0.7524851	2.843707
90762	-995.4581	-1062.687	67.22872	0.5292403	1.093456	2.026152
90768	-996.8317	-1063.781	66.94964	0.8083197	1.093456	2.026152
90774	-991.3402	-1058.488	67.14765	0.5961492	1.165613	1.991752
90780	-991.7197	-1059.323	67.60343	0.8364698	0.8823305	1.705964
90786	-995.2431	-1061.585	66.34204	0.6984729	1.491594	2.278914
90792	-990.5543	-1058.113	67.55829	0.6402973	0.9740287	1.806851
90798	-993.5571	-1060.836	67.27874	0.3105496	0.7823801	2.3484
90804	-992.8862	-1059.725	66.8386	0.1843009	0.9888128	2.561746
90810	-994.7401	-1061.181	66.44069	0.1044075	1.556021	2.561746
90816	-992.0122	-1058.306	66.29333	0.1079024	1.201125	2.82153
90822	-997.4673	-1064.133	66.66614	0.0708168	1.276275	2.57623
90828	-1003.5	-1070.417	66.91769	0.05464975	1.257905	2.438805
90834	-995.4789	-1062.273	66.79443	0.07548407	1.284852	2.488961
90840	-990.9208	-1057.609	66.68822	0.1816952	1.284852	2.488961
90846	-996.9832	-1063.937	66.95343	0.1817773	0.8359615	2.593766
90852	-990.7832	-1057.823	67.04028	0.08262496	1.031236	2.473078
90858	-993.3457	-1059.995	66.64897	0.1075386	1.461237	2.473078
90864	-990.8175	-1057.721	66.90329	0.08898071	1.186038	2.465082
90870	-993.255	-1060.728	67.47292	0.1476836	0.8408497	2.284881
90876	-1000.045	-1066.807	66.76193	0.1898946	0.9931546	2.60311
90882	-997.8092	-1063.942	66.13321	0.4085672	1.469145	2.60311
90888	-992.1005	-1059.126	67.02502	0.4937172	0.87065	2.328548
90894	-989.4659	-1056.261	66.79536	0.5206656	0.87065	2.456686
90900	-1010.451	-1078.464	68.01292	1.071895	0.6601261	1.430841
90906	-996.1864	-1063.663	67.47643	0.9306262	1.150841	1.537213
90912	-1001.605	-1069.054	67.44919	0.7294494	1.150841	1.702474
90918	-1001.317	-1068.397	67.08019	0.564001	0.8437721	2.267643
90924	-1000.619	-1067.682	67.06262	0.6804823	0.6637177	2.346621
90930	-1004.823	-1071.893	67.07049	0.6890713	1.001317	2.08392
90936	-997.6277	-1064.708	67.08021	0.6050416	1.144048	2.043529
90942	-1000.103	-1066.298	66.19488	0.9349437	1.235024	2.351526
90948	-992.0533	-1058.65	66.59656	0.5212961	0.8567545	2.589929
90954	-995.6695	-1062.572	66.9023	0.4057307	0.8967705	2.443714
90960	-997.325	-1064.575	67.25004	0.3144894	0.7487606	2.390066
90966	-991.2991	-1057.686	66.3866	0.3954008	1.161785	2.609411
90972	-995.7785	-1062.676	66.89734	0.4580375	1.231744	2.208852
90978	-1002.574	-1068.604	66.03042	0.226435	1.161269	2.930184
90984	-1000.352	-1067.55	67.1972	0.1522504	0.9939236	2.353511
90990	-999.3827	-1066.597	67.21454	0.2733816	0.9939236	2.265136
90996	-998.7871	-1066.042	67.25456	0.2280846	0.9991853	2.265136
91002	-997.286	-1064.127	66.84082	0.1543448	1.133479	2.492709
91008	-994.7791	-1061.779	66.99979	0.1351691	0.7942806	2.623937
91014	-994.6252	-1061.39	66.76516	0.07734535	0.7960817	2.801907
91020	-994.1391	-1060.686	66.54651	0.2529089	1.330225	2.50988
91026	-994.3874	-1061.039	66.65131	0.4022425	1.330225	2.349878
91032	-999.7332	-1066.632	66.89889	0.3834753	1.462012	2.13678
91038	-991.1345	-1057.752	66.61795	0.4087466	1.462012	2.301815
91044	-986.7991	-1053.93	67.13054	0.5154467	0.936675	2.201178
91050	-988.6689	-1055.891	67.2225	0.5736633	0.936675	2.103363
91056	-989.4238	-1056.433	67.00897	0.4577917	0.935991	2.316733
91062	-989.9423	-1057.058	67.11599	0.5335523	0.8783509	2.239364
91068	-989.7188	-1057.232	67.51327	0.6294317	0.8252299	1.954756
91074	-988.9079	-1056.375	67.46706	0.6224943	0.8252299	1.990353
91080	-999.2318	-1066.202	66.97031	0.5797551	0.8252299	2.341297
91086	-1000.491	-1067.59	67.09891	0.404489	1.05579	2.216074
91092	-1000.323	-1067.841	67.51828	0.6294429	1.05579	1.786046
91098	-1001.809	-1069.357	67.54737	0.600358	1.05579	1.786046
91104	-997.2074	-1065.147	67.93943	1.052978	1.075016	1.122172
91110	-1000.882	-1069.141	68.25982	1.056886	0.8608154	1.024538
91116	-995.0126	-1063.082	68.06951	0.9006931	0.7423806	1.436711
91122	-989.1295	-1056.692	67.56257	0.8739657	1.052929	1.582525
91128	-998.8324	-1066.933	68.10104	1.099916	0.7374132	1.258037
91134	-994.9742	-1063.075	68.10112	1.10954	0.7862801	1.199443
91140	-992.1105	-1059.835	67.72449	0.9176783	0.7240162	1.694925
91146	-1004.716	-1071.832	67.11566	0.5682614	1.327926	1.939703
91152	-995.3306	-1063.222	67.89154	0.7585929	0.8411675	1.588029
91158	-995.7013	-1062.876	67.17505	0.7948888	1.033711	1.922411
91164	-996.971	-1064.091	67.11981	0.7614043	1.033711	1.982049
91170	-1001.351	-1068.841	67.48983	0.8713678	0.9565201	1.705739
91176	-995.3349	-1063.416	68.08162	1.000061	0.6710175	1.421936
91182	-997.52	-1064.868	67.34802	1.011041	1.450711	1.38637
91188	-994.1262	-1061.899	67.77323	0.990611	1.109943	1.289673
91194	-998.9666	-1066.719	67.75245	1.144897	1.015342	1.254171
91200	-998.2535	-1066.284	68.03065	1.005982	0.9672942	1.176935
91206	-1006.192	-1073.827	67.63527	0.8986837	1.590383	1.158289
91212	-1010.398	-1078.199	67.80081	1.079135	1.228142	1.099129
91218	-1016.144	-1084.007	67.86308	1.159982	1.093692	1.077954
91224	-1006.506	-1074.01	67.50384	1.352642	1.317872	1.051178
91230	-998.6402	-1066.344	67.7042	1.051468	1.419262	1.070942
91236	-999.8091	-1068.012	68.20259	1.057147	0.7832377	1.160006
91242	-997.1762	-1064.795	67.61914	0.8357749	1.055447	1.567286
91248	-998.3721	-1065.861	67.48932	0.8977835	1.38384	1.404493
91254	-1004.379	-1072.565	68.18539	1.084079	0.6921143	1.249348
91260	-1002.303	-1070.297	67.99479	0.9148729	0.8103191	1.420203
91266	-998.1582	-1066.36	68.20187	1.062293	0.7901701	1.1488
91272	-1000.566	-1068.718	68.1523	1.062293	0.8149806	1.166714
91278	-1008.569	-1076.445	67.8757	1.039429	0.9391051	1.303282
91284	-1002.048	-1070.106	68.05793	0.9699532	0.8360205	1.303282
91290	-1000.81	-1068.029	67.21867	1.04491	1.735382	1.303282
91296	-996.8561	-1064.514	67.65805	1.117507	0.9283782	1.422462
91302	-1000.75	-1068.722	67.97133	0.8530575	0.7617329	1.5287
91308	-1001.351	-1069.079	67.72771	1.078454	0.5067997	1.798613
91314	-998.2583	-1065.775	67.5171	0.7123651	0.9143369	1.828536
91320	-994.0481	-1061.354	67.30574	0.9705809	0.9368696	1.779613
91326	-994.4756	-1062.35	67.87482	0.9310541	0.7809991	1.525098
91332	-1001.686	-1068.911	67.22417	0.472477	1.02775	2.108061
91338	-1003.202	-1070.562	67.35968	0.4840878	1.196156	1.906394
91344	-1002.627	-1070.035	67.40808	0.7194897	0.948509	1.873653
91350	-1007.443	-1075.751	68.30764	0.9554548	0.6408264	1.311334
91356	-1007.764	-1075.718	67.95367	0.9217868	0.9391921	1.335153
91362	-1007.359	-1075.087	67.72756	0.8863123	0.6733053	1.761335
91368	-1000.576	-1068.34	67.76348	0.8303489	0.7702426	1.688509
91374	-1004.249	-1071.696	67.44726	0.917303	1.009	1.665544
91380	-998.7418	-1066.181	67.43955	0.7756988	1.16798	1.665544
91386	-999.6907	-1066.725	67.03436	0.7055397	0.8571581	2.19624
91392	-1008.131	-1075.581	67.45021	0.9731627	1.451441	1.335097
91398	-1000.479	-1067.818	67.33873	1.004158	1.276255	1.504257
91404	-1001.617	-1068.345	66.72804	0.3204359	1.141685	2.454638
91410	-996.5192	-1063.286	66.76717	0.283168	1.139625	2.454638
91416	-1003.814	-1069.936	66.12149	0.4260817	1.139625	2.765672
91422	-1003.883	-1070.768	66.88518	0.565699	1.225392	2.150411
91428	-1001.818	-1069.287	67.46952	0.8102614	1.473831	1.434372
91434	-999.8796	-1067.617	67.73692	1.066569	0.7801962	1.527587
91440	-1005.07	-1072.672	67.60122	1.127795	1.525435	1.020675
91446	-1007.924	-1075.69	67.76655	1.442928	1.085187	0.896663
91452	-998.2423	-1066.337	68.09452	1.442928	0.8974213	0.712186
91458	-1001.855	-1069.645	67.78978	1.371254	1.298388	0.712186
91464	-997.3876	-1065.222	67.83468	1.366668	1.110753	0.8786912
91470	-1004.037	-1072.108	68.07121	1.451052	0.802053	0.8786912
91476	-1007.33	-1075.01	67.68046	1.446335	1.221083	0.8505265
91482	-1003.46	-1071.353	67.89292	1.428178	0.9943952	0.8696803
91488	-1007.128	-1074.892	67.76488	1.417667	0.9943952	1.01739
91494	-1018.103	-1085.07	66.96748	1.848421	1.880483	0.4564138
91500	-1007.254	-1075.303	68.04889	1.374388	1.038631	0.6549831
91506	-1011.417	-1079.449	68.03226	1.578839	0.8942871	0.5141201
91512	-1014.668	-1082.76	68.09285	1.308495	0.9262312	0.857844
91518	-1008.131	-1075.911	67.77982	1.223608	1.09056	1.098824
91524	-1006.693	-1074.667	67.9734	1.286375	1.035122	0.89397
91530	-997.9049	-1066.173	68.26821	1.359115	0.7507581	0.8264903
91536	-1004.282	-1071.945	67.66374	1.439583	1.200416	0.8988186
91542	-1004.892	-1072.89	67.99823	1.124796	0.9614727	1.105349
91548	-998.8943	-1066.968	68.07338	1.13979	1.085324	0.8923322
91554	-1002.818	-1071.275	68.45712	1.345623	0.5805253	0.8923322
91560	-996.3458	-1064.682	68.33656	1.112429	0.7132701	1.066957
91566	-1002.493	-1069.829	67.33623	1.143488	1.439159	1.297145
91572	-1002.187	-1070.04	67.85309	1.159931	0.8736111	1.28094
91578	-994.0765	-1062.05	67.97325	1.311211	1.057085	0.8396973
91584	-998.1949	-1066.365	68.17004	1.297562	0.8754884	0.8440391
91590	-1012.081	-1079.703	67.62188	0.9545974	1.22364	1.358857
91596	-1017.371	-1085.12	67.74868	1.15075	1.17654	1.122245
91602	-1004.06	-1072.679	68.61942	1.235447	0.522969	0.9329531
91608	-1000.357	-1068.151	67.79438	0.9681078	0.9029855	1.453272
91614	-1000.981	-1068.607	67.6262	0.9720222	1.202863	1.355854
91620	-1005.148	-1072.63	67.48194	0.9363494	1.060331	1.590662
91626	-1002.563	-1070.305	67.74197	0.9672226	1.078247	1.357399
91632	-999.4614	-1067.274	67.81209	0.9546413	0.7524909	1.579576
91638	-1000.441	-1068.187	67.74598	0.755724	0.9001159	1.648129
91644	-1005.49	-1073.665	68.17488	0.9158264	0.7039637	1.381159
91650	-995.4656	-1063.543	68.07733	1.06488	0.8787932	1.166843
91656	-1000.872	-1068.548	67.67565	1.063316	0.8770047	1.492533
91662	-997.7334	-1065.918	68.1845	0.9114717	0.6150295	1.470239
91668	-997.6244	-1065.655	68.03017	0.8874364	0.8826768	1.349857
91674	-997.5193	-1065.123	67.60328	0.8527372	0.8581576	1.713523
91680	-994.5825	-1061.936	67.35387	0.8118389	1.121639	1.730315
91686	-991.8624	-1058.997	67.1341	0.5693831	1.121639	2.044965
91692	-1001.219	-1068.23	67.01104	0.5201176	0.883193	2.311815
91698	-1000.995	-1068.199	67.20476	0.5197438	1.018744	2.095596
91704	-1005.255	-1072.809	67.55393	0.7899978	1.055993	1.647465
91710	-1000.703	-1068.409	67.70545	1.05896	1.196882	1.224363
91716	-996.7244	-1065.055	68.331	1.213168	0.760704	0.9101654
91722	-996.8423	-1064.668	67.82587	1.309906	1.112166	0.9496663
91728	-1001.95	-1070.096	68.14552	1.320785	0.9112397	0.7958358
91734	-1001.2	-1069.296	68.09552	1.415976	0.8698005	0.7958358
91740	-1002.826	-1070.727	67.90096	1.562843	0.9227716	0.7824675
91746	-1003.656	-1072.11	68.45369	1.550003	0.5249253	0.7434431
91752	-1005.379	-1073.174	67.79487	1.308775	1.115657	0.9796795
91758	-1005.627	-1073.423	67.79662	1.464986	1.115657	0.7983672
91764	-1003.796	-1071.626	67.82982	1.530105	1.115657	0.6337678
91770	-1005.673	-1073.298	67.625	1.941829	0.8643721	0.3280034
91776	-1001.279	-1068.931	67.6523	2.066963	0.7354056	0.3280027
91782	-1003.331	-1071.134	67.80327	1.814844	0.8799971	0.5701293
91788	-1012.217	-1079.324	67.10609	1.800201	1.728723	0.4319514
91794	-1009.443	-1077.606	68.16237	1.761261	0.5864553	0.7206454
91800	-1003.991	-1072.134	68.14268	1.761261	0.648297	0.562915
91806	-1008.572	-1076.401	67.8292	1.528309	1.142148	0.5688483
91812	-1002.509	-1070.466	67.95708	1.577955	0.938737	0.6302822
91818	-1004.152	-1072.348	68.19651	1.570046	0.7093192	0.6998996
91824	-1008.724	-1076.868	68.14322	1.189225	0.874673	0.9936658
91830	-1003.544	-1071.779	68.23439	1.379986	0.8450434	0.6785901
91836	-1008.279	-1076.425	68.14598	1.448373	0.7991648	0.7931204
91842	-1008.224	-1076.403	68.1788	1.509072	0.7991648	0.6358827
91848	-1006.298	-1074.508	68.21008	1.509072	0.7991648	0.5064023
91854	-1003.765	-1071.395	67.63031	1.675641	1.209814	0.4865484
91860	-1001.979	-1069.768	67.78956	1.675641	1.000448	0.3780657
91866	-999.0271	-1067.08	68.05299	1.559747	0.8925575	0.5179721
91872	-1005.621	-1073.182	67.56062	0.8756864	0.9321777	1.670432
91878	-1007.049	-1074.876	67.8268	1.310153	0.9321777	1.120416
91884	-999.7362	-1067.399	67.66236	1.656161	1.195411	0.5129195
91890	-997.6478	-1065.615	67.96706	1.464825	1.026967	0.6607718
91896	-998.1561	-1066.034	67.87791	1.604124	0.9591467	0.6951541
91902	-1013.154	-1080.747	67.59303	1.569291	1.162189	0.8697209
91908	-994.8181	-1062.138	67.31965	0.9198163	1.333416	1.546428
91914	-995.7665	-1063.28	67.51351	0.8898617	1.141127	1.546428
91920	-1001.436	-1069.048	67.61273	1.039384	1.443047	1.148719
91926	-1005.8	-1073.946	68.14589	1.118795	0.8917333	1.041879
91932	-1000.22	-1067.878	67.65843	1.062442	1.506622	1.041879
91938	-1003.113	-1071.217	68.10325	1.295248	0.9297124	0.8568476
91944	-1003.129	-1070.928	67.79875	0.9215433	1.20031	1.258791
91950	-1004.894	-1072.448	67.55434	0.692757	1.214397	1.613364
91956	-1004.862	-1073.261	68.39872	0.8966522	0.6550549	1.268994
91962	-1001.025	-1069.101	68.07636	1.116033	0.9165002	1.08491
91968	-994.9276	-1063.032	68.10403	1.303038	0.8545131	0.9396395
91974	-995.7265	-1063.309	67.58282	0.7390824	1.281713	1.516553
91980	-1007.621	-1075.027	67.40537	0.8807476	0.619475	2.034378
91986	-1003.599	-1070.812	67.21261	0.7466856	1.18385	1.834919
91992	-1002.748	-1070.157	67.40865	0.7150885	0.9153374	1.90005
91998	-1005	-1072.456	67.45621	0.860348	0.8549074	1.813405
92004	-1015.315	-1083.091	67.7759	0.8445244	0.8547389	1.598493
92010	-1003.836	-1071.312	67.47601	1.709026	1.353528	0.4681814
92016	-1006.475	-1073.729	67.25391	1.789693	1.401663	0.3038249
92022	-1002.888	-1069.804	66.91566	0.4460877	1.331125	2.151264
92028	-1002.367	-1068.817	66.44979	0.4206358	0.8903967	2.719437
92034	-1000.187	-1066.967	66.77954	0.6132386	0.9174098	2.376245
92040	-999.8365	-1066.971	67.13423	0.527512	0.6897032	2.376245
92046	-990.7627	-1057.704	66.94177	0.5454	0.6897032	2.486139
92052	-992.9702	-1059.952	66.98161	0.6580411	0.8596174	2.259093
92058	-993.4093	-1060.659	67.24998	0.8086353	1.17379	1.77236
92064	-999.6064	-1066.6	66.9932	0.4716822	1.316882	2.091327
92070	-992.6442	-1059.969	67.3245	0.7604948	0.8791595	1.9527
92076	-991.1435	-1058.021	66.87701	0.5575468	1.238975	2.15349
92082	-989.8683	-1057.149	67.28116	0.579027	0.809624	2.15349
92088	-990.2008	-1057.052	66.85081	0.4864898	1.196206	2.24031
92094	-994.8917	-1061.315	66.42344	0.5230332	1.196206	2.488191
92100	-991.3989	-1058.127	66.72855	0.1718113	0.9801048	2.643044
92106	-992.0138	-1058.592	66.57795	0.16157	1.327899	2.548377
92112	-992.5547	-1058.66	66.10561	0.1651981	1.327899	2.836243
92118	-989.9555	-1055.736	65.78061	0.1567125	1.462178	2.974651
92124	-993.8093	-1059.48	65.67054	0.2667896	1.462178	2.974651
92130	-992.1038	-1057.931	65.82724	0.2406781	1.352641	2.946925
92136	-987.1665	-1054.167	67.00054	0.4295802	0.8868614	2.373488
92142	-997.8041	-1065.092	67.28835	0.4919384	1.331809	1.872263
92148	-996.0583	-1063.366	67.30818	0.7156195	1.11415	1.833734
92154	-992.5362	-1060.172	67.63543	0.6917915	1.11415	1.620088
92160	-993.5962	-1060.718	67.12213	0.6974347	1.112376	1.973368
92166	-1000.683	-1067.591	66.90746	0.5850996	1.313144	2.07511
92172	-997.5542	-1064.38	66.82558	0.3342917	1.313144	2.290928
92178	-995.7423	-1062.978	67.23621	0.834787	1.160069	1.772243
92184	-994.5596	-1061.688	67.1285	0.7293869	1.001569	2.018743
92190	-996.3751	-1063.298	66.92317	0.6558368	1.001569	2.201525
92196	-996.8712	-1064.116	67.2451	0.8389245	1.077894	1.815564
92202	-990.1907	-1057.919	67.72874	1.092672	0.8554625	1.448238
92208	-991.0667	-1058.938	67.87172	1.165686	1.068157	1.087003
92214	-991.3871	-1058.698	67.31127	0.7971036	1.169787	1.740063
92220	-990.3978	-1056.98	66.5817	0.4000172	0.9057818	2.640783
92226	-991.4465	-1058.518	67.07198	0.6494989	0.9057818	2.173543
92232	-990.1468	-1057.329	67.1825	0.7117099	1.079163	1.944064
92238	-991.8059	-1059.3	67.49367	0.7609496	0.7781134	1.916749
92244	-998.6693	-1065.796	67.12707	0.6090076	0.8731268	2.187195
92250	-991.0339	-1058.353	67.31866	0.6469581	0.8731268	2.036805
92256	-986.2356	-1053.997	67.76174	0.7658722	0.8073457	1.704078
92262	-983.898	-1050.918	67.01993	0.6323648	0.839881	2.265284
92268	-986.2593	-1053.455	67.19603	0.6599758	0.8986746	2.090684
92274	-989.0509	-1056.36	67.30947	0.6966752	0.7677576	2.090684
92280	-991.9071	-1059.021	67.11374	0.7067416	0.8135879	2.1763
92286	-992.2609	-1059.58	67.31868	0.5017955	0.8135879	2.1763
92292	-996.8138	-1063.993	67.1796	0.4832772	1.369905	1.93134
92298	-991.0749	-1057.39	66.31489	0.6288688	1.506636	2.333631
85704	-1755.292	-1816.185	60.89306	2.449217	0.2869581	5.285368
92406	-9.633235e+307	-2032.945	-9.633235e+307	1.430655e+117	6.966483e+306	4.816618e+307
99102	-6.160266e+307	-2032.945	-6.160266e+307	4.858931e+242	4.066406e+307	3.080133e+307
99108	-5.885392e+307	-2032.945	-5.885392e+307	7.894973e+242	7.276434e+306	2.942696e+307
105804	-inf	-2032.945	-inf	4.139591e+307	5.196979e+306	8.156852e+307
112506	-inf	-2032.945	-inf	1.550899e+308	1.286488e+307	1.630124e+307
