Iteration	Posterior	Likelihood	Prior	rate_log_sd	rate_neo	tree_length
0	-1003.954	-1070.425	66.47075	0.5098307	1.37997	2.371112
6	-992.7486	-1060.243	67.49456	0.9869348	1.104871	1.513076
12	-1012.183	-1079.178	66.99486	0.7659558	0.9844718	2.094233
18	-1005.827	-1073.413	67.58598	0.4495071	0.7478914	2.087431
24	-991.3592	-1058.858	67.49859	0.8213108	1.17782	1.583641
30	-992.8322	-1060.335	67.50283	0.9164337	1.17782	1.510227
36	-996.4036	-1063.714	67.31037	0.8640372	1.528133	1.484213
42	-997.2559	-1065.098	67.84205	0.964957	0.8115238	1.497238
48	-1000.73	-1068.004	67.27377	0.7833279	1.671213	1.497238
54	-991.8272	-1059.472	67.64474	0.8710125	0.8179063	1.703753
60	-1001.863	-1069.574	67.7112	0.5606148	0.8156654	1.874882
66	-992.9445	-1060.792	67.84764	0.8187409	0.9987189	1.45071
72	-993.6579	-1061.304	67.64644	1.002882	0.9987189	1.463695
78	-996.982	-1065.127	68.1452	1.002882	0.9274787	1.114836
84	-1000.102	-1067.911	67.80902	0.9811711	1.12736	1.254787
90	-991.9515	-1059.61	67.65889	1.081974	1.073833	1.335537
96	-987.7976	-1055.656	67.858	1.042611	0.8867101	1.359819
102	-992.3013	-1059.345	67.04404	0.6291744	1.188817	2.025087
108	-990.8742	-1058.568	67.69395	0.8697479	0.9455838	1.568098
114	-991.1732	-1058.672	67.49881	0.5674559	1.004377	1.876664
120	-992.8919	-1060.33	67.43815	0.7185937	1.104619	1.747622
126	-988.0456	-1055.467	67.42183	0.6293552	1.025528	1.872684
132	-990.9845	-1058.518	67.53348	0.829547	0.8246707	1.80509
138	-979.9579	-1047.58	67.62235	0.7132245	0.8235701	1.824914
144	-989.2164	-1056.475	67.25838	0.5715389	0.8235701	2.162636
150	-990.2772	-1057.767	67.4895	0.6492928	1.19761	1.701355
156	-997.3349	-1064.608	67.27305	0.408642	0.9123773	2.194746
162	-1001.74	-1068.983	67.2431	0.8541024	1.227957	1.712216
168	-1000.754	-1067.982	67.22774	0.8279916	1.40399	1.639798
174	-997.6217	-1065.094	67.47195	0.7784069	0.9701195	1.773705
180	-993.6445	-1060.416	66.77119	0.5716533	1.069441	2.310751
186	-993.317	-1060.618	67.30091	0.6356972	1.033798	1.94483
192	-990.4522	-1057.962	67.50959	0.6905062	1.041191	1.759385
198	-994.4303	-1062.124	67.69379	0.6600756	1.047389	1.646274
204	-995.6031	-1062.826	67.22336	0.9477394	1.582484	1.45732
210	-984.3116	-1052.06	67.74838	0.8157821	0.899598	1.603429
216	-986.0555	-1054.031	67.97518	0.7306194	0.8423932	1.54613
222	-980.7907	-1048.271	67.48015	0.804793	0.7977997	1.88022
228	-990.1501	-1057.076	66.92548	0.5199459	1.31176	2.106825
234	-999.0834	-1065.95	66.86623	0.5838246	1.312698	2.103287
240	-1010.245	-1078.092	67.84661	0.8480594	0.6008065	1.775446
246	-993.0193	-1060.907	67.8872	0.9498443	0.8714366	1.422565
252	-992.6191	-1060.166	67.54717	0.7452701	0.9773595	1.739121
258	-994.183	-1061.8	67.61664	0.6957426	1.060487	1.666968
264	-997.117	-1063.869	66.75184	0.6957426	1.096425	2.227279
270	-995.95	-1062.972	67.02206	0.6686273	1.527423	1.831437
276	-999.6042	-1066.387	66.78267	0.5771899	1.560437	2.038576
282	-1000.706	-1068.787	68.08113	1.473697	0.901155	0.6736942
288	-999.4747	-1067.322	67.84743	1.541164	1.098304	0.600563
294	-997.6864	-1065.922	68.23569	1.833948	0.5361773	0.5587748
300	-1009.062	-1076.278	67.21616	0.9242571	0.6361264	2.114928
306	-1004.66	-1072.5	67.83915	1.021989	0.6809012	1.577533
312	-1005.62	-1073.624	68.00376	0.9028416	0.6440811	1.580758
318	-1005.102	-1073.058	67.95607	1.006464	0.9079736	1.291596
324	-1000.757	-1068.594	67.83719	1.016087	1.174427	1.164918
330	-1006.427	-1074.369	67.94184	0.8651742	1.276289	1.128458
336	-1002.284	-1069.682	67.39827	0.7319757	1.204663	1.703055
342	-999.0732	-1066.481	67.40774	0.6827312	1.073244	1.814155
348	-1001.12	-1068.295	67.17525	1.038177	1.184385	1.656459
354	-998.152	-1066.169	68.01743	1.195608	0.8576659	1.124828
360	-1001.109	-1069.394	68.28502	1.164567	0.5711315	1.240761
366	-996.6614	-1064.728	68.06619	1.375815	0.9206912	0.8145804
372	-1003.15	-1070.985	67.83439	1.434313	1.077768	0.8348167
378	-997.7136	-1066.075	68.36167	1.104155	0.6370629	1.144578
384	-995.7264	-1063.775	68.04878	1.592607	0.8187187	0.6845575
390	-995.3273	-1063.671	68.34366	1.426441	0.694518	0.7261482
396	-994.4707	-1062.608	68.13723	1.426441	0.884775	0.690517
402	-1000.288	-1067.352	67.06401	0.4244465	1.127797	2.182115
408	-1001.444	-1068.408	66.96422	0.6978519	1.373192	1.930142
414	-1004.78	-1072.004	67.22385	0.9557924	1.372411	1.567657
420	-1001.01	-1068.959	67.94917	1.526889	1.007616	0.5999685
426	-1012.847	-1081.363	68.51603	1.416711	0.5947245	0.6836875
432	-1003.017	-1071	67.98367	0.9780412	0.7275638	1.457418
438	-1005.344	-1072.653	67.3089	0.5446163	1.002057	2.021325
444	-1000.028	-1067.929	67.90075	1.399836	1.088	0.7802649
450	-1007.462	-1075.23	67.76813	1.21174	1.198566	1.028963
456	-1013.583	-1081.03	67.44749	1.21174	1.761823	0.9259111
462	-999.9712	-1067.782	67.81051	1.372267	1.175067	0.8309936
468	-1006.577	-1074.477	67.89935	1.496674	1.06254	0.6636903
474	-1008.013	-1076.273	68.25987	1.159661	0.6711257	1.144344
480	-998.0431	-1066.269	68.22584	1.12507	0.7228223	1.145339
486	-1000.4	-1068.196	67.79681	1.240885	1.222536	0.949475
492	-1000.636	-1068.89	68.25353	1.068132	0.6350711	1.270063
498	-998.6396	-1066.43	67.79	1.088341	1.210339	1.114571
504	-996.161	-1064.271	68.1101	1.058906	0.9081243	1.114571
510	-1004.491	-1071.878	67.38741	0.6474278	1.163838	1.795025
516	-998.8539	-1066.296	67.44195	0.8054754	0.9631945	1.780682
522	-1002.229	-1069.638	67.40858	0.7837346	1.017907	1.780682
528	-1005.485	-1072.346	66.8606	0.6945984	1.443018	1.965815
534	-1003.37	-1070.845	67.47429	0.6945984	0.9042522	1.877435
540	-999.371	-1067.569	68.1976	1.116142	0.7687325	1.12759
546	-1001.795	-1069.387	67.59156	1.077284	1.183641	1.312831
552	-995.7865	-1063.702	67.9157	1.104104	0.8037315	1.339887
558	-999.883	-1067.897	68.01433	1.005857	0.8057709	1.33767
564	-998.04	-1065.918	67.87763	1.158581	0.9599876	1.183816
570	-1001.117	-1069.194	68.07718	1.160319	1.060484	0.8914613
576	-1006.753	-1075.056	68.30341	1.31569	0.6578449	0.9718274
582	-1003.312	-1071.035	67.72339	0.8662156	1.15842	1.393439
588	-1004.809	-1072.441	67.63167	0.8662156	1.117276	1.492207
594	-999.229	-1066.816	67.58671	1.387625	1.571257	0.6743967
600	-1007.194	-1074.925	67.73126	1.434019	1.26283	0.7520104
606	-1005.794	-1073.46	67.66654	1.501688	1.347296	0.6173813
612	-1007.002	-1074.491	67.48952	1.598436	1.456566	0.6056355
618	-1002.416	-1070.218	67.80209	1.717202	0.9802078	0.4692445
624	-1000.259	-1068.219	67.95987	0.9040744	1.065949	1.241058
630	-1002.76	-1070.877	68.11669	1.391791	0.9027781	0.7489184
636	-1000.171	-1068.608	68.43605	1.415379	0.5835118	0.8289062
642	-1001.958	-1070.003	68.04466	1.111356	0.8125481	1.219576
648	-1008.837	-1076.384	67.54676	1.111356	1.196166	1.312626
654	-1013.18	-1080.421	67.24087	0.9517872	1.114232	1.716131
660	-1004.464	-1072.85	68.38572	1.520996	0.5495057	0.8241186
666	-1005.788	-1073.835	68.04664	1.450256	0.7927978	0.9196086
672	-1003.683	-1071.668	67.98526	1.421846	0.8710614	0.9196086
678	-1003.638	-1071.404	67.76562	1.421846	0.9689224	1.037756
684	-997.8725	-1065.4	67.52708	0.6635703	0.8043103	1.93889
690	-998.6205	-1066.403	67.78265	0.8444578	0.7675626	1.667125
696	-992.1853	-1059.626	67.44091	0.91165	1.018897	1.667125
702	-995.2067	-1063.184	67.97775	1.052505	0.7696108	1.363951
708	-989.0579	-1056.406	67.34819	0.6791758	0.9467891	1.94276
714	-998.0567	-1065.436	67.37977	0.9817615	1.708187	1.237299
720	-1004.859	-1072.318	67.45966	0.8039335	1.116723	1.664131
726	-1001.17	-1068.397	67.22737	0.9849405	1.419678	1.516339
732	-998.2894	-1065.954	67.66415	1.044733	1.070631	1.363349
738	-999.2414	-1067.232	67.99011	1.15968	0.9252202	1.115453
744	-996.1547	-1064.361	68.20662	1.453741	0.6808409	0.8940158
750	-998.2854	-1066.199	67.91314	1.455599	1.043594	0.7426614
756	-996.5148	-1064.368	67.85328	1.603156	1.003913	0.6571133
762	-1009.815	-1077.875	68.06018	1.327284	0.809428	1.012768
768	-997.0355	-1064.919	67.88309	1.262581	1.036437	1.012768
774	-999.7021	-1067.678	67.97592	1.663781	0.8597237	0.4328554
780	-997.0843	-1064.88	67.79593	1.72562	0.9747446	0.450426
786	-996.4154	-1064.494	68.07877	1.853249	0.5908646	0.3452168
792	-989.087	-1056.963	67.87596	1.801667	0.8164712	0.4037408
798	-990.2998	-1057.88	67.57977	1.66005	1.264971	0.4075452
804	-999.0493	-1067.44	68.3911	1.582094	0.5374473	0.7593713
810	-995.9272	-1064.295	68.36782	1.582094	0.6069178	0.60565
816	-997.254	-1065.523	68.26936	1.582094	0.672282	0.6259611
822	-1001.9	-1069.406	67.50516	1.661456	1.372137	0.4479678
828	-1001.756	-1069.564	67.80788	1.661456	0.9796973	0.6798674
834	-1001.986	-1069.914	67.92808	1.495005	0.9796973	0.7561877
840	-1004.923	-1072.937	68.01398	1.349408	1.108927	0.6401568
846	-1008.567	-1076.512	67.94514	1.408503	1.108927	0.6611935
852	-1005.506	-1073.09	67.58402	1.41546	1.454531	0.7719868
858	-1003.878	-1072.051	68.17334	1.402291	0.8283181	0.7719868
864	-1004.54	-1072.842	68.30203	1.519308	0.6717039	0.6903786
870	-999.1538	-1067.457	68.30281	1.328865	0.6232092	1.00769
876	-1002.792	-1071.14	68.34751	1.202899	0.7735297	0.8855096
882	-1007.097	-1075.075	67.97779	1.371039	1.059879	0.7490732
888	-995.6942	-1063.662	67.96747	1.371039	1.13996	0.63191
894	-998.5507	-1066.535	67.98452	1.410186	0.9394615	0.8490337
900	-1004.25	-1071.746	67.496	1.165297	1.478564	1.116667
906	-1004.136	-1072.201	68.06561	1.173723	0.6529658	1.317011
912	-997.9077	-1065.513	67.60564	1.036999	1.230928	1.300841
918	-993.9206	-1061.538	67.61745	1.023765	1.198663	1.324484
924	-1000.049	-1068.008	67.95911	1.233481	0.6807539	1.324484
930	-1000.978	-1068.681	67.70318	0.7913184	0.7212252	1.800841
936	-1000.417	-1067.712	67.29459	0.5457982	1.075006	1.982805
942	-999.0422	-1066.298	67.25599	0.7470615	0.8161711	2.054778
948	-1004.016	-1071.501	67.4849	0.7269887	1.174562	1.663766
954	-1005.164	-1072.833	67.669	0.9329255	0.8613835	1.606523
960	-1004.469	-1071.574	67.10467	0.6256185	1.10089	2.039903
966	-1006.207	-1072.959	66.75271	0.5058112	1.097078	2.347865
972	-999.709	-1067.259	67.54972	0.9976627	0.8212735	1.678527
978	-998.6977	-1066.553	67.85555	0.7998855	0.8306669	1.592908
984	-1000.226	-1067.498	67.27127	1.064278	1.192938	1.562429
990	-998.8789	-1065.899	67.01962	0.5834444	0.8488535	2.290302
996	-999.659	-1066.463	66.80423	0.7084646	0.9976881	2.246797
1002	-998.6992	-1065.851	67.15168	0.9348473	0.9257916	1.917725
1008	-999.3001	-1066.679	67.37841	0.6494087	1.198249	1.778828
1014	-1015.169	-1080.812	65.64354	2.76964	1.092836	0.07944944
1020	-1011.974	-1077.914	65.93977	2.58689	1.092836	0.09109465
1026	-1003.868	-1069.622	65.7544	2.72764	1.11775	0.08873606
1032	-1005.488	-1071.055	65.56741	2.72764	1.313604	0.08684222
1038	-1007.604	-1073.36	65.75623	2.782984	1.086115	0.09179454
1044	-1004.006	-1071.654	67.64828	0.9057413	0.7817206	1.706905
1050	-1000.616	-1068.421	67.80541	0.84761	0.7289382	1.682788
1056	-1001.544	-1069.371	67.8278	1.240721	0.932121	1.180987
1062	-997.3251	-1065.17	67.8453	1.112641	1.233436	1.021004
1068	-999.9946	-1067.258	67.26359	1.061865	1.233436	1.544064
1074	-996.2955	-1063.707	67.41203	1.003938	1.356209	1.398969
1080	-994.749	-1061.746	66.99708	0.6465055	1.011938	2.15291
1086	-1008.016	-1075.4	67.38454	0.6113598	0.7923917	2.077936
1092	-997.5202	-1064.436	66.91549	0.6072588	1.141823	2.151542
1098	-998.6248	-1065.382	66.75682	0.7266801	1.220304	2.131986
1104	-997.9489	-1064.962	67.01329	0.8241362	0.9934576	2.037715
1110	-1009.464	-1076.397	66.93332	2.105172	1.329775	0.2634376
1116	-1001.344	-1068.566	67.22246	2.053589	1.032467	0.2499745
1122	-1001.04	-1068.166	67.12625	2.000393	1.217167	0.2603247
1128	-1000.13	-1067.522	67.39196	2.000393	1.012498	0.3112336
1134	-1000.969	-1068.271	67.30176	2.000393	1.127971	0.3286275
1140	-998.5797	-1066.262	67.68253	1.78161	0.9939858	0.3670537
1146	-1001.083	-1068.425	67.34157	1.825647	1.37542	0.4645097
1152	-1003.072	-1071.34	68.2673	1.825647	0.504729	0.3812153
1158	-1007.318	-1075.617	68.29905	1.825647	0.504729	0.4696251
1164	-988.5418	-1055.779	67.23698	1.026918	1.318123	1.537487
1170	-1000.992	-1069.071	68.07959	1.989229	0.5196045	0.3813084
1176	-1010.473	-1078.566	68.09318	1.871604	0.5926002	0.3953207
1182	-1004.934	-1072.346	67.41215	0.4166361	0.85229	2.142042
1188	-992.7447	-1059.627	66.88212	0.6037556	0.8968323	2.331186
1194	-997.7718	-1065.183	67.41122	0.7345194	1.151889	1.725037
1200	-1000.355	-1067.541	67.18643	0.5864556	1.16424	1.973119
1206	-1004.149	-1071.225	67.07558	0.2344693	1.094048	2.316872
1212	-1003.962	-1071.131	67.16882	0.3089849	1.226746	2.132089
1218	-1002.372	-1069.629	67.25706	0.6615163	1.02458	1.963007
1224	-1005.003	-1072.968	67.96439	1.425304	0.8374527	0.9779908
1230	-1000.58	-1068.639	68.05924	0.9470769	0.6465529	1.504459
1236	-995.6167	-1063.228	67.6116	0.8060385	0.895592	1.711465
1242	-990.3517	-1057.44	67.08846	0.6643175	1.121696	2.012221
1248	-991.1024	-1057.572	66.46998	0.686825	1.2017	2.352618
1254	-990.2503	-1057.26	67.00923	0.5449845	0.8536648	2.318032
1260	-990.8709	-1057.561	66.6902	0.5703052	0.7276917	2.596736
1266	-991.6121	-1058.981	67.36884	0.6770519	1.061903	1.85223
1272	-987.7187	-1055.069	67.3508	0.7816937	1.01892	1.821398
1278	-990.8557	-1057.95	67.09411	0.3708073	1.149676	2.184521
1284	-984.7219	-1052.019	67.29712	0.6657489	0.8495224	2.056079
1290	-989.3948	-1056.099	66.70384	0.6352671	1.277039	2.194693
1296	-989.847	-1056.261	66.4138	0.4810922	1.748672	2.258102
1302	-989.5544	-1056.669	67.11481	0.4560276	0.9241985	2.258102
1308	-993.569	-1060.19	66.62146	0.2280296	0.9583549	2.688053
1314	-1009.148	-1077.035	67.88725	1.598439	1.014997	0.5191851
1320	-1004.439	-1072.586	68.14684	0.4585343	0.7303618	1.715269
1326	-995.1746	-1062.099	66.92431	0.6993845	0.9874258	2.181771
1332	-994.3099	-1061.889	67.5787	0.6815595	0.8036472	1.892318
1338	-998.8534	-1066.12	67.26618	0.8212991	1.098972	1.799511
1344	-1000.877	-1068.149	67.27195	0.7850251	0.7518439	2.07007
1350	-1003.793	-1071.58	67.78665	1.685254	0.9829576	0.362512
1356	-1000.958	-1068.67	67.71139	1.685254	1.083172	0.3983214
1362	-991.4931	-1059.012	67.51879	0.7490056	0.765369	1.918283
1368	-995.4779	-1062.64	67.16197	0.7490056	1.015228	1.974281
1374	-999.1723	-1066.174	67.0015	0.7397381	1.015228	2.086884
1380	-991.1935	-1058.813	67.6196	0.6917973	0.8561259	1.81602
1386	-990.3661	-1056.935	66.56863	0.507691	1.432968	2.284096
1392	-995.8751	-1063.622	67.74671	0.9144271	0.8512006	1.571665
1398	-994.2308	-1061.288	67.05742	1.011528	1.511359	1.571665
1404	-991.3952	-1058.028	66.6332	0.2266498	1.002017	2.654416
1410	-1000.607	-1067.832	67.22478	0.08566184	1.214437	2.247403
1416	-997.229	-1064.343	67.11357	0.2922768	0.7381295	2.498144
1422	-1000.363	-1067.689	67.32554	0.1473345	1.040103	2.245504
1428	-1001.524	-1068.739	67.21473	0.1400762	0.9437025	2.382715
1434	-995.4046	-1062.758	67.35356	0.1490662	1.373083	2.036802
1440	-999.95	-1067.253	67.30322	0.249151	0.8707446	2.30704
1446	-1000.506	-1067.405	66.89914	0.1914794	1.078561	2.464813
1452	-1003.675	-1070.517	66.84235	0.3852579	0.9407175	2.464813
1458	-1002.81	-1070.424	67.61413	0.8882813	1.113521	1.491404
1464	-1001.514	-1069.156	67.64182	0.8120054	0.749474	1.804443
1470	-999.7638	-1066.572	66.80833	0.3438099	1.317734	2.293487
1476	-999.993	-1066.641	66.64845	0.3853641	1.027089	2.53128
1482	-1001.221	-1068.666	67.44546	0.5442693	1.131652	1.846121
1488	-1005.917	-1073.341	67.42448	0.7284994	0.7982938	1.968967
1494	-1002.197	-1069.907	67.70992	0.892924	1.272171	1.304891
1500	-992.2028	-1059.546	67.34289	0.6003646	0.8616489	2.060038
1506	-1006.906	-1073.98	67.07373	0.7696726	1.276939	1.859798
1512	-994.8154	-1061.809	66.99352	1.105486	1.231866	1.708584
1518	-989.8416	-1057.573	67.73159	0.7565888	0.6906718	1.832459
1524	-1004.963	-1073.235	68.2721	1.226059	0.7154639	1.01698
1530	-1005.585	-1073.457	67.87215	1.173749	0.9910266	1.147641
1536	-1006.663	-1074.492	67.82851	1.219644	1.021188	1.11876
1542	-999.0488	-1066.423	67.37391	0.7123772	1.074867	1.81598
1548	-1002.424	-1068.789	66.36505	0.5280477	1.081745	2.586088
1554	-1010.789	-1076.844	66.05493	0.6774347	1.262725	2.586088
1560	-1007.332	-1073.972	66.64086	0.5347437	1.138097	2.37653
1566	-1000.198	-1067.049	66.85073	0.401749	1.138097	2.327713
1572	-994.7593	-1061.306	66.54661	0.2958334	1.021182	2.653432
1578	-995.4391	-1062.731	67.29168	0.6632089	1.006137	1.950869
1584	-996.0512	-1063.423	67.37215	0.4404184	0.9758304	2.065941
1590	-995.17	-1062.429	67.25895	0.9849952	0.9973177	1.758967
1596	-991.8146	-1059.378	67.56322	1.024804	0.9725993	1.529553
1602	-991.4484	-1059.593	68.14419	0.8159504	0.6193291	1.566942
1608	-994.5375	-1062.591	68.0537	1.194045	0.9644108	0.9826452
1614	-989.7952	-1057.994	68.19844	1.315889	0.7890143	0.9053022
1620	-995.3389	-1063.388	68.04927	1.111887	0.7062136	1.322942
1626	-1010.099	-1077.819	67.71944	1.042534	1.268143	1.174264
1632	-1005.837	-1073.703	67.86552	1.25526	1.161801	0.9172843
1638	-1000.409	-1068.326	67.91645	1.118664	1.206304	0.9668312
1644	-993.1132	-1061.119	68.006	1.151968	0.7634056	1.267005
1650	-985.1576	-1052.495	67.33701	0.6894918	1.066577	1.862443
1656	-995.8256	-1062.693	66.86717	0.9130229	0.9331411	2.116264
1662	-996.9826	-1063.704	66.72183	0.4087855	0.9331411	2.530417
1668	-996.9548	-1063.332	66.3768	0.5096728	0.9321831	2.682107
1674	-995.6693	-1062.3	66.63111	0.7166843	1.325626	2.163233
1680	-997.028	-1064.76	67.73171	0.4280929	0.8089966	1.95594
1686	-992.4966	-1059.249	66.7524	0.3122279	1.610517	2.208639
1692	-993.4812	-1060.127	66.64587	0.5439295	1.081195	2.400829
1698	-996.5852	-1063.356	66.77083	0.4036085	1.551894	2.164241
1704	-1005.025	-1072.71	67.68506	1.909448	0.8339298	0.3217839
1710	-998.0722	-1064.911	66.83924	0.6217229	1.222261	2.14559
1716	-1001.395	-1068.272	66.87711	0.4113606	1.013804	2.379601
1722	-995.681	-1062.601	66.9204	0.3680705	1.013804	2.379601
1728	-990.2898	-1057.455	67.16477	0.3596084	1.013804	2.228941
1734	-991.2641	-1057.4	66.13562	0.4819608	1.013804	2.795599
1740	-984.7579	-1051.245	66.48663	0.1218281	1.221035	2.684393
1746	-986.9945	-1053.422	66.42752	0.1294577	1.013572	2.832591
1752	-1006.579	-1074.625	68.04651	1.332942	1.004501	0.7828656
1758	-1004.355	-1072.222	67.86698	1.274646	1.299247	0.742127
1764	-1008.884	-1076.323	67.43807	1.274646	1.593782	0.9884205
1770	-994.2162	-1060.956	66.73946	0.3784933	0.900733	2.559819
1776	-992.6074	-1059.315	66.70716	0.4107932	0.900733	2.559819
1782	-995.9048	-1062.265	66.36008	0.5074712	1.069475	2.609099
1788	-1001.545	-1067.816	66.27096	0.319051	1.462692	2.576215
1794	-994.991	-1061.119	66.12794	0.296358	1.225952	2.794453
1800	-995.849	-1062.073	66.22432	0.09925758	1.142094	2.900321
1806	-995.3918	-1061.546	66.15415	0.09899211	1.296025	2.862693
1812	-995.7284	-1062.544	66.81573	0.08008499	1.192864	2.521664
1818	-993.5615	-1060.768	67.20688	0.05449312	0.7281808	2.595814
1824	-987.3444	-1054.128	66.7841	0.07291899	1.228615	2.526564
1830	-991.6267	-1058.601	66.97437	0.01908676	1.076873	2.526564
1836	-1000.062	-1067.019	66.95723	0.02494409	0.9722914	2.597403
1842	-1003.797	-1070.241	66.44366	0.06480386	0.9302053	2.913532
1848	-1012.334	-1079.381	67.04762	0.2210749	1.184857	2.290706
1854	-1002.73	-1070.555	67.82519	1.21785	1.21551	0.9502228
1860	-1006.19	-1074.01	67.81961	1.323093	1.147317	0.9074109
1866	-1002.564	-1070.035	67.47145	1.130143	1.467925	1.176631
1872	-997.2099	-1064.971	67.76071	1.100139	1.1509	1.176631
1878	-1000.904	-1068.571	67.66709	1.087193	0.9348014	1.433618
1884	-997.2562	-1065.645	68.38917	1.00866	0.7345303	1.089486
1890	-996.0781	-1064.101	68.02297	1.013205	0.9183495	1.221201
1896	-996.5194	-1064.12	67.601	0.9173594	1.458691	1.253244
1902	-997.1214	-1064.762	67.6406	1.01196	1.25004	1.279483
1908	-998.2862	-1065.84	67.55401	0.8332725	1.277994	1.469722
1914	-992.758	-1060.094	67.33632	0.7105752	0.8432793	2.005032
1920	-1000.255	-1067.398	67.14259	0.5493426	1.210001	2.000345
1926	-1000.397	-1067.222	66.82488	0.5787206	1.873524	1.86981
1932	-996.1953	-1063.744	67.5489	0.8851155	0.7950891	1.779857
1938	-993.8921	-1061.315	67.42329	1.245394	1.37659	1.179067
1944	-1002.567	-1069.518	66.95152	1.245394	2.172426	1.137771
1950	-996.9051	-1064.296	67.39083	0.6672491	0.9172201	1.94307
1956	-1000.639	-1067.773	67.1342	0.5657672	1.30829	1.939626
1962	-1003.422	-1070.028	66.60637	0.4120059	0.8698594	2.642383
1968	-1002.271	-1069.324	67.05345	0.7242191	1.755235	1.661035
1974	-1000.398	-1067.911	67.51271	0.8784649	0.9402216	1.696521
1980	-997.0734	-1065.322	68.24868	1.135994	0.7693626	1.061573
1986	-999.0144	-1066.884	67.86953	1.159368	1.035798	1.123224
1992	-998.6159	-1066.902	68.28649	1.075212	0.6066943	1.27025
1998	-998.8831	-1066.98	68.09669	0.9816742	0.6341454	1.463106
2004	-1006.43	-1074.637	68.20623	0.9831582	0.5537444	1.468278
2010	-1005.406	-1073.421	68.01516	1.234299	0.805091	1.146191
2016	-1001.413	-1069.542	68.12904	1.245518	0.7779627	1.061303
2022	-1000.717	-1068.291	67.5736	1.307602	0.9831279	1.293989
2028	-997.8349	-1065.378	67.54259	1.307602	1.300484	1.070534
2034	-999.6716	-1067.567	67.89536	0.9857836	1.149174	1.16025
2040	-996.5401	-1064.286	67.74596	0.9857836	1.029406	1.376648
2046	-995.2391	-1063.075	67.83601	0.9856949	0.8817027	1.425656
2052	-998.3005	-1065.679	67.3789	0.6176502	0.9141764	1.986512
2058	-998.5316	-1065.681	67.14919	0.8975769	0.8681081	1.986512
2064	-1004.452	-1071.064	66.61201	0.7021288	1.366182	2.164067
2070	-1000.999	-1068.107	67.10758	0.6937562	0.8466467	2.164067
2076	-1002.281	-1069.871	67.58981	0.7752655	1.240969	1.509842
2082	-993.6505	-1061.046	67.39598	0.9095554	1.123573	1.629496
2088	-986.3075	-1053.839	67.53137	0.7561909	0.9943045	1.73052
2094	-992.3264	-1060.007	67.68044	0.9157701	0.9410522	1.547647
2100	-992.3437	-1059.771	67.42725	0.8290723	0.989466	1.755831
2106	-995.1011	-1062.162	67.06056	0.671237	1.263733	1.942991
2112	-990.0481	-1057.625	67.57726	0.6553699	1.062469	1.722195
2118	-992.2042	-1059.791	67.58679	0.4910819	0.9134176	1.932469
2124	-1002.748	-1070.341	67.59366	1.567157	1.3859	0.5208256
2130	-995.1388	-1062.945	67.80608	1.567157	1.121051	0.5821742
2136	-997.3365	-1065.398	68.06126	1.35659	0.9751209	0.7705257
2142	-999.3709	-1067.68	68.30924	1.25965	0.6600824	1.019219
2148	-998.1028	-1065.704	67.60095	0.9454604	0.9858064	1.550428
2154	-1006.133	-1073.882	67.74916	0.8315439	0.7852855	1.684956
2160	-1000.627	-1067.675	67.04793	0.7507434	1.11139	1.98795
2166	-996.1513	-1063.37	67.21851	0.6804344	1.233441	1.846849
2172	-994.7676	-1061.671	66.90355	0.7846462	1.187187	2.016082
2178	-993.5874	-1061.249	67.66192	0.9382238	0.906456	1.57177
2184	-998.0133	-1065.594	67.5809	0.9337456	1.318553	1.3451
2190	-1004.445	-1071.764	67.31898	0.8667463	1.088157	1.738073
2196	-1002.049	-1069.283	67.23461	0.8837992	1.076073	1.792971
2202	-993.5303	-1061.863	68.33241	1.181732	0.5179876	1.255977
2208	-997.5726	-1065.703	68.13022	1.202798	0.6687	1.222098
2214	-997.7462	-1065.266	67.51973	1.142558	1.195171	1.30996
2220	-1006.565	-1074.194	67.62931	1.296311	1.450595	0.8703764
2226	-1006.669	-1074.52	67.85093	1.300778	1.157348	0.8870618
2232	-1003.417	-1071.296	67.87896	1.264302	1.125842	0.9282159
2238	-1000.719	-1068.618	67.89928	1.292919	0.9033807	1.098079
2244	-998.0514	-1066.234	68.18303	1.011522	0.7657381	1.23416
2250	-998.1923	-1065.093	66.90047	0.7889681	1.720495	1.739652
2256	-996.6015	-1064.447	67.84564	0.753508	0.9622357	1.529181
2262	-992.7993	-1060.781	67.98156	0.8112849	0.8590595	1.466909
2268	-998.9654	-1066.161	67.19544	0.6818586	1.152729	1.909743
2274	-997.7898	-1065.494	67.70432	1.143972	1.078249	1.244387
2280	-996.4824	-1064.361	67.87814	1.155414	1.111853	1.052167
2286	-997.5311	-1065.196	67.66484	1.036553	1.100665	1.346915
2292	-999.9418	-1067.028	67.0859	0.6910156	1.162553	1.971429
2298	-995.9298	-1063.457	67.52709	0.6316233	0.9406352	1.857995
2304	-997.8001	-1065.289	67.48909	0.6812094	0.8145524	1.944519
2310	-983.9002	-1051.495	67.59489	0.6642255	0.962397	1.77312
2316	-986.4627	-1053.934	67.47174	0.9209104	1.431678	1.371324
2322	-993.563	-1061.737	68.17356	0.8250679	0.8935414	1.274812
2328	-988.1151	-1056.01	67.89458	0.9872251	0.919537	1.34664
2334	-990.5188	-1057.565	67.0466	0.6354833	1.352088	1.927898
2340	-998.0502	-1066.056	68.00547	0.9309294	0.7276045	1.476575
2346	-996.7496	-1064.074	67.32395	0.811372	1.089932	1.772149
2352	-1000.629	-1067.321	66.69225	0.8461787	1.130074	2.148279
2358	-999.1447	-1066.479	67.33402	0.7929767	0.896755	1.911398
2364	-1004.896	-1072.307	67.41114	1.050584	0.7273193	1.818142
2370	-1008.313	-1075.516	67.203	0.9959141	1.287155	1.603753
2376	-999.5357	-1067.072	67.53638	1.07209	0.9885497	1.50222
2382	-1001.78	-1069.763	67.98245	0.9180076	1.017856	1.249514
2388	-1004.195	-1071.851	67.65589	0.72184	0.8973754	1.738202
2394	-994.6221	-1062.192	67.56993	0.8840833	1.315909	1.394536
2400	-998.7869	-1065.579	66.79166	0.446631	1.051234	2.388225
2406	-999.972	-1066.646	66.67351	0.3389917	1.051234	2.529947
2412	-987.5181	-1054.102	66.58394	0.2821355	1.211771	2.529947
2418	-990.5723	-1058.297	67.72496	0.7451688	0.672743	1.861144
2424	-1005.954	-1073.285	67.33046	0.4024948	1.113317	2.030507
2430	-994.5065	-1061.653	67.14676	0.8391131	0.8895132	2.011398
2436	-989.2327	-1056.485	67.25233	0.8132761	0.9939767	1.884201
2442	-987.6664	-1054.479	66.81247	0.5575422	0.8572807	2.432125
2448	-994.8545	-1062.372	67.51721	0.5588185	0.9280416	1.923208
2454	-991.4894	-1059.113	67.62375	0.9496181	1.261605	1.335718
2460	-989.5038	-1057	67.49669	0.612262	1.137719	1.759811
2466	-989.0944	-1056.722	67.62796	0.7977472	1.137719	1.532174
2472	-990.2497	-1057.792	67.54229	0.9836383	0.8896307	1.638905
2478	-992.292	-1059.55	67.25753	0.6920118	1.135728	1.871072
2484	-992.971	-1060.515	67.54433	0.2147306	1.163588	1.982761
2490	-995.5676	-1062.717	67.14904	0.4903077	0.9623266	2.188211
2496	-995.9426	-1063.183	67.24048	0.6359167	0.9869649	2.016193
2502	-991.8006	-1059.226	67.42589	0.7426778	1.039774	1.782307
2508	-1011.108	-1078.814	67.70592	0.9697999	1.115321	1.356523
2514	-998.1624	-1066.174	68.01135	0.7560092	0.8644731	1.481611
2520	-996.576	-1064.401	67.82457	0.9347564	0.8644731	1.48767
2526	-996.3621	-1064.08	67.71782	0.7944484	0.5889763	1.912466
2532	-993.1767	-1060.113	66.93614	0.5669107	0.5752498	2.576241
2538	-993.8774	-1061.518	67.64093	0.7036424	0.8091683	1.830243
2544	-1006.142	-1073.042	66.89916	0.5115166	0.9323808	2.354833
2550	-1003.77	-1071.223	67.45338	0.6022124	1.029381	1.867104
2556	-998.983	-1065.627	66.64376	0.2456166	0.9715213	2.655202
2562	-1001.78	-1067.899	66.11878	0.4044828	1.391636	2.65101
2568	-999.247	-1066.425	67.17825	0.355355	1.391636	2.006586
2574	-1001.691	-1068.093	66.40207	0.7206634	1.735563	2.11596
2580	-991.7481	-1059.321	67.57247	0.7975296	1.059202	1.626477
2586	-992.4743	-1060.242	67.76817	0.664099	0.7916197	1.78394
2592	-990.3109	-1057.077	66.76589	0.5183804	1.351166	2.191173
2598	-994.4851	-1061.376	66.89072	0.4470019	0.8825281	2.434817
2604	-992.6279	-1058.937	66.3096	0.4176661	0.9939586	2.740745
2610	-996.8311	-1063.779	66.94774	0.5584001	0.7165258	2.452429
2616	-996.329	-1063.888	67.55914	0.649792	0.7469757	1.973122
2622	-1003.284	-1070.06	66.77612	0.71824	1.364389	2.046812
2628	-1000.28	-1068.226	67.94592	0.8497404	0.9022354	1.428495
2634	-999.8728	-1067.59	67.71678	1.007691	1.207378	1.250213
2640	-1009.604	-1077.112	67.50773	1.084769	1.360869	1.254267
2646	-1007.417	-1074.999	67.58262	1.023992	1.358946	1.243766
2652	-1000.41	-1068.522	68.1113	0.7969549	0.7839429	1.44526
2658	-1004.272	-1071.931	67.65972	0.8832843	0.6741147	1.809799
2664	-1008.541	-1076.469	67.92763	1.247739	1.131171	0.8870484
2670	-1007.63	-1075.556	67.92681	1.307895	0.7416686	1.225331
2676	-1011.014	-1079.045	68.0312	1.237035	0.8246024	1.108905
2682	-1001.06	-1069.007	67.9469	1.009456	0.6105005	1.578957
2688	-997.8635	-1065.667	67.80356	0.9280339	0.8777892	1.497421
2694	-999.5461	-1067.441	67.89526	1.20956	1.140003	0.9554499
2700	-1001.479	-1069.191	67.71197	1.35765	1.427108	0.6941975
2706	-1006.526	-1074.569	68.04276	0.9990625	1.171864	0.9908684
2712	-997.6663	-1065.459	67.79222	1.173792	1.167816	1.068095
2718	-1009.352	-1077.362	68.00972	1.041589	1.023567	1.113777
2724	-1002.976	-1070.917	67.94172	1.340734	0.7311426	1.195901
2730	-1004.016	-1071.14	67.12378	0.6758206	1.17927	1.946238
2736	-999.5573	-1066.514	66.95631	0.3540183	1.044036	2.346974
2742	-998.829	-1066.612	67.78257	0.9727461	1.167716	1.253535
2748	-1001.86	-1069.329	67.46898	0.829517	1.018925	1.705528
2754	-999.2821	-1066.556	67.27374	0.7929032	1.373838	1.64884
2760	-1002.467	-1070.029	67.56215	0.9513423	1.295752	1.360774
2766	-1005.435	-1072.852	67.41629	0.8346914	0.8125718	1.891515
2772	-998.8375	-1067.197	68.35935	1.32044	0.6733605	0.883205
2778	-996.2044	-1064.234	68.02979	1.083025	0.7187346	1.348717
2784	-1005.736	-1073.749	68.01261	1.083025	0.7766313	1.304873
2790	-995.5658	-1063.24	67.67459	1.083025	1.096536	1.304873
2796	-1007.397	-1075.702	68.30567	1.045655	0.7858107	1.074289
2802	-1005.289	-1073.391	68.10109	0.8986828	0.9454022	1.227857
2808	-1004.906	-1072.149	67.24276	0.9521585	1.312862	1.591321
2814	-1004.782	-1072.255	67.47298	0.5776578	1.2708	1.719528
2820	-998.0189	-1065.418	67.39933	0.9799743	0.9984759	1.662511
2826	-998.2047	-1065.849	67.64452	0.8678553	1.193643	1.429108
2832	-1001.257	-1068.386	67.12856	0.6785487	1.098648	1.990207
2838	-996.4713	-1064.065	67.59369	0.5988348	0.8240991	1.922064
2844	-1004.815	-1072.31	67.49476	0.7045567	0.8112206	1.927583
2850	-999.2529	-1066.519	67.2666	0.5405431	1.10909	1.983706
2856	-1000.063	-1067.274	67.2112	0.685769	1.015146	1.983706
2862	-996.0936	-1062.567	66.47338	0.5143139	1.426368	2.343836
2868	-999.6873	-1067.13	67.44234	0.4517042	0.7724161	2.160282
2874	-997.6546	-1064.655	67.0002	0.5222055	0.8178764	2.364261
2880	-1002.676	-1069.568	66.89168	0.4228223	1.399047	2.147102
2886	-1008.181	-1075.316	67.13546	0.3297108	0.9430148	2.313056
2892	-999.4542	-1066.467	67.01328	0.528094	1.058041	2.190114
2898	-1007.716	-1074.963	67.24792	0.4438111	0.8624819	2.22352
2904	-1006.073	-1073.971	67.89829	0.8605591	1.013892	1.367334
2910	-997.6055	-1065.176	67.57078	0.8057677	0.8763645	1.75513
2916	-997.7942	-1064.299	66.50429	0.6363292	1.101971	2.419583
2922	-1000.993	-1068.682	67.68846	1.023989	1.276354	1.211014
2928	-1006.823	-1074.055	67.23202	1.04823	1.239017	1.573836
2934	-995.4115	-1062.516	67.10455	0.6945108	1.249039	1.905904
2940	-995.5363	-1062.071	66.53437	0.8249378	1.192463	2.22824
2946	-998.8132	-1066.405	67.59132	1.148604	0.7963172	1.560375
2952	-994.3229	-1062.112	67.78932	1.168759	1.160045	1.081987
2958	-996.3756	-1064.179	67.80355	1.19379	1.361209	0.8671865
2964	-993.1659	-1060.919	67.75343	1.478654	1.284268	0.5787225
2970	-995.4412	-1063.208	67.76668	1.548663	1.198397	0.5215534
2976	-999.969	-1067.927	67.95826	1.762781	0.7868951	0.584188
2982	-996.7638	-1065.128	68.36462	1.572915	0.6216153	0.5777394
2988	-992.5681	-1060.368	67.80016	1.572915	1.13207	0.5345074
2994	-995.5119	-1063.876	68.36377	1.472732	0.6691833	0.6680658
3000	-1001.373	-1068.674	67.30136	1.472732	1.82942	0.7237069
3006	-995.9064	-1063.668	67.76112	1.311632	1.241785	0.8931542
3012	-1007.797	-1075.344	67.54721	1.129826	1.2291	1.273994
3018	-998.1277	-1065.43	67.30271	0.7088783	1.164221	1.810872
3024	-1003.022	-1070.242	67.21952	0.6774087	1.070694	1.947636
3030	-999.2142	-1066.446	67.23185	0.6297899	0.7616415	2.189831
3036	-999.2399	-1066.552	67.31225	0.7170148	0.6333662	2.189831
3042	-997.6429	-1065.278	67.63525	1.079484	1.253732	1.225136
3048	-993.9794	-1062.138	68.1581	1.046767	0.7503704	1.241334
3054	-998.0297	-1065.917	67.88766	1.124375	0.9185598	1.241334
3060	-1007.215	-1074.826	67.61049	0.9497242	0.8523275	1.643986
3066	-1004.098	-1071.64	67.54204	0.9032267	0.9121505	1.679211
3072	-1008.901	-1076.429	67.52765	0.7727911	1.118432	1.636568
3078	-999.4884	-1066.894	67.40522	0.7454104	1.154602	1.719877
3084	-1003.184	-1070.974	67.78986	0.818613	1.295579	1.284519
3090	-1004.214	-1072.098	67.88317	0.962076	0.9358016	1.361987
3096	-1008.347	-1075.754	67.40724	0.9764035	0.7080302	1.888483
3102	-1007.603	-1075.586	67.98271	0.8793352	1.074925	1.235496
3108	-1003.083	-1070.833	67.75015	1.034207	0.8653805	1.467992
3114	-1011.471	-1079.271	67.80024	1.201404	1.207147	1.000136
3120	-1014.051	-1081.76	67.70959	1.10763	1.034726	1.30433
3126	-1008.838	-1076.409	67.57091	1.072638	1.019899	1.452085
3132	-1000.659	-1067.805	67.14618	0.5868481	1.004355	2.099362
3138	-1003.396	-1070.152	66.75632	0.6162232	1.236358	2.195203
3144	-1001.275	-1068.312	67.03747	0.5139679	1.191102	2.104113
3150	-995.8174	-1063.166	67.34829	0.4492302	0.7604739	2.232184
3156	-998.2193	-1065.693	67.47328	0.6794502	1.119756	1.740641
3162	-988.3244	-1055.527	67.20247	0.9029871	1.29315	1.667494
3168	-989.433	-1056.335	66.90217	0.9029871	1.385226	1.826207
3174	-999.9528	-1067.872	67.91929	0.7783724	0.8502792	1.545543
3180	-988.8784	-1056.795	67.91649	0.9138083	1.090738	1.249602
3186	-985.4627	-1053.711	68.24793	1.168997	0.608832	1.221552
3192	-988.8019	-1056.773	67.97132	1.168997	0.792121	1.252959
3198	-997.2819	-1065.413	68.1311	1.114838	0.7900666	1.16496
3204	-998.7012	-1066.703	68.00208	0.9951437	0.918473	1.253771
3210	-990.7779	-1058.796	68.01825	0.9310817	0.918473	1.293199
3216	-989.7893	-1057.584	67.79513	0.9076549	0.8708977	1.524647
3222	-994.9599	-1063.056	68.0966	1.483864	0.9071251	0.5984006
3228	-996.0488	-1063.799	67.75026	1.525632	1.24504	0.5115128
3234	-1003.654	-1071.363	67.70869	1.417647	1.29247	0.7728259
3240	-997.3572	-1064.932	67.57523	1.388955	1.602223	0.6507241
3246	-994.5967	-1062.829	68.23259	1.388955	0.8655929	0.6109979
3252	-998.8092	-1066.96	68.15034	1.186568	1.068872	0.7540563
3258	-993.9062	-1061.86	67.95381	1.301224	1.068872	0.8617318
3264	-989.9826	-1057.809	67.82668	1.062731	1.228159	1.090405
3270	-997.5926	-1065.13	67.53778	1.096998	1.491523	1.131911
3276	-994.4205	-1061.827	67.40689	0.948597	1.110379	1.60212
3282	-992.3246	-1059.155	66.83026	0.5996615	1.250432	2.150183
3288	-1004.732	-1071.587	66.85551	0.672594	1.111207	2.166269
3294	-1006.885	-1073.153	66.26841	0.7772323	1.412338	2.313782
3300	-1011.301	-1078.633	67.33258	0.9889325	0.8486528	1.814852
3306	-1004.32	-1071.995	67.67474	0.7510555	0.8486528	1.742317
3312	-996.3063	-1063.76	67.45348	0.6515332	1.259186	1.68793
3318	-999.8933	-1066.909	67.01517	0.4372308	1.32127	2.097187
3324	-993.6742	-1061.315	67.64121	0.7724423	1.11313	1.557714
3330	-993.8614	-1061.894	68.03257	0.7900935	0.7864527	1.507704
3336	-1000.119	-1067.776	67.65714	1.047587	0.7122465	1.661076
3342	-993.3348	-1061.201	67.86669	0.8507165	0.7616516	1.607318
3348	-993.7889	-1060.587	66.79828	0.3342173	0.8737399	2.569112
3354	-1005.1	-1071.445	66.34519	0.2680554	1.210385	2.687094
3360	-1005.65	-1072.195	66.54528	0.1847091	1.009459	2.729606
3366	-996.7448	-1063.557	66.8124	0.1268928	0.8145376	2.729606
3372	-997.8603	-1064.599	66.73828	0.6811652	1.269229	2.146728
3378	-989.2503	-1057.045	67.79467	0.7928458	0.751296	1.709422
3384	-984.8695	-1052.523	67.65309	0.9882921	0.901206	1.545577
3390	-984.5072	-1051.881	67.37389	0.8897026	0.9449422	1.782584
3396	-987.1564	-1055.043	67.88654	1.113536	0.4849106	1.688175
3402	-993.59	-1061.675	68.08457	1.018239	0.5332744	1.556802
3408	-997.6676	-1065.163	67.49536	0.9405558	1.02657	1.601636
3414	-998.1894	-1065.651	67.46192	0.8522213	0.7281746	1.91817
3420	-985.1015	-1052.742	67.64057	0.9710966	0.6352519	1.799023
3426	-985.1606	-1052.671	67.51026	0.9394924	1.328635	1.389828
3432	-998.6321	-1066.402	67.7698	1.20322	0.6651639	1.510375
3438	-1001.503	-1068.809	67.30594	1.151757	1.291406	1.407252
3444	-986.8684	-1053.189	66.32033	0.495338	1.07861	2.635801
3450	-990.3279	-1056.438	66.11007	0.4564687	0.9538782	2.863451
3456	-1001.233	-1068.653	67.42007	0.452045	0.8842119	2.090451
3462	-992.6531	-1060.416	67.76338	0.9055835	0.8963624	1.529025
3468	-992.3814	-1059.831	67.44962	0.7931963	1.135053	1.666997
3474	-997.3986	-1064.617	67.21858	0.7895387	1.289929	1.738281
3480	-996.902	-1063.444	66.54244	0.566837	0.8668389	2.588265
3486	-995.7631	-1062.368	66.60471	0.4203216	1.177316	2.449344
3492	-996.5126	-1064.199	67.68674	1.103118	1.163788	1.227528
3498	-1000.335	-1068.221	67.88581	0.9911153	1.127659	1.180966
3504	-1001.06	-1068.152	67.09209	0.9911153	1.709128	1.458333
3510	-992.1818	-1059.363	67.18089	0.7370098	1.085302	1.92419
3516	-993.6213	-1060.959	67.33775	0.6484025	1.085302	1.877884
3522	-991.1031	-1058.652	67.54922	0.7069194	0.8070505	1.892398
3528	-994.539	-1061.932	67.39304	0.7208719	0.7891788	2.002305
3534	-994.7238	-1062.238	67.51441	0.6169552	0.9864617	1.844445
3540	-997.9511	-1065.738	67.78681	0.6630787	0.7066679	1.844445
3546	-996.5623	-1063.855	67.29265	0.9986056	1.511392	1.404147
3552	-998.306	-1066.408	68.10195	0.9986056	0.8911291	1.191269
3558	-1001.642	-1069.685	68.04262	1.216578	0.9045004	1.033823
3564	-1002.605	-1069.737	67.13109	0.4491183	1.079147	2.151848
3570	-996.8496	-1063.799	66.94976	0.2759985	1.018417	2.416335
3576	-1002.421	-1069.371	66.95001	0.3274672	0.966995	2.416335
3582	-999.5512	-1066.586	67.03518	0.4388229	1.354784	2.065281
3588	-996.1897	-1062.949	66.75936	0.6199353	1.147588	2.241041
3594	-995.3876	-1062.902	67.51413	0.7536519	1.009762	1.733574
3600	-994.072	-1061.258	67.18603	0.9022014	0.8427261	1.977849
3606	-998.2534	-1065.836	67.5825	0.4461357	0.8964225	1.977849
3612	-1001.653	-1068.784	67.13111	0.7323837	1.036912	1.991805
3618	-1001.588	-1068.581	66.99298	0.8910412	1.22303	1.863163
3624	-999.9566	-1067.19	67.23374	0.9872022	1.953575	1.225637
3630	-994.3075	-1061.216	66.90856	0.4731153	1.121121	2.254989
3636	-991.4122	-1058.103	66.69096	0.6929156	1.121121	2.253572
3642	-994.6343	-1061.825	67.19074	0.767695	1.056072	1.915561
3648	-997.1551	-1064.615	67.45986	0.8247311	0.7623508	1.90941
3654	-989.6321	-1057.543	67.91118	0.8785447	0.7623508	1.553792
3660	-992.4412	-1060.008	67.56721	0.6678467	1.02979	1.742692
3666	-999.2682	-1066.219	66.95054	0.7260356	1.602836	1.804211
3672	-991.0582	-1057.888	66.82967	0.5467038	1.235224	2.193345
3678	-997.8954	-1064.773	66.87742	0.578297	0.9050359	2.34473
3684	-999.2865	-1065.9	66.61383	0.36123	1.048587	2.554835
3690	-996.2474	-1063.102	66.8551	0.1199597	1.048587	2.554835
3696	-994.595	-1061.853	67.25833	0.1689228	0.8563153	2.396714
3702	-997.8279	-1064.694	66.86643	0.4265624	0.9101456	2.444101
3708	-995.6178	-1062.897	67.27934	0.5258088	1.207103	1.926074
3714	-994.6631	-1062.225	67.56201	0.7441523	0.7252349	1.926074
3720	-991.8619	-1059.525	67.66287	0.7844162	0.7502779	1.808275
3726	-992.1143	-1059.417	67.30296	0.8285337	1.03937	1.808275
3732	-987.1821	-1054.745	67.56305	1.019529	1.167133	1.392853
3738	-993.6198	-1060.575	66.95561	0.6047924	1.545826	1.911285
3744	-995.9373	-1063.94	68.00219	1.461549	0.9375984	0.7603115
3750	-996.7161	-1064.951	68.23526	1.157266	0.7932828	1.026468
3756	-1004.826	-1072.492	67.6666	0.7356628	0.9701112	1.666614
3762	-995.791	-1062.613	66.82155	0.1638111	1.183239	2.470964
3768	-997.7326	-1064.626	66.89332	0.2506218	1.183239	2.371029
3774	-998.8123	-1066.119	67.30682	0.207605	0.8041886	2.37945
3780	-1006.702	-1073.795	67.09285	0.4287542	0.8094053	2.371029
3786	-996.5692	-1064.379	67.80988	0.8381432	0.9651424	1.49041
3792	-998.9519	-1066.368	67.41593	0.7799413	1.027901	1.771368
3798	-1001.366	-1068.727	67.36137	0.5772366	0.9396352	2.007192
3804	-1003.692	-1070.132	66.44027	0.4932604	0.9045683	2.671269
3810	-995.7989	-1063.445	67.64617	0.8072241	0.6460726	1.897232
3816	-991.4718	-1059.498	68.02636	0.951673	0.6645201	1.507276
3822	-995.373	-1063.178	67.80452	0.7776669	0.8955142	1.593536
3828	-994.2856	-1061.768	67.48285	0.8305133	0.7798467	1.875442
3834	-998.9375	-1065.626	66.68819	0.5520386	0.9805585	2.431082
3840	-1001.016	-1068.128	67.11191	0.4752539	0.9039462	2.26153
3846	-995.3748	-1062.39	67.01529	0.4521611	1.14266	2.186979
3852	-1003.011	-1071.347	68.33592	1.284619	0.7962855	0.7611731
3858	-1002.199	-1070.28	68.08099	1.424729	0.9529818	0.6622593
3864	-995.4323	-1062.643	67.21056	0.6687859	1.157917	1.9052
3870	-999.0236	-1065.688	66.66424	0.1902124	0.9458431	2.692977
3876	-999.5107	-1066.11	66.59973	0.2518858	1.058591	2.625364
3882	-995.2027	-1061.951	66.74816	0.1338611	1.007169	2.637581
3888	-993.7426	-1059.991	66.24826	0.1300523	1.008086	2.943921
3894	-994.4711	-1061.341	66.87016	0.5082705	1.004896	2.328106
3900	-997.4873	-1064.155	66.66762	0.4323695	1.161016	2.41128
3906	-993.2013	-1059.669	66.46729	0.2202944	1.121098	2.690295
3912	-993.0315	-1060.496	67.46472	0.4754104	1.077401	1.914193
3918	-999.8315	-1066.843	67.0111	0.4595707	0.7156845	2.475354
3924	-998.564	-1065.786	67.22182	0.6047481	1.030014	2.020875
3930	-1004.363	-1071.026	66.66351	0.2982935	0.7604384	2.755348
3936	-1005.965	-1072.428	66.46268	0.5297255	1.044574	2.546461
3942	-1007.555	-1075.646	68.0906	1.164147	0.8200499	1.125881
3948	-1005.414	-1073.309	67.89527	1.239358	0.9632027	1.093078
3954	-996.6124	-1064.05	67.43749	0.711367	1.231768	1.673252
3960	-1004.641	-1072.433	67.79163	1.166909	1.09259	1.137706
3966	-1000.388	-1067.941	67.55279	1.268357	1.389591	1.030336
3972	-989.083	-1056.402	67.31951	0.6779092	0.806444	2.066002
3978	-994.1507	-1060.939	66.78831	0.5530776	1.353276	2.152983
3984	-994.7395	-1062.109	67.36905	0.7335305	0.8795502	1.940585
3990	-1000.619	-1068.347	67.72831	1.28989	1.241578	0.9528926
3996	-1007.745	-1075.655	67.90989	1.486682	0.9509482	0.8319494
4002	-1003.911	-1071.83	67.91877	1.323021	1.212459	0.6977391
4008	-998.0767	-1065.841	67.76446	1.152569	0.8340532	1.393191
4014	-994.1703	-1061.318	67.14795	0.6365577	1.019895	2.055322
4020	-997.8252	-1065.657	67.83217	0.9630043	0.9102604	1.422214
4026	-1001.68	-1069.131	67.45118	1.117791	1.328264	1.295055
4032	-997.849	-1065.947	68.09759	1.166413	0.8694721	1.065817
4038	-997.5304	-1065.192	67.66108	1.129913	0.9789967	1.369571
4044	-999.9155	-1067.584	67.66851	1.293555	0.6049481	1.580631
4050	-1000.377	-1068.249	67.87151	1.290458	0.9991865	1.032788
4056	-1001.801	-1069.82	68.01855	1.206416	0.7616237	1.212687
4062	-1008.107	-1075.785	67.67702	1.532686	1.289565	0.630819
4068	-1003.432	-1071.162	67.73005	1.287396	1.103183	1.074945
4074	-999.8205	-1067.861	68.04007	1.472886	0.9445491	0.665377
4080	-998.1506	-1066.161	68.01075	1.31615	1.052598	0.790356
4086	-1005.02	-1072.56	67.54022	1.31615	1.523369	0.8882795
4092	-1008.249	-1076.219	67.9693	1.315556	1.21194	0.6057131
4098	-1005.503	-1073.846	68.34267	1.327284	0.5569873	1.064897
4104	-1001.937	-1069.89	67.95305	1.327284	1.105119	0.7861917
4110	-1007.586	-1075.759	68.17346	1.366867	0.7828757	0.8841548
4116	-1004.797	-1072.55	67.75371	1.115113	1.084409	1.222235
4122	-1002.473	-1070.403	67.92965	1.006032	0.6042111	1.600647
4128	-1001.19	-1069.162	67.97246	1.059878	0.9625933	1.184846
4134	-1007.118	-1074.277	67.15906	0.7408239	1.370995	1.768317
4140	-1000.694	-1068.301	67.6069	1.055351	0.6306895	1.768317
4146	-1003.308	-1071.606	68.29826	1.274975	0.6070627	1.085736
4152	-1006.106	-1073.816	67.70992	0.9588282	0.9053709	1.521945
4158	-1007.952	-1075.499	67.54702	0.974795	1.212427	1.409214
4164	-995.2338	-1063.267	68.03311	1.122099	0.7876793	1.244954
4170	-1003.919	-1070.974	67.0546	0.8654505	1.279829	1.805448
4176	-1005.675	-1072.766	67.09126	0.4922474	0.7331307	2.390403
4182	-1003.175	-1070.172	66.99743	0.9969917	1.469721	1.648004
4188	-1005.525	-1072.213	66.68795	0.8556581	1.58925	1.901784
4194	-999.7967	-1066.654	66.8568	0.9390878	1.801073	1.626759
4200	-1002.272	-1070.352	68.08074	1.064012	0.6850977	1.358035
4206	-999.5942	-1067.666	68.07188	1.004906	0.838132	1.261227
4212	-1002.396	-1070.412	68.01527	1.142143	0.9036817	1.129347
4218	-1004.109	-1071.786	67.677	1.142143	1.452966	0.9841451
4224	-1017.662	-1084.634	66.9725	1.047244	1.737957	1.491964
4230	-1004.052	-1071.536	67.48316	1.130588	1.201372	1.344555
4236	-1002.146	-1070.24	68.09417	1.120692	0.7085653	1.276836
4242	-1002.485	-1070.561	68.07638	0.7836765	0.5986852	1.660965
4248	-994.3024	-1061.271	66.96837	0.7347865	1.219771	1.987229
4254	-994.8436	-1062.046	67.20213	0.6472665	0.8685511	2.116687
4260	-1006.595	-1073.678	67.08358	0.6122341	1.015217	2.116687
4266	-1002.446	-1068.838	66.39231	0.4058249	1.235423	2.55959
4272	-1004.768	-1071.717	66.94905	0.5378581	0.8733515	2.34689
4278	-1003.703	-1070.745	67.04234	0.8326337	1.126644	1.927295
4284	-1004.033	-1071.028	66.99519	0.6494374	1.374096	1.941425
4290	-1004.358	-1071.344	66.98624	0.8183149	0.7628702	2.22576
4296	-1000.055	-1067.32	67.26525	0.8183149	1.228987	1.721216
4302	-998.813	-1066.184	67.37091	0.7643832	1.216966	1.691933
4308	-997.449	-1064.904	67.4552	0.8359827	1.163911	1.613521
4314	-998.8681	-1066.076	67.20738	0.8561858	1.101102	1.814666
4320	-1008.308	-1075.929	67.62167	0.8432943	0.7061706	1.834531
4326	-998.0172	-1064.771	66.75376	0.5559984	0.8415894	2.481072
4332	-1004.089	-1071.418	67.32955	0.9714724	0.8415271	1.834526
4338	-1006.281	-1073.173	66.89224	0.4976029	1.250413	2.176259
4344	-1001.793	-1068.257	66.46446	0.4178471	1.387352	2.429532
4350	-993.7617	-1060.146	66.38471	0.3873274	1.051521	2.678585
4356	-996.7111	-1063.33	66.6188	0.4197047	0.985356	2.554217
4362	-997.1711	-1064.665	67.49419	0.8580553	0.9814596	1.69399
4368	-1003.68	-1070.814	67.13318	0.7438923	0.7851743	2.161329
4374	-998.3634	-1064.703	66.33996	0.4354041	1.051506	2.676546
4380	-1002.361	-1068.639	66.27722	0.7744611	1.240076	2.398291
4386	-997.2377	-1064.052	66.81401	0.5446902	0.9166799	2.398291
4392	-997.7843	-1065.275	67.49051	0.8170214	0.9402515	1.755381
4398	-1005.457	-1072.45	66.99266	0.9318356	1.296197	1.793013
4404	-1008.678	-1075.679	67.00125	0.8310056	0.5997946	2.346912
4410	-1002.661	-1070.109	67.44742	0.7663509	0.6963256	2.012927
4416	-998.8793	-1066.287	67.40783	0.7663509	1.507808	1.495512
4422	-998.1492	-1065.463	67.31416	0.7663509	1.580359	1.526576
4428	-1000.059	-1067.164	67.10505	0.4329678	1.279814	2.063194
4434	-993.0537	-1060.641	67.58729	0.703112	0.9933765	1.729175
4440	-990.872	-1058.46	67.58771	0.8504409	0.9933765	1.623895
4446	-993.8081	-1061.105	67.29712	0.8504409	1.261183	1.656379
4452	-992.4638	-1060.126	67.66211	0.7047048	0.6160468	1.983913
4458	-989.9878	-1057.089	67.10125	0.5620669	0.9490319	2.181588
4464	-994.5961	-1061.628	67.03157	0.5690812	1.174415	2.081438
4470	-994.8622	-1062.307	67.44439	0.7459675	0.7004603	2.024907
4476	-994.3925	-1060.779	66.38639	0.4025348	0.9749237	2.714785
4482	-990.5195	-1056.95	66.43081	0.4582896	1.025625	2.621956
4488	-993.9949	-1059.651	65.65651	0.2899558	1.076819	3.162302
4494	-993.1712	-1059.945	66.7734	0.3021339	1.076819	2.475302
4500	-999.3616	-1066.405	67.04339	0.5830965	1.137342	2.086307
4506	-997.9047	-1064.895	66.99041	0.5418357	1.277988	2.067997
4512	-993.7179	-1061.154	67.43581	0.6744872	0.9996973	1.849765
4518	-993.6927	-1061.069	67.37653	0.6985648	1.098991	1.808065
4524	-996.3874	-1063.35	66.96229	0.6768694	1.153355	2.068447
4530	-999.1025	-1067.345	68.24253	1.189552	0.5637541	1.26462
4536	-1003.057	-1070.884	67.82737	0.9878608	0.8387064	1.467371
4542	-1004.507	-1071.835	67.32714	0.9403313	1.639495	1.351718
4548	-1001.649	-1069.284	67.63493	1.004259	1.451921	1.154221
4554	-997.453	-1065.133	67.67999	0.9979487	0.9055025	1.514984
4560	-999.9164	-1067.497	67.58031	0.8848372	0.8505705	1.713101
4566	-998.6884	-1066.167	67.47888	0.8842358	1.129429	1.583812
4572	-998.3894	-1065.531	67.14146	0.6741765	1.106642	1.979546
4578	-1000.115	-1066.967	66.85179	0.8770543	1.596278	1.771108
4584	-999.0706	-1066.772	67.70143	0.9462423	1.051948	1.425005
4590	-1002.525	-1069.952	67.42695	0.7947776	0.9704963	1.793326
4596	-1009.063	-1076.268	67.20556	0.7476136	0.599035	2.270444
4602	-1004.385	-1070.759	66.37414	0.3593719	0.8939659	2.800669
4608	-1012.575	-1080.106	67.53085	0.375116	0.7848887	2.142734
4614	-1006.324	-1074.16	67.83665	1.022095	1.321811	1.045968
4620	-1000.586	-1068.584	67.99843	1.043639	1.04298	1.104949
4626	-1005.254	-1073.457	68.20272	1.121344	0.7808782	1.104949
4632	-1005.9	-1073.956	68.0554	1.382032	0.993807	0.7112656
4638	-1000.602	-1068.578	67.97614	1.123262	1.00318	1.088219
4644	-1001.715	-1069.779	68.06374	1.182477	0.8579878	1.094301
4650	-1004.171	-1071.984	67.81251	1.760461	0.9302537	0.4995108
4656	-999.8919	-1067.56	67.66836	1.689942	1.137168	0.582989
4662	-1012.406	-1080.329	67.92285	1.209771	1.123146	0.9422923
4668	-1008.496	-1076.517	68.02105	1.16962	1.061134	0.9422923
4674	-1003.749	-1071.358	67.60875	0.967747	1.111289	1.436709
4680	-995.9997	-1063.8	67.79983	1.236251	1.041849	1.111399
4686	-1002.73	-1070.82	68.08995	0.8660631	1.132836	1.106492
4692	-992.4048	-1060.271	67.86615	1.33029	1.059807	0.9374823
4698	-995.0283	-1063.037	68.00885	1.39791	0.6589563	1.170061
4704	-1000.111	-1067.386	67.27551	1.342821	1.811884	0.9354331
4710	-995.5303	-1063.458	67.92792	1.206273	0.7503946	1.299585
4716	-1002.723	-1070.193	67.4702	1.081734	1.342541	1.299585
4722	-994.6682	-1062.639	67.97084	1.16092	0.7028974	1.349863
4728	-993.3992	-1061.512	68.11305	1.058071	1.014722	1.008674
4734	-1000.368	-1068.332	67.96422	1.058071	0.6304404	1.509272
4740	-1000.675	-1068.943	68.26787	0.9625913	0.80161	1.166535
4746	-1002.999	-1070.634	67.63519	1.108653	0.7166303	1.628935
4752	-997.8707	-1065.425	67.55455	0.9735699	1.179687	1.426432
4758	-999.0388	-1066.566	67.52716	0.9984847	1.179687	1.42834
4764	-1007.009	-1074.923	67.91442	0.9984847	1.118487	1.156873
4770	-1001.452	-1069.31	67.85841	0.9004399	1.015572	1.366018
4776	-1003.366	-1071.108	67.74257	1.018763	0.7798784	1.559055
4782	-1000.35	-1067.941	67.59095	0.8985961	1.14646	1.478455
4788	-998.3297	-1066.097	67.76682	0.8679187	0.7919844	1.640606
4794	-997.8164	-1065.514	67.69806	0.7826731	1.004736	1.584707
4800	-996.2792	-1064.216	67.93705	1.125196	0.8234944	1.287021
4806	-997.3012	-1065.483	68.18197	1.125196	0.7903275	1.110046
4812	-994.9193	-1062.767	67.84738	1.19176	1.275398	0.8992259
4818	-996.7059	-1064.977	68.27082	1.19176	0.7108047	1.057114
4824	-993.6157	-1061.491	67.87497	1.101626	1.08137	1.130984
4830	-992.4304	-1060.449	68.01822	1.294387	1.009009	0.8624543
4836	-1003.433	-1071.355	67.92209	1.007883	1.024498	1.219215
4842	-1006.185	-1073.426	67.24075	1.932705	1.261142	0.3175083
4848	-995.7591	-1062.902	67.14262	1.932705	1.358025	0.3019372
4854	-998.9858	-1066.705	67.71942	1.932705	0.7222771	0.2670289
4860	-1003.708	-1070.905	67.19788	1.988938	1.084725	0.2317923
4866	-1004.535	-1071.94	67.40493	2.144961	0.7373333	0.226635
4872	-1005.145	-1072.928	67.78328	1.756833	0.9396795	0.4004097
4878	-1007.438	-1075.097	67.65933	1.799724	1.038181	0.4534419
4884	-1005.196	-1072.697	67.50124	1.862052	1.020851	0.295213
4890	-995.4721	-1063.431	67.95846	1.135015	1.123471	0.9827282
4896	-998.2929	-1066.315	68.0217	1.045069	0.9190975	1.194415
4902	-1001.199	-1069.216	68.01664	1.136751	0.9646593	1.074273
4908	-998.284	-1066.295	68.01139	1.136751	1.091934	0.9564305
4914	-998.7415	-1067.184	68.44223	1.305621	0.5644883	0.9773174
4920	-997.7233	-1065.913	68.18926	1.45622	0.6388002	0.9716411
4926	-1001.112	-1069.117	68.00463	1.45622	0.9671659	0.7173012
4932	-1005.685	-1073.426	67.74119	1.468127	1.318755	0.5555654
4938	-1002.501	-1070.384	67.88315	1.429587	1.123675	0.7115793
4944	-999.49	-1066.986	67.49608	0.6127811	0.7067301	2.073433
4950	-997.2844	-1064.75	67.46535	0.5863007	0.7520199	2.073433
4956	-997.0986	-1064.441	67.34281	0.4797564	0.8873018	2.120724
4962	-995.6085	-1063.473	67.86448	0.7910701	0.7851856	1.631463
4968	-994.2872	-1061.87	67.58319	0.7910701	1.047593	1.631463
4974	-993.7279	-1061.743	68.01532	1.310329	1.076886	0.7594575
4980	-987.5195	-1055.496	67.97678	0.9497797	0.658696	1.55138
4986	-988.393	-1055.993	67.60039	0.8203065	0.8973397	1.707965
4992	-1008.645	-1076.647	68.00258	1.191363	1.158281	0.8357053
4998	-996.5743	-1064.632	68.05721	1.185256	0.8065001	1.150919
5004	-997.7868	-1065.125	67.33798	0.542278	1.037704	1.980088
5010	-1003.45	-1070.824	67.37323	0.9288144	1.051296	1.680631
5016	-995.9252	-1063.315	67.38977	0.7971095	1.221531	1.652337
5022	-988.5774	-1055.852	67.27417	0.6506245	0.928286	2.024315
5028	-998.1704	-1064.617	66.44688	0.7473398	1.78319	2.048592
5034	-1000.33	-1067.479	67.14903	0.7363205	1.480759	1.719734
5040	-1006.851	-1073.249	66.39765	0.444353	1.049611	2.636627
5046	-998.5549	-1065.535	66.97964	0.6368455	0.9286863	2.22567
5052	-997.541	-1064.125	66.58425	0.7373458	1.318517	2.183977
5058	-993.4636	-1060.787	67.3231	0.7252335	0.7894995	2.045599
5064	-992.1744	-1059.2	67.02545	0.6698969	1.311108	1.941188
5070	-987.9343	-1055.347	67.41298	0.5934173	0.9963088	1.922766
5076	-998.6333	-1065.653	67.01941	0.3283819	1.211611	2.224921
5082	-991.9103	-1058.573	66.66227	0.3685173	0.9757645	2.565064
5088	-997.4695	-1063.552	66.08261	0.1620489	0.9757645	3.043669
5094	-1004.271	-1069.962	65.69131	0.3769853	1.429926	2.910433
5100	-1006.206	-1074.002	67.79611	0.8116351	0.8473643	1.61374
5106	-1003.219	-1070.643	67.42409	0.7563463	1.176734	1.684819
5112	-991.275	-1058.418	67.14299	0.4648113	1.084808	2.130363
5118	-990.4082	-1057.372	66.96359	0.3616588	1.084808	2.312703
5124	-991.6556	-1058.79	67.13407	0.6177239	0.9279749	2.138391
5130	-995.7803	-1063.194	67.41348	0.6430321	0.9356624	1.930965
5136	-994.115	-1061.293	67.17783	0.5116283	1.462121	1.865238
5142	-1003.664	-1070.451	66.78698	0.7693351	1.753875	1.817041
5148	-998.9496	-1066.314	67.36442	0.7615727	1.218675	1.697486
5154	-995.3144	-1062.797	67.48245	0.7615727	0.8743289	1.84841
5160	-1009.144	-1076.72	67.5764	0.886851	1.220718	1.44876
5166	-1005.738	-1073.439	67.70158	1.216231	1.21199	1.07696
5172	-1004.674	-1072.643	67.96946	1.216231	0.8783327	1.128763
5178	-1004.326	-1072.202	67.87595	0.8830017	0.7909385	1.551059
5184	-997.2234	-1064.586	67.36225	0.7760754	1.067942	1.784505
5190	-1001.105	-1068.701	67.59523	0.724718	0.9271712	1.756322
5196	-999.7974	-1067.128	67.33021	0.5655675	0.9951364	1.997808
5202	-1008.815	-1076.717	67.9021	1.015687	1.066801	1.194696
5208	-1005.83	-1073.246	67.41596	0.9869918	0.9604371	1.673216
5214	-1005.544	-1072.522	66.97752	0.6011634	1.242747	2.056871
5220	-1008.09	-1075.059	66.96881	0.6755264	0.8664419	2.251195
5226	-1006.068	-1072.829	66.76118	0.7699275	1.771417	1.826585
5232	-995.7612	-1063.009	67.24821	0.5609731	1.040673	2.025525
5238	-1003.921	-1071.974	68.05279	0.685932	0.7014982	1.646661
5244	-1000.61	-1068.356	67.74655	0.7612333	0.6831471	1.825798
5250	-1005.202	-1071.545	66.34311	0.7532283	1.116269	2.439133
5256	-995.0522	-1061.515	66.46285	0.6148047	1.136712	2.439133
5262	-998.9284	-1065.823	66.89461	0.4901174	0.9490879	2.360204
5268	-992.8392	-1059.709	66.8703	0.6377203	1.105171	2.182938
5274	-999.5338	-1066.427	66.89318	0.5064415	1.269917	2.159262
5280	-995.136	-1061.479	66.34271	0.3002032	1.269917	2.637684
5286	-999.7687	-1065.645	65.876	0.1822538	1.425945	2.918327
5292	-999.0612	-1065.596	66.53489	0.1746417	1.011065	2.741146
5298	-996.9114	-1063.359	66.44801	0.5239938	1.225269	2.456425
5304	-997.5674	-1064.253	66.68589	0.5692731	1.289922	2.241995
5310	-991.3272	-1058.908	67.58038	0.8661743	1.105026	1.538947
5316	-992.4451	-1060.297	67.85188	0.7787478	0.7373463	1.691179
5322	-990.5564	-1057.242	66.68565	0.7193505	0.9890263	2.321313
5328	-998.737	-1065.626	66.88895	0.4779296	0.9890263	2.345569
5334	-992.2591	-1059.7	67.44119	0.7797772	0.8419527	1.888921
5340	-999.5025	-1066.286	66.78336	0.4564866	0.9235659	2.468474
5346	-1000.211	-1066.694	66.48236	0.2786216	0.8949377	2.783294
5352	-1015.368	-1083.091	67.72334	1.059953	0.852941	1.479338
5358	-1001.081	-1068.633	67.55165	0.9237911	1.160862	1.479338
5364	-1002.083	-1069.124	67.04094	0.5986574	1.404363	1.928916
5370	-997.4704	-1065.147	67.67668	0.6797438	1.087405	1.616961
5376	-1006.64	-1073.535	66.89547	0.6072942	1.84775	1.812722
5382	-1002.128	-1070.433	68.30476	0.8964143	0.8169909	1.176376
5388	-997.0738	-1065.19	68.1159	1.054154	1.031152	0.9935973
5394	-994.7647	-1062.45	67.68563	0.737663	0.95351	1.6638
5400	-1000.452	-1068.723	68.27094	1.156682	0.7824177	1.004678
5406	-1006.035	-1074.232	68.19669	1.156682	0.98719	0.8395254
5412	-1002.325	-1069.588	67.2629	0.3505988	0.9958219	2.182906
5418	-1003.364	-1070	66.63651	0.5049056	1.078094	2.433177
5424	-992.5589	-1060.734	68.1756	1.122278	0.9289725	0.9691067
5430	-991.6871	-1059.749	68.06164	1.016028	0.9834935	1.126079
5436	-998.0833	-1066.386	68.30229	1.172609	0.7309232	1.020532
5442	-994.1584	-1062.141	67.98281	0.9575988	0.7309232	1.470374
5448	-1003.658	-1071.168	67.51008	0.8928217	0.466402	2.1154
5454	-996.7999	-1063.885	67.08502	0.7936222	1.111281	1.934349
5460	-997.7361	-1064.608	66.87162	0.7784768	1.316862	1.968452
5466	-1000.575	-1067.507	66.9322	0.581178	1.579014	1.927117
5472	-993.7805	-1060.687	66.90671	0.5387845	1.052618	2.255333
5478	-997.5673	-1064.183	66.61525	0.3245925	1.349324	2.412161
5484	-990.271	-1057.061	66.79018	0.2232241	1.081848	2.511187
5490	-988.2247	-1055.068	66.84316	0.3522889	1.081848	2.396872
5496	-978.924	-1045.854	66.92976	0.4439037	1.033519	2.313156
5502	-981.9432	-1048.878	66.93509	0.388616	1.08912	2.311104
5508	-978.9856	-1045.797	66.81135	0.574358	1.024506	2.311104
5514	-985.3327	-1052.109	66.77641	0.4618658	0.9644247	2.442672
5520	-985.1639	-1052.436	67.27196	0.1429676	0.8350756	2.419675
5526	-993.9406	-1061.063	67.12208	0.07507673	0.9409807	2.483718
5532	-1003.282	-1070.749	67.46743	1.062829	0.8072548	1.702287
5538	-1002.846	-1070.053	67.20739	0.6150514	1.245127	1.892286
5544	-999.4058	-1066.331	66.92534	0.3140729	0.9875781	2.427124
5550	-988.8336	-1055.785	66.95164	0.7761545	1.048165	2.074553
5556	-997.3977	-1065.451	68.0537	1.142485	0.8193048	1.178382
5562	-998.7942	-1066.882	68.08821	1.398148	0.8791998	0.8152804
5568	-998.3561	-1066.011	67.65451	1.398148	1.323469	0.8367644
5574	-1001.853	-1069.297	67.44376	0.8814451	0.8642886	1.800166
5580	-1004.193	-1070.373	66.18039	0.2623765	1.386012	2.703196
5586	-995.4893	-1062.478	66.98832	0.4277227	0.9384389	2.347379
5592	-996.7376	-1064.316	67.57835	0.6963143	0.6833457	1.983698
5598	-999.9738	-1067.117	67.14295	0.6425217	0.7844337	2.221248
5604	-999.2807	-1067.591	68.31021	1.396453	0.7774556	0.6518033
5610	-996.0329	-1064.161	68.12807	1.293285	0.9844318	0.7516296
5616	-1005.691	-1073.897	68.20528	1.293285	0.7226663	1.007499
5622	-997.0664	-1064.506	67.43933	0.7496138	0.978249	1.81054
5628	-1000.039	-1067.11	67.07059	0.8697498	1.290598	1.785213
5634	-999.9121	-1067.482	67.56991	0.7317992	0.8375144	1.837196
5640	-995.2346	-1062.369	67.13489	0.7569921	1.278886	1.82542
5646	-994.0147	-1061.467	67.45272	0.8784485	1.237322	1.537384
5652	-997.5849	-1065.241	67.65566	1.061865	1.237322	1.234495
5658	-1007.351	-1075.189	67.83823	0.9218362	0.7980298	1.544022
5664	-1001.885	-1070.195	68.30984	1.506184	0.6699593	0.7039131
5670	-1009.233	-1077.41	68.17642	1.463108	0.798308	0.7286409
5676	-999.5968	-1067.338	67.74158	1.533344	1.219084	0.6160977
5682	-999.3177	-1067.291	67.97366	1.533344	0.9744782	0.6070207
5688	-1004.078	-1071.869	67.79128	1.369201	1.083623	0.9516697
5694	-999.3421	-1066.801	67.4587	0.5352384	0.8483028	2.036433
5700	-995.5464	-1061.971	66.42494	0.2278027	1.174349	2.682213
5706	-1000.374	-1067.135	66.76054	0.188559	0.8739939	2.682213
5712	-1007.176	-1073.233	66.0571	0.3871738	1.319402	2.734725
5718	-1005.038	-1071.983	66.94473	0.4761835	1.033896	2.282731
5724	-1005.046	-1072.047	67.00038	0.5755702	1.313245	2.019889
5730	-1008.84	-1076.418	67.5782	1.012707	1.189827	1.370618
5736	-1005.835	-1073.466	67.63056	1.223304	0.9030062	1.382676
5742	-1000.183	-1066.868	66.68521	0.3956068	0.8122094	2.644327
5748	-1001.216	-1067.947	66.73073	0.2623855	1.232488	2.439279
5754	-1001.81	-1068.885	67.07534	0.4656488	1.495071	1.949271
5760	-992.3195	-1059.623	67.30365	0.7785073	0.9143654	1.928888
5766	-999.9626	-1066.897	66.93426	0.8304405	1.639757	1.724911
5772	-1000.587	-1068.348	67.76113	0.6831988	0.8771228	1.706889
5778	-992.5733	-1059.267	66.69349	0.6831988	0.8771228	2.414019
5784	-993.0069	-1059.986	66.97888	0.582404	0.8865255	2.290236
5790	-996.9384	-1063.967	67.02869	0.5066877	0.8802644	2.311172
5796	-998.1935	-1064.47	66.276	0.3861309	1.492891	2.517388
5802	-994.1616	-1061.103	66.9415	0.4148083	1.060558	2.307561
5808	-999.1791	-1065.928	66.74859	0.4075394	1.060558	2.434407
5814	-998.481	-1065.717	67.23641	0.8661371	0.697609	2.085381
5820	-999.5008	-1067.084	67.5833	0.7914934	0.988252	1.673065
5826	-996.3073	-1063.3	66.99304	0.4905907	1.305666	2.085003
5832	-999.6608	-1066.981	67.32048	0.2815663	1.135996	2.103161
5838	-999.2338	-1066.541	67.30693	0.3583345	1.570102	1.827892
5844	-1001.85	-1068.237	66.38716	0.5970485	2.009388	2.095735
5850	-988.8412	-1056.462	67.6204	0.8267308	0.9430774	1.654513
5856	-988.6687	-1055.191	66.52221	0.6848683	1.115102	2.369906
5862	-989.9005	-1057.172	67.27112	0.7920497	0.9201357	1.937544
5868	-990.135	-1057.565	67.4297	0.8922516	1.043688	1.671679
5874	-987.0596	-1054.283	67.22352	0.7080089	1.054008	1.935068
5880	-987.4999	-1054.722	67.22181	0.8323398	0.7294351	2.090349
5886	-988.7524	-1055.334	66.58128	0.5180602	1.374278	2.298385
5892	-991.584	-1058.659	67.07493	0.5112109	1.172647	2.092008
5898	-991.7012	-1059.042	67.34032	0.6597947	0.7727222	2.090685
5904	-996.4153	-1063.544	67.12862	0.8853566	1.048416	1.882866
5910	-995.329	-1062.489	67.15984	0.6545776	0.9878298	2.056689
5916	-1000.054	-1067.508	67.45357	0.7581001	0.8877342	1.86047
5922	-995.5572	-1063.365	67.80828	0.9515946	1.005346	1.373205
5928	-994.4241	-1061.621	67.19673	1.012843	1.037889	1.755003
5934	-997.2184	-1064.023	66.80414	0.6373697	1.590381	1.970072
5940	-1000.129	-1067.424	67.29531	0.6474809	0.6646675	2.217931
5946	-1000.908	-1068.281	67.37378	0.2786545	1.066387	2.112577
5952	-994.8029	-1062.565	67.76193	1.122817	0.8083117	1.441163
5958	-1002.64	-1070.261	67.62133	0.9255464	1.343415	1.303124
5964	-1005.155	-1072.765	67.61027	0.8684473	0.9430557	1.631825
5970	-1000.648	-1066.779	66.13076	0.6070787	1.252432	2.588057
5976	-1001.287	-1068.943	67.65562	0.9692167	1.17535	1.353895
5982	-997.2337	-1064.793	67.55971	0.9157025	1.17535	1.469611
5988	-1004.227	-1071.778	67.55182	1.046002	1.266526	1.312761
5994	-1004.045	-1071.947	67.90261	1.15147	1.124739	1.020897
6000	-1006.902	-1074.496	67.59399	1.041375	1.361295	1.217987
6006	-1008.495	-1076.347	67.85267	1.138341	0.985935	1.199931
6012	-1003.125	-1070.7	67.5749	1.394254	1.60825	0.6297866
6018	-1000.637	-1068.423	67.78631	1.310583	1.229342	0.8776017
6024	-997.147	-1065.158	68.01146	1.146954	0.9446565	1.088857
6030	-1005.445	-1073.406	67.96126	1.098646	0.9408528	1.180502
6036	-1005.437	-1073.559	68.12153	1.103247	1.003817	0.9652644
6042	-996.4238	-1064.38	67.9563	0.9179643	1.003817	1.282668
6048	-996.9471	-1064.725	67.77769	0.8349958	1.272369	1.296764
6054	-994.335	-1062.164	67.82931	1.220319	1.148727	1.003775
6060	-993.4047	-1061.316	67.91085	1.273178	0.9564896	1.053305
6066	-1002.18	-1070.345	68.16563	1.34325	0.8726576	0.7950965
6072	-1004.721	-1071.759	67.03792	0.9096068	1.094318	1.898403
6078	-994.8749	-1061.771	66.89645	0.7939592	1.286185	1.958262
6084	-995.07	-1062.896	67.8264	1.15017	1.178532	1.049094
6090	-993.4035	-1060.517	67.11345	0.456397	1.229079	2.070391
6096	-997.3158	-1063.565	66.24948	0.555152	1.323328	2.510103
6102	-999.5282	-1067.768	68.23936	1.451622	0.716737	0.7993729
6108	-1002.775	-1071.006	68.23109	1.235724	0.9134688	0.7919311
6114	-996.6562	-1062.616	65.95985	0.2682115	1.284212	2.883767
6120	-989.2902	-1057.261	67.97045	1.186949	1.014756	1.022151
6126	-994.079	-1062.152	68.07319	1.090481	1.014756	1.015998
6132	-1000.326	-1067.72	67.39446	0.9924596	1.35726	1.420831
6138	-1000.898	-1068.564	67.66601	0.9172294	0.9767945	1.529933
6144	-996.3611	-1063.756	67.39483	0.02317077	1.05138	2.273738
6150	-997.7305	-1064.444	66.71382	0.0282105	1.263476	2.579706
6156	-994.2354	-1060.391	66.15539	0.09073052	1.467901	2.78521
6162	-991.5882	-1059.555	67.96724	0.9428272	1.126976	1.152514
6168	-992.5761	-1060.188	67.61186	1.08036	1.10757	1.349114
6174	-991.3671	-1059.387	68.0202	1.182796	0.7450568	1.248405
6180	-993.0079	-1060.588	67.57979	1.134002	0.8699272	1.517244
6186	-989.3714	-1057.175	67.80394	1.163888	0.6039059	1.577518
6192	-992.3789	-1060.025	67.64621	0.8414118	0.6404579	1.879236
6198	-981.9503	-1049.323	67.37278	0.7666249	0.8014177	1.975589
6204	-993.1827	-1060.695	67.5126	0.7311174	0.6981478	1.991387
6210	-992.2462	-1058.842	66.59622	0.4533339	1.064003	2.499178
6216	-990.5076	-1057.674	67.1668	0.3786457	0.983709	2.234778
6222	-995.0492	-1061.399	66.34937	0.472769	0.9281758	2.724169
6228	-1000.579	-1067.473	66.8941	0.6316762	1.622772	1.89804
6234	-998.599	-1065.186	66.58727	0.5961335	1.121166	2.381371
6240	-1001.386	-1068.963	67.57709	0.827201	1.100228	1.573369
6246	-1005.714	-1072.962	67.24806	0.6552951	1.748218	1.573369
6252	-991.4198	-1058.967	67.54668	0.8724282	1.208016	1.490524
6258	-998.4847	-1066.077	67.59236	0.7463971	0.932417	1.739271
6264	-1000.055	-1067.26	67.20511	0.7008035	0.7199972	2.194842
6270	-997.6776	-1065.096	67.41814	0.8435323	1.40065	1.490338
6276	-992.9714	-1060.094	67.12247	0.8435323	1.344283	1.73688
6282	-996.8344	-1064.72	67.88513	0.9198871	0.6765586	1.622554
6288	-1001.004	-1068.327	67.32273	0.8755026	1.25684	1.622554
6294	-994.434	-1061.824	67.39006	0.7359357	0.7871348	1.995879
6300	-1001.367	-1069.198	67.83091	0.9643877	1.102087	1.269839
6306	-1005.794	-1073.15	67.35616	0.9597918	1.237735	1.548383
6312	-1006.205	-1073.341	67.13528	0.9650537	1.856596	1.371844
6318	-1009.514	-1077.046	67.53266	0.9667086	1.54696	1.214797
6324	-991.729	-1059.434	67.70492	1.002435	0.9244823	1.477665
6330	-990.1365	-1057.871	67.73406	1.002435	1.080751	1.333795
6336	-997.796	-1065.011	67.21505	0.3312998	1.362929	2.013083
6342	-996.337	-1063.298	66.96109	0.5146535	0.9749675	2.285235
6348	-993.9038	-1061.242	67.33837	0.5248132	0.8701099	2.106522
6354	-999.1328	-1066.595	67.46244	0.8636895	0.9867309	1.708709
6360	-999.1632	-1067.174	68.01038	1.146322	0.9873415	1.049308
6366	-998.1559	-1065.973	67.81751	1.146322	0.9841882	1.224567
6372	-1006.875	-1074.708	67.83298	1.030274	1.287257	1.068493
6378	-1003.015	-1070.313	67.29861	1.217165	1.0968	1.493015
6384	-1011.227	-1079.008	67.78068	1.159987	0.9987692	1.231724
6390	-1005.333	-1073.848	68.51517	1.082114	0.5409698	1.153668
6396	-999.0551	-1066.97	67.91443	1.138987	0.8625477	1.257755
6402	-995.3535	-1063.615	68.26149	1.138987	0.6216916	1.219932
6408	-995.9017	-1063.814	67.91276	1.145474	0.8652898	1.251207
6414	-999.8034	-1068.046	68.24281	1.073379	0.6555253	1.251207
6420	-1003.037	-1070.35	67.31255	0.9996395	1.738989	1.26151
6426	-1001.539	-1068.786	67.24672	0.5854177	1.14732	1.943525
6432	-1000.999	-1068.197	67.19788	0.5700507	0.852362	2.181571
6438	-996.8558	-1063.233	66.37734	0.5716503	1.255828	2.454576
6444	-996.4774	-1063.452	66.97468	0.3952572	0.8259413	2.454576
6450	-1006.194	-1074.007	67.8134	1.18103	1.15949	1.048198
6456	-1008.517	-1076.41	67.89326	0.9547476	1.15949	1.181094
6462	-1000.881	-1068.573	67.6913	1.641534	1.160766	0.5968233
6468	-1002.166	-1070.329	68.16213	1.63796	0.728093	0.5566401
6474	-1004.169	-1072.229	68.05939	1.562335	0.8249267	0.706748
6480	-1002.241	-1070.61	68.36851	1.539219	0.5179705	0.8830656
6486	-999.0574	-1067.253	68.19593	1.495348	0.8087947	0.596809
6492	-1009.629	-1077.889	68.2597	1.374573	0.8099304	0.7149542
6498	-1002.835	-1070.655	67.81922	1.365682	1.191729	0.8094713
6504	-1005.955	-1074.078	68.12324	1.476043	0.7406476	0.8757239
6510	-996.4526	-1063.843	67.38991	0.6862415	0.9773674	1.888455
6516	-996.2591	-1063.969	67.71039	0.856513	1.029549	1.502856
6522	-1001.004	-1069.152	68.14775	1.588289	0.7614874	0.6290139
6528	-1004.476	-1072.598	68.12198	1.579362	0.7614874	0.6993857
6534	-995.4243	-1063.476	68.05151	1.579362	0.8695424	0.5650753
6540	-996.3989	-1063.673	67.27424	0.7065337	1.037872	1.91234
6546	-995.3638	-1062.746	67.382	0.7676098	1.15867	1.718026
6552	-1006.01	-1074.049	68.03893	1.431705	0.9937465	0.6485215
6558	-1004.1	-1072.277	68.1771	1.431705	0.6735101	0.9605895
6564	-990.6059	-1058.022	67.41655	1.111842	1.078412	1.496507
6570	-991.0338	-1058.497	67.46315	0.6757054	1.220667	1.68714
6576	-1000.12	-1067.486	67.36604	0.8761491	1.220667	1.61301
6582	-998.0358	-1065.507	67.47164	0.8195587	1.03998	1.696108
6588	-1003.854	-1071.204	67.35049	0.7481534	1.504912	1.553293
6594	-999.4522	-1067.233	67.78044	0.9463685	0.9055389	1.478264
6600	-1003.984	-1071.955	67.97104	1.107504	0.9055389	1.196777
6606	-1004.689	-1072.498	67.80929	0.9690314	1.468311	1.013508
6612	-1001.03	-1069.127	68.09704	1.255009	0.8761291	0.9720812
6618	-1010.38	-1078.138	67.7576	1.265013	1.163056	1.017799
6624	-1011.721	-1079.716	67.99435	1.485197	0.9251029	0.7564485
6630	-1009.518	-1077.678	68.1605	1.402298	0.6679388	1.014766
6636	-1004.857	-1072.915	68.05871	1.021123	0.6107468	1.487064
6642	-1007.007	-1074.745	67.73844	1.025232	1.170657	1.244389
6648	-1011.019	-1079.024	68.00492	1.047644	0.7829895	1.333397
6654	-1011.138	-1079.655	68.51788	1.435265	0.5664101	0.7214135
6660	-1007.924	-1076.029	68.10429	1.465125	0.7833887	0.8490381
6666	-1005.034	-1072.998	67.9635	1.341143	0.8530399	1.044654
6672	-1008.461	-1076.394	67.93248	1.229626	1.287495	0.7251618
6678	-1009.768	-1077.88	68.11221	1.56795	0.7451997	0.7645958
6684	-1000.117	-1067.952	67.83581	1.468859	1.095446	0.7645958
6690	-1012.636	-1080.939	68.30204	1.468859	0.6082821	0.8822731
6696	-1006.534	-1074.503	67.96871	1.468859	0.8465336	0.9163312
6702	-1005.798	-1073.592	67.79406	1.090174	1.173527	1.138266
6708	-1001.674	-1069.357	67.68243	1.102738	1.309359	1.123622
6714	-1002.099	-1069.364	67.26541	2.29662	0.7602546	0.2446846
6720	-1007.943	-1075.932	67.98862	1.529849	0.9744175	0.5688195
6726	-1003.353	-1071.213	67.86013	1.540953	1.094904	0.5682498
6732	-1005.971	-1073.834	67.86223	0.9279841	0.524115	1.79024
6738	-1008.061	-1075.402	67.34066	1.083383	1.367424	1.385753
6744	-1016.311	-1084.676	68.36482	1.736785	0.5155904	0.5629144
6750	-1006.985	-1074.823	67.83799	0.801199	1.068219	1.419541
6756	-997.4845	-1065.185	67.701	0.9530968	0.9994836	1.459487
6762	-1001.531	-1069.933	68.40173	1.562888	0.6103095	0.4969932
6768	-992.5477	-1060.687	68.1395	1.411174	0.8574371	0.7603118
6774	-1000.313	-1068.36	68.04671	0.7383147	1.000954	1.356816
6780	-1006.536	-1074.1	67.564	0.9491937	1.08963	1.499984
6786	-1006.266	-1073.548	67.28213	0.972858	1.538002	1.417287
6792	-1005.461	-1073.478	68.01706	0.972858	0.9663627	1.217855
6798	-1006.49	-1073.833	67.34292	0.81244	1.12925	1.732691
6804	-1003.457	-1070.558	67.1006	0.4612444	1.501609	1.931987
6810	-1005.5	-1072.433	66.93237	0.7805816	1.8475	1.665294
6816	-1006.611	-1073.483	66.87275	0.6774854	1.891115	1.761139
6822	-1007.7	-1075.305	67.60421	1.104018	1.002758	1.415479
6828	-1007.252	-1075.379	68.12701	1.167459	0.6546868	1.270153
6834	-1006.792	-1074.524	67.73182	0.9182704	1.212943	1.307331
6840	-1004.519	-1072.466	67.94688	1.568497	0.9522178	0.6433347
6846	-1001.226	-1069.075	67.84921	1.568497	1.07998	0.5564707
6852	-1001.432	-1069.047	67.61523	1.074555	1.174763	1.302224
6858	-1004.592	-1072.7	68.10742	1.050286	0.7398313	1.291135
6864	-1015.505	-1083.372	67.86701	1.425306	1.158931	0.6915743
6870	-1016.292	-1083.819	67.52734	0.9908938	1.065098	1.513575
6876	-1002.883	-1070.55	67.66695	0.9195318	0.9927485	1.515504
6882	-996.1309	-1064.017	67.88645	1.096844	0.6314784	1.537215
6888	-1004.639	-1072.308	67.6693	0.9500865	0.8243685	1.624323
6894	-1004.261	-1072.352	68.09137	0.8769179	0.7872652	1.395866
6900	-998.5666	-1066.046	67.47962	0.8463531	0.8567972	1.805429
6906	-994.6688	-1062.175	67.50587	0.7378536	1.181802	1.636337
6912	-995.8783	-1063.672	67.79326	0.9816242	0.709507	1.613103
6918	-998.7172	-1066.55	67.83288	0.8541285	1.182947	1.298608
6924	-1000.895	-1068.806	67.91123	0.9632577	1.182947	1.139529
6930	-998.4444	-1066.134	67.68952	0.7696938	0.9704919	1.625433
6936	-997.4222	-1065.15	67.72792	0.8992489	1.143168	1.374772
6942	-1003.294	-1069.552	66.25752	0.6165146	1.342149	2.457178
6948	-997.1095	-1063.628	66.51877	0.5679201	1.304799	2.34193
6954	-993.9994	-1061.755	67.75516	0.8290854	0.8323169	1.643058
6960	-998.874	-1066.632	67.75795	0.8791485	0.9246957	1.53012
6966	-994.1434	-1061.739	67.59565	0.9649696	0.961968	1.557881
6972	-994.1919	-1061.726	67.53455	0.7810675	0.961968	1.73391
6978	-1003.275	-1070.353	67.07804	0.9081387	1.324423	1.73391
6984	-997.3927	-1064.586	67.19365	0.8445975	1.383152	1.663952
6990	-999.8829	-1066.691	66.80802	0.5644427	1.368067	2.125068
6996	-1000.801	-1067.925	67.12362	0.571751	0.8212396	2.251364
7002	-1007.911	-1075.157	67.24671	0.9900059	1.076078	1.710177
7008	-1002.82	-1070.263	67.4433	1.099854	1.172119	1.420007
7014	-1000.402	-1068.407	68.00475	1.23515	1.027947	0.9238569
7020	-1003.873	-1071.752	67.87902	1.23515	1.212871	0.8739801
7026	-1011.203	-1078.579	67.3758	1.315842	1.500079	1.074132
7032	-1001.717	-1069.559	67.84219	1.16628	0.935166	1.229568
7038	-1001.015	-1068.584	67.5685	0.9690304	1.201018	1.404703
7044	-1007.018	-1075.003	67.98515	0.9422287	0.8356863	1.383642
7050	-1001.454	-1068.982	67.5271	0.7235572	1.179014	1.633118
7056	-999.4067	-1065.589	66.18205	0.5113206	1.443491	2.520909
7062	-1009.071	-1076.193	67.12256	0.752575	1.12658	1.927227
7068	-1007.684	-1074.761	67.07725	0.5658385	1.12658	2.081838
7074	-1006.905	-1074.819	67.91406	1.07591	0.9598937	1.223451
7080	-1005.136	-1072.535	67.39858	0.7798935	0.8854715	1.884803
7086	-1003.71	-1071.299	67.58914	0.7905753	1.003476	1.658639
7092	-999.0885	-1067.129	68.04048	0.854599	0.8770864	1.372517
7098	-1002.559	-1069.914	67.35417	0.8813899	1.222658	1.616571
7104	-1005.785	-1073.402	67.61708	0.9636995	1.221269	1.357065
7110	-998.95	-1066.727	67.77723	1.053943	1.145165	1.20665
7116	-1000.812	-1068.604	67.79159	0.9019855	0.6941217	1.685789
7122	-1003.687	-1071.29	67.60317	1.065784	0.8188964	1.592955
7128	-1001.565	-1069.023	67.45777	0.8850728	1.004519	1.684207
7134	-1009.947	-1077.531	67.58322	1.784689	1.121336	0.4127679
7140	-1014.178	-1082.177	67.99928	1.964178	0.559664	0.3293677
7146	-1006.347	-1074.208	67.86094	1.998806	0.6613468	0.3811972
7152	-998.8274	-1066.059	67.23158	0.5827915	1.105571	1.981057
7158	-999.3222	-1066.617	67.29431	0.4173306	0.8508206	2.219118
7164	-993.8271	-1061.189	67.36224	1.982806	0.9907555	0.2646178
7170	-1001.139	-1068.863	67.72389	0.9375224	0.8171104	1.599958
7176	-1004.717	-1072.512	67.79532	1.059818	1.034888	1.273222
7182	-994.2929	-1061.32	67.02675	2.276584	0.8447579	0.1853273
7188	-997.0079	-1062.923	65.91538	2.457249	1.494822	0.1139893
7194	-993.845	-1060.376	66.5305	2.552714	0.7411169	0.1139893
7200	-1004.429	-1070.955	66.52625	2.552714	0.7411169	0.1133626
7206	-994.4925	-1060.978	66.48522	2.570133	0.7610883	0.1135219
7212	-1002.492	-1069.073	66.58172	2.281425	1.14223	0.1502128
7218	-999.0324	-1065.666	66.63355	2.281425	1.099771	0.1530117
7224	-996.4947	-1063.034	66.53895	2.281425	1.288989	0.1699429
7230	-995.6993	-1063.615	67.91543	1.072508	0.878634	1.296904
7236	-993.2517	-1061.557	68.30562	0.912624	0.782054	1.197278
7242	-1008.487	-1075.389	66.90174	2.236483	1.065083	0.2057126
7248	-1011.172	-1078.794	67.62196	2.146789	0.6881395	0.3177225
7254	-996.8078	-1064.078	67.27034	0.4978327	0.9906373	2.085304
7260	-993.3356	-1060.411	67.07523	0.6156023	0.7830458	2.283139
7266	-998.1802	-1065.04	66.85989	0.6628752	1.167181	2.136695
7272	-1006.42	-1073.521	67.10056	0.4005785	1.466638	1.990106
7278	-1004.692	-1072.334	67.64262	0.8479456	1.038933	1.552793
7284	-1008.351	-1076.313	67.96253	1.130271	0.7383921	1.344876
7290	-1004.61	-1072.369	67.75943	0.8810598	0.9566308	1.50265
7296	-1005.506	-1073.452	67.94579	0.8040741	0.9717501	1.407478
7302	-991.8415	-1059.532	67.69044	0.7799779	0.983892	1.607454
7308	-995.9158	-1063.693	67.77738	0.8148502	0.983892	1.517877
7314	-998.0698	-1065.843	67.77298	0.9417548	0.8569016	1.527369
7320	-998.3245	-1065.98	67.65524	0.8409884	0.7688153	1.758476
7326	-1009.485	-1076.511	67.02584	0.6563431	0.8131397	2.265876
7332	-1000.542	-1068.526	67.98399	0.9768817	1.135414	1.099908
7338	-1008.759	-1076.974	68.21474	0.884696	0.8329587	1.247306
7344	-1000.563	-1068.101	67.53792	1.000713	1.247663	1.372562
7350	-998.9768	-1066.498	67.52157	0.8904977	1.132041	1.546092
7356	-1006.647	-1074.271	67.62463	0.9850927	0.8666303	1.596606
7362	-995.9971	-1063.264	67.26712	0.4209426	1.143888	2.041766
7368	-994.1228	-1061.524	67.40077	0.5794694	1.143888	1.845016
7374	-990.5858	-1058.013	67.42694	0.6544732	1.143888	1.775114
7380	-999.1999	-1066.411	67.21139	0.6095274	0.7165898	2.252476
7386	-993.791	-1060.901	67.10984	0.4518914	1.020336	2.200653
7392	-995.6892	-1062.86	67.17085	0.5888064	1.045739	2.055074
7398	-991.7052	-1058.89	67.18503	0.8042747	0.912448	1.99259
7404	-989.4254	-1056.655	67.22995	0.6194961	1.14745	1.931781
7410	-990.2413	-1056.555	66.31392	0.3242841	1.249245	2.65129
7416	-994.114	-1060.746	66.63171	0.4429775	1.002661	2.520861
7422	-1002.405	-1069.031	66.62537	0.4651901	0.9868552	2.520861
7428	-995.6105	-1062.829	67.21842	0.472738	1.016138	2.119141
7434	-995.5567	-1062.592	67.03506	0.6894236	1.3599	1.89499
7440	-1003.795	-1070.279	66.48408	0.5766385	1.516422	2.254277
7446	-1000.803	-1068.177	67.37479	0.7087794	1.151851	1.768618
7452	-1002.32	-1070.582	68.26212	1.387456	0.8491282	0.5813349
7458	-1001.734	-1069.855	68.12119	1.337057	0.8545211	0.8829018
7464	-1003.164	-1070.091	66.92695	0.7539846	0.8402251	2.246631
7470	-1009.107	-1076.992	67.88485	1.27162	1.373196	0.5921295
7476	-1003.466	-1071.462	67.99654	1.270953	1.054079	0.8637353
7482	-1002.452	-1070.168	67.71673	1.221513	1.194892	1.071756
7488	-997.6885	-1065.177	67.48886	0.9461243	1.194892	1.487169
7494	-1001.487	-1068.658	67.17065	0.7624955	1.029523	1.949965
7500	-993.6501	-1061.113	67.46316	0.8315061	0.7099769	1.946966
7506	-992.7481	-1059.89	67.14203	0.7631389	0.9937523	1.99247
7512	-992.7872	-1059.842	67.05502	0.8501455	0.9937523	1.99247
7518	-998.1578	-1065.806	67.64865	0.603304	0.6534079	2.025662
7524	-998.286	-1065.7	67.41418	0.669499	0.9187457	1.924706
7530	-1004.331	-1072.443	68.11237	1.399635	0.739694	0.9722282
7536	-1009.781	-1077.8	68.01911	1.695512	0.739694	0.7224442
7542	-997.0311	-1063.092	66.06121	0.5897932	1.908705	2.349508
7548	-990.8375	-1057.737	66.89936	0.581023	1.464536	2.004995
7554	-998.8329	-1065.883	67.05015	0.8228791	1.026249	1.992388
7560	-1003.888	-1071.676	67.78777	0.863474	1.104282	1.383826
7566	-1000.55	-1068.084	67.53378	0.978468	1.104282	1.490434
7572	-998.4108	-1066.001	67.58977	0.941944	1.226806	1.391894
7578	-993.1357	-1060.844	67.7079	1.013518	0.8651447	1.515522
7584	-999.9136	-1067.249	67.33571	0.8823435	1.379939	1.534955
7590	-997.6038	-1065.378	67.77394	0.899566	0.9172698	1.508874
7596	-997.6848	-1065.24	67.5547	0.7006241	0.9172698	1.808544
7602	-994.2342	-1061.527	67.29236	0.8675187	1.141606	1.721616
7608	-994.1865	-1061.544	67.35793	0.7141983	1.063193	1.833378
7614	-988.0422	-1055.624	67.58176	0.9642003	0.7784384	1.715387
7620	-999.7226	-1066.462	66.73913	0.7392489	1.85324	1.827174
7626	-999.1165	-1066.62	67.50386	0.8173871	1.238521	1.543969
7632	-1006.078	-1073.324	67.24632	0.5176457	1.247357	1.930604
7638	-996.3109	-1063.628	67.31698	0.4941269	1.192569	1.930604
7644	-994.2216	-1061.622	67.40056	0.6676895	1.056677	1.840326
7650	-996.6478	-1064.191	67.54294	0.6828696	0.8766141	1.859149
7656	-1001.195	-1068.1	66.90547	0.8109941	1.05295	2.078976
7662	-1003.327	-1070.14	66.81236	0.8233647	1.035565	2.142905
7668	-1001.291	-1068.052	66.76164	0.5389167	0.8591555	2.47442
7674	-997.0117	-1064.79	67.77833	0.7802593	0.7821618	1.703299
7680	-995.6463	-1063.257	67.61101	0.8437307	1.084629	1.546989
7686	-995.1888	-1062.704	67.51513	0.7936709	1.269097	1.534106
7692	-1001.577	-1069.259	67.68272	0.9773925	0.9671087	1.479778
7698	-996.7716	-1064.463	67.69144	0.9773925	1.219512	1.287474
7704	-991.1259	-1058.853	67.7266	1.022976	0.8973138	1.467758
7710	-991.3366	-1058.241	66.90461	0.6040277	0.8951672	2.317839
7716	-1000.089	-1067.373	67.28448	0.5372884	0.8455102	2.151607
7722	-1003.943	-1071.38	67.43721	1.081279	1.558592	1.191321
7728	-1002.812	-1070.135	67.3226	1.081279	1.525748	1.306622
7734	-1007.722	-1075.062	67.33984	1.000044	1.525748	1.357846
7740	-996.7408	-1064.008	67.26695	0.7651012	1.033694	1.880282
7746	-999.0799	-1066.694	67.61388	0.7771845	0.8267864	1.783964
7752	-999.968	-1067.215	67.24735	0.7903266	1.085082	1.842793
7758	-999.4718	-1066.643	67.17105	0.733171	1.362537	1.769942
7764	-997.6772	-1065.25	67.57292	0.6659228	0.9869719	1.769791
7770	-1007.018	-1073.343	66.32498	0.2491297	1.016783	2.820258
7776	-1002.004	-1068.242	66.23837	0.1888104	1.173967	2.820258
7782	-998.9482	-1066.469	67.52043	0.9264257	0.7503672	1.808497
7788	-993.7978	-1061.468	67.66978	0.9244351	1.066113	1.455559
7794	-992.8918	-1060.445	67.55293	0.7256828	1.208031	1.594471
7800	-996.3148	-1063.884	67.56924	0.7093694	1.208031	1.594471
7806	-994.451	-1061.906	67.45459	0.8867837	1.114013	1.609929
7812	-1001.421	-1068.799	67.37846	0.9414469	1.466432	1.407673
7818	-997.2623	-1064.827	67.56449	0.9543805	1.218141	1.407673
7824	-997.1567	-1064.626	67.46942	0.9543805	1.469785	1.323733
7830	-1001.982	-1069.379	67.39736	0.8332423	1.407635	1.509588
7836	-991.4386	-1059.345	67.90652	0.8332423	0.839614	1.523286
7842	-992.7407	-1060.015	67.27392	0.7137356	1.058921	1.893898
7848	-995.7156	-1062.584	66.86805	0.4310158	1.21487	2.254474
7854	-996.3466	-1063.023	66.67605	0.8104048	1.012041	2.254474
7860	-1005.62	-1073.515	67.89524	1.094919	0.8798253	1.294026
7866	-1006.313	-1073.931	67.61713	1.206154	1.350801	1.057591
7872	-1003.558	-1070.544	66.98589	0.9240579	1.138902	1.896061
7878	-1002.103	-1069.086	66.98359	0.6289837	1.308818	1.997909
7884	-1010.561	-1078.357	67.79575	1.217256	0.8798981	1.275254
7890	-1005.317	-1071.885	66.56852	2.359421	1.05501	0.1467303
7896	-1011.895	-1079.044	67.1488	2.359421	0.776509	0.229352
7902	-1006.826	-1074.77	67.94368	1.290117	0.7204615	1.248537
7908	-1006.445	-1074.383	67.9373	1.210298	0.8512424	1.188832
7914	-992.6467	-1059.203	66.55614	0.7170011	1.087087	2.344518
7920	-993.9127	-1061.217	67.30429	0.4931803	1.098986	1.996428
7926	-1006.649	-1073.194	66.54508	0.3488936	1.0962	2.577138
7932	-1012.085	-1079.214	67.12883	0.6211558	1.287186	1.917558
7938	-1013.66	-1080.452	66.7912	0.9105308	0.8828576	2.20249
7944	-1004.554	-1072.719	68.16495	1.155155	0.6719997	1.229268
7950	-1000.113	-1067.974	67.86085	1.26847	0.8256744	1.229268
7956	-1008.215	-1076.195	67.97972	1.26847	0.9824345	0.9632693
7962	-1007.039	-1074.776	67.73766	1.26847	0.9824345	1.189979
7968	-1008.889	-1076.91	68.02104	1.26847	0.8086782	1.106394
7974	-1003.566	-1071.671	68.105	1.309494	0.9690111	0.7839862
7980	-1005.753	-1073.549	67.79559	0.9618522	0.8238302	1.5236
7986	-1005.569	-1073.287	67.71755	1.017177	0.890298	1.484752
7992	-995.1741	-1063.109	67.93507	1.300524	0.8163102	1.146855
7998	-996.1687	-1063.872	67.70301	1.300524	1.08552	1.103068
8004	-1002.79	-1070.768	67.97804	1.259162	1.119974	0.8249804
8010	-1001.499	-1069.212	67.71313	1.259162	1.438092	0.8249804
8016	-1003.004	-1071.222	68.21752	1.443446	0.6940266	0.8732952
8022	-999.4578	-1067.079	67.62085	1.137039	1.258069	1.185132
8028	-1005.372	-1073.258	67.88532	1.123304	1.215902	0.9854739
8034	-1004.655	-1071.764	67.10827	0.6536758	1.065748	2.040858
8040	-1018.799	-1087.164	68.36526	1.353758	0.5699394	0.9981616
8046	-1008.43	-1076.355	67.92449	1.167341	0.9373539	1.155804
8052	-1002.499	-1070.971	68.47186	1.525433	0.4952732	0.8195572
8058	-1001.365	-1069.008	67.64296	1.478028	1.307116	0.7632819
8064	-1001.815	-1069.794	67.97848	1.232958	1.170849	0.7987298
8070	-1002.977	-1070.852	67.87493	1.111924	0.8095861	1.3606
8076	-997.5248	-1065.67	68.1449	0.9767931	0.6608418	1.40159
8082	-1000.367	-1068.456	68.08952	1.150369	0.9445726	1.011138
8088	-996.6444	-1064.311	67.66682	1.235739	1.07893	1.197889
8094	-1003.537	-1071.589	68.05206	1.329141	0.7779746	1.054997
8100	-1005.896	-1073.286	67.38959	0.9751387	0.8923378	1.751152
8106	-1007.712	-1075.239	67.52744	0.8228515	0.6821808	1.933963
8112	-1003.973	-1071.035	67.0621	0.5664023	1.201486	2.04738
8118	-1002.104	-1069.248	67.14406	0.5623584	1.372215	1.900656
8124	-1001.428	-1069.192	67.76324	1.210509	1.212177	1.023404
8130	-999.9323	-1067.218	67.28534	0.6642195	1.172344	1.848585
8136	-1000.493	-1068.243	67.74994	0.7082331	0.9257565	1.659655
8142	-1000.015	-1067.215	67.20036	0.5716361	1.002665	2.074849
8148	-999.0743	-1066.243	67.16874	0.603331	1.192809	1.956739
8154	-1004.489	-1072.418	67.92926	1.574087	0.823229	0.8719438
8160	-1008.021	-1074.939	66.91819	0.7140963	0.6077788	2.465834
8166	-1004.38	-1071.862	67.48253	0.7355734	0.8652423	1.873027
8172	-1008.281	-1075.839	67.55784	0.658531	0.7017938	2.006453
8178	-1008.3	-1075.095	66.79508	0.9557036	0.5622642	2.433728
8184	-1002.233	-1070.282	68.04955	1.324361	1.006622	0.7875801
8190	-997.0783	-1064.2	67.12217	0.8576217	1.405031	1.693471
8196	-1004.687	-1071.735	67.04808	1.024572	1.695732	1.473108
8202	-1005.661	-1073.399	67.73859	1.446401	1.314053	0.6417147
8208	-997.7795	-1065.963	68.18356	1.486544	0.8362038	0.5572804
8214	-1006.415	-1074.087	67.6722	1.441056	1.448805	0.5085797
8220	-1004.362	-1071.843	67.48179	0.657397	1.366495	1.60062
8226	-1001.552	-1068.54	66.98807	0.4379087	1.160578	2.203401
8232	-997.5726	-1065.227	67.65463	0.8705327	1.160578	1.441734
8238	-998.8911	-1066.147	67.25626	0.8705327	1.15336	1.737433
8244	-1001.315	-1068.78	67.46448	0.7505762	1.064589	1.733137
8250	-1003.147	-1070.23	67.08339	0.8410068	1.232097	1.830155
8256	-1000	-1067.022	67.02131	0.9783639	1.232097	1.778088
8262	-997.097	-1064.852	67.75532	0.8926413	0.9740685	1.483577
8268	-997.3341	-1065.109	67.77453	0.9832593	0.7908975	1.551954
8274	-1004.011	-1072.023	68.01172	1.116581	0.696141	1.359572
8280	-998.8733	-1067.011	68.1378	0.7425155	0.775002	1.474686
8286	-1001.894	-1069.777	67.88251	0.6778426	0.775002	1.708151
8292	-995.6814	-1063.337	67.65589	0.9044539	0.775002	1.708151
8298	-995.2886	-1063.217	67.92797	1.03687	0.8607503	1.331561
8304	-998.7572	-1066.559	67.80196	0.9962918	0.6081299	1.695248
8310	-1000.227	-1068.301	68.07423	0.8832299	0.5749202	1.616138
8316	-997.1654	-1065.43	68.26447	1.066398	0.762055	1.119488
8322	-994.6845	-1062.467	67.78279	1.117103	1.435745	0.9124698
8328	-998.4322	-1066.105	67.67301	1.089749	1.209271	1.21663
8334	-1004.615	-1072.909	68.2945	1.217388	0.721957	0.9950959
8340	-1000.754	-1067.968	67.21406	1.217388	1.731333	1.164294
8346	-996.3879	-1064.269	67.88151	1.335749	1.028546	0.9475369
8352	-1005.373	-1072.847	67.47344	1.609198	1.402036	0.7051239
8358	-997.9723	-1065.468	67.4957	1.609198	1.45696	0.5352205
8364	-996.4907	-1064.8	68.30897	1.28664	0.5912904	1.086279
8370	-999.0432	-1066.532	67.48884	1.097444	1.07097	1.458074
8376	-998.8893	-1066.695	67.80598	1.087431	1.261177	1.060518
8382	-996.368	-1064.062	67.69401	1.249448	1.2075	1.056477
8388	-1004.925	-1072.997	68.07234	1.190647	0.8729065	1.063189
8394	-1001.803	-1069.299	67.49563	0.9674721	0.8258054	1.734435
8400	-1002.819	-1070.845	68.02575	1.043417	0.9405736	1.172711
8406	-1005.28	-1073.07	67.79052	1.101186	0.9414962	1.320181
8412	-998.2711	-1066.071	67.80011	1.224511	0.7936785	1.345513
8418	-997.0466	-1064.605	67.55838	1.035342	1.045396	1.471037
8424	-1008.794	-1077.036	68.2417	1.270806	0.9320504	0.6911806
8430	-996.3269	-1064.493	68.1656	1.179558	0.90671	0.9444466
8436	-1001.935	-1069.884	67.94826	1.182614	0.7321774	1.320657
8442	-999.6675	-1067.358	67.69058	1.234384	1.312323	0.9884007
8448	-1001.976	-1069.98	68.00421	1.264276	1.06441	0.8506771
8454	-997.3912	-1065.21	67.81839	0.9834648	1.217638	1.176846
8460	-1001.662	-1068.933	67.27129	0.6506897	1.279921	1.804061
8466	-998.7426	-1065.893	67.15032	0.5572524	1.028808	2.100222
8472	-1000.937	-1068.365	67.42871	0.6412174	1.028808	1.857688
8478	-993.7998	-1061.505	67.70497	1.163409	0.5726453	1.682508
8484	-997.5027	-1065.321	67.81856	0.7457101	0.7876827	1.694594
8490	-1007.241	-1074.772	67.53159	0.8903547	0.7282227	1.844714
8496	-1004.613	-1072.496	67.88323	0.9493208	0.6740695	1.605015
8502	-1004.831	-1071.527	66.69619	0.5972186	0.9005777	2.450311
8508	-999.9324	-1066.802	66.86992	0.31536	0.9955419	2.456122
8514	-1000.459	-1067.141	66.68162	0.4862065	1.301307	2.292019
8520	-998.8182	-1065.625	66.80669	0.6222134	1.301307	2.123234
8526	-1000.288	-1067.845	67.55774	0.7977822	1.080232	1.622497
8532	-997.6938	-1064.661	66.96756	0.5034544	1.034132	2.250442
8538	-1001.422	-1068.15	66.72879	0.6891024	1.034132	2.284517
8544	-996.8889	-1064.001	67.1125	0.7646447	0.926126	2.057384
8550	-1006.31	-1074.527	68.21687	1.323656	0.8027449	0.8561693
8556	-1005.662	-1073.694	68.03135	1.323656	0.8829859	0.9612066
8562	-1006.461	-1074.488	68.02718	1.49765	0.7379463	0.9612066
8568	-1008.942	-1077.273	68.33162	1.49765	0.3682856	1.218491
8574	-1007.643	-1075.676	68.03235	1.295104	0.758364	1.126646
8580	-1015.019	-1083.113	68.09363	1.080197	0.9437966	1.075369
8586	-1014.465	-1082.371	67.90579	0.9485161	1.314956	1.0555
8592	-1015.734	-1083.314	67.57987	1.0823	1.176548	1.323251
8598	-1027.695	-1095.198	67.503	1.051354	1.30334	1.323251
8604	-999.6385	-1066.505	66.86674	0.1937492	1.086982	2.478726
8610	-1016.954	-1085.153	68.1991	1.266102	0.9814777	0.6842259
8616	-1008.99	-1077.164	68.1746	1.518099	0.7833622	0.6660288
8622	-1002.77	-1070.393	67.62297	1.603954	1.303809	0.487641
8628	-1006.656	-1074.267	67.61101	1.611018	1.305334	0.4568008
8634	-1006.842	-1074.59	67.74784	0.8896596	0.8101528	1.623175
8640	-998.0085	-1065.164	67.15519	0.6102325	1.397071	1.847176
8646	-997.7164	-1065.077	67.36072	0.9124333	1.281708	1.552717
8652	-998.1749	-1065.202	67.02726	0.7952052	1.2336	1.898923
8658	-1000.432	-1067.615	67.18229	0.4691527	1.2336	2.0138
8664	-1000.314	-1067.162	66.84864	0.4363036	1.255311	2.241389
8670	-1001.555	-1069.331	67.77526	1.148576	1.167056	1.107752
8676	-998.9636	-1066.865	67.90096	1.034116	1.154477	1.107752
8682	-993.5488	-1061.46	67.91146	1.178839	0.9278266	1.165969
8688	-998.2234	-1065.931	67.70793	1.187053	1.189321	1.11609
8694	-1002.811	-1070.288	67.4768	0.9140593	1.158697	1.543986
8700	-1008.326	-1075.945	67.61855	1.071536	1.234064	1.259716
8706	-999.852	-1067.758	67.90552	1.156527	0.8042557	1.305429
8712	-1005.019	-1073.019	67.99995	0.9824998	0.8043626	1.368905
8718	-997.0826	-1065.042	67.95967	1.112377	0.7307561	1.368905
8724	-1002.063	-1070.155	68.09161	1.321292	0.8743908	0.9091487
8730	-999.3524	-1067.669	68.3167	1.321292	0.6875565	0.9091487
8736	-992.1791	-1060.379	68.20005	1.201101	0.8840629	0.9103794
8742	-988.9558	-1057.015	68.05883	0.9608267	0.8840629	1.266003
8748	-997.8659	-1065.875	68.00958	1.098264	0.9974528	1.085702
8754	-1003.616	-1071.502	67.8855	1.423894	1.109894	0.7374399
8760	-998.7868	-1066.568	67.78162	1.221788	1.205135	1.000116
8766	-996.7027	-1064.716	68.01327	1.230838	1.019977	0.9277925
8772	-1003.054	-1071.075	68.02088	1.532151	0.9356106	0.5893755
8778	-1001.022	-1069.208	68.18561	1.581112	0.6776913	0.7650172
8784	-997.4799	-1064.788	67.30772	0.6297133	1.210026	1.834244
8790	-1006.69	-1074.086	67.39645	1.395279	1.786847	0.7385636
8796	-1010.223	-1077.982	67.75899	1.48079	1.21394	0.6990264
8802	-999.4102	-1066.981	67.57036	0.7060143	0.7595555	1.917287
8808	-1004.029	-1071.593	67.56433	0.6406588	0.8826674	1.868827
8814	-997.8351	-1064.883	67.04764	0.5511925	0.8609927	2.284277
8820	-1000.214	-1068.019	67.80519	1.662555	1.033941	0.5057735
8826	-999.0195	-1067.183	68.16348	1.458623	0.8784202	0.5603481
8832	-994.9029	-1063.272	68.36863	1.632401	0.5853154	0.4955102
8838	-999.7241	-1067.765	68.04052	1.609221	0.8471745	0.5883828
8844	-996.8007	-1064.766	67.96523	1.586604	0.9212781	0.6341936
8850	-997.8552	-1065.673	67.81813	1.614943	1.069733	0.511883
8856	-1000.574	-1068.614	68.0409	1.80422	0.6976342	0.5055967
8862	-1000.715	-1068.572	67.85657	1.80422	0.832865	0.4082428
8868	-998.9021	-1066.747	67.8448	1.656801	0.9990467	0.4817828
8874	-1001.011	-1068.145	67.13389	1.656801	1.919798	0.4505338
8880	-995.3382	-1062.869	67.53106	0.8211081	0.9701635	1.702197
8886	-999.4751	-1067.091	67.61615	0.8455837	0.8624544	1.706084
8892	-1002.405	-1070.4	67.9944	0.6538259	0.8995636	1.541831
8898	-1003.917	-1071.38	67.46295	0.8868277	1.188713	1.554679
8904	-1006.226	-1073.871	67.64447	0.8868277	0.748649	1.75126
8910	-1007.991	-1074.731	66.73973	0.1703069	1.291877	2.460191
8916	-1003.051	-1069.735	66.6846	0.1126317	1.291877	2.530728
8922	-996.389	-1063.34	66.95054	0.2327645	1.10694	2.389729
8928	-995.8407	-1062.691	66.84983	0.2834296	1.161969	2.389729
8934	-994.9799	-1062.12	67.14056	0.2997738	1.110859	2.223311
8940	-996.6975	-1063.685	66.98711	0.03311838	0.7484737	2.728636
8946	-988.0133	-1055.005	66.99191	0.0332873	1.160264	2.458761
8952	-985.8866	-1053.184	67.29734	0.03227271	0.9331409	2.405639
8958	-985.9826	-1052.824	66.84128	0.006717727	1.195915	2.549787
8964	-992.1106	-1058.826	66.71558	0.1105481	0.9441164	2.71146
8970	-986.6908	-1053.451	66.76068	0.4507461	1.16859	2.336413
8976	-991.5151	-1058.518	67.00252	0.5505318	1.059325	2.181747
8982	-988.015	-1054.672	66.65737	0.008583394	1.018904	2.763039
8988	-987.7283	-1054.311	66.58233	0.01067758	1.018904	2.807491
8994	-991.2689	-1058.546	67.27699	0.6452189	0.5954098	2.293651
9000	-995.8097	-1062.956	67.14631	0.4877543	0.8172249	2.293651
9006	-1010.783	-1077.17	66.38704	0.163383	1.185943	2.738673
9012	-995.94	-1062.856	66.91614	0.4409175	0.9635063	2.368292
9018	-996.8195	-1063.973	67.15332	0.3018733	0.8858713	2.358276
9024	-995.9722	-1063.197	67.22526	0.5316804	1.16245	1.984857
9030	-1007.529	-1074.557	67.02846	0.9521647	1.249501	1.78105
9036	-997.2173	-1063.808	66.59049	0.7077015	1.580329	2.070012
9042	-991.4411	-1058.509	67.06805	0.7917813	0.951094	2.051523
9048	-992.7041	-1059.394	66.69011	0.5390387	1.270387	2.269115
9054	-992.0237	-1058.326	66.30262	0.389976	1.011202	2.751415
9060	-992.7425	-1059.056	66.31359	0.2394372	1.159504	2.751415
9066	-996.5653	-1062.663	66.09788	0.2882208	0.9303286	2.987125
9072	-993.2076	-1059.611	66.40322	0.431455	1.283924	2.511467
9078	-992.7296	-1060.168	67.43887	0.8934835	1.283924	1.507378
9084	-992.393	-1058.487	66.09442	0.4054086	1.148666	2.789805
9090	-994.8023	-1062.764	67.96141	1.020542	0.8043254	1.369337
9096	-997.7929	-1065.23	67.43737	1.027467	1.583169	1.222265
9102	-992.7543	-1060.47	67.71616	1.108535	0.9062871	1.402667
9108	-995.8939	-1063.41	67.51639	1.101449	1.42325	1.191783
9114	-989.77	-1057.86	68.08996	0.8907991	0.9726184	1.22019
9120	-989.6176	-1057.279	67.66154	1.115335	1.168706	1.234774
9126	-991.0563	-1058.818	67.76122	0.8401993	0.8997388	1.576144
9132	-989.5182	-1056.569	67.05054	0.8357922	1.012773	1.992376
9138	-996.5865	-1063.582	66.99567	0.969544	1.261597	1.784682
9144	-993.498	-1060.982	67.48401	0.6730541	1.015368	1.806859
9150	-995.4848	-1063.279	67.79394	0.9133056	1.092229	1.348522
9156	-987.4074	-1055.224	67.81609	0.9340921	1.173344	1.253642
9162	-997.377	-1065.428	68.05084	1.504448	0.7942178	0.8505132
9168	-997.9232	-1066.231	68.30792	1.535712	0.6131191	0.782305
9174	-1004.389	-1071.84	67.45129	0.6068054	1.141782	1.792639
9180	-997.1489	-1064.594	67.44475	0.7591721	1.141782	1.69035
9186	-998.1583	-1065.972	67.81347	0.9960476	0.943146	1.384028
9192	-1003.92	-1071.432	67.51199	1.589178	1.459124	0.4541848
9198	-1002.206	-1069.968	67.7622	1.708102	1.00273	0.3903061
9204	-1003.435	-1071.298	67.86374	1.708102	0.9047842	0.3903061
9210	-992.9128	-1060.774	67.86092	1.708102	0.9293002	0.4518541
9216	-998.4124	-1066.317	67.90467	1.692928	0.9001029	0.5641219
9222	-1003.563	-1070.934	67.37068	1.003787	0.9758387	1.682264
9228	-997.5568	-1064.897	67.34001	0.9260419	1.086723	1.682264
9234	-999.7612	-1067.717	67.95617	1.721053	0.8248596	0.4264768
9240	-992.4261	-1060.198	67.77226	1.718834	0.9865976	0.3988922
9246	-992.6776	-1060.476	67.79824	1.718834	0.9455755	0.3718455
9252	-992.8985	-1060.867	67.96845	0.9392017	0.7846791	1.445045
9258	-1000.434	-1067.788	67.35468	1.00064	1.177489	1.557873
9264	-993.0437	-1061.34	68.29596	1.64161	0.5693531	0.7390674
9270	-993.1132	-1061.21	68.09654	1.601526	0.8122396	0.4480168
9276	-997.4873	-1065.863	68.37561	1.601526	0.6004587	0.5300141
9282	-997.9399	-1064.637	66.69742	0.4745903	0.8551672	2.557432
9288	-1002.169	-1069.22	67.05184	0.527456	0.9157009	2.258481
9294	-990.4617	-1058.101	67.63896	1.908667	0.9492253	0.4495208
9300	-986.8739	-1054.806	67.93157	1.811719	0.7669777	0.4195201
9306	-997.5008	-1064.958	67.45765	1.811719	1.224735	0.3981321
9312	-989.8102	-1057.255	67.44471	0.8120361	1.561654	1.402813
9318	-981.0785	-1048.788	67.70995	0.9430876	0.8778974	1.555744
9324	-985.1989	-1052.89	67.69107	1.144464	1.233751	1.134994
9330	-986.8996	-1054.468	67.5689	1.131412	1.426227	1.117016
9336	-988.8945	-1056.114	67.21975	1.169935	1.841041	1.139038
9342	-996.4714	-1063.996	67.52441	1.107668	1.138654	1.37413
9348	-991.3854	-1059.369	67.98364	1.225739	1.163352	0.8102693
9354	-987.8165	-1054.676	66.85937	2.296159	1.012936	0.19458
9360	-993.3912	-1059.98	66.58853	2.296159	1.282055	0.1861197
9366	-994.2748	-1061.208	66.93277	2.296159	1.002717	0.2166297
9372	-1003.716	-1071.399	67.68294	1.207201	1.48445	0.8822489
9378	-1000.786	-1068.677	67.89108	1.415591	0.9836488	0.8987543
9384	-1008.197	-1075.922	67.72548	1.415591	1.211159	0.8435463
9390	-998.4761	-1064.759	66.28341	2.441153	1.192901	0.1318794
9396	-996.1321	-1062.297	66.16446	2.441153	1.2584	0.1212474
9402	-993.6578	-1061.866	68.20801	1.094843	0.7636971	1.142802
9408	-1000.108	-1068.135	68.02692	1.067756	1.076548	1.025046
9414	-994.9904	-1062.773	67.78249	1.137893	1.177311	1.102595
9420	-992.6872	-1059.568	66.8803	2.052728	1.348479	0.2211184
9426	-994.7522	-1061.461	66.70907	2.251287	1.082047	0.1595548
9432	-990.6655	-1058.425	67.75914	0.8219465	0.8491131	1.631574
9438	-991.0567	-1057.907	66.84994	0.751134	1.662171	1.828152
9444	-999.1721	-1066.456	67.28383	0.8591304	1.080571	1.77296
9450	-997.522	-1064.626	67.10438	0.786543	0.9294128	2.045978
9456	-1000.466	-1068.562	68.09548	0.7814778	0.7924686	1.461358
9462	-996.9806	-1064.864	67.88323	1.73035	0.8916502	0.5200005
9468	-1001.052	-1069.287	68.23492	1.73035	0.6047321	0.4416134
9474	-998.7114	-1066.389	67.67797	1.71421	1.106463	0.4443567
9480	-997.0653	-1064.644	67.57878	1.71421	1.138399	0.32894
9486	-1002.101	-1069.539	67.4387	1.693157	1.423491	0.5198723
9492	-1000.732	-1068.268	67.53606	2.066509	0.8095645	0.3048945
9498	-1002.174	-1068.955	66.7803	2.302217	1.089083	0.1946977
9504	-1004.112	-1072.053	67.94057	1.654905	0.8787816	0.6396232
9510	-998.7646	-1066.986	68.22131	1.318442	0.8390864	0.8042112
9516	-997.7274	-1065.735	68.00752	1.338011	0.949974	0.8938665
9522	-996.5997	-1064.455	67.85576	1.042449	1.335491	0.9964918
9528	-1004.541	-1072.525	67.98319	1.074611	0.9055896	1.214452
9534	-1007.168	-1075.108	67.94025	1.074611	1.01104	1.157393
9540	-999.0907	-1066.789	67.69806	0.8515417	1.001305	1.536556
9546	-998.3316	-1065.702	67.37042	0.8337515	0.8358922	1.905014
9552	-996.3217	-1063.807	67.48531	0.9572657	1.121845	1.530395
9558	-991.5536	-1059.062	67.50887	1.037198	1.013209	1.530395
9564	-1001.543	-1068.829	67.28613	0.6142268	1.257253	1.832029
9570	-998.8364	-1067.214	68.37758	1.03379	0.7366047	1.074476
9576	-997.3832	-1065.581	68.19804	1.195205	0.8263059	0.9873823
9582	-1002.176	-1069.701	67.52553	0.9103738	0.9962683	1.623418
9588	-1005.776	-1073.653	67.87677	1.146156	0.9962683	1.16325
9594	-1002.608	-1070.241	67.63323	1.340922	1.093626	1.122844
9600	-1006.306	-1074.216	67.91014	0.869324	1.095068	1.288205
9606	-1001.039	-1068.58	67.54096	1.096583	1.205022	1.32299
9612	-998.5621	-1066.954	68.39236	1.189059	0.6695305	0.9940977
9618	-997.6338	-1065.936	68.30225	1.286092	0.550317	1.148727
9624	-995.0291	-1063.308	68.27874	1.195844	0.5763981	1.212994
9630	-992.2611	-1060.113	67.85172	1.137595	1.040581	1.154367
9636	-994.3838	-1062.62	68.23585	1.119739	0.534449	1.363018
9642	-1000.199	-1068.16	67.96127	1.297351	0.7846863	1.159465
9648	-996.5796	-1063.552	66.97242	0.587765	1.062616	2.175079
9654	-1001.322	-1069.302	67.9794	1.247834	0.8814425	1.087801
9660	-1006.59	-1074.411	67.82111	1.043248	0.9207218	1.359479
9666	-1009.608	-1077.813	68.20497	1.134202	0.9437911	0.9082436
9672	-1001.962	-1069.623	67.66033	1.134202	1.230973	1.173258
9678	-1005.489	-1073.706	68.21739	1.107324	0.714778	1.17736
9684	-1014.118	-1081.552	67.43337	1.224883	1.303682	1.23777
9690	-995.6984	-1063.703	68.00459	1.103798	0.9376155	1.140896
9696	-998.0606	-1065.826	67.76554	0.9622828	1.373394	1.1291
9702	-994.7693	-1062.501	67.73141	1.275523	1.389827	0.8280892
9708	-1000.233	-1068.483	68.24989	1.203561	0.7078635	1.06931
9714	-1002.792	-1070.94	68.14802	1.226742	0.7230611	1.123749
9720	-1013.189	-1080.537	67.34759	1.299219	1.699718	0.9818571
9726	-1008.367	-1076.134	67.76762	1.38514	1.083038	0.9603359
9732	-995.2256	-1062.84	67.61404	0.8677589	1.215399	1.438074
9738	-994.1741	-1061.986	67.81197	0.839577	1.029386	1.43885
9744	-990.5258	-1057.737	67.21167	0.8770083	1.446571	1.592399
9750	-1011.962	-1080.099	68.13669	1.094867	0.6477038	1.32907
9756	-1011.938	-1079.215	67.27693	1.024464	1.463022	1.423957
9762	-990.4104	-1057.315	66.9047	0.5158017	1.02077	2.291224
9768	-993.2865	-1060.372	67.08551	0.5511001	0.86384	2.258021
9774	-995.0504	-1062.27	67.2191	0.4211233	1.011946	2.155092
9780	-1012.491	-1079.619	67.12777	0.5270546	0.7990646	2.293976
9786	-1007.615	-1074.506	66.8915	0.5173633	1.117111	2.239871
9792	-993.7547	-1061.019	67.26427	0.5941327	0.8587974	2.117909
9798	-996.2797	-1063.401	67.12174	0.5628043	0.9910725	2.139798
9804	-1006.982	-1073.638	66.65604	0.5552582	1.156096	2.343586
9810	-1000.192	-1067.039	66.84612	0.6346887	0.8225345	2.387185
9816	-1001.781	-1068.076	66.29537	0.594482	1.737438	2.266051
9822	-997.7174	-1064.874	67.15704	0.6318291	0.7251557	2.266051
9828	-997.282	-1064.747	67.46521	0.7129098	0.7099894	2.024841
9834	-998.0615	-1065.909	67.84771	0.9631614	0.9649265	1.365237
9840	-1000.996	-1068.932	67.93657	0.7785752	1.119254	1.322175
9846	-1004.557	-1072.415	67.85814	0.8326893	1.075505	1.373936
9852	-993.7557	-1061.214	67.45844	0.9485128	0.8413473	1.761292
9858	-996.1467	-1063.763	67.61674	1.1949	1.317177	1.093719
9864	-988.3688	-1056.322	67.9535	0.9834607	0.6412779	1.561334
9870	-995.4832	-1063.446	67.9628	1.289969	0.7238964	1.22897
9876	-997.5715	-1065.335	67.76312	1.17877	1.396461	0.8992613
9882	-1000.661	-1068.783	68.12233	1.192255	0.6931703	1.21017
9888	-1003.601	-1071.614	68.01318	1.118778	0.6931703	1.35975
9894	-998.3368	-1064.928	66.59104	0.5304703	0.9998025	2.493402
9900	-998.7805	-1065.768	66.9876	0.5892603	1.335623	2.007256
9906	-1002.581	-1070.227	67.64588	0.7511769	0.6676152	1.915522
9912	-999.9903	-1067.372	67.38219	0.7863249	0.8656874	1.906401
9918	-1000.547	-1068.159	67.61183	0.7207921	1.071883	1.644693
9924	-1006.513	-1073.464	66.95038	0.5990028	1.071883	2.176363
9930	-1002.685	-1069.607	66.92228	0.5609561	0.9636588	2.287844
9936	-992.7976	-1059.946	67.14849	0.573362	1.207182	1.982003
9942	-990.6887	-1058.048	67.35935	0.6628039	1.081138	1.855973
9948	-992.5784	-1060.133	67.55446	0.7664479	0.735428	1.907404
9954	-992.3663	-1059.587	67.22073	0.511421	1.062051	2.062886
9960	-1004.754	-1071.44	66.68574	0.3940312	0.9765386	2.534108
9966	-1009.445	-1076.06	66.6142	0.237157	0.9765386	2.67545
9972	-995.2436	-1062.866	67.62231	0.7576013	0.8103824	1.804892
9978	-994.5858	-1061.709	67.12354	0.4893975	0.8649934	2.272385
9984	-993.6857	-1060.334	66.64877	0.1582118	1.086241	2.636724
9990	-994.7558	-1061.059	66.30365	0.4133212	1.01051	2.736935
9996	-990.0768	-1057.451	67.37428	0.5771059	0.8554601	2.059248
10002	-993.4051	-1060.349	66.9438	0.7163066	1.145571	2.059248
10008	-1001.515	-1069.188	67.67324	0.3925828	1.273886	1.70699
10014	-992.3939	-1059.406	67.01224	0.5906116	1.004611	2.184115
10020	-997.4338	-1064.726	67.2927	0.6333091	1.162023	1.87097
10026	-999.6637	-1066.721	67.0571	0.795172	1.375359	1.799011
10032	-997.9844	-1065.512	67.52743	0.7629202	1.0328	1.70166
10038	-997.3979	-1064.473	67.0754	0.5163846	1.130819	2.112975
10044	-994.3032	-1061.63	67.32696	0.657058	0.9028705	2.002981
10050	-999.0627	-1066.122	67.05968	0.6844827	1.37114	1.875557
10056	-998.9185	-1065.931	67.01293	0.7886332	1.504284	1.766323
10062	-999.9676	-1067.627	67.65981	1.07053	1.039324	1.370144
10068	-992.4687	-1059.676	67.20686	0.6195126	1.114387	1.967561
10074	-994.0446	-1060.632	66.5871	0.5392281	0.8620565	2.581
10080	-993.317	-1060.269	66.95222	0.5301417	1.230227	2.127168
10086	-998.9811	-1066.237	67.25569	0.5301417	1.230227	1.925676
10092	-994.0964	-1061.026	66.92911	0.4801265	1.230227	2.174803
10098	-985.6141	-1052.547	66.9333	0.3951834	0.9423804	2.400231
10104	-985.7254	-1052.012	66.28656	0.3961356	1.10517	2.702317
10110	-984.8674	-1051.434	66.5669	0.2901575	1.10517	2.594847
10116	-986.2264	-1053.175	66.94883	0.5561196	0.8124163	2.379344
10122	-994.5784	-1061.951	67.37291	0.9268792	0.7084193	1.944869
10128	-994.7367	-1061.973	67.2365	0.6399095	0.7084193	2.223509
10134	-993.8507	-1060.654	66.8031	0.4915736	1.147851	2.295168
10140	-998.6398	-1065.198	66.55807	0.5395677	1.351962	2.310739
10146	-997.7437	-1064.708	66.9644	0.8120791	0.8357412	2.188251
10152	-999.3042	-1065.625	66.3209	0.5517603	1.012358	2.640177
10158	-993.113	-1060.457	67.34356	0.5497645	1.222548	1.857088
10164	-991.1576	-1057.996	66.83862	0.3965015	0.8322192	2.53437
10170	-995.1876	-1061.699	66.51157	0.2596328	0.7831131	2.854602
10176	-997.8517	-1063.931	66.07933	0.164149	1.324263	2.854602
10182	-1003.343	-1070.41	67.06682	0.1908079	0.9171737	2.461584
10188	-1004.309	-1070.685	66.3761	0.1122949	1.47627	2.632824
10194	-997.0254	-1063.728	66.70243	0.142034	0.9168207	2.717879
10200	-990.5364	-1057.741	67.20437	0.1978682	0.7889493	2.461518
10206	-990.3689	-1056.991	66.6217	0.2216096	1.372168	2.461518
10212	-995.461	-1062.297	66.83636	0.2793626	1.153009	2.405877
10218	-993.5924	-1060.221	66.62872	0.3151738	0.9968411	2.605728
10224	-995.3917	-1063.622	68.23073	0.9836884	0.7526096	1.230991
10230	-995.8588	-1062.683	66.82417	0.5107487	0.8892263	2.431963
10236	-990.8836	-1057.772	66.88845	0.3793996	0.9913569	2.406795
10242	-991.3842	-1058.186	66.80224	0.4123594	1.03091	2.415638
10248	-995.49	-1062.719	67.22856	0.4422571	0.8481772	2.247341
10254	-992.8675	-1060.395	67.52716	0.5984997	0.8038007	1.98291
10260	-995.2796	-1062.148	66.86821	0.4003985	0.9000799	2.466215
10266	-997.5655	-1064.507	66.94185	0.897251	1.109969	1.961762
10272	-997.8055	-1065.538	67.73239	0.7878641	0.9219835	1.617862
10278	-998.1587	-1064.783	66.62431	0.8536254	1.526111	1.976371
10284	-999.0395	-1066.341	67.30111	0.6718663	1.061587	1.902127
10290	-992.8047	-1060.206	67.40134	0.8237037	1.028713	1.750445
10296	-996.5437	-1063.203	66.65937	0.3629551	0.9070376	2.614873
10302	-991.7531	-1058.166	66.41274	0.3655307	0.8333006	2.814614
10308	-1000.156	-1066.371	66.21594	0.5668966	1.2059	2.584846
10314	-996.0639	-1062.667	66.60361	0.4158056	1.21516	2.432094
10320	-991.4334	-1058.821	67.38745	0.5040498	0.8202884	2.124959
10326	-999.1416	-1066.119	66.97713	0.5754241	1.059879	2.181725
10332	-996.2402	-1062.484	66.24335	0.4787522	1.155257	2.649999
10338	-996.076	-1062.879	66.80328	0.569064	1.410767	2.103364
10344	-996.5635	-1064.489	67.92547	1.241841	1.026104	1.00131
10350	-997.009	-1064.998	67.98852	1.264493	1.026104	0.9114356
10356	-1003.952	-1071.928	67.97602	1.262916	1.008374	0.9456571
10362	-1000.972	-1067.026	66.05478	0.4821779	1.241634	2.717467
10368	-994.4237	-1061.107	66.68317	0.4880395	1.121474	2.388902
10374	-988.4969	-1055.917	67.42052	0.7550843	1.002627	1.802789
10380	-998.5	-1066.59	68.09005	1.392695	0.9466639	0.716142
10386	-998.6762	-1067.046	68.37018	1.459949	0.6196555	0.7880583
10392	-995.9123	-1064.048	68.13521	1.562629	0.763953	0.7002436
10398	-1000.056	-1067.709	67.65298	1.739408	1.112015	0.4744514
10404	-1000.839	-1069.044	68.2048	1.583046	0.729505	0.5961861
10410	-1000.685	-1068.525	67.84078	1.797158	0.8652215	0.4492339
10416	-1005.892	-1073.439	67.54696	1.614596	1.385073	0.5195624
10422	-1004.995	-1071.827	66.83167	2.380279	0.92923	0.1856334
10428	-1013.369	-1080.477	67.10802	2.310567	0.92923	0.2704279
10434	-1001.812	-1069.626	67.81451	1.311754	1.054389	1.014783
10440	-994.7551	-1062.936	68.18108	1.41641	0.7363393	0.8840391
10446	-999.6533	-1067.55	67.89634	1.29654	1.178988	0.8136732
10452	-1014.844	-1081.847	67.00338	2.17707	0.9444941	0.1811528
10458	-1016.92	-1083.89	66.96987	2.17707	0.9953429	0.1865394
10464	-999.1904	-1066.79	67.59953	0.6771621	0.7648695	1.912673
10470	-997.7277	-1065.424	67.69633	1.082512	0.9807121	1.377757
10476	-1009.218	-1077.084	67.86589	1.088876	0.9528938	1.258982
10482	-1000.035	-1068.476	68.44074	1.273994	0.6876279	0.8177626
10488	-1001.901	-1069.752	67.85163	1.273994	1.02089	1.047044
10494	-996.4549	-1064.686	68.23068	0.9672415	0.9494207	1.047044
10500	-991.0486	-1058.821	67.77277	0.9672415	1.127713	1.295792
10506	-989.0589	-1056.639	67.58012	1.019197	1.127713	1.40748
10512	-997.5118	-1064.884	67.37267	0.784474	0.9421016	1.858017
10518	-1001.39	-1068.674	67.28489	1.07202	0.8843192	1.762739
10524	-995.9744	-1063.916	67.94124	0.8940267	0.6711277	1.605904
10530	-993.3538	-1060.82	67.46631	0.6920979	1.2144	1.677073
10536	-996.0045	-1064.098	68.0931	1.086725	0.8637641	1.148394
10542	-995.1428	-1062.849	67.70662	1.031828	1.208591	1.237646
10548	-999.6155	-1067.397	67.78174	1.119116	1.208591	1.09539
10554	-1001.66	-1069.217	67.557	1.271682	1.351854	1.051658
10560	-995.6873	-1063.429	67.74157	0.9284803	1.070843	1.393665
10566	-1001.834	-1069.453	67.61872	0.9337605	1.094914	1.466626
10572	-1005.256	-1072.562	67.30602	0.5978403	1.013498	1.980182
10578	-1002.496	-1069.65	67.15419	0.6494566	1.013544	2.046814
10584	-1005.112	-1072.986	67.87407	1.146121	1.082319	1.090527
10590	-1003.873	-1070.71	66.8369	0.9266822	1.224313	1.944089
10596	-1007.467	-1074.659	67.19216	0.8395698	0.7903724	2.055891
10602	-1002.956	-1070.293	67.33698	1.095175	1.479741	1.311034
10608	-1006.493	-1073.665	67.17243	1.095175	1.275899	1.560354
10614	-998.887	-1067.019	68.13236	1.145794	0.8614426	1.060901
10620	-1005.219	-1072.795	67.57543	0.6446018	1.181289	1.653688
10626	-1001.632	-1069.356	67.72308	0.8782215	0.6281537	1.813064
10632	-1002.712	-1069.305	66.59286	0.6241022	1.146027	2.345743
10638	-1002.031	-1069.75	67.71899	0.9340979	0.7031097	1.706188
10644	-1013.185	-1081.284	68.0984	1.394912	0.9691485	0.6534078
10650	-1001.846	-1069.651	67.80473	1.430805	1.190541	0.7394204
10656	-996.1832	-1064.267	68.08375	1.430805	0.9134543	0.7214868
10662	-1006.615	-1074.71	68.09506	1.42995	0.9134543	0.7039732
10668	-999.0783	-1067.072	67.99351	1.41246	1.029871	0.7039732
10674	-1000.283	-1068.51	68.2277	1.430229	0.7715154	0.7497763
10680	-1008.733	-1076.416	67.68289	0.8708849	1.071915	1.482027
10686	-1005.893	-1073.196	67.30322	0.559803	1.230678	1.873029
10692	-1005.609	-1073.134	67.52424	0.6341425	1.228989	1.668149
10698	-999.4471	-1067.098	67.65049	0.5374667	1.241202	1.639493
10704	-1000.929	-1067.304	66.37432	0.1627325	1.402831	2.637148
10710	-1000.226	-1067.233	67.00639	0.4468827	1.108626	2.216294
10716	-999.2001	-1065.777	66.57733	0.6041022	1.138219	2.372768
10722	-995.1508	-1061.948	66.79721	0.3314827	1.19012	2.376859
10728	-999.3766	-1066.126	66.7495	0.622482	1.19012	2.221387
10734	-1000.063	-1067.804	67.74118	0.4563518	1.179183	1.671099
10740	-993.1257	-1060.376	67.25042	0.7361765	0.6734494	2.18195
10746	-992.1299	-1058.788	66.65808	0.5446897	1.254903	2.294316
10752	-996.0002	-1062.643	66.64284	0.3520084	1.044074	2.545242
10758	-993.0846	-1059.111	66.02684	0.3063253	1.031381	2.95728
10764	-1001.959	-1068.215	66.25543	0.2975712	1.125785	2.770051
10770	-1011.962	-1078.939	66.97729	0.1342383	0.8600942	2.591536
10776	-1016.086	-1082.453	66.3665	0.2710454	1.562622	2.501215
10782	-1012.589	-1079.402	66.813	0.3948602	0.9368688	2.479718
10788	-1000.781	-1067.659	66.87795	0.3126541	1.238028	2.311206
10794	-994.145	-1061.318	67.17292	0.2367236	1.000187	2.311206
10800	-998.4936	-1065.625	67.13162	0.2926581	0.9856273	2.311206
10806	-996.0392	-1062.919	66.87934	0.1115619	1.023229	2.560337
10812	-998.6308	-1064.891	66.26061	0.06827076	1.187972	2.872386
10818	-1007.728	-1073.998	66.27046	0.06925259	1.669375	2.64016
10824	-1000.244	-1067.962	67.71744	1.331551	1.313633	0.8510405
10830	-1003.976	-1071.337	67.36167	1.110084	1.557272	1.231914
10836	-996.1049	-1064.616	68.51124	1.358696	0.55368	0.861422
10842	-997.5059	-1066.044	68.53855	1.320603	0.5375651	0.902811
10848	-998.9284	-1067.438	68.50946	1.409676	0.5003394	0.902811
10854	-996.6813	-1064.675	67.99388	1.237263	1.120653	0.8318336
10860	-997.3266	-1065.355	68.02886	1.237263	0.9767093	0.9505852
10866	-996.5842	-1064.303	67.71928	1.237263	1.098219	1.134796
10872	-1009.241	-1077.173	67.9321	1.098197	0.849741	1.288636
10878	-1013.374	-1080.948	67.57413	1.098197	1.188751	1.306382
10884	-1010.614	-1078.179	67.56526	1.289273	1.005331	1.297542
10890	-1002.101	-1070.001	67.90017	1.014322	0.946476	1.297542
10896	-1007.022	-1074.571	67.54902	0.886999	1.073366	1.56861
10902	-1009.196	-1076.393	67.19707	1.972168	1.197508	0.2750337
10908	-1005.442	-1072.813	67.37119	2.044199	0.9771755	0.3014077
10914	-999.83	-1067.123	67.29328	0.975975	1.067387	1.692983
10920	-1002.344	-1069.776	67.43165	0.8820813	0.6312463	2.004987
10926	-997.8505	-1065.399	67.5482	0.8820813	1.03772	1.597812
10932	-1000.861	-1068.591	67.73021	0.8824433	0.9010708	1.56685
10938	-993.5093	-1061.03	67.52061	0.499581	0.9695011	1.93179
10944	-991.6348	-1058.78	67.14534	0.7168417	1.152248	1.920264
10950	-1001.557	-1069.568	68.01163	1.743634	0.7676113	0.4706705
10956	-1008.983	-1076.142	67.15904	1.763066	1.696984	0.4172963
10962	-1004.393	-1071.944	67.55119	1.847661	1.074419	0.3872371
10968	-1002.87	-1070.325	67.45445	1.847661	1.182297	0.3903855
10974	-997.2832	-1065.27	67.98662	0.8148907	0.8502531	1.467839
10980	-1006.374	-1074.24	67.86588	1.849533	0.7786541	0.390338
10986	-1004.878	-1072.418	67.54068	1.825883	1.113092	0.3941348
10992	-1005.233	-1073.097	67.86415	1.825883	0.8241576	0.4982383
10998	-1004.466	-1072.355	67.88917	1.825883	0.8013101	0.5292272
11004	-994.704	-1061.362	66.65808	0.233157	1.275615	2.48041
11010	-1003.599	-1070.847	67.24812	0.3733992	0.9074475	2.237019
11016	-999.5495	-1067.49	67.94059	0.8538886	0.9394839	1.398759
11022	-1001.731	-1069.052	67.32074	2.021461	0.9711807	0.2524694
11028	-999.9238	-1067.064	67.14025	2.021461	1.210716	0.2774705
11034	-996.7398	-1064.785	68.0457	0.9898777	0.9766156	1.169551
11040	-993.5783	-1061.301	67.72303	2.021461	0.7324221	0.3506595
11046	-996.4537	-1063.605	67.15168	2.021461	1.179248	0.2678337
11052	-994.0012	-1061.45	67.44877	2.021461	0.8772506	0.2678337
11058	-997.3842	-1064.871	67.48727	2.021461	0.8772506	0.2923113
11064	-997.4595	-1064.576	67.11661	1.973925	1.378916	0.3289666
11070	-999.5565	-1067.296	67.73985	0.7819383	0.9491784	1.595999
11076	-997.709	-1064.909	67.19974	0.7847619	1.469429	1.655273
11082	-1008.003	-1075.642	67.63963	2.176642	0.6838417	0.3619194
11088	-1004.611	-1072.269	67.65773	2.129847	0.6180346	0.2643654
11094	-997.4043	-1064.924	67.5193	0.8477294	0.9864584	1.67989
11100	-999.1291	-1066.617	67.48762	0.9135635	1.001376	1.644752
11106	-1009.987	-1077.809	67.82202	0.8473248	1.016946	1.434579
11112	-1011.589	-1078.638	67.04953	1.927345	1.537029	0.3339697
11118	-1011.713	-1079.522	67.80811	1.773507	0.896628	0.3920214
11124	-1001.234	-1068.463	67.22875	0.8474282	1.169538	1.762747
11130	-1007.005	-1074.784	67.77893	1.420993	1.301877	0.6300144
11136	-997.0737	-1065.033	67.95898	1.228907	0.9576546	1.048481
11142	-999.8268	-1067.726	67.89911	1.045756	0.852553	1.354796
11148	-1001.708	-1069.913	68.20559	0.9892703	0.7981047	1.200932
11154	-998.4876	-1066.064	67.57652	0.9599722	1.144621	1.444032
11160	-1003.607	-1071.329	67.72234	1.16811	0.8002694	1.444032
11166	-1001.119	-1069.084	67.96498	1.000279	0.7351081	1.447459
11172	-1003.652	-1071.205	67.55272	0.9845125	0.9674474	1.570934
11178	-1006.907	-1074.147	67.24019	0.987243	1.049178	1.734826
11184	-1005.01	-1072.937	67.92754	1.171641	0.8317196	1.248709
11190	-1005.085	-1072.971	67.88531	1.171641	1.152202	0.9933152
11196	-1013.039	-1081.337	68.29813	1.171641	0.5812482	1.210935
11202	-1003.999	-1072.351	68.3525	1.137556	0.6430459	1.115396
11208	-1000.466	-1068.199	67.73288	0.8617803	0.8125004	1.652036
11214	-996.2874	-1064.408	68.12037	1.137079	0.7886061	1.156378
11220	-992.4207	-1060.205	67.78381	1.137079	1.003624	1.244245
11226	-991.4075	-1059.572	68.16467	1.303079	0.8245548	0.9107457
11232	-993.8365	-1062.018	68.1814	1.303079	0.6998107	1.049806
11238	-994.8932	-1063.049	68.15608	1.189139	0.7844053	1.081556
11244	-995.109	-1062.852	67.74283	1.185609	0.9221792	1.306966
11250	-1002.376	-1070.254	67.87794	1.059723	0.7156988	1.487057
11256	-1005.785	-1073.481	67.6957	1.111443	1.286167	1.12097
11262	-1001.563	-1069.18	67.6168	1.156163	1.338182	1.113585
11268	-1007.785	-1075.684	67.89873	1.054655	0.8834298	1.320595
11274	-998.7928	-1065.666	66.87311	0.2435172	1.438118	2.255742
11280	-996.9339	-1063.824	66.89039	0.6823743	1.276497	2.042041
11286	-994.6578	-1061.608	66.95041	0.3323123	1.017153	2.381143
11292	-996.2997	-1063.163	66.86351	0.7070543	1.216545	2.077005
11298	-994.226	-1061.315	67.08887	0.4580877	0.8284371	2.340921
11304	-992.9119	-1059.808	66.89604	0.733706	1.182033	2.057821
11310	-990.2519	-1058.126	67.87411	1.296246	1.125026	0.8991198
11316	-996.181	-1064.427	68.24616	1.392568	0.718488	0.862221
11322	-1001.94	-1070.183	68.24357	1.280215	0.7276202	0.9757207
11328	-998.1588	-1065.944	67.78567	1.021135	1.190772	1.192766
11334	-994.791	-1062.354	67.56262	0.9303003	0.9380967	1.625327
11340	-999.0393	-1067.037	67.99775	0.7504134	0.7256849	1.617484
11346	-998.0053	-1064.842	66.8364	0.7694851	0.8889918	2.259924
11352	-994.8753	-1062.586	67.71084	1.064358	1.051752	1.324929
11358	-992.7949	-1060.981	68.18575	1.150834	0.6763214	1.210403
11364	-999.6229	-1066.138	66.51516	0.8608122	1.558174	2.028957
11370	-1002.149	-1069.312	67.16313	0.9385573	1.238561	1.702645
11376	-998.6639	-1065.83	67.16651	0.8286769	1.238561	1.777372
11382	-1011.097	-1078.123	67.02568	0.6401813	1.125533	2.067464
11388	-1007.623	-1074.885	67.26165	0.6343714	1.125533	1.913754
11394	-997.5555	-1065.137	67.58188	0.6852568	0.7640445	1.91982
11400	-1000.552	-1068.487	67.93531	0.7612052	0.7203995	1.659482
11406	-1000.373	-1067.929	67.55594	0.9835551	1.189942	1.410684
11412	-997.9923	-1065.899	67.90631	1.797537	0.7762917	0.3677704
11418	-990.1944	-1058.314	68.11958	1.797537	0.6402294	0.4503834
11424	-991.9394	-1059.906	67.96686	1.797537	0.7589097	0.4605652
11430	-993.197	-1061.054	67.85712	1.797537	0.8552072	0.5033571
11436	-995.6803	-1063.706	68.02547	1.822106	0.6931135	0.4592263
11442	-997.2119	-1065.188	67.97611	1.628595	0.8993264	0.5261531
11448	-998.9793	-1066.827	67.84784	1.385247	0.9502793	1.011983
11454	-1001.51	-1068.792	67.28174	0.8535898	0.9736917	1.850614
11460	-1000.276	-1068.087	67.81049	1.515832	1.166898	0.59999
11466	-1004.908	-1072.616	67.70779	1.515832	1.232387	0.6995818
11472	-1001.085	-1068.809	67.7233	0.8832586	0.8732098	1.593594
11478	-1003.244	-1070.416	67.17247	0.3990518	1.159013	2.10957
11484	-998.0538	-1065.411	67.35727	0.5533015	1.129285	1.901573
11490	-992.3555	-1060.107	67.75166	0.8616594	0.7686376	1.676032
11496	-1004.876	-1072.601	67.72533	0.8194548	0.8265559	1.676032
11502	-1000.42	-1067.985	67.56534	0.8194548	0.8664219	1.757068
11508	-1009.744	-1077.254	67.51011	1.108043	1.21307	1.332946
11514	-1009.108	-1076.656	67.54799	1.128343	1.510507	1.081296
11520	-992.6942	-1060.451	67.75676	0.9982925	1.141251	1.2734
11526	-992.37	-1060.408	68.03778	0.9982925	0.8418474	1.291215
11532	-990.3266	-1058.282	67.95577	0.9045723	0.918321	1.364671
11538	-991.1567	-1059.039	67.88262	0.9227866	0.9216493	1.404887
11544	-990.6365	-1058.3	67.66354	0.9358953	0.8780268	1.594907
11550	-999.1785	-1066.795	67.61644	1.079704	1.513494	1.060667
11556	-998.0412	-1065.579	67.53828	0.9795622	1.013952	1.550741
11562	-1000.507	-1068.497	67.98995	1.060697	0.8990743	1.226471
11568	-997.3332	-1065.614	68.28126	1.015114	0.5673468	1.369631
11574	-988.1222	-1056.147	68.0252	1.114556	0.9201242	1.129385
11580	-989.1932	-1056.693	67.49979	0.8623595	1.072514	1.622985
11586	-992.6754	-1060.418	67.74293	0.8561311	0.9391648	1.547001
11592	-995.688	-1063.212	67.52394	0.6581478	1.038517	1.773753
11598	-999.0081	-1066.191	67.18303	0.5389863	0.9440052	2.146824
11604	-1004.616	-1072.253	67.63677	1.003397	1.19155	1.330311
11610	-1010.06	-1077.553	67.49332	0.9891543	1.346665	1.352699
11616	-1009.887	-1077.81	67.92303	1.224548	0.7311337	1.308237
11622	-998.0828	-1065.141	67.05861	0.8016568	0.8101325	2.153052
11628	-998.5427	-1066.112	67.56976	0.8708343	0.8867691	1.70203
11634	-1005.519	-1072.782	67.26283	0.8147007	0.730523	2.07406
11640	-999.753	-1066.893	67.13992	0.8494509	0.8360209	2.048698
11646	-1000.893	-1067.86	66.96781	0.6976038	1.157418	2.048698
11652	-998.6138	-1065.767	67.15344	0.5875036	1.060666	2.057951
11658	-1001.282	-1068.492	67.21049	0.7560411	0.8437849	2.057951
11664	-992.161	-1058.672	66.51064	0.68044	1.061227	2.411984
11670	-996.9178	-1063.377	66.45943	0.6986249	1.300099	2.298901
11676	-986.7684	-1053.768	67.00011	0.6796537	1.099802	2.073952
11682	-992.9889	-1059.712	66.72264	0.8045467	0.9683457	2.256587
11688	-992.6233	-1059.263	66.63977	0.3636278	0.8942948	2.635071
11694	-998.5613	-1066.606	68.04515	1.063433	0.7984957	1.272971
11700	-1000.233	-1068.052	67.81879	1.087029	1.334606	0.9895502
11706	-996.9233	-1065.142	68.2186	1.13512	0.7832529	1.074915
11712	-1001.322	-1069.099	67.77626	1.03051	0.9259449	1.400292
11718	-1002.071	-1069.824	67.75334	0.9123691	1.15847	1.333309
11724	-989.4437	-1057.032	67.58829	0.8659235	0.7344555	1.817112
11730	-995.1379	-1063.101	67.96288	1.061803	0.9089297	1.23937
11736	-999.7986	-1067.584	67.78569	1.061803	1.02682	1.285968
11742	-989.4172	-1057.32	67.90262	0.9586312	0.7983884	1.46796
11748	-1002.888	-1070.685	67.79676	0.8307738	1.01497	1.46796
11754	-999.5052	-1066.908	67.40231	1.072699	1.200108	1.453394
11760	-1000.046	-1067.695	67.64919	1.030979	1.345353	1.190518
11766	-994.6087	-1062.004	67.39503	1.030979	0.9244608	1.683577
11772	-992.7359	-1060.56	67.82441	1.030979	0.8575187	1.420386
11778	-988.4943	-1056.278	67.78414	0.932933	1.040668	1.379545
11784	-988.5896	-1056.444	67.85418	0.932933	0.8702195	1.461814
11790	-992.9875	-1060.72	67.73226	0.9354724	0.9828987	1.461814
11796	-995.015	-1062.936	67.92116	1.038873	0.7135764	1.472222
11802	-989.0091	-1056.932	67.92331	1.038873	0.9368656	1.266693
11808	-990.1326	-1058.323	68.19007	1.070814	0.7490509	1.195208
11814	-998.58	-1066.082	67.50222	0.8933095	1.417727	1.377445
11820	-1003.783	-1071.543	67.75965	0.8740542	1.105209	1.396851
11826	-998.7718	-1066.222	67.45037	0.8868281	1.3066	1.48976
11832	-996.5767	-1064.396	67.81941	1.011037	1.073935	1.262623
11838	-991.0248	-1057.997	66.97229	0.7924852	0.8720729	2.169329
11844	-989.0673	-1056.27	67.20317	0.7547578	1.314941	1.759086
11850	-988.0896	-1054.975	66.88578	0.489725	1.238247	2.192246
11856	-992.4936	-1059.082	66.58835	0.5055396	1.001322	2.509711
11862	-992.0925	-1058.964	66.87161	0.4025201	1.23757	2.257994
11868	-993.1878	-1059.346	66.15825	0.6266217	1.116988	2.632725
11874	-998.5904	-1065.207	66.61679	0.3003348	0.8791287	2.698375
11880	-992.2586	-1059.462	67.20349	0.2934696	0.8316284	2.370328
11886	-995.2881	-1060.769	65.4804	0.6569239	1.272806	2.944249
11892	-995.6955	-1061.626	65.93067	0.4843106	0.875418	3.005367
11898	-997.4155	-1064.62	67.2049	0.5958608	1.091935	1.998622
11904	-995.8908	-1062.751	66.85991	0.5634152	1.308378	2.123104
11910	-993.5222	-1061.142	67.62019	0.6108301	0.9316212	1.814821
11916	-990.796	-1058.468	67.67243	0.827895	0.7157886	1.801607
11922	-986.0447	-1053.241	67.19636	0.622317	1.15628	1.947159
11928	-994.405	-1061.73	67.32538	0.7651925	1.133041	1.775589
11934	-996.278	-1063.504	67.22573	0.7904736	1.164475	1.807531
11940	-997.5644	-1064.865	67.30054	0.8990076	1.37789	1.549838
11946	-993.0991	-1060.301	67.20213	0.8990076	1.548984	1.527822
11952	-989.3048	-1056.449	67.14428	0.7445766	0.9361504	2.042649
11958	-990.2515	-1057.65	67.39843	0.647667	1.057604	1.854901
11964	-994.0526	-1061.632	67.57983	0.6928366	0.926919	1.78944
11970	-992.3031	-1059.706	67.40265	0.494949	0.7410445	2.183023
11976	-998.4592	-1065.536	67.07709	0.5825122	0.7410445	2.335858
11982	-992.2336	-1059.017	66.78315	0.335157	0.8712387	2.579639
11988	-991.2528	-1057.709	66.45665	0.2834969	0.9908224	2.734792
11994	-987.7544	-1054.941	67.18649	0.5696235	0.7717312	2.250009
12000	-994.8087	-1061.672	66.86354	0.3071878	1.028305	2.444858
12006	-989.0647	-1055.884	66.81963	0.5198814	0.7315523	2.544664
12012	-987.677	-1054.665	66.98818	0.3974892	1.334117	2.134093
12018	-992.0491	-1058.566	66.51706	0.4734931	1.334117	2.387823
12024	-989.6187	-1056.239	66.62041	0.3984985	1.053741	2.524448
12030	-996.4921	-1063.932	67.4403	0.5131676	0.9073349	2.020105
12036	-990.5993	-1057.706	67.10667	0.7723278	0.9395304	2.046827
12042	-993.4396	-1060.468	67.02837	0.5985817	0.9395304	2.211554
12048	-990.5596	-1057.926	67.36632	0.9054623	0.9395304	1.78083
12054	-990.7415	-1058.188	67.44639	0.6055294	1.167619	1.78083
12060	-994.2261	-1061.121	66.89522	0.5831629	0.9643549	2.290495
12066	-998.8215	-1065.733	66.91105	0.6908847	0.849581	2.290495
12072	-1003.036	-1069.737	66.70175	0.63397	1.363623	2.151333
12078	-995.1316	-1062.564	67.43264	0.6983529	0.9593056	1.863683
12084	-997.6073	-1064.568	66.96113	0.6792557	0.8297479	2.280346
12090	-992.7302	-1059.954	67.22342	0.5561788	0.976594	2.087138
12096	-992.3527	-1059.461	67.10846	0.7743922	1.070826	1.957011
12102	-997.1925	-1064.7	67.50776	0.8119621	1.099175	1.635513
12108	-996.3708	-1063.383	67.01198	0.7399614	1.527685	1.78899
12114	-996.7838	-1064.699	67.91494	1.375482	0.8857198	1.023294
12120	-997.7251	-1064.671	66.9458	0.5243406	1.030583	2.253227
12126	-993.6822	-1060.966	67.28395	0.5944566	0.6717883	2.253227
12132	-996.1279	-1063.129	67.0007	0.3658223	1.140753	2.253227
12138	-995.9308	-1063.556	67.62505	0.4450556	0.8657152	1.97268
12144	-1000.14	-1067.151	67.01079	0.6521476	0.8740717	2.233775
12150	-997.4326	-1064.866	67.43386	0.8276856	0.6322538	2.038716
12156	-1001.814	-1069.009	67.19505	0.5820893	1.07085	2.027567
12162	-998.1046	-1065.097	66.99221	0.728282	1.102692	2.045285
12168	-995.041	-1061.71	66.66887	0.7597264	1.722685	1.918202
12174	-995.1587	-1061.961	66.80275	0.6696169	0.67823	2.504884
12180	-1002.846	-1069.668	66.82207	0.7247239	1.283397	2.055434
12186	-997.0751	-1064.406	67.33085	0.6696949	0.7962991	2.071825
12192	-998.0997	-1066.223	68.12346	0.8155989	0.7962991	1.41023
12198	-1001.353	-1068.666	67.31307	1.014016	1.452458	1.41023
12204	-1005.533	-1073.24	67.70694	0.8549384	1.187868	1.394705
12210	-999.4282	-1067.339	67.91033	0.7470427	0.6705162	1.733485
12216	-1000.32	-1067.619	67.29815	0.8949477	1.014603	1.782404
12222	-1000.536	-1067.747	67.21101	0.6135529	0.9296416	2.089582
12228	-1000.078	-1067.217	67.13841	0.4895585	0.8932672	2.242737
12234	-1003.044	-1070.266	67.22273	0.5057547	0.9512815	2.137668
12240	-998.7795	-1066.113	67.3332	0.6245359	0.8729213	2.042178
12246	-996.8063	-1064.198	67.39137	0.6163005	0.9033358	1.986862
12252	-1009.329	-1076.798	67.46925	0.4602088	1.020081	1.958675
12258	-1010.031	-1077.536	67.5044	0.5665192	0.8970619	1.949016
12264	-989.8793	-1056.643	66.76386	0.6997897	1.194481	2.159524
12270	-992.7547	-1059.991	67.23627	0.6864664	1.061727	1.936012
12276	-993.7362	-1060.456	66.71999	0.7139594	1.539772	1.999162
12282	-991.5234	-1058.913	67.39003	0.6569854	1.133356	1.805604
12288	-989.5716	-1057.049	67.47711	0.7490207	1.050222	1.735035
12294	-1002.988	-1069.681	66.69275	0.01833069	0.9810543	2.758594
12300	-1001.306	-1067.891	66.58475	0.04294709	1.065876	2.758594
12306	-996.8852	-1063.273	66.38731	0.02378354	1.345653	2.742103
12312	-1009.184	-1075.995	66.8114	0.4583233	1.362946	2.194544
12318	-1006.816	-1074.168	67.35223	0.1341459	1.008029	2.257078
12324	-999.4696	-1066.687	67.21783	0.02050183	0.9687441	2.439854
12330	-999.2641	-1065.502	66.23757	0.01530047	0.985732	3.032697
12336	-997.4731	-1064.189	66.71621	0.01877887	1.107185	2.669044
12342	-997.6221	-1064.669	67.04683	0.02757809	0.9006987	2.586862
12348	-994.4398	-1061.56	67.12012	0.03953784	0.8243751	2.586862
12354	-993.0835	-1060.08	66.99652	0.05343886	0.7346899	2.720959
12360	-992.5202	-1059.433	66.91332	0.08734623	1.053959	2.535687
12366	-990.5097	-1057.645	67.13487	0.6760766	1.282146	1.879008
12372	-985.7791	-1052.918	67.13865	0.5071426	1.104667	2.093324
12378	-990.658	-1057.557	66.89908	0.5213764	1.033154	2.283482
12384	-1003.393	-1069.856	66.46302	0.5977119	1.227029	2.399607
12390	-999.116	-1066.287	67.17127	0.5898167	0.8693388	2.173694
12396	-1008.541	-1074.519	65.97798	0.3245952	1.375024	2.794135
12402	-995.941	-1063.45	67.50872	1.157204	1.45243	1.130098
12408	-998.857	-1066.353	67.49564	1.164704	1.184019	1.319416
12414	-996.6735	-1064.303	67.62938	0.8982617	1.012873	1.544293
12420	-994.3482	-1061.621	67.27304	0.5083235	0.9037467	2.13598
12426	-994.7387	-1062.094	67.3555	0.2876041	0.9037467	2.225675
12432	-995.9797	-1063.075	67.09536	0.547742	0.9037467	2.225675
12438	-992.4812	-1059.528	67.04718	0.764788	0.9037467	2.115972
12444	-999.9499	-1066.499	66.54885	0.1679681	1.221056	2.617604
12450	-1000.476	-1067.666	67.19	0.777617	1.012504	1.938042
12456	-993.1007	-1060.296	67.19502	0.5951618	1.430414	1.81251
12462	-1001.396	-1068.978	67.58238	0.7906568	0.8058734	1.813289
12468	-1001.451	-1068.701	67.25077	0.8727225	1.219351	1.698848
12474	-1007.278	-1075.428	68.15005	0.9192089	0.8824709	1.226036
12480	-993.1791	-1059.764	66.58492	0.7188363	1.245613	2.234547
12486	-992.8125	-1061.176	68.36351	0.9807138	0.5901916	1.30419
12492	-994.332	-1062.11	67.77779	1.045249	0.841942	1.45864
12498	-997.4034	-1064.958	67.55465	1.045249	1.163263	1.38201
12504	-988.168	-1056.099	67.93055	1.187407	0.8389435	1.226024
12510	-998.109	-1065.917	67.80819	1.585179	1.111977	0.4858016
12516	-1002.586	-1070.323	67.73705	1.656311	1.111977	0.4858016
12522	-997.5758	-1065.303	67.72754	1.276646	1.390375	0.831006
12528	-1001.221	-1069.291	68.06988	1.498767	0.7755553	0.8613076
12534	-995.3105	-1063.02	67.70956	1.587606	1.211149	0.5659539
12540	-1000.007	-1068.01	68.00372	1.610741	0.8891096	0.4643373
12546	-999.3186	-1067.061	67.74271	1.550031	1.216416	0.5654137
12552	-996.9866	-1065.007	68.01993	1.550031	0.9202794	0.5869891
12558	-1000.722	-1068.39	67.66853	1.557039	1.289301	0.5869891
12564	-1000.472	-1068.546	68.07413	1.557039	0.8737295	0.5388152
12570	-1001.962	-1069.129	67.1667	0.4623148	0.6799781	2.405064
12576	-998.2049	-1065.174	66.96931	0.6256485	0.7728511	2.352094
12582	-992.4221	-1058.793	66.37126	0.5981195	1.279587	2.429272
12588	-992.9938	-1059.808	66.81376	0.596787	1.097888	2.250244
12594	-1003.458	-1071.687	68.22892	1.666315	0.6563153	0.5518845
12600	-1008.784	-1076.79	68.0053	1.498489	0.9508521	0.6705631
12606	-1005.03	-1073.113	68.08354	1.476308	0.8646074	0.7343257
12612	-996.0908	-1062.255	66.16457	0.4102598	0.9592915	2.855037
12618	-992.9787	-1060.101	67.12206	0.2865546	0.8437888	2.417395
12624	-992.1235	-1058.027	65.90382	0.1427369	1.015859	3.137843
12630	-997.5489	-1063.643	66.09448	0.2089299	1.314559	2.823009
12636	-994.4877	-1060.819	66.33111	0.2223415	1.172925	2.743848
12642	-991.9173	-1058.277	66.35989	0.1911834	1.208117	2.726432
12648	-995.0655	-1062.114	67.04886	0.6176644	1.062619	2.105699
12654	-999.0966	-1066.192	67.09498	0.7233621	1.054791	2.010376
12660	-1000.473	-1067.492	67.01946	0.6250379	1.272084	1.996817
12666	-991.9592	-1059.436	67.47684	0.5269369	1.047169	1.890619
12672	-1007.634	-1073.361	65.72639	0.2750014	1.108263	3.112135
12678	-998.3735	-1065.371	66.99779	0.4466775	1.108263	2.222191
12684	-990.4603	-1057.542	67.08138	0.4320868	0.8686899	2.333285
12690	-994.3791	-1062.234	67.85509	0.730595	0.6996594	1.756729
12696	-991.7802	-1058.396	66.61562	0.5807836	0.9774862	2.460586
12702	-988.5673	-1055.683	67.11531	0.5852587	0.9302128	2.170207
12708	-988.5588	-1055.861	67.30246	0.5049909	1.096957	1.991031
12714	-991.5266	-1058.186	66.65975	0.4693246	1.20636	2.367644
12720	-1008.771	-1076.737	67.96537	0.8168151	0.8102505	1.516926
12726	-1008.83	-1076.331	67.50167	0.7809128	1.3456	1.507112
12732	-1006.545	-1073.453	66.90794	0.627755	1.355854	2.023894
12738	-1001.722	-1069.432	67.71045	0.8243829	0.8114681	1.69555
12744	-1004.512	-1071.976	67.4638	0.5830879	1.17575	1.779315
12750	-999.4415	-1066.252	66.81081	0.6343526	1.271451	2.128733
12756	-1001.452	-1069.079	67.62713	0.7848035	0.6655349	1.907347
12762	-994.0664	-1061.634	67.56804	0.8205321	0.8349665	1.77917
12768	-998.8323	-1066.094	67.26183	0.8250957	1.042119	1.837147
12774	-985.4141	-1052.854	67.43965	0.726539	0.9257274	1.863616
12780	-1007.173	-1073.046	65.87318	0.2039703	1.446597	2.897446
12786	-999.7725	-1067.441	67.6685	0.4405846	0.875298	1.939357
12792	-995.3316	-1061.316	65.98395	0.2596142	0.949297	3.060607
12798	-1001.114	-1068.356	67.24176	0.08025521	0.949297	2.399762
12804	-1005.519	-1072.578	67.05826	0.01488546	1.212319	2.399762
12810	-999.574	-1066.288	66.71439	0.172716	1.061583	2.601654
12816	-1005.817	-1072.594	66.7772	0.2609068	0.9122418	2.601654
12822	-1011.111	-1077.446	66.33502	0.3958653	0.8996681	2.798503
12828	-1005.769	-1072.523	66.7543	0.1362874	1.121566	2.564671
12834	-1009.452	-1076.124	66.67215	0.1456771	1.203047	2.564671
12840	-992.9454	-1059.635	66.68965	0.1408767	1.44735	2.433158
12846	-994.5825	-1061.668	67.08593	0.4977954	0.934262	2.242984
12852	-1001.573	-1068.152	66.57943	0.01848042	0.7496356	2.983767
12858	-1001.049	-1067.306	66.25629	0.05876615	1.254841	2.845923
12864	-1000.093	-1066.512	66.41932	0.1027896	1.001231	2.861182
12870	-1006.518	-1072.515	65.9969	0.09880483	1.117317	3.050858
12876	-994.1275	-1060.633	66.50591	0.1883332	0.9886908	2.76416
12882	-1000.684	-1067.185	66.50129	0.6921516	0.8778824	2.528363
12888	-1004.906	-1071.803	66.89742	0.663821	1.167761	2.111197
12894	-1000.552	-1066.889	66.33691	0.474525	1.441874	2.447765
12900	-991.3553	-1057.895	66.53986	0.2973853	1.198325	2.555165
12906	-995.5247	-1062.604	67.079	0.5018823	1.027901	2.183438
12912	-997.493	-1065.199	67.70621	0.3846572	0.9579407	1.891983
12918	-997.0911	-1064.517	67.42583	0.6119633	1.054282	1.862765
12924	-1001.239	-1068.266	67.02741	1.131199	1.270893	1.642629
12930	-999.4265	-1066.891	67.4649	1.030834	0.9242465	1.633835
12936	-994.2334	-1062.051	67.81767	0.7743712	0.7970727	1.666878
12942	-1002.646	-1070.069	67.42292	0.9595368	1.333454	1.438875
12948	-995.9349	-1062.95	67.0155	0.8734317	1.054818	1.963191
12954	-991.8895	-1059.514	67.62437	1.067617	1.145319	1.321716
12960	-993.1236	-1060.808	67.68412	0.7411221	0.9159569	1.690554
12966	-1004.105	-1071.282	67.17769	0.9088234	0.6962398	2.097093
12972	-1001.658	-1068.913	67.25489	0.6984768	1.14232	1.864378
12978	-999.6087	-1066.861	67.25241	0.7895977	0.8104506	2.03341
12984	-995.2154	-1061.55	66.33499	0.497818	0.9602391	2.697104
12990	-999.9188	-1066.642	66.72326	0.3504205	1.406155	2.298927
12996	-996.4814	-1063.604	67.12218	0.5354533	0.8715865	2.238967
13002	-999.4538	-1066.302	66.84856	0.396787	1.131627	2.335998
13008	-1000.564	-1067.478	66.91437	0.6257906	0.9320598	2.272458
13014	-1006.455	-1073.48	67.02535	0.6322329	1.343163	1.949201
13020	-1004.935	-1072.132	67.19739	0.7653164	1.308581	1.759368
13026	-999.161	-1066.585	67.42361	0.6843531	1.140859	1.758512
13032	-1005.033	-1072.418	67.38575	0.7632309	1.140859	1.729758
13038	-1003.03	-1070.423	67.39264	0.5731514	1.023225	1.932138
13044	-1000.679	-1068.717	68.03741	0.907144	0.8285237	1.376613
13050	-999.8316	-1067.259	67.42771	1.042638	1.478703	1.280569
13056	-1004.242	-1071.704	67.46162	0.7958798	1.500383	1.43641
13062	-997.6539	-1066.113	68.45958	1.567087	0.4699424	0.836678
13068	-997.5782	-1065.664	68.08538	1.737065	0.6942855	0.6256265
13074	-996.6832	-1064.353	67.67024	1.543385	1.240113	0.7055105
13080	-998.8982	-1066.765	67.86685	1.543385	1.05715	0.6444853
13086	-1005.089	-1072.667	67.57767	1.513551	1.478379	0.4951336
13092	-995.5794	-1062.862	67.28264	0.8785265	1.082511	1.758987
13098	-995.2776	-1063.28	68.00277	0.9682023	0.893141	1.297783
13104	-997.4678	-1065.367	67.89878	0.9808141	0.875674	1.385886
13110	-1001.825	-1068.718	66.89244	0.7993883	1.371657	1.910838
13116	-995.8872	-1062.754	66.86643	0.6644396	1.237892	2.091092
13122	-999.8299	-1067.674	67.84396	0.744654	1.104727	1.432073
13128	-1005.159	-1073.022	67.86325	1.229518	1.104727	1.000867
13134	-993.733	-1061.764	68.0307	1.622524	0.8531242	0.5448261
13140	-990.1436	-1057.557	67.41344	0.7745511	1.061956	1.753869
13146	-995.7317	-1062.865	67.13378	0.82877	0.9579194	1.978511
13152	-992.6872	-1059.755	67.068	2.078641	1.290825	0.3156654
13158	-992.1317	-1059.484	67.35195	2.078641	0.9119501	0.2667239
13164	-996.3259	-1063.971	67.64474	1.858505	0.9119501	0.3174507
13170	-993.1704	-1060.154	66.98392	0.06696335	1.132935	2.45811
13176	-993.6742	-1060.408	66.7335	0.2693852	1.077901	2.520076
13182	-991.2686	-1059.024	67.75533	1.787426	0.9498124	0.43347
13188	-990.6272	-1058.14	67.51293	1.787426	1.214585	0.4702779
13194	-991.5494	-1059.388	67.83892	1.631797	0.9936071	0.3760145
13200	-1002.447	-1070.75	68.30323	1.135489	0.729878	1.056692
13206	-1002.603	-1070.459	67.85602	1.126795	1.162504	1.056692
13212	-1004.846	-1072.587	67.7413	1.162929	1.206303	1.094118
13218	-998.5108	-1066.434	67.92349	1.086357	1.068171	1.112266
13224	-1005.843	-1073.415	67.57222	1.703992	1.208383	0.3850209
13230	-1008.893	-1076.219	67.32572	1.896333	1.131333	0.2713064
13236	-1003.033	-1070.296	67.2624	1.896333	1.23469	0.2889799
13242	-991.7356	-1059.886	68.15069	1.175946	0.8053554	1.075719
13248	-997.9207	-1065.957	68.0359	1.144073	0.9680322	1.04584
13254	-1006.92	-1074.435	67.51507	1.870278	1.08866	0.3870967
13260	-1000.969	-1068.8	67.83093	1.192989	1.28184	0.9102617
13266	-997.2004	-1065.242	68.04118	1.171872	0.9459426	1.035969
13272	-991.2083	-1059.352	68.14393	1.115167	0.9038891	1.034563
13278	-993.6737	-1061.451	67.7773	1.046707	0.9429738	1.372804
13284	-992.4289	-1060.313	67.88456	1.069128	0.9513553	1.261199
13290	-1003.803	-1071.023	67.22071	0.4830971	0.6836332	2.354656
13296	-998.1542	-1065.312	67.15794	0.699303	1.393778	1.785589
13302	-987.9915	-1055.418	67.42606	0.9878293	1.32272	1.421365
13308	-993.1243	-1060.101	66.97661	0.7443787	1.376686	1.888373
13314	-994.854	-1062.328	67.4741	0.6763952	0.934268	1.868177
13320	-999.2513	-1065.391	66.14005	0.4068207	1.184531	2.741607
13326	-996.1141	-1062.977	66.86247	0.5880811	0.7587418	2.454126
13332	-999.4342	-1066.089	66.65461	0.5079136	0.6539715	2.716766
13338	-996.3774	-1063.736	67.35906	0.7784258	1.081726	1.776016
13344	-1000.223	-1067.754	67.53031	0.9524013	1.181659	1.459845
13350	-998.4931	-1066.088	67.59455	0.789542	0.6728485	1.919536
13356	-994.3821	-1061.645	67.26252	0.7463696	0.9959834	1.921305
13362	-990.9226	-1057.851	66.92846	0.596639	1.004273	2.234578
13368	-993.6185	-1060.786	67.16741	0.596639	0.8925558	2.15517
13374	-999.6137	-1066.601	66.98756	0.4005945	0.9971888	2.326816
13380	-995.0941	-1061.723	66.62934	0.5983582	0.9192075	2.47899
13386	-989.8144	-1056.943	67.12876	0.4438048	0.8972094	2.275567
13392	-985.3211	-1051.828	66.50649	0.1625415	1.195544	2.660724
13398	-985.9063	-1053.148	67.24169	0.3333131	0.7627239	2.372566
13404	-985.0716	-1052.471	67.39926	0.6248982	0.9895817	1.915333
13410	-1014.767	-1081.76	66.99295	0.9508726	1.060698	1.922442
13416	-1016.358	-1083.693	67.33553	0.894374	1.118609	1.686902
13422	-993.7059	-1061.225	67.51873	0.68648	0.9096762	1.848624
13428	-990.2135	-1057.627	67.41357	0.9367442	0.9417966	1.724224
13434	-991.107	-1057.903	66.79571	0.3906568	0.8611212	2.544354
13440	-1007.862	-1074.744	66.8829	1.226955	1.583626	1.50296
13446	-1006.118	-1073.937	67.81839	1.159417	0.970689	1.224358
13452	-994.7601	-1061.777	67.01657	0.6539125	1.149296	2.050168
13458	-1003.166	-1070.035	66.86902	0.2773853	1.149296	2.388604
13464	-988.928	-1056.073	67.14529	0.4259352	1.018933	2.195409
13470	-989.2024	-1056.754	67.55149	0.5290911	0.705979	2.092673
13476	-991.9143	-1058.589	66.67462	0.640528	0.794103	2.512188
13482	-996.535	-1063.874	67.33869	0.7977629	0.9182817	1.889278
13488	-992.5792	-1060.273	67.69417	1.146055	0.795559	1.48638
13494	-1003.657	-1071.977	68.31976	1.146055	0.7404185	1.017747
13500	-1001.758	-1069.114	67.35538	0.766097	0.9678896	1.864151
13506	-1002.573	-1069.896	67.32356	0.9107701	0.8230792	1.894541
13512	-1007.007	-1074.518	67.51194	0.9342948	0.8237597	1.747917
13518	-1006.191	-1074.116	67.92409	0.9342948	0.6937311	1.56715
13524	-991.6596	-1059.623	67.96323	0.8770343	0.9334034	1.367906
13530	-991.7915	-1059.78	67.98812	1.04524	0.9520101	1.193394
13536	-990.2374	-1058.366	68.12862	1.04524	0.821741	1.195229
13542	-997.6053	-1065.166	67.56047	0.6920052	0.6137228	2.062061
13548	-993.0252	-1060.457	67.43193	0.7070043	1.327174	1.623537
13554	-990.4106	-1057.959	67.54798	0.8331824	1.023731	1.643221
13560	-992.876	-1060.057	67.18099	0.6816366	1.050288	1.983731
13566	-992.6108	-1059.905	67.29419	0.526855	1.185911	1.927839
13572	-988.9028	-1055.632	66.72912	0.1297756	1.121198	2.584543
13578	-998.4662	-1065.808	67.3413	0.0625855	1.084595	2.262518
13584	-1007.437	-1075.765	68.3282	1.110641	0.6291076	1.178041
13590	-1003.657	-1071.585	67.92721	1.178671	0.7632032	1.309776
13596	-996.3373	-1064.374	68.03632	1.111471	0.9618622	1.082175
13602	-991.8347	-1059.321	67.48651	0.9619613	1.320865	1.395719
13608	-997.344	-1064.925	67.5809	0.7812277	1.070235	1.624562
13614	-996.1676	-1063.909	67.74107	0.6868179	1.111543	1.548299
13620	-998.9334	-1065.295	66.36182	0.4793762	0.9782938	2.680598
13626	-1002.501	-1070.121	67.62028	0.2114015	0.9782938	2.051662
13632	-992.1967	-1059.6	67.40373	0.8334202	1.17704	1.644091
13638	-992.9096	-1060.029	67.11913	0.7528007	1.104201	1.943283
13644	-990.6596	-1057.791	67.13109	0.3168866	1.193563	2.170238
13650	-999.1204	-1065.241	66.12025	0.2396853	1.270903	2.810489
13656	-995.6928	-1062.003	66.31051	0.5640041	1.121029	2.574957
13662	-991.3616	-1058.804	67.44247	0.705265	0.8306989	1.94714
13668	-994.8285	-1061.596	66.76778	0.7808555	1.354659	2.015919
13674	-997.7859	-1065.453	67.66672	0.7051549	1.003932	1.663926
13680	-1002.65	-1070.354	67.70358	0.9599474	0.4910097	1.914124
13686	-1002.774	-1069.811	67.03694	0.9342158	0.7165928	2.155305
13692	-1003.572	-1070.654	67.08244	0.6670175	1.057162	2.054547
13698	-997.2413	-1064.424	67.18277	0.6491379	1.183285	1.922063
13704	-995.5207	-1063.024	67.5034	1.037826	1.173772	1.420363
13710	-994.5892	-1062.274	67.68451	0.7877558	0.8195818	1.733048
13716	-996.9744	-1063.85	66.87519	0.725734	0.6787325	2.423823
13722	-1008.089	-1075.524	67.43449	0.8031145	0.9360262	1.80707
13728	-1005.361	-1072.588	67.22673	0.3330989	0.8579923	2.311351
13734	-1005.349	-1073.038	67.68864	0.9653543	0.9338482	1.510332
13740	-997.4811	-1064.101	66.61954	0.6239634	1.138045	2.333456
13746	-999.7657	-1066.709	66.94328	0.7189136	1.236414	2.005049
13752	-1002.859	-1070.333	67.47468	0.7005281	0.7538903	1.989952
13758	-1002.61	-1069.84	67.23057	0.755609	1.292184	1.752354
13764	-1006.886	-1074.703	67.81741	0.7849511	0.6804476	1.762719
13770	-1004.413	-1071.921	67.50819	0.9134457	0.6162945	1.946913
13776	-1004.039	-1071.639	67.60006	0.6704368	0.785504	1.899982
13782	-1001.085	-1067.923	66.83847	0.5338707	1.251536	2.186997
13788	-1003.108	-1069.871	66.76306	0.8046343	0.9622324	2.234567
13794	-992.778	-1060.099	67.32139	0.5324233	0.7319822	2.218706
13800	-997.4117	-1065.01	67.59862	0.5704716	0.9488014	1.84505
13806	-999.1791	-1066.586	67.40699	0.7620994	0.9488014	1.84505
13812	-996.7055	-1063.654	66.94849	0.6126837	1.138886	2.128208
13818	-1003.826	-1070.796	66.96985	0.6252081	1.324065	2.001337
13824	-994.5251	-1061.687	67.16223	0.6039211	1.102261	2.015261
13830	-1003.008	-1070.908	67.89972	0.6621115	0.6856136	1.786174
13836	-1003.629	-1071.384	67.75501	0.8942359	0.9723738	1.483914
13842	-1001.619	-1069.21	67.59006	0.9407841	1.019356	1.537182
13848	-993.1209	-1060.506	67.38487	0.9355717	1.01662	1.691593
13854	-988.5385	-1056.256	67.71755	0.8635118	1.148248	1.407189
13860	-992.8722	-1060.79	67.91796	1.055452	0.5992248	1.578405
13866	-991.0246	-1058.84	67.81559	0.9638374	0.9605607	1.393423
13872	-999.2522	-1066.797	67.54478	1.067199	1.582213	1.09326
13878	-998.8458	-1065.796	66.95027	0.9593515	1.706093	1.589052
13884	-991.9112	-1059.153	67.24218	0.9724644	1.271793	1.601579
13890	-996.9353	-1063.78	66.84472	1.020104	0.9693723	2.035748
13896	-994.5829	-1062.064	67.48137	0.9831868	0.7264642	1.81693
13902	-994.3384	-1061.512	67.1734	0.6191286	1.146379	1.970691
13908	-992.8342	-1059.679	66.84497	0.6379869	1.406968	2.032349
13914	-998.3966	-1065.48	67.08299	0.7343059	0.7728041	2.20974
13920	-1001.071	-1067.744	66.67296	0.5867184	1.715048	2.034652
13926	-1002.87	-1070.123	67.25303	0.7348012	1.135779	1.844843
13932	-991.9838	-1059.468	67.48383	0.7557886	1.012973	1.751088
13938	-994.2384	-1061.004	66.76575	0.6025232	0.7943276	2.478804
13944	-991.835	-1058.478	66.6434	0.2701015	1.252091	2.478804
13950	-994.0955	-1060.379	66.28352	0.2766573	1.159043	2.747299
13956	-995	-1061.483	66.48251	0.1326372	1.1951	2.694089
13962	-1009.728	-1077.797	68.06951	0.9936537	0.8038827	1.304882
13968	-1012.755	-1080.341	67.58614	0.8362711	1.02554	1.612175
13974	-998.9848	-1066.172	67.18739	0.5466511	1.135167	2.016504
13980	-1004.677	-1073.094	68.41697	1.087864	0.6102807	1.143576
13986	-1002.469	-1070.408	67.9388	0.9677748	0.6207998	1.604534
13992	-997.1943	-1064.31	67.11603	0.3840158	0.946596	2.288392
13998	-1001.779	-1069.013	67.23427	0.4196852	1.081073	2.102456
14004	-999.1074	-1066.448	67.34042	0.7806708	1.181851	1.723617
14010	-1005.573	-1071.967	66.39338	0.2174107	1.245476	2.670131
14016	-1003.16	-1070.816	67.65602	0.8258904	1.222362	1.433385
14022	-995.4726	-1062.321	66.84844	0.5167063	0.9935311	2.343789
14028	-994.4841	-1061.212	66.72767	0.4410498	1.203976	2.343789
14034	-1001.204	-1067.912	66.70833	0.5694439	1.176911	2.289386
14040	-997.3184	-1064.766	67.44807	0.587912	0.8335675	2.019658
14046	-994.8479	-1062.079	67.23152	0.5557999	0.9585309	2.094235
14052	-998.009	-1065.079	67.07016	0.5590605	1.210419	2.041772
14058	-999.6911	-1066.609	66.91834	0.4969414	1.361781	2.100274
14064	-1001.23	-1068.671	67.44017	0.8363032	1.337065	1.516782
14070	-997.3613	-1065.229	67.86733	0.9325552	1.247699	1.156116
14076	-993.2148	-1060.919	67.70371	0.8376027	1.21716	1.39087
14082	-998.6013	-1066.975	68.37347	1.138242	0.731779	0.98269
14088	-1001.306	-1069.422	68.11586	1.249783	0.9284112	0.8966853
14094	-1001.906	-1069.95	68.0436	1.249783	0.9362083	0.9658698
14100	-999.3218	-1067.004	67.68239	1.068725	0.6957275	1.643164
14106	-997.088	-1064.066	66.97826	0.5750264	1.018408	2.207349
14112	-987.7254	-1054.765	67.0398	0.632932	1.018408	2.129724
14118	-983.4186	-1050.733	67.31454	0.7044379	1.066287	1.867767
14124	-993.2354	-1060.75	67.51439	0.8130165	1.066287	1.652251
14130	-1007.566	-1075.325	67.75885	1.387565	1.224033	0.8229983
14136	-1007.753	-1076.092	68.33849	1.225284	0.8923666	0.6748239
14142	-998.6812	-1066.266	67.58458	0.7294358	0.9493641	1.744184
14148	-1000.235	-1067.55	67.31494	0.7523547	1.209922	1.744184
14154	-1004.847	-1072.515	67.6677	1.298921	1.019805	1.191849
14160	-996.6403	-1064.102	67.46125	0.944741	0.7752776	1.815689
14166	-989.1362	-1057.151	68.01488	0.9284378	0.7071443	1.49108
14172	-992.2316	-1059.919	67.68737	0.7509817	1.063251	1.573955
14178	-990.773	-1058.505	67.73187	0.8421213	0.897145	1.598213
14184	-1005.631	-1073.606	67.97486	1.781883	0.767684	0.489639
14190	-1002.679	-1069.781	67.10245	1.004645	1.633498	1.478933
14196	-1007.459	-1074.974	67.51482	1.004645	1.225293	1.402436
14202	-995.786	-1063.732	67.94628	1.085255	0.9974299	1.154653
14208	-995.7014	-1063.472	67.77102	1.133501	0.7030226	1.5241
14214	-1003.457	-1071.376	67.91937	1.133501	0.6253715	1.491685
14220	-996.6882	-1064.692	68.00339	0.8918461	0.653786	1.579309
14226	-993.3799	-1060.87	67.48997	0.8183371	1.061266	1.669345
14232	-994.4045	-1062.45	68.04533	1.225377	0.9845593	0.9372346
14238	-1003.003	-1070.957	67.95381	1.452689	0.8735107	0.917301
14244	-1001.422	-1069.288	67.86596	0.8499791	0.6270451	1.734326
14250	-998.7372	-1065.757	67.01943	0.5835048	0.851089	2.28877
14256	-997.1896	-1063.162	65.97238	0.5454049	1.438194	2.632331
14262	-1002.526	-1070.292	67.76619	1.791617	0.9344241	0.4301701
14268	-1004.702	-1071.973	67.27094	1.791617	1.428795	0.3396195
14274	-997.9895	-1065.858	67.86873	1.791617	0.8339807	0.4101108
14280	-992.7124	-1060.328	67.61549	1.787004	1.025075	0.3314896
14286	-999.2052	-1067.29	68.0852	1.75244	0.6703385	0.3664279
14292	-996.3962	-1064.777	68.38106	1.75244	0.4981353	0.456622
14298	-994.1824	-1062.322	68.13962	1.75244	0.6538213	0.4276143
14304	-991.547	-1059.42	67.87252	1.69567	0.9347056	0.5065721
14310	-994.9546	-1062.323	67.36821	1.69567	1.514051	0.4763893
14316	-991.2541	-1058.605	67.35059	1.901564	1.216081	0.3596842
14322	-992.5983	-1060.019	67.42055	1.84799	1.1972	0.3596842
14328	-1001.756	-1069.357	67.60101	1.854989	0.9441936	0.306542
14334	-989.6172	-1057.317	67.69935	1.147864	1.087092	1.238318
14340	-998.1116	-1065.13	67.01858	0.8402938	1.737884	1.610709
14346	-1000.453	-1067.861	67.40763	0.8402938	0.9565153	1.785122
14352	-992.3487	-1059.37	67.02174	0.5408268	1.177958	2.104398
14358	-990.962	-1058.022	67.05957	0.7118962	0.761754	2.247951
14364	-997.9157	-1065.585	67.66947	0.7675498	0.9362158	1.666889
14370	-993.227	-1060.425	67.19789	0.7171263	1.076946	1.931458
14376	-993.1957	-1060.247	67.05109	0.6286322	1.076946	2.088093
14382	-1008.46	-1076.502	68.04236	1.471363	0.8695162	0.7932525
14388	-1008.496	-1076.39	67.89365	1.471363	1.078613	0.6936011
14394	-999.4318	-1066.669	67.23722	0.6009636	0.9942369	2.036699
14400	-1003.497	-1071.331	67.83424	0.7564537	0.7101067	1.743757
14406	-991.9438	-1060.024	68.08072	1.077826	0.9123663	1.119921
14412	-981.0395	-1049.133	68.09316	1.009623	0.7544204	1.320965
14418	-984.9876	-1053.27	68.28284	1.110755	0.7513411	1.073948
14424	-990.5299	-1058.955	68.42474	1.484213	0.6327641	0.617277
14430	-996.7991	-1065.051	68.25149	1.027579	0.8195073	1.104405
14436	-997.1065	-1064.766	67.65911	0.8169905	1.256867	1.415267
14442	-991.1669	-1058.657	67.49057	0.8289833	0.8973712	1.778855
14448	-993.0598	-1059.894	66.83369	0.8289833	1.283613	1.978279
14454	-990.0028	-1057.492	67.48889	0.944092	1.141284	1.524367
14460	-992.5287	-1060.804	68.27567	1.281583	0.6807536	1.003278
14466	-995.2346	-1063.497	68.26238	1.276754	0.5528088	1.188378
14472	-998.7882	-1066.968	68.17949	0.9978223	0.4588431	1.592973
14478	-1006.099	-1074.062	67.96261	1.16115	0.4779972	1.607816
14484	-1007.541	-1075.86	68.31907	0.7999022	0.8359006	1.228094
14490	-997.1809	-1065.448	68.2673	1.302315	0.4323816	1.330484
14496	-996.4111	-1065.175	68.76374	1.285295	0.4323816	0.8894007
14502	-996.3417	-1063.932	67.58999	1.223043	1.381502	1.044264
14508	-988.7102	-1056.3	67.5901	1.223043	1.38135	1.044264
14514	-993.2939	-1061.162	67.86829	1.208185	0.9993362	1.112745
14520	-998.1992	-1065.801	67.60146	0.9327166	0.9993362	1.549415
14526	-1005.945	-1072.971	67.02613	0.7051336	1.417463	1.859793
14532	-1005.635	-1073.95	68.31407	1.277703	0.6429797	1.019765
14538	-1004.237	-1072.104	67.86733	1.245593	1.047106	1.034662
14544	-1010.031	-1077.94	67.90962	1.234587	0.7961832	1.245697
14550	-1002.013	-1069.997	67.9839	1.26	0.935069	1.016999
14556	-1000.272	-1068.155	67.88247	1.34201	0.935069	1.035936
14562	-996.2836	-1064.13	67.84675	1.321112	1.038528	0.9885591
14568	-997.2547	-1065.474	68.21881	1.487157	0.6332737	0.9154796
14574	-998.3802	-1066.031	67.65057	0.7391796	0.881092	1.742243
14580	-1003.869	-1071.034	67.16529	1.492517	1.741063	0.9419808
14586	-1004.637	-1072.494	67.85671	1.40359	1.198411	0.6863748
14592	-1006.395	-1073.402	67.00723	1.690041	2.029859	0.6406712
14598	-1002.056	-1070.008	67.95113	1.690041	0.8357347	0.6454671
14604	-999.2773	-1067.193	67.91547	1.22574	0.9314923	1.117219
14610	-999.0169	-1066.783	67.76564	1.231221	0.877444	1.290699
14616	-1006.192	-1074.281	68.0892	1.204905	0.8301125	1.079242
14622	-1002.781	-1070.577	67.7963	1.68797	0.9992495	0.4114905
14628	-1005.708	-1073.673	67.96484	1.68797	0.856697	0.5098924
14634	-1000.805	-1068.259	67.45336	1.75593	1.315519	0.4379613
14640	-994.2257	-1061.826	67.60003	1.732987	1.159001	0.4109831
14646	-997.6332	-1064.839	67.20544	1.791306	1.487416	0.3186385
14652	-993.7467	-1061.372	67.62504	1.8515	0.9322281	0.3130462
14658	-995.9599	-1063.704	67.74431	1.627587	1.128167	0.561598
14664	-1000.924	-1068.698	67.77354	1.627587	1.096651	0.5609371
14670	-1016.325	-1083.858	67.53298	0.7294844	1.025579	1.726331
14676	-1011.024	-1078.477	67.45256	0.7128973	1.002807	1.809681
14682	-1003.843	-1072.218	68.3741	1.22714	0.6620586	0.9842482
14688	-1005.81	-1074.001	68.19129	1.178474	0.7271798	1.123542
14694	-1003.464	-1071.446	67.98181	1.127191	1.066515	1.020345
14700	-1007.47	-1074.835	67.36455	1.074108	1.203778	1.47856
14706	-1001.3	-1068.791	67.49047	1.010605	1.133574	1.47856
14712	-1002.326	-1070.109	67.78241	1.02104	0.8379532	1.476943
14718	-999.2262	-1067.132	67.90602	1.151388	0.7975024	1.315619
14724	-1002.342	-1070.212	67.8696	1.258621	1.113357	0.9564558
14730	-998.0848	-1066.155	68.06998	1.297396	0.8359431	1.002268
14736	-996.747	-1064.992	68.24532	1.1764	0.8359431	0.9464449
14742	-1003.561	-1071.734	68.17285	1.39852	0.8405018	0.7580213
14748	-1009.952	-1077.458	67.50602	1.39852	1.551743	0.8043488
14754	-997.4107	-1065.561	68.1504	1.384966	0.820983	0.8364597
14760	-1000.248	-1068.138	67.88987	1.446127	1.128454	0.6605937
14766	-1002.651	-1070.633	67.98257	1.496742	0.9787469	0.6621822
14772	-1001.507	-1069.516	68.00958	0.8853392	0.5024083	1.741787
14778	-1006.368	-1073.923	67.55557	0.848005	1.305903	1.439804
14784	-1005.806	-1073.471	67.6648	0.7293458	1.389213	1.39576
14790	-1008.554	-1076.649	68.09513	1.220981	1.126012	0.70217
14796	-1005.218	-1073.172	67.95431	1.322195	1.122769	0.7687576
14802	-1006.551	-1074.653	68.10278	1.32995	0.8488766	0.9187312
14808	-996.9371	-1064.64	67.70324	1.234529	1.500271	0.8096906
14814	-992.0316	-1060.168	68.13628	1.256674	0.9251281	0.8691962
14820	-999.2236	-1067.187	67.96351	1.256674	1.184326	0.7702402
14826	-1002.431	-1070.599	68.16805	1.284905	0.9438426	0.7664548
14832	-1003.763	-1071.791	68.02894	1.069373	0.9438426	1.144059
14838	-997.8896	-1065.996	68.10653	1.069373	0.943461	1.073755
14844	-1000.691	-1068.53	67.83879	1.069373	1.261417	1.046287
14850	-1002.548	-1070.58	68.03139	1.211985	0.8937482	1.060113
14856	-999.7832	-1067.057	67.27391	0.9324655	1.134752	1.693131
14862	-1008.217	-1075.636	67.41921	1.118037	1.415124	1.265008
14868	-1003.674	-1071.35	67.67637	0.7317919	0.879161	1.730802
14874	-1003.462	-1070.86	67.39785	0.6989996	1.222894	1.715534
14880	-997.5356	-1064.965	67.42906	0.7089557	0.983017	1.84227
14886	-999.7269	-1066.927	67.20005	0.4559469	1.272909	1.988684
14892	-1003.048	-1070.848	67.80071	0.6912972	0.8022093	1.733444
14898	-998.2121	-1065.205	66.99275	0.6236219	1.365561	1.96493
14904	-995.6851	-1062.818	67.13265	0.4721721	1.264134	2.027632
14910	-995.3139	-1062.374	67.06056	0.4630143	1.264134	2.081325
14916	-997.817	-1065.844	68.02692	0.8863727	0.7045357	1.516105
14922	-992.9376	-1060.658	67.72008	0.9346641	1.012521	1.449108
14928	-994.2024	-1061.486	67.28404	0.7821492	1.390738	1.639669
14934	-994.4049	-1061.698	67.29304	0.8187661	0.8971265	1.921404
14940	-993.3476	-1060.855	67.50704	0.8187661	0.7942399	1.855198
14946	-991.2366	-1058.708	67.47137	0.8610812	1.144541	1.596171
14952	-998.3994	-1066.175	67.77534	0.6751279	0.9246728	1.66598
14958	-1007.482	-1075.407	67.92528	0.9585794	0.9223778	1.342606
14964	-994.8066	-1062.101	67.29429	0.4893934	1.129631	1.986775
14970	-997.6116	-1065.248	67.63647	0.5700779	0.761311	1.962873
14976	-999.486	-1066.783	67.29701	0.5790601	0.9876283	2.015963
14982	-1012.752	-1080.429	67.67683	1.004197	0.980776	1.453332
14988	-1005.428	-1072.974	67.54649	1.172618	1.112202	1.324216
14994	-1004.947	-1072.966	68.01849	0.9907628	0.9033114	1.25728
15000	-996.6747	-1063.892	67.21778	0.797071	1.198485	1.787695
15006	-991.2024	-1058.6	67.3972	0.769169	1.017273	1.799118
15012	-999.5642	-1067.085	67.52096	0.7260321	0.9812816	1.768124
15018	-996.4033	-1063.891	67.48785	0.771173	1.150311	1.645504
15024	-998.6957	-1066.196	67.5007	0.7634753	0.97834	1.758214
15030	-1003.426	-1069.609	66.18285	0.6105189	1.787871	2.306885
15036	-1007.088	-1073.419	66.33109	0.4191846	0.8881751	2.794303
15042	-996.6618	-1063.748	67.08652	0.720337	0.9879266	2.061618
15048	-1000.197	-1067.519	67.32208	0.7947656	0.9280906	1.895523
15054	-1004.799	-1072.488	67.68858	1.192293	1.446509	0.9243984
15060	-1000.838	-1067.949	67.11125	0.8806745	0.8965879	2.002239
15066	-1007.563	-1073.479	65.91597	0.4202025	1.624509	2.661223
15072	-1003.959	-1070.151	66.19253	0.4686782	1.624509	2.459244
15078	-1001.07	-1067.722	66.65196	0.714188	0.8225312	2.459425
15084	-994.5357	-1061.711	67.17517	0.8256489	1.089179	1.865394
15090	-991.7897	-1058.368	66.57817	0.6243396	1.436856	2.200998
15096	-989.6991	-1056.824	67.12451	0.5691643	1.059849	2.089612
15102	-998.6174	-1066.062	67.44467	0.9924271	1.101988	1.548028
15108	-1002.42	-1069.989	67.56942	0.8225128	1.16307	1.540296
15114	-997.9063	-1065.592	67.68541	0.7687511	0.9821245	1.620531
15120	-998.307	-1065.958	67.6509	0.8182442	0.8647672	1.699014
15126	-1001.608	-1068.158	66.55047	0.3782197	1.15618	2.521427
15132	-1010.954	-1077.071	66.11632	0.4927899	1.226981	2.680852
15138	-1004.06	-1070.413	66.35282	0.2891161	1.226981	2.660662
15144	-996.2369	-1063.644	67.40716	0.7298405	0.7638883	2.007253
15150	-997.76	-1065.453	67.69329	0.8156886	0.7425443	1.772139
15156	-990.8548	-1058.415	67.55971	0.769577	1.007932	1.691426
15162	-995.6463	-1062.811	67.1644	0.6557479	1.007932	2.039579
15168	-995.0285	-1061.488	66.45979	0.5933585	1.626689	2.208824
15174	-998.5377	-1065.383	66.84533	0.5832807	1.245727	2.153631
15180	-997.764	-1064.657	66.89273	0.3920751	1.279922	2.228228
15186	-1002.016	-1068.207	66.19031	0.5058227	1.66307	2.420692
15192	-999.4197	-1066.704	67.28442	0.9059431	1.196767	1.665194
15198	-997.7098	-1064.897	67.1875	0.5374789	1.196767	1.985969
15204	-989.1599	-1055.099	65.93885	0.4669413	1.193391	2.822865
15210	-986.3364	-1053.387	67.05087	0.4484271	0.8745981	2.338135
15216	-988.9557	-1055.54	66.5844	0.518246	1.051979	2.473162
15222	-1005.266	-1072.979	67.71238	0.7453197	1.044666	1.57287
15228	-1004.048	-1071.704	67.65587	0.8773951	0.9060564	1.620774
15234	-996.6756	-1063.822	67.14606	0.5265472	1.121567	2.065407
15240	-995.8893	-1063.296	67.40644	0.7548419	0.8555688	1.918957
15246	-993.9893	-1061.417	67.42725	0.9718571	1.223727	1.495368
15252	-992.6634	-1060.078	67.41465	0.815411	0.9322074	1.815058
15258	-989.5495	-1056.961	67.41128	0.899048	1.114232	1.632233
15264	-995.0325	-1062.658	67.626	0.899048	1.03022	1.53357
15270	-1008.008	-1075.348	67.33952	0.8714134	1.924019	1.248945
15276	-999.0388	-1066.607	67.56801	0.6967788	1.083043	1.685624
15282	-999.1297	-1066.701	67.57175	0.8925499	1.04363	1.568762
15288	-999.5342	-1067.285	67.75122	1.01263	1.110166	1.289501
15294	-1004.717	-1072.982	68.26528	1.015198	0.6428342	1.294976
15300	-1013.62	-1082.034	68.41447	1.015198	0.6184349	1.198986
15306	-1011.047	-1079.163	68.11605	1.217027	0.6008705	1.300567
15312	-1003.178	-1070.781	67.60346	0.8593806	0.9992361	1.60174
15318	-1003.149	-1070.701	67.55152	0.9113282	0.9992361	1.60174
15324	-997.2647	-1064.807	67.54266	0.8863585	0.8996409	1.700312
15330	-999.0216	-1066.274	67.25194	0.652855	1.377218	1.761481
15336	-997.5748	-1065.509	67.93453	1.035193	0.9474277	1.251274
15342	-1000.472	-1068.475	68.00234	0.9699513	0.8920054	1.29772
15348	-993.2425	-1060.294	67.05145	0.9490995	1.148456	1.828228
15354	-991.8241	-1058.709	66.88519	0.4039941	1.081204	2.337837
15360	-998.6839	-1065.149	66.4653	0.337887	1.544993	2.405099
15366	-994.353	-1061.693	67.34049	0.700977	1.100023	1.830585
15372	-994.4729	-1061.796	67.32357	0.9781059	0.7389466	1.917433
15378	-1000.022	-1067.522	67.49967	1.026393	1.002852	1.552811
15384	-998.4183	-1066.278	67.85938	1.197326	0.9743736	1.153009
15390	-994.0313	-1061.264	67.23232	0.6727407	1.004708	1.985221
15396	-996.501	-1063.846	67.34524	0.4262018	0.933399	2.121817
15402	-1000.147	-1067.496	67.34893	0.5897574	0.8616752	2.063035
15408	-1000.028	-1067.373	67.34577	0.5897574	0.8616752	2.06512
15414	-993.6892	-1060.777	67.08792	0.8588036	0.9311227	2.007745
15420	-992.2547	-1059.56	67.30507	0.7328378	1.10689	1.82865
15426	-991.4043	-1058.787	67.38269	0.9345383	1.084332	1.647299
15432	-988.0535	-1056.106	68.05211	1.02662	0.6196449	1.478304
15438	-993.8287	-1061.873	68.04473	1.064892	0.8955154	1.179304
15444	-1000.214	-1067.802	67.58824	0.8845017	1.394493	1.330444
15450	-994.9492	-1062.778	67.82894	1.142662	1.093758	1.125026
15456	-997.987	-1065.761	67.77423	1.142662	1.093758	1.173454
15462	-989.6355	-1057.451	67.81509	1.069174	0.8637783	1.392554
15468	-989.0219	-1057.527	68.50536	1.15004	0.5614374	1.072191
15474	-988.9891	-1056.617	67.62801	1.071755	1.163212	1.30246
15480	-995.1983	-1063.001	67.80293	1.074996	1.045773	1.245566
15486	-987.3296	-1055.064	67.734	1.250143	1.154342	1.062352
15492	-990.3106	-1058.096	67.78587	1.194018	1.248607	0.9862924
15498	-993.6094	-1061.173	67.56336	1.158496	1.743336	0.868753
15504	-988.3409	-1056.294	67.9526	1.162765	0.9764355	1.098343
15510	-987.8058	-1055.816	68.00989	1.055272	0.8799043	1.231871
15516	-999.5036	-1067.15	67.64618	0.9754267	1.216354	1.327911
15522	-987.6143	-1054.93	67.31532	0.9265145	1.024805	1.741364
15528	-988.6586	-1056.369	67.7107	0.8500415	0.8597848	1.637587
15534	-997.1602	-1064.393	67.23263	0.566784	0.9205547	2.112402
15540	-1001.586	-1069.031	67.44574	0.827646	1.037735	1.710255
15546	-1001.76	-1069.585	67.82495	0.7795158	0.7777717	1.67446
15552	-998.156	-1065.813	67.65669	1.204192	1.172967	1.159374
15558	-1001.834	-1069.338	67.50438	1.066478	1.451414	1.213701
15564	-1009.101	-1076.348	67.24689	0.6804698	1.149796	1.877519
15570	-997.9582	-1065.895	67.93679	1.416639	0.6222757	1.258674
15576	-997.2781	-1065.433	68.15456	1.142079	0.8132525	1.094958
15582	-1005.598	-1073.504	67.9059	1.11162	1.005782	1.15965
15588	-1000.237	-1067.897	67.66017	0.9981598	0.8288685	1.592306
15594	-1007.729	-1075.108	67.37873	0.6244185	1.651918	1.547157
15600	-1005.046	-1073.145	68.09903	0.9990632	0.8494629	1.232704
15606	-1003.302	-1071.51	68.20816	1.096583	0.6804488	1.232704
15612	-994.0485	-1061.919	67.87073	1.002817	1.028843	1.262898
15618	-997.9784	-1065.673	67.69433	0.8082961	1.107333	1.495537
15624	-993.6106	-1061.051	67.44051	0.7630256	0.9059929	1.852487
15630	-990.5274	-1057.22	66.6921	0.6132151	1.136052	2.295186
15636	-995.4965	-1063.024	67.52737	0.7646601	0.9490478	1.759796
15642	-1000.662	-1068.023	67.36095	0.7032205	1.006947	1.87635
15648	-1006.553	-1073.748	67.19444	0.9022707	0.9718923	1.878254
15654	-995.7072	-1063.644	67.93638	1.082458	0.5862276	1.559057
15660	-1010.125	-1077.402	67.27692	1.27722	1.947463	0.914379
15666	-1008.088	-1076.512	68.42362	1.300412	0.6076932	0.9353268
15672	-1001.268	-1069.33	68.06172	0.9479506	0.7302094	1.418085
15678	-997.4849	-1064.177	66.69243	0.3432355	0.9250412	2.59472
15684	-994.8615	-1061.418	66.55676	0.434917	0.9672386	2.59472
15690	-985.5482	-1052.503	66.95508	0.2884255	0.9680584	2.437041
15696	-989.7637	-1057.358	67.59439	0.7076595	0.9249852	1.770433
15702	-997.7965	-1065.046	67.24978	0.7076595	1.295633	1.770433
15708	-995.9493	-1062.753	66.80396	0.616262	1.163314	2.205546
15714	-1000.803	-1068.454	67.65047	1.348387	0.9753878	1.202378
15720	-996.2598	-1063.825	67.5648	1.014699	1.074991	1.46034
15726	-1000.253	-1067.696	67.44296	0.658589	0.8837816	1.938147
15732	-999.3467	-1065.998	66.65108	0.5810151	1.510119	2.146363
15738	-998.8034	-1066.181	67.37744	0.4652394	0.9506235	2.063178
15744	-995.574	-1063.046	67.47211	0.8933217	0.9987192	1.672245
15750	-999.824	-1067.771	67.94671	1.004116	0.6422313	1.550143
15756	-996.1611	-1064.342	68.18098	1.299327	0.6379409	1.130571
15762	-1005.179	-1071.948	66.76865	2.002446	1.565109	0.2214996
15768	-1009.979	-1076.84	66.86138	2.228736	1.163185	0.2214996
15774	-994.1352	-1060.884	66.74922	2.256265	1.138917	0.1851793
15780	-1003.217	-1070.06	66.84255	2.258125	0.9465359	0.1609956
15786	-1008.686	-1075.607	66.92198	2.258125	1.015756	0.2036319
15792	-1000.392	-1068.289	67.89678	1.062975	0.9481485	1.258936
15798	-996.6362	-1064.226	67.58951	0.6611679	1.055975	1.713851
15804	-995.5543	-1063.369	67.8144	0.8742835	0.6610239	1.720459
15810	-998.9887	-1066.202	67.21296	0.9197534	0.8643506	1.931617
15816	-996.4452	-1064.33	67.88529	0.7623846	0.9504047	1.502104
15822	-998.5488	-1065.789	67.23995	0.7362578	1.095629	1.878067
15828	-1009.574	-1076.579	67.0053	0.4578531	1.490221	2.003765
15834	-996.1527	-1063.458	67.30531	2.075302	0.9008405	0.2355547
15840	-994.7902	-1061.994	67.20353	2.092909	0.9008405	0.202814
15846	-1005.821	-1072.784	66.96288	2.092909	1.274086	0.2485937
15852	-1009.588	-1076.743	67.15463	0.9377274	1.857965	1.377448
15858	-1007.387	-1075.318	67.93073	0.9606581	1.144299	1.155109
15864	-1008.008	-1075.1	67.09202	2.100532	1.096725	0.2393509
15870	-1002.059	-1069.16	67.10111	2.122848	1.087802	0.250415
15876	-1008.942	-1076.112	67.16962	2.044448	1.158374	0.2814601
15882	-1007.268	-1074.72	67.45278	2.044448	0.7830864	0.2280533
15888	-1011.554	-1078.693	67.13881	2.044448	1.219996	0.2974389
15894	-1006.554	-1073.748	67.19395	0.5737129	1.269776	1.915376
15900	-996.1663	-1063.323	67.15632	2.137232	0.954298	0.2226612
15906	-989.356	-1057.075	67.71873	1.878162	0.8395805	0.3300469
15912	-1003.603	-1071.082	67.47926	0.6540481	0.9818154	1.846341
15918	-999.5787	-1066.573	66.99449	0.6540481	0.7741305	2.31702
15924	-996.6382	-1063.907	67.26839	1.826494	1.376374	0.3312577
15930	-994.9977	-1062.49	67.4926	1.891807	1.004387	0.298725
15936	-1001.563	-1068.626	67.0636	1.881947	1.4641	0.2698964
15942	-1003.591	-1071.426	67.83508	0.9880469	0.7151156	1.572697
15948	-1003.121	-1070.608	67.48681	0.9941939	1.021032	1.572697
15954	-994.7115	-1062.223	67.51167	1.951411	0.8455263	0.2453978
15960	-992.7598	-1060.129	67.36871	2.201692	0.7413008	0.2376669
15966	-997.0262	-1064.142	67.11574	2.086317	1.081639	0.2372373
15972	-994.3038	-1061.218	66.91374	2.086317	1.304269	0.2342129
15978	-993.6429	-1061.064	67.42075	2.069946	0.8257668	0.2478492
15984	-1000.292	-1067.856	67.56443	1.916743	0.9987281	0.4035195
15990	-998.0806	-1065.556	67.475	2.057916	0.8776615	0.3110326
15996	-996.9967	-1064.517	67.51999	2.019436	0.8776615	0.3165146
16002	-999.794	-1066.965	67.17076	2.019436	1.201151	0.2907505
16008	-995.4761	-1062.742	67.26557	2.000337	1.101086	0.2811892
16014	-1001.546	-1068.967	67.42059	2.129941	0.8017975	0.2646013
16020	-1006.864	-1073.578	66.71485	2.129941	1.448427	0.2169291
16026	-1000.445	-1068.046	67.60126	1.975567	0.769952	0.2581452
16032	-993.9275	-1061.184	67.25677	1.842324	1.338922	0.3086381
16038	-992.7706	-1060.611	67.84026	1.842324	0.8173751	0.4175203
16044	-988.3395	-1056.592	68.25262	1.843289	0.5224101	0.4689381
16050	-999.0602	-1066.699	67.63881	1.843289	0.9745513	0.3647217
16056	-1001.806	-1069.315	67.50868	1.843289	1.100277	0.3548042
16062	-1002.938	-1070.612	67.67379	1.791634	1.025761	0.4313578
16068	-1005.979	-1073.891	67.91176	1.791634	0.8018058	0.4244216
16074	-999.0079	-1066.734	67.72649	1.82266	0.9011023	0.352033
16080	-1003.19	-1070.887	67.69731	1.82266	0.9046984	0.3254929
16086	-996.9353	-1065.051	68.11612	1.621449	0.7805808	0.4576657
16092	-999.3787	-1066.455	67.07621	1.621449	2.08595	0.4794156
16098	-994.06	-1061.804	67.7437	1.679401	1.063797	0.4160626
16104	-997.6873	-1065.498	67.81101	1.744829	0.8950408	0.352166
16110	-989.6334	-1056.841	67.20789	0.4890888	0.9567574	2.154509
16116	-995.682	-1063.113	67.4312	0.8362461	0.8935234	1.817831
16122	-993.7925	-1061.179	67.3867	0.8362461	0.8935234	1.848433
16128	-992.7554	-1060.604	67.84889	0.9434911	0.7459213	1.566738
16134	-992.4048	-1060.212	67.80717	1.123919	0.7459213	1.463197
16140	-998.2263	-1065.159	66.93312	2.028411	1.487869	0.2914023
16146	-995.7456	-1063.222	67.47611	2.099268	0.8011174	0.2789077
16152	-1000.33	-1067.881	67.55093	2.129948	0.6970714	0.2649111
16158	-994.4835	-1061.909	67.42516	2.101839	0.8224322	0.2649111
16164	-993.431	-1060.582	67.15099	2.101839	0.9801031	0.2170668
16170	-1001.494	-1068.596	67.10191	0.878548	0.7438675	2.126789
16176	-995.4727	-1063.608	68.13574	1.168059	0.7989568	1.103782
16182	-995.9723	-1063.179	67.20628	2.101839	0.9721807	0.2366554
16188	-997.585	-1064.839	67.25376	2.101839	0.914063	0.2308372
16194	-997.7224	-1065.788	68.06514	1.397725	0.9135618	0.7971204
16200	-994.4686	-1061.554	67.08541	2.315065	0.8466293	0.2188669
16206	-993.9889	-1061.623	67.63403	2.272343	0.5139886	0.2441433
16212	-996.2453	-1063.661	67.41523	2.182471	0.6772688	0.2148662
16218	-993.9405	-1060.795	66.85476	2.475329	0.6876341	0.1449323
16224	-992.2646	-1059.136	66.87193	2.350628	0.8860065	0.1755002
16230	-987.6114	-1054.341	66.73006	2.350628	1.000205	0.1695823
16236	-996.7629	-1063.83	67.06706	2.316009	0.8041889	0.1954382
16242	-999.1	-1066.343	67.24337	2.316009	0.6983897	0.2109754
16248	-989.7966	-1056.759	66.96276	2.316009	0.8711421	0.1868132
16254	-996.7553	-1063.676	66.92069	2.379924	0.8450804	0.1846375
16260	-998.0976	-1064.963	66.86578	2.379924	0.8647285	0.1754052
16266	-1002.361	-1069.299	66.93726	2.379924	0.7456767	0.1582724
16272	-1003.964	-1070.808	66.84435	2.407826	0.8527607	0.1735478
16278	-1001.712	-1068.082	66.37009	2.319284	1.482685	0.1753018
16284	-1001.27	-1068.222	66.95211	2.319284	0.8207361	0.1690259
16290	-1006.954	-1073.583	66.62849	2.668163	0.6924299	0.1395404
16296	-1002.61	-1068.671	66.06111	2.668163	1.067214	0.1139918
16302	-996.7962	-1064.266	67.47018	0.6314256	0.8534044	1.9608
16308	-997.0376	-1063.994	66.95615	0.689549	0.8681401	2.2491
16314	-996.6044	-1062.933	66.32888	2.760586	0.6811886	0.1041144
16320	-1003.728	-1071.132	67.40405	0.5454708	1.131277	1.873846
16326	-1000.583	-1068.262	67.6784	0.8777615	0.8121306	1.679846
16332	-996.6681	-1064.417	67.74917	0.8759663	0.8121306	1.630427
16338	-1002.916	-1070.875	67.95857	0.9441481	0.7771196	1.455741
16344	-992.848	-1059.399	66.5513	2.449532	1.00698	0.152261
16350	-995.0552	-1061.877	66.8222	0.6534383	1.443349	2.018754
16356	-990.6119	-1058.243	67.63066	0.7562685	0.9093086	1.722682
16362	-995.5928	-1063.015	67.42247	0.5801484	0.9521503	1.955655
16368	-993.3217	-1061.215	67.89374	0.8917208	0.7643604	1.555129
16374	-988.5784	-1056.22	67.64206	0.7914204	0.6373384	1.918923
16380	-992.2065	-1059.404	67.19717	0.7914204	1.353785	1.715648
16386	-997.6804	-1064.707	67.02625	0.7914204	1.353785	1.834637
16392	-994.2294	-1061.731	67.502	0.7265868	0.9083933	1.833524
16398	-999.9714	-1066.795	66.82333	0.6714497	0.8908263	2.329675
16404	-996.9851	-1064.368	67.38284	0.6153162	1.015	1.915755
16410	-1013.293	-1079.015	65.72213	2.808689	1.112696	0.09365591
16416	-1012.087	-1077.56	65.47276	2.808689	1.297733	0.08410324
16422	-999.2209	-1067.026	67.80507	0.7273162	0.840411	1.673561
16428	-995.5432	-1062.887	67.34414	0.8130102	1.192038	1.691792
16434	-995.6496	-1063.133	67.48377	0.9037543	1.066406	1.608816
16440	-992.6708	-1060.255	67.5842	0.8660574	1.113886	1.530126
16446	-999.8114	-1067.158	67.34692	0.5934855	0.9476149	2.000438
16452	-995.5743	-1062.144	66.56979	0.4981638	0.8762963	2.607366
16458	-997.2422	-1064.035	66.79239	0.6310731	1.185547	2.190703
16464	-990.1036	-1055.295	65.19148	3.095706	0.8431824	0.05121109
16470	-989.4276	-1054.648	65.22082	3.095706	0.8431824	0.05291627
16476	-995.7214	-1060.853	65.13205	2.970188	1.091623	0.05542287
16482	-998.4675	-1064.384	65.9164	2.970188	0.6868542	0.0819179
16488	-996.2982	-1061.667	65.36897	2.976293	1.082941	0.07253711
16494	-1003.573	-1070.001	66.42859	0.8318714	1.323532	2.220896
16500	-1005.315	-1071.685	66.37016	0.4231314	1.619991	2.377953
16506	-1002.022	-1068.883	66.86048	0.3538937	1.093554	2.377953
16512	-1000.678	-1067.638	66.96012	0.3961743	1.3194	2.160978
16518	-996.7958	-1063.76	66.96377	0.4413307	1.119129	2.2411
16524	-993.3465	-1060.383	67.03626	0.5144786	0.8691688	2.309199
16530	-1000.108	-1067.706	67.59805	0.8252678	1.246597	1.462359
16536	-991.9442	-1058.831	66.88723	0.4938852	1.025306	2.313533
16542	-992.2124	-1059.235	67.0223	0.2478472	1.075872	2.353135
16548	-996.3683	-1062.786	66.41765	0.4245406	1.191442	2.55583
16554	-992.1197	-1059.501	67.38114	0.5611814	1.005113	1.959994
16560	-1001.26	-1068.448	67.1884	0.7740265	0.9272063	2.000039
16566	-998.5399	-1066.085	67.54502	0.6722126	0.70857	2.000039
16572	-998.5695	-1065.588	67.01891	0.7310913	1.360763	1.877161
16578	-995.8892	-1063.195	67.3055	0.7798036	1.240378	1.713138
16584	-990.5503	-1057.839	67.28835	0.7798036	1.150435	1.780231
16590	-992.1814	-1059.363	67.18163	0.6525993	1.019099	2.022904
16596	-994.7063	-1062.429	67.72302	0.7156823	0.7087068	1.850307
16602	-995.2225	-1062.387	67.16485	0.5799853	0.6050512	2.39747
16608	-998.0996	-1064.971	66.87186	0.7996447	1.154467	2.046421
16614	-993.4251	-1061.169	67.74356	0.6156031	0.9919391	1.681553
16620	-998.1372	-1065.909	67.77149	0.6690954	0.8445064	1.735226
16626	-1002.268	-1070.034	67.76557	0.9458278	0.7692793	1.604925
16632	-990.6095	-1058.054	67.44401	0.9458278	1.141979	1.55584
16638	-991.8202	-1059.906	68.08604	0.9957476	0.8182497	1.275979
16644	-1002.426	-1070.291	67.8652	1.13515	0.9921046	1.186543
16650	-999.9348	-1067.733	67.79822	1.036271	1.253729	1.120718
16656	-996.4791	-1064.618	68.13898	1.055141	0.8921365	1.107465
16662	-994.4793	-1061.807	67.32761	1.256863	1.63724	1.083311
16668	-997.3536	-1065.03	67.67643	1.204777	0.9225619	1.34456
16674	-1001.485	-1069.289	67.80456	1.181321	1.240016	0.9876073
16680	-1002.533	-1070.038	67.50503	0.5612098	1.400994	1.633904
16686	-1007.589	-1075.165	67.57629	0.6748892	0.9590921	1.781011
16692	-1002.851	-1069.793	66.9424	0.7277269	0.9009455	2.210186
16698	-1002.129	-1069.736	67.60728	0.6644287	0.9009455	1.809335
16704	-1003.933	-1071.083	67.14978	1.073919	1.12245	1.688808
16710	-1005.504	-1073.412	67.90776	0.922289	0.7809046	1.507148
16716	-997.9186	-1065.623	67.70431	0.979297	1.045209	1.402238
16722	-995.6353	-1063.6	67.96472	0.8217992	0.9591575	1.389012
16728	-993.7255	-1060.589	66.86332	0.3576053	0.9591575	2.45698
16734	-995.875	-1063.521	67.64616	0.7056193	0.9591575	1.710472
16740	-993.8263	-1061.25	67.42371	0.7068923	0.9591575	1.864053
16746	-1004.172	-1071.591	67.41935	0.8671568	0.9894503	1.734694
16752	-994.6073	-1061.396	66.78917	0.8054888	1.470493	1.925374
16758	-992.2256	-1059.518	67.29272	0.8254924	0.8354664	1.963308
16764	-1003.639	-1069.976	66.3375	0.919577	1.584234	2.095252
16770	-1003.993	-1070.059	66.06675	0.7475821	1.61479	2.366903
16776	-1000.854	-1067.328	66.47355	0.4801519	1.129609	2.520811
16782	-1008.079	-1074.386	66.30765	0.4925437	0.9219551	2.741634
16788	-999.6527	-1066.003	66.35065	0.5691164	0.9219551	2.668286
16794	-999.2376	-1065.494	66.2561	0.6524479	0.9912795	2.631019
16800	-999.3517	-1065.892	66.5401	0.6091066	1.289879	2.309916
16806	-998.5512	-1065.858	67.30656	0.7393917	1.099337	1.82794
16812	-1005.89	-1074.187	68.29747	1.303525	0.6983556	0.9341183
16818	-997.696	-1065.516	67.81994	1.384975	1.208312	0.7620723
16824	-1001.174	-1068.622	67.44818	1.266809	1.351343	1.156015
16830	-989.6842	-1057.248	67.56354	0.9927795	1.151713	1.423905
16836	-992.4432	-1060.535	68.09155	0.9927795	0.9687399	1.133576
16842	-995.284	-1062.68	67.39562	0.8289168	0.9080396	1.836571
16848	-989.2824	-1056.851	67.56871	0.5379122	0.9080396	1.916943
16854	-997.5992	-1065.138	67.53914	1.248897	1.471738	1.001323
16860	-995.057	-1062.562	67.5048	1.419506	1.511974	0.8160498
16866	-995.562	-1063.197	67.63476	1.121853	1.661262	0.8917534
16872	-1001.583	-1069.389	67.80551	0.7799639	0.9821412	1.524235
16878	-1000.926	-1067.673	66.7474	0.4586481	1.418511	2.207758
16884	-995.9705	-1062.75	66.77977	0.6402927	1.246019	2.159036
16890	-995.2246	-1062.705	67.48069	0.7385671	0.8338297	1.896379
16896	-1001.161	-1068.328	67.16768	0.7885186	1.123598	1.874075
16902	-999.5738	-1066.427	66.85331	0.4694493	1.130035	2.287534
16908	-999.2159	-1066.814	67.5984	0.8625771	1.112551	1.523073
16914	-994.5686	-1062.127	67.55831	0.9187137	0.7712074	1.76985
16920	-994.836	-1063.016	68.18035	1.307233	0.7516054	0.9820791
16926	-993.0077	-1061.169	68.16131	1.161092	0.8644072	1.015013
16932	-988.7115	-1056.912	68.20042	1.204111	0.7930221	1.015013
16938	-987.5002	-1055.432	67.93136	1.204111	0.9757154	1.080439
16944	-1004.192	-1071.708	67.51609	0.3245096	1.024947	2.014851
16950	-991.6582	-1058.302	66.64415	0.4436571	1.314901	2.335981
16956	-994.2497	-1061.481	67.23132	0.778304	0.7548109	2.098806
16962	-997.2583	-1065.239	67.98099	1.086734	1.069007	1.057847
16968	-994.0546	-1062.295	68.24014	1.145701	0.8495349	0.9678483
16974	-993.2279	-1060.081	66.85267	0.5755195	1.356592	2.094498
16980	-996.6045	-1063.288	66.68305	0.515395	1.268647	2.289711
16986	-1006.412	-1073.495	67.08347	0.7775993	0.8381246	2.131449
16992	-993.7983	-1060.96	67.16152	0.8137897	1.004118	1.938473
16998	-987.9287	-1054.95	67.02116	0.6617578	1.115475	2.062303
17004	-992.1623	-1058.941	66.77869	0.6234933	0.8030902	2.451041
17010	-994.4652	-1062.196	67.73058	0.5854897	0.6100749	2.023418
17016	-991.6154	-1058.779	67.16412	0.6343417	0.8968148	2.129707
17022	-993.0826	-1060.264	67.18106	0.6343417	0.8968148	2.118629
17028	-999.9209	-1066.388	66.46703	0.3916291	0.9945235	2.659772
17034	-990.9725	-1057.877	66.90485	0.3538828	1.354211	2.206133
17040	-990.7269	-1057.97	67.24286	0.05434929	1.333902	2.191735
17046	-999.1214	-1066.007	66.88567	0.09095923	1.445412	2.341673
17052	-998.0646	-1065.208	67.14301	0.1491249	0.985986	2.394876
17058	-991.3806	-1057.952	66.5716	0.4503586	0.9104937	2.6128
17064	-997.3154	-1063.945	66.62928	0.6578308	0.9825462	2.400254
17070	-998.6475	-1066.575	67.92745	0.7633105	0.7966111	1.596097
17076	-996.3934	-1063.421	67.02779	0.7911652	1.289978	1.869132
17082	-1000.92	-1068.116	67.19652	0.6380225	1.448633	1.772175
17088	-1000.856	-1067.859	67.00332	0.7283571	1.35364	1.893476
17094	-1004.444	-1071.753	67.30847	0.8341026	1.320255	1.624949
17100	-1006.844	-1074.598	67.75339	0.723926	1.037661	1.563454
17106	-994.2136	-1062.075	67.86108	0.7967974	0.864088	1.563454
17112	-991.2325	-1058.568	67.3356	0.7969545	1.355545	1.611726
17118	-988.0781	-1055.298	67.21957	0.501022	0.8874267	2.187039
17124	-999.4508	-1067.365	67.91382	1.427271	0.9137977	0.9406727
17130	-996.837	-1064.144	67.30742	0.6523537	0.8473724	2.059726
17136	-998.9548	-1065.952	66.9967	0.7663979	1.034941	2.059726
17142	-1000.617	-1067.444	66.82654	0.3634483	1.38314	2.235783
17148	-1000.986	-1067.78	66.79463	0.4441165	1.107976	2.353993
17154	-998.3451	-1065.747	67.40192	0.5795743	1.021941	1.922389
17160	-997.9531	-1065.077	67.12405	0.5134431	1.136588	2.079514
17166	-998.5451	-1065.819	67.2743	0.7365899	1.136588	1.8285
17172	-1004.276	-1072.319	68.04281	1.310214	0.8267403	1.026829
17178	-998.7019	-1066.666	67.96421	0.9999531	0.8140349	1.374388
17184	-1000.746	-1068.61	67.86357	0.9999531	0.6680263	1.588367
17190	-1003.593	-1071.409	67.81522	0.8776129	0.6284694	1.749125
17196	-1007.034	-1074.696	67.6622	0.8776129	0.4663772	2.025171
17202	-996.6316	-1063.031	66.39965	0.5466698	1.109927	2.536674
17208	-1000.325	-1066.997	66.6723	0.6121094	0.9442979	2.42676
17214	-1015.411	-1081.872	66.46132	0.4180534	0.945906	2.677625
17220	-1007.129	-1074.2	67.07095	0.5566463	0.9454903	2.207111
17226	-1012.199	-1079.386	67.18714	0.7545017	0.5470054	2.327769
17232	-1002.825	-1069.487	66.66231	0.5672879	1.042631	2.398974
17238	-1002.622	-1069.35	66.72769	0.4956154	0.9181106	2.482471
17244	-1007.13	-1074.05	66.92069	0.508761	1.134794	2.216179
17250	-999.7387	-1067.39	67.65156	0.8050456	1.218116	1.455534
17256	-999.9608	-1066.992	67.03134	0.8668901	1.09924	1.928665
17262	-1002.803	-1071.028	68.22498	1.495488	0.6942908	0.798773
17268	-1005.475	-1073.693	68.21779	1.507402	0.6984078	0.7850738
17274	-1002.653	-1070.981	68.32822	1.507402	0.6338289	0.75173
17280	-1011.025	-1079.398	68.37287	1.43473	0.5618397	0.9183331
17286	-1005.276	-1073.801	68.52499	1.537843	0.4238432	0.8915836
17292	-998.5029	-1065.564	67.06136	0.5482266	0.8926264	2.255005
17298	-1001.06	-1068.285	67.225	0.6238001	0.9480031	2.060936
17304	-1001.444	-1068.549	67.10453	0.02268996	1.227	2.357529
17310	-1003.481	-1070.196	66.71501	0.1160532	1.236071	2.538768
17316	-1000.031	-1066.965	66.93397	0.1155658	0.9427189	2.57459
17322	-1001.552	-1069.044	67.49193	0.2981435	0.9536324	2.095753
17328	-999.1079	-1066.096	66.98771	0.5106329	0.7892021	2.400839
17334	-1001.087	-1068.699	67.61238	0.4374913	0.9082721	1.955028
17340	-1002.55	-1070.114	67.56353	0.8430562	0.7764918	1.814271
17346	-1006.509	-1073.63	67.12094	0.5544888	1.093439	2.080715
17352	-998.7097	-1066.289	67.57919	0.7042883	0.9454674	1.768364
17358	-995.7035	-1062.825	67.12123	0.4306158	1.166262	2.118217
17364	-997.8952	-1065.68	67.78463	0.6560625	0.8997605	1.691947
17370	-1005.462	-1073.067	67.60443	0.8573778	1.051025	1.565348
17376	-1002.476	-1069.697	67.22052	0.5910314	1.019462	2.037715
17382	-998.8935	-1065.725	66.83117	0.7161368	0.989796	2.229618
17388	-1000.682	-1067.465	66.78249	0.3620812	0.9157511	2.533219
17394	-999.3878	-1066.079	66.69111	0.4721012	1.006782	2.462922
17400	-997.1745	-1064.47	67.29555	0.3341907	0.9749685	2.186045
17406	-994.9058	-1061.487	66.58069	0.4069521	1.066444	2.536355
17412	-1001.632	-1069.091	67.45864	0.7002816	1.066444	1.77117
17418	-995.2787	-1062.8	67.52132	0.6608935	1.147636	1.701993
17424	-1004.996	-1072.929	67.93338	0.891743	1.155239	1.204072
17430	-998.5513	-1066.345	67.794	0.7280401	0.9304379	1.61008
17436	-996.1267	-1063.674	67.54766	1.018339	1.037055	1.498042
17442	-997.9311	-1064.803	66.87184	0.8955406	1.612732	1.736133
17448	-992.536	-1059.947	67.41081	0.868862	0.993602	1.736556
17454	-1002.24	-1069.931	67.69173	1.359195	1.439646	0.7100999
17460	-995.4537	-1062.994	67.54065	1.216834	1.377688	1.099138
17466	-1005.348	-1073.027	67.67939	1.216279	1.08404	1.199665
17472	-1003.904	-1071.265	67.36151	0.7550708	0.632282	2.134024
17478	-994.9063	-1062.156	67.24932	0.6521973	1.055758	1.954135
17484	-994.6631	-1061.456	66.79325	0.5458704	0.9299552	2.401754
17490	-997.9802	-1065.177	67.19657	0.7930278	0.586353	2.259001
17496	-991.4057	-1058.215	66.80974	0.4641346	1.051317	2.365643
17502	-1000.763	-1067.399	66.63601	0.4687011	1.143803	2.41805
17508	-998.7119	-1065.396	66.68404	0.6099306	1.143803	2.297952
17514	-998.6533	-1065.392	66.73881	0.6971847	1.139344	2.209281
17520	-1004.48	-1071.588	67.10785	0.9343288	1.206158	1.764029
17526	-1003.181	-1070.41	67.22892	0.7565246	0.9119934	1.995491
17532	-1000.871	-1067.547	66.67571	0.7684323	1.162928	2.190285
17538	-999.4887	-1066.842	67.35318	0.5727316	1.005564	1.970698
17544	-992.7369	-1059.718	66.9812	0.5267258	0.9728253	2.266009
17550	-996.2804	-1061.888	65.60746	0.2983278	1.196224	3.121983
17556	-990.8785	-1057.298	66.41916	0.6517358	0.8418992	2.629352
17562	-1002.828	-1069.946	67.11878	0.519996	1.054965	2.128663
17568	-1003.461	-1070.724	67.26269	0.6485447	0.9852925	1.994113
17574	-1009.706	-1075.94	66.23432	0.4185068	0.9852925	2.791508
17580	-1006.53	-1074.152	67.62179	0.7354284	0.9416102	1.719495
17586	-999.6262	-1066.57	66.944	0.7354284	0.7688602	2.30138
17592	-1000.469	-1067.451	66.9817	0.526658	0.9971232	2.249951
17598	-997.8161	-1064.532	66.71585	0.3899738	1.15646	2.410169
17604	-1000.933	-1068.614	67.68071	0.9491613	0.7517128	1.679013
17610	-991.2509	-1058.465	67.21409	0.8375699	0.7804215	2.050586
17616	-987.6683	-1054.324	66.65612	0.6889582	0.8193254	2.474962
17622	-1008.929	-1077.014	68.08501	1.871023	0.6129058	0.4522496
17628	-1006.364	-1074.162	67.79788	1.871023	0.8067249	0.3695488
17634	-1000.935	-1068.658	67.72293	0.7736266	1.114446	1.495158
17640	-999.2994	-1067.527	68.22756	1.035069	0.9056228	1.029325
17646	-993.4869	-1061.413	67.92594	1.035069	1.030767	1.187412
17652	-995.6932	-1063.462	67.76923	1.066664	0.8631045	1.430589
17658	-991.6563	-1059.13	67.47323	1.017343	1.406906	1.308348
17664	-995.3686	-1063.417	68.04827	0.9286875	0.7258933	1.447403
17670	-996.4464	-1062.988	66.54148	0.7802368	1.222117	2.235891
17676	-996.922	-1064.049	67.12736	0.6766774	1.004721	2.052354
17682	-992.4701	-1059.588	67.11828	0.6889969	0.9405604	2.093395
17688	-999.0351	-1066.403	67.36773	0.6889969	1.099249	1.820575
17694	-993.4356	-1060.962	67.52643	0.7246573	1.099249	1.684572
17700	-993.2895	-1061.474	68.18488	1.284454	0.8876718	0.8251754
17706	-996.4076	-1064.456	68.04857	1.382909	0.9479631	0.7904845
17712	-995.9213	-1064.358	68.43648	1.382909	0.5332419	0.9533151
17718	-1000.64	-1068.835	68.19503	1.204465	0.6987922	1.129583
17724	-998.5462	-1066.517	67.97103	1.239076	0.6873002	1.303357
17730	-996.692	-1064.277	67.58538	0.7060651	1.120605	1.641602
17736	-998.4946	-1066.716	68.22109	0.7622951	0.7747138	1.395852
17742	-1001.599	-1068.978	67.37906	1.260115	1.678466	1.003879
17748	-998.6616	-1066.861	68.19958	1.154576	0.7234168	1.141784
17754	-1000.95	-1068.937	67.98668	0.9998497	0.5550019	1.616974
17760	-999.8634	-1067.878	68.01443	1.208388	0.7400977	1.236995
17766	-993.4906	-1061.431	67.94	0.9660022	0.8074596	1.425602
17772	-994.9216	-1061.134	66.21247	0.7314218	1.360029	2.404243
17778	-993.2559	-1061.198	67.9424	1.162284	0.4916384	1.604935
17784	-1001.403	-1069.507	68.10428	1.049687	0.5900442	1.453689
17790	-1000.339	-1068.034	67.69572	0.8101458	0.6794542	1.83049
17796	-987.5165	-1055.003	67.48666	0.7738286	1.012908	1.736508
17802	-996.9006	-1064.931	68.03025	0.9458051	0.6791378	1.494065
17808	-991.0772	-1059.033	67.95594	1.053873	0.688223	1.459454
17814	-987.7782	-1055.586	67.80782	0.925108	1.037131	1.369788
17820	-999.6665	-1067.455	67.78851	0.925108	1.057378	1.369593
17826	-994.5262	-1061.916	67.39013	0.9543697	1.181641	1.563144
17832	-995.5558	-1063.302	67.74625	0.7852303	0.8136239	1.696145
17838	-991.7932	-1059.66	67.86684	0.9330396	0.8136239	1.500747
17844	-990.403	-1057.967	67.56402	1.223534	1.180363	1.217042
17850	-985.8211	-1053.644	67.82294	1.022329	1.172889	1.173103
17856	-987.6076	-1055.269	67.66122	1.045896	1.093681	1.347542
17862	-1007.703	-1075.665	67.96169	1.620047	0.9058374	0.4127702
17868	-1005.799	-1073.376	67.57717	1.838106	1.011174	0.3305765
17874	-989.5871	-1057.113	67.52619	0.6814129	0.6618648	2.047428
17880	-997.4605	-1065.411	67.95068	1.492383	1.012074	0.6678365
17886	-995.5141	-1063.562	68.04773	1.160981	1.189799	0.779634
17892	-989.792	-1056.59	66.79762	0.6881562	0.9756906	2.278334
17898	-990.9722	-1058.055	67.08275	0.6374959	0.7649225	2.278334
17904	-989.6258	-1056.616	66.99019	0.7278022	0.8661236	2.203936
17910	-992.9271	-1059.888	66.96122	0.7678798	0.649367	2.36792
17916	-999.9186	-1067.654	67.7357	0.7954647	1.102475	1.477433
17922	-989.1456	-1057.057	67.9117	0.9316984	0.8147771	1.466914
17928	-989.9563	-1057.822	67.8658	0.8911433	1.039299	1.349127
17934	-982.9196	-1050.912	67.99252	0.9062818	0.9007841	1.349127
17940	-980.7784	-1048.714	67.93521	1.019679	0.9814264	1.234458
17946	-991.9375	-1059.08	67.14279	0.8812605	0.8444944	2.019312
17952	-993.0253	-1060.482	67.45689	0.8606356	1.148082	1.604705
17958	-997.4062	-1064.679	67.27275	0.6312072	1.402342	1.748388
17964	-995.8074	-1063.268	67.4602	0.9131869	0.9211052	1.723345
17970	-992.3726	-1059.886	67.51349	0.8689835	1.005912	1.65493
17976	-995.7352	-1063.089	67.35346	0.8689835	1.245274	1.612099
17982	-1007.127	-1073.617	66.49035	0.8166237	2.145508	1.826968
17988	-999.4209	-1066.187	66.76624	0.6918906	1.305149	2.102029
17994	-1002.576	-1070.057	67.4813	0.819018	1.257556	1.547546
18000	-993.9002	-1061.283	67.38232	0.7646502	1.107087	1.75286
18006	-996.0318	-1063.22	67.18812	0.4290781	1.107087	2.110613
18012	-1002.36	-1070.044	67.68421	0.6126907	1.107087	1.646643
18018	-1010.228	-1076.683	66.45407	0.5106637	1.111717	2.524168
18024	-1006.336	-1073.925	67.58976	0.7779477	0.9595722	1.6989
18030	-1011.745	-1078.765	67.01987	0.3541103	1.326122	2.145923
18036	-1003.508	-1070.487	66.97969	0.6436909	0.9654014	2.196505
18042	-1001.795	-1069.407	67.61167	0.7434613	0.9661137	1.703038
18048	-1000.481	-1068.411	67.92963	0.6807227	0.9028063	1.56716
18054	-999.1767	-1067.164	67.98704	0.9170253	0.786175	1.446418
18060	-1004.103	-1071.394	67.29092	0.9925224	1.496074	1.418883
18066	-1000.73	-1068.478	67.74863	0.8718266	0.6523176	1.776544
18072	-996.1894	-1063.663	67.47345	0.916475	1.154409	1.547518
18078	-995.2634	-1063.063	67.79995	0.7285958	0.9899245	1.560533
18084	-1011.266	-1078.539	67.27275	1.110835	1.020443	1.643808
18090	-1001.93	-1069.278	67.34784	1.197051	1.387938	1.276046
18096	-1010.079	-1077.249	67.17053	1.095387	1.497541	1.431553
18102	-1009.191	-1077.009	67.818	1.247721	1.244958	0.8980691
18108	-1015.599	-1083.669	68.06916	1.2556	0.7358254	1.15395
18114	-1006.273	-1074.101	67.82759	1.006901	0.7503484	1.531597
18120	-1007.526	-1074.825	67.29978	1.067574	1.087738	1.608813
18126	-1005.487	-1073.118	67.63046	0.5147222	0.9424432	1.865946
18132	-1001.231	-1069.018	67.78641	0.7193398	0.8642668	1.673393
18138	-997.293	-1065.104	67.81109	0.7675572	0.9126869	1.582606
18144	-1003.636	-1071.402	67.76662	1.088415	0.7597157	1.507693
18150	-1011.544	-1079.156	67.6125	0.4136352	0.6160173	2.207717
18156	-1007.731	-1074.804	67.07328	0.8992257	1.453573	1.672341
18162	-999.0139	-1066.613	67.59899	0.9131661	1.471933	1.250166
18168	-995.682	-1062.914	67.2323	0.7465849	1.655433	1.563276
18174	-1005.547	-1073.159	67.6123	0.7457113	1.173551	1.558458
18180	-1002.781	-1069.952	67.17106	0.6609007	1.233326	1.892634
18186	-1007.46	-1075.244	67.78469	0.5702912	0.7092598	1.906866
18192	-1003.192	-1069.985	66.79303	0.810137	1.461802	1.924016
18198	-1008.653	-1076.602	67.94878	0.9034411	0.9376169	1.35496
18204	-1007.514	-1074.951	67.43685	0.8015118	0.994108	1.765114
18210	-1001.812	-1069.303	67.49122	0.7928122	1.161227	1.620426
18216	-1008.592	-1076.081	67.48825	1.069995	0.8698194	1.631327
18222	-1004.014	-1071.584	67.5703	1.150933	1.472876	1.065236
18228	-1003.574	-1070.389	66.81446	0.9741235	1.435211	1.811094
18234	-999.955	-1067.492	67.53674	0.4321007	0.8366012	2.061827
18240	-1000.553	-1067.284	66.73121	0.5092044	0.8366012	2.527944
18246	-1001.685	-1068.608	66.92277	0.4207782	0.9748057	2.369525
18252	-1000.683	-1067.202	66.51891	0.5410824	1.500589	2.262179
18258	-1004.897	-1072.534	67.63707	1.045385	1.089576	1.370093
18264	-1006.508	-1074.034	67.5259	0.74208	1.104029	1.669372
18270	-998.6466	-1066.69	68.04319	1.248248	0.8653705	1.044071
18276	-1000.435	-1068.639	68.20354	1.291581	0.8407902	0.8578229
18282	-1003.561	-1071.732	68.17069	1.358845	0.5737736	1.16903
18288	-999.6683	-1066.663	66.99432	0.9648214	1.052709	1.917266
18294	-1000.021	-1067.522	67.50114	0.9235781	0.9839877	1.640402
18300	-999.21	-1066.866	67.65624	1.719473	1.129599	0.5314178
18306	-998.263	-1065.412	67.14938	1.777215	1.688873	0.4149862
18312	-997.301	-1063.277	65.97621	0.4153366	1.412763	2.721888
18318	-1004.492	-1071.683	67.19022	0.5352784	1.431521	1.856394
18324	-1005.895	-1073.41	67.51465	0.8082661	0.8516544	1.811539
18330	-999.0527	-1066.398	67.34539	0.7594793	1.062098	1.811539
18336	-999.3418	-1066.453	67.11154	0.7599306	1.028179	1.99217
18342	-1007.722	-1074.142	66.42059	2.233225	1.578904	0.1848674
18348	-995.4077	-1062.297	66.88932	2.196713	1.039195	0.1814136
18354	-1004.576	-1071.511	66.93434	0.7284045	1.152696	2.053264
18360	-997.6598	-1064.271	66.61086	0.7430093	1.434011	2.103817
18366	-995.0883	-1062.018	66.92976	0.6768469	1.145256	2.094667
18372	-994.9226	-1062.007	67.08447	0.5224359	1.205652	2.059262
18378	-998.5949	-1065.252	66.65733	0.4515344	1.009665	2.495164
18384	-1000.203	-1067.274	67.07147	0.4515344	1.267837	2.079656
18390	-1009.638	-1076.836	67.19782	2.035436	1.255913	0.3811543
18396	-1005.766	-1073.77	68.00438	1.792777	0.7142681	0.3935266
18402	-989.1194	-1057.081	67.96197	1.101931	0.9529946	1.166001
18408	-990.6834	-1058.219	67.53524	1.08239	1.225698	1.324653
18414	-998.1218	-1065.96	67.83838	1.153466	0.9158823	1.26053
18420	-999.2161	-1067.023	67.80737	1.159287	0.7294952	1.451787
18426	-996.204	-1064.254	68.05012	1.055388	0.7784687	1.295046
18432	-1000.33	-1067.485	67.15537	1.087652	1.096309	1.69225
18438	-996.3437	-1064.425	68.0817	0.8788461	0.9923815	1.220351
18444	-993.7459	-1061.411	67.66559	0.888456	0.9923815	1.539885
18450	-1000.487	-1067.992	67.50487	1.0222	1.25694	1.375497
18456	-992.125	-1059.701	67.57619	1.003913	0.9040583	1.588318
18462	-993.0221	-1061.084	68.06229	0.9902516	0.7999428	1.317217
18468	-988.7378	-1055.999	67.26088	0.737017	1.208676	1.793307
18474	-993.7668	-1061.399	67.63216	0.7418329	0.7477878	1.860775
18480	-1003.592	-1070.912	67.3195	0.7849684	0.818782	1.985373
18486	-999.4222	-1066.737	67.31468	0.7335565	0.818782	2.02284
18492	-995.4052	-1063.005	67.59996	0.7551937	0.8979677	1.753573
18498	-990.563	-1057.189	66.62634	0.5499111	1.16776	2.359233
18504	-988.9875	-1056.242	67.25421	0.4775403	0.9948452	2.106443
18510	-990.9817	-1059.203	68.22106	1.078511	0.613145	1.31337
18516	-991.8837	-1060.029	68.1448	0.8210571	0.6810179	1.499851
18522	-996.247	-1063.457	67.20969	0.8752632	1.270175	1.695638
18528	-995.4754	-1063.277	67.80128	0.998779	1.11155	1.258652
18534	-993.6153	-1061.521	67.90586	1.126073	0.9178226	1.225259
18540	-1006.029	-1071.846	65.8177	2.699918	1.210735	0.1027372
18546	-999.2159	-1065.089	65.87271	2.699918	1.167699	0.1049993
18552	-991.3509	-1058.649	67.29781	1.063969	1.208604	1.532974
18558	-988.0567	-1055.791	67.73412	1.255815	1.140622	1.06855
18564	-995.3866	-1063.214	67.82763	0.9877429	1.123285	1.236865
18570	-1006.498	-1072.595	66.09729	2.704491	0.7480702	0.08127952
18576	-1010.807	-1077.024	66.217	2.713083	0.6135368	0.07653582
18582	-1011.409	-1077.586	66.17751	2.713083	0.8171614	0.1002355
18588	-1005.811	-1071.645	65.83444	2.562434	1.328515	0.09989256
18594	-1004.401	-1071.226	66.82482	0.4610417	1.27256	2.231491
18600	-994.6858	-1061.504	66.81809	0.5872558	0.9955629	2.316901
18606	-989.1061	-1056.576	67.47014	0.6909873	0.7954669	1.96575
18612	-997.6504	-1064.907	67.25624	0.6370982	0.9572814	2.02508
18618	-1003.531	-1070.994	67.46283	0.435036	0.9529066	2.02508
18624	-998.6508	-1065.94	67.2896	1.97331	1.072174	0.2631883
18630	-994.3608	-1062.178	67.81749	1.595668	1.090283	0.5202387
18636	-1003.604	-1071.462	67.85783	1.572692	1.067518	0.4519776
18642	-1005.943	-1073.859	67.91637	1.572692	1.009796	0.4654442
18648	-995.8102	-1063.629	67.81905	1.572692	1.107799	0.4476534
18654	-997.4463	-1064.927	67.48032	0.6447511	0.5619743	2.195237
18660	-997.1644	-1064.009	66.84474	0.7109613	1.035035	2.195237
18666	-991.5554	-1057.894	66.33907	0.4950709	0.8645076	2.759089
18672	-1004.197	-1072.639	68.44254	1.333568	0.5265933	1.008239
18678	-1001.135	-1069.207	68.07154	1.112323	1.062518	0.9481081
18684	-996.552	-1063.619	67.06733	0.1245048	1.207481	2.327153
18690	-993.9768	-1059.808	65.83152	0.2408375	0.9411443	3.167653
18696	-995.3843	-1061.593	66.20874	0.1694097	0.8978669	3.012724
18702	-991.3855	-1058.596	67.21091	0.2611514	1.109001	2.203923
18708	-996.256	-1062.506	66.2497	0.195194	1.047466	2.880438
18714	-990.3701	-1057.571	67.2012	0.2449782	0.6682306	2.529576
18720	-991.811	-1059.347	67.53572	0.4829202	0.8132922	2.046688
18726	-988.5196	-1055.881	67.3617	0.4510028	0.9235489	2.101605
18732	-990.2001	-1057.366	67.16592	0.5413985	1.40878	1.880691
18738	-989.3761	-1056.062	66.6859	0.5531196	1.09017	2.364345
18744	-988.5155	-1055.365	66.84961	0.6066126	1.033282	2.260471
18750	-995.3	-1062.284	66.98433	0.6911704	1.065965	2.097711
18756	-999.9485	-1066.698	66.74972	0.5179109	1.564022	2.097711
18762	-998.3836	-1065.288	66.90457	0.5132824	1.04831	2.275734
18768	-1005.005	-1071.51	66.50473	0.3626336	1.066686	2.610853
18774	-997.3582	-1064.356	66.99804	0.7025426	1.239538	1.977646
18780	-1003.523	-1071.103	67.57951	0.4995923	0.8319468	1.992173
18786	-998.4918	-1066.191	67.69912	0.8137708	0.8196006	1.70439
18792	-1010.369	-1076.807	66.43816	0.4708195	1.672235	2.281577
18798	-1006.793	-1073.405	66.61243	0.5194272	1.493496	2.219283
18804	-1003.533	-1071.734	68.20049	1.117844	0.8213705	1.065994
18810	-1011.942	-1079.939	67.99648	1.296513	1.039734	0.8497561
18816	-1013.861	-1081.332	67.47079	1.296513	1.771699	0.7881084
18822	-1006.752	-1074.688	67.93551	1.239477	1.183226	0.8317159
18828	-1001.411	-1069.714	68.30351	1.15788	0.7670065	0.9894941
18834	-1002.509	-1070.2	67.69103	1.126584	0.7929426	1.50569
18840	-1004.798	-1072.464	67.66592	1.144243	1.356489	1.065719
18846	-999.9701	-1067.808	67.8377	1.274379	1.339835	0.7369642
18852	-997.5744	-1065.699	68.12428	1.235222	0.9123372	0.9224982
18858	-1000.231	-1067.859	67.62834	1.407911	1.474212	0.6903625
18864	-994.0698	-1062.059	67.98897	1.407911	0.8520716	0.9533433
18870	-1001.093	-1069.068	67.97579	1.25215	1.143441	0.8093704
18876	-1000.346	-1068.338	67.99237	1.00406	0.9471142	1.229173
18882	-992.597	-1060.599	68.00174	1.317949	0.981903	0.8859606
18888	-996.2057	-1064.405	68.19927	1.216499	0.8560738	0.9283886
18894	-993.9817	-1061.591	67.60893	1.139811	1.431684	1.068537
18900	-1003.867	-1071.199	67.33158	0.677276	1.028241	1.899678
18906	-1008.238	-1076.163	67.92538	0.8887193	0.5814168	1.711691
18912	-991.6974	-1059.812	68.11411	1.124378	0.9214295	1.036325
18918	-996.4308	-1064.069	67.63811	0.9687906	0.9214295	1.555026
18924	-1000.559	-1067.248	66.68908	0.7483029	1.379085	2.076789
18930	-1000.783	-1068.643	67.85994	1.009152	1.322154	1.035747
18936	-993.3258	-1060.81	67.484	1.020302	0.7142811	1.800195
18942	-994.2636	-1060.987	66.72391	0.5783678	1.045674	2.351078
18948	-993.4689	-1060.648	67.17902	0.2990948	1.045674	2.238662
18954	-996.8915	-1064.037	67.14602	0.5933904	1.263537	1.937973
18960	-986.0462	-1053.573	67.52704	0.78265	0.913309	1.77377
18966	-986.3375	-1053.701	67.36313	0.5790621	1.019748	1.95034
18972	-993.829	-1061.024	67.19495	0.6722361	1.019748	2.000554
18978	-999.6231	-1067.144	67.52067	0.8471855	1.144411	1.570387
18984	-1004.121	-1071.243	67.12193	0.5147449	1.152864	2.070371
18990	-993.8564	-1060.893	67.03675	0.7493613	1.212874	1.935552
18996	-989.4612	-1056.154	66.69331	0.2909344	1.272728	2.423505
19002	-989.496	-1055.4	65.90379	0.3119561	1.019102	3.03498
19008	-997.7049	-1064.15	66.44509	0.6000506	0.9087127	2.599645
19014	-997.6506	-1065.104	67.45332	0.7879602	0.742758	1.954938
19020	-993.0412	-1059.929	66.88787	0.3877673	1.20069	2.277395
19026	-994.6735	-1062.143	67.46989	0.5669235	0.7913963	2.051729
19032	-987.3125	-1054.161	66.84814	0.2567073	1.085478	2.451791
19038	-986.805	-1053.884	67.07874	0.2832391	0.836741	2.451791
19044	-984.3787	-1050.715	66.33643	0.1660228	1.213039	2.753558
19050	-993.0171	-1060.307	67.29032	0.2455917	0.7378146	2.416745
19056	-992.3966	-1058.828	66.43144	0.1604256	1.803952	2.428117
19062	-989.7722	-1056.15	66.37795	0.5425189	1.341878	2.428117
19068	-992.6863	-1060.092	67.40578	0.6174997	1.029438	1.889084
19074	-1002.532	-1070.044	67.51287	0.9954147	0.9312453	1.61943
19080	-1002.328	-1069.605	67.27701	0.8655341	1.367766	1.597444
19086	-1004.128	-1071.784	67.65503	0.9638402	0.6664039	1.764313
19092	-1000.222	-1067.456	67.23376	0.9638402	1.29938	1.597393
19098	-1016.526	-1083.81	67.28395	0.8645329	1.177315	1.70711
19104	-1000.293	-1067.898	67.60528	0.8043889	1.11626	1.558523
19110	-1007.186	-1074.781	67.59468	1.092299	1.118383	1.345351
19116	-1001.691	-1068.874	67.18288	0.9529311	1.180082	1.714341
19122	-993.1507	-1060.424	67.27305	0.5507349	0.9631271	2.067115
19128	-995.986	-1062.467	66.48119	0.6410214	1.02748	2.475816
19134	-995.1374	-1061.657	66.51957	0.69435	0.9697319	2.454558
19140	-1007.159	-1073.618	66.45943	0.6057269	1.233605	2.393262
19146	-1004.462	-1071.885	67.42285	0.7262982	0.9716776	1.842553
19152	-1001.197	-1068.717	67.51929	0.9446702	1.336342	1.37384
19158	-1001.247	-1068.526	67.27874	0.7800607	1.250855	1.725568
19164	-1008.293	-1074.479	66.18543	0.5443351	1.274501	2.581602
19170	-1004.457	-1071.009	66.5518	0.3400203	0.9412125	2.672989
19176	-1000.851	-1067.904	67.05277	0.4949369	0.7504372	2.399384
19182	-1002.044	-1068.773	66.72858	0.5499401	0.7637106	2.557791
19188	-998.8534	-1065.924	67.07069	0.52157	0.9577023	2.221746
19194	-1003.031	-1071.267	68.23549	1.203063	0.9042811	0.841127
19200	-999.8738	-1067.42	67.54571	0.7719137	0.7993605	1.856646
19206	-993.6351	-1060.923	67.28757	0.7563099	0.9844416	1.905492
19212	-994.2565	-1061.658	67.40104	0.7175755	1.049164	1.810621
19218	-994.4408	-1061.35	66.90966	0.5063376	1.130166	2.227572
19224	-999.7058	-1067.094	67.38841	1.150448	1.327905	1.319667
19230	-1000.187	-1068.054	67.86635	0.9397407	0.8966824	1.425094
19236	-997.6509	-1064.647	66.9962	0.7031008	1.239659	1.978438
19242	-994.6826	-1061.112	66.42981	0.6258481	1.120672	2.462146
19248	-999.8478	-1066.688	66.84055	0.7219755	1.071422	2.168107
19254	-990.2588	-1057.918	67.65903	0.8880425	1.027509	1.519161
19260	-996.3608	-1063.432	67.07097	0.8055098	1.157579	1.907347
19266	-1005.102	-1073.332	68.22976	0.9254279	0.5436026	1.505876
19272	-1009.268	-1077.605	68.33685	1.066185	0.4020069	1.503284
19278	-997.0497	-1064.833	67.78301	0.9116288	0.5276579	1.852218
19284	-1004.471	-1071.818	67.34667	0.7343785	1.025616	1.852218
19290	-1012.915	-1080.232	67.31719	0.5962652	1.053344	1.947672
19296	-997.3612	-1065.44	68.079	0.9505097	0.9909579	1.162152
19302	-997.3026	-1064.576	67.27313	0.5661943	1.030868	2.011839
19308	-1004.488	-1070.688	66.19965	0.4541096	1.110814	2.716858
19314	-996.1638	-1064.015	67.85127	0.8657705	0.9054843	1.485678
19320	-991.3211	-1059.155	67.83353	0.8657705	0.8935005	1.508729
19326	-993.663	-1060.583	66.91968	0.7163923	1.136685	2.080391
19332	-990.2898	-1057.28	66.99069	0.8310131	1.244375	1.893216
19338	-993.2399	-1060.64	67.40009	0.9117292	0.6569747	1.982542
19344	-991.8519	-1059.324	67.47237	0.6828092	1.152059	1.718283
19350	-991.7752	-1058.794	67.01905	0.4299974	0.9319692	2.330715
19356	-992.8721	-1060.669	67.79713	0.7502933	1.230997	1.376787
19362	-996.6752	-1064.462	67.78655	1.035476	1.118248	1.235162
19368	-996.8643	-1064.903	68.03898	1.000482	0.5987657	1.530204
19374	-1002.13	-1069.665	67.5352	1.181265	0.8891443	1.499434
19380	-999.1054	-1066.944	67.83853	1.030267	0.5590744	1.696818
19386	-1004.769	-1071.714	66.94472	0.8134863	1.076001	2.036879
19392	-1006.044	-1073.393	67.34946	0.5328042	0.7894713	2.154611
19398	-999.0807	-1065.962	66.88176	0.7435405	1.168007	2.068952
19404	-996.1778	-1063.215	67.03702	0.6185862	1.1343	2.068952
19410	-1001.699	-1069.012	67.31308	0.6125973	1.087629	1.917455
19416	-1001.806	-1069.888	68.08229	0.8597611	0.6689002	1.529696
19422	-1006.649	-1073.556	66.90741	0.8458241	1.292559	1.91236
19428	-1016.463	-1083.863	67.39965	1.105823	1.332305	1.343559
19434	-1011.355	-1078.939	67.58398	1.129845	0.9496427	1.452705
19440	-1005.747	-1074.336	68.58944	1.757407	0.3824884	0.5062772
19446	-993.9723	-1061.815	67.84298	1.836642	0.7989159	0.3717261
19452	-993.6084	-1061.267	67.6587	1.842635	0.9880817	0.426606
19458	-994.7451	-1062.25	67.50536	1.98861	0.8932299	0.2942522
19464	-1007.182	-1074.717	67.53498	1.03099	1.014404	1.514695
19470	-1007.759	-1075.76	68.00147	1.03099	1.014404	1.138855
19476	-1005.488	-1073.28	67.79263	0.8940939	1.014404	1.423146
19482	-1002.973	-1070.557	67.58467	0.8940939	1.218691	1.438222
19488	-1004.404	-1072.302	67.89787	1.080874	0.9044931	1.281401
19494	-993.7101	-1061.25	67.54007	1.872341	0.9540343	0.2826575
19500	-1000.274	-1067.767	67.49362	0.9086286	1.13263	1.552945
19506	-1005.41	-1073.727	68.31654	1.159015	0.6746986	1.089291
19512	-988.5696	-1055.943	67.37367	2.005245	1.038883	0.3219823
19518	-987.8129	-1055.426	67.61269	1.979638	0.8200968	0.3064817
19524	-995.1368	-1062.37	67.23359	1.975398	1.065236	0.2334042
19530	-1000.177	-1067.757	67.57953	2.07508	0.7065756	0.2573042
19536	-994.1959	-1061.701	67.50495	2.07508	0.7977022	0.2792936
19542	-991.8862	-1059.604	67.71818	2.07508	0.637982	0.2849104
19548	-992.7101	-1060.189	67.47875	2.07508	0.806716	0.269808
19554	-991.6311	-1059.322	67.69143	1.651954	1.167253	0.5123216
19560	-1006.979	-1075.015	68.03539	0.9075503	0.5927399	1.60751
19566	-1017.662	-1085.405	67.74304	1.110513	0.5695919	1.696301
19572	-1011.359	-1078.991	67.63207	1.663745	1.192874	0.3958836
19578	-1002.151	-1070.194	68.04377	1.879328	0.6383357	0.4695945
19584	-1019.005	-1087.021	68.01566	1.030671	0.6505067	1.470225
19590	-1004.337	-1071.445	67.10773	0.7733307	1.005825	2.000497
19596	-1012.353	-1079.955	67.60229	0.8018019	1.068751	1.595153
19602	-1008.589	-1076.466	67.8772	0.7227124	0.7088566	1.738417
19608	-1013.734	-1080.984	67.25031	0.7955091	0.7206757	2.10311
19614	-1001.054	-1067.973	66.91931	0.7955091	1.016952	2.10311
19620	-1003.364	-1070.596	67.23209	0.9927922	1.292469	1.581628
19626	-1005.042	-1072.414	67.37167	0.8624422	0.856315	1.868914
19632	-999.0266	-1066.373	67.34654	0.7213427	1.093474	1.816596
19638	-1002.614	-1069.946	67.3323	0.9100516	0.747175	1.950528
19644	-991.0688	-1058.969	67.90036	0.8851304	0.8359257	1.492225
19650	-991.5064	-1059.454	67.94801	1.0992	0.9791017	1.157139
19656	-990.6094	-1058.189	67.57988	1.203579	1.311839	1.123342
19662	-993.2416	-1061.099	67.85718	1.288348	1.134427	0.9171908
19668	-991.6235	-1059.452	67.82868	1.593336	1.048658	0.6362504
19674	-994.3948	-1062.254	67.85952	1.657802	0.9832329	0.5212089
19680	-1000.478	-1068.127	67.64864	1.865569	0.882743	0.3007033
19686	-1001.458	-1069.114	67.65637	1.853605	0.9419415	0.3571939
19692	-996.8947	-1064.696	67.80091	1.912338	0.7911132	0.4169815
19698	-996.0287	-1064.093	68.06457	1.740029	0.7275176	0.4676177
19704	-1002.731	-1070.452	67.72106	1.598078	1.189259	0.4511733
19710	-1003.982	-1071.642	67.6603	1.570639	1.289717	0.5653823
19716	-1002.732	-1070.431	67.69906	1.751215	1.049748	0.4675121
19722	-997.9376	-1066.048	68.11091	1.813781	0.636478	0.4627626
19728	-997.781	-1065.17	67.38874	1.813781	1.217144	0.3104603
19734	-1005.561	-1072.575	67.01429	0.6400783	0.9532039	2.184581
19740	-1002.252	-1070.089	67.83689	0.7161746	0.8432941	1.656447
19746	-1004.435	-1071.789	67.3538	0.5781727	1.06021	1.930756
19752	-999.9001	-1068.031	68.13111	1.712918	0.6753388	0.386334
19758	-1002.414	-1070.303	67.88946	1.712918	0.9011074	0.52989
19764	-996.9426	-1063.679	66.736	0.7528496	1.092223	2.203166
19770	-1002.137	-1070.29	68.15259	1.499261	0.8440072	0.5931957
19776	-1005.008	-1073.172	68.16387	1.499261	0.791926	0.702008
19782	-1000.475	-1067.705	67.23023	0.8609921	0.9124718	1.924135
19788	-1004.02	-1071.042	67.022	0.9438271	0.9124718	2.008223
19794	-1007.708	-1074.716	67.00865	0.9436277	1.184853	1.839138
19800	-999.8273	-1067.101	67.27344	0.8722865	1.184853	1.704362
19806	-998.9646	-1066.609	67.64458	0.8856704	0.9663019	1.576907
19812	-1001.231	-1068.645	67.41425	0.7631198	1.322731	1.598275
19818	-995.6282	-1063.975	68.34682	1.124533	0.7859654	0.9556986
19824	-1001.562	-1068.318	66.75534	0.6640002	1.331194	2.113611
19830	-1002.554	-1069.868	67.31408	0.8350666	0.9110476	1.885904
19836	-1005.706	-1072.697	66.99085	0.4355868	1.207258	2.17648
19842	-1005.866	-1073.697	67.83094	1.082205	0.938854	1.305099
19848	-1014.044	-1081.626	67.58227	0.9776062	1.352705	1.286508
19854	-1017.638	-1085.231	67.59268	0.5634095	1.262963	1.649197
19860	-1009.435	-1077.351	67.91523	0.8880534	0.6047629	1.695126
19866	-999.3333	-1066.79	67.45718	0.5205267	0.7016085	2.163611
19872	-997.2736	-1064.319	67.04565	0.6698549	0.7927692	2.259878
19878	-997.869	-1064.934	67.06515	0.5982815	0.8374996	2.259878
19884	-1001.948	-1069.09	67.14199	0.8908663	1.374359	1.672715
19890	-995.3987	-1062.818	67.41937	0.8137438	1.229335	1.614195
19896	-998.9347	-1066.188	67.25378	0.8552582	1.487786	1.554919
19902	-997.7448	-1065.064	67.31926	0.7103936	1.060021	1.864566
19908	-999.9816	-1067.094	67.11214	0.6924039	0.7234684	2.257365
19914	-1003.865	-1071.07	67.20534	0.9067174	1.138208	1.757328
19920	-1003.073	-1070.914	67.8412	1.091747	1.104222	1.15081
19926	-1000.035	-1067.898	67.86308	1.308475	1.177478	0.8422794
19932	-999.6069	-1067.444	67.83679	1.478267	1.139255	0.6823524
19938	-996.6997	-1064.793	68.09364	1.488519	0.8753963	0.6752496
19944	-1007.348	-1074.922	67.57453	1.313493	0.7180228	1.522008
19950	-999.4909	-1067.439	67.94773	1.020905	0.8790493	1.31218
19956	-994.6991	-1062.521	67.82186	1.08865	1.04553	1.218337
19962	-1004.218	-1071.879	67.66088	1.09529	1.214572	1.218337
19968	-991.5199	-1059.301	67.78071	1.09529	1.083384	1.216974
19974	-998.1101	-1065.602	67.49218	0.8822969	0.9184609	1.724555
19980	-1000.354	-1067.296	66.94199	0.7241927	1.005004	2.142674
19986	-996.9956	-1063.462	66.46682	0.3419686	1.397744	2.470643
19992	-993.8045	-1061.021	67.21653	0.08526871	1.023143	2.365321
19998	-999.5478	-1066.908	67.35984	0.137484	1.212776	2.12719
20004	-1000.307	-1066.858	66.55106	0.07198042	1.526097	2.526636
20010	-1009.034	-1076.848	67.81399	1.078572	0.8432932	1.404033
20016	-1009.75	-1077.742	67.99256	1.04165	0.8414868	1.293069
20022	-994.9555	-1062.164	67.20861	0.08642909	0.9213945	2.435256
20028	-998.7273	-1066.315	67.58739	0.06939355	1.028578	2.133613
20034	-994.6143	-1061.506	66.89158	0.1281757	1.225969	2.426024
20040	-998.3601	-1064.336	65.97635	0.5926631	1.755253	2.462159
20046	-994.9544	-1061.988	67.03352	0.6083873	0.8638254	2.254628
20052	-1001.032	-1068.429	67.39672	0.7437197	0.9841499	1.839821
20058	-1000.74	-1068.027	67.28731	0.877014	1.055282	1.774844
20064	-1006.628	-1072.924	66.29672	0.6855598	0.7877212	2.722644
20070	-1000.772	-1067.952	67.18071	0.8231168	0.6679538	2.175555
20076	-999.1868	-1066.098	66.91107	1.011798	1.385426	1.744345
20082	-1002.366	-1069.566	67.20048	0.8410756	1.385426	1.660317
20088	-1011.661	-1078.855	67.19346	0.9003474	1.423301	1.601539
20094	-1004.671	-1072.205	67.53449	1.064592	0.8701055	1.601539
20100	-997.5139	-1064.894	67.37992	1.706128	1.478594	0.5520316
20106	-1005.206	-1073.19	67.98421	1.568159	0.9275201	0.6163232
20112	-996.5361	-1064.089	67.55252	0.6320112	0.826409	1.925668
20118	-991.3939	-1058.844	67.44968	0.5620772	0.826409	2.041183
20124	-994.1436	-1061.544	67.40041	0.6910026	0.8943437	1.937206
20130	-993.1203	-1060.363	67.24294	0.5775573	1.118487	1.968969
20136	-1008.37	-1075.305	66.93467	0.5775573	0.8376134	2.356303
20142	-1007.717	-1075.325	67.60777	1.556015	1.353934	0.6151514
20148	-1006.045	-1073.79	67.74435	1.659572	1.086576	0.5867417
20154	-1004.978	-1073.222	68.24341	1.597821	0.7006665	0.4994902
20160	-1000.955	-1068.798	67.84257	1.791399	0.8710832	0.4623139
20166	-1000.993	-1067.934	66.94105	1.847969	1.859709	0.3662874
20172	-997.3895	-1064.375	66.98533	1.803689	1.859709	0.3662874
20178	-995.2671	-1062.622	67.35538	1.751845	1.430421	0.4063068
20184	-1002.836	-1070.329	67.49272	1.751845	1.260922	0.4105935
20190	-1010.929	-1078.185	67.25562	0.6744953	1.562778	1.645517
20196	-1002.78	-1070.42	67.64026	0.8722901	0.7847788	1.733554
20202	-998.5009	-1065.979	67.47843	0.7644217	1.035141	1.733554
20208	-1000.581	-1068.087	67.50555	0.852726	1.41855	1.406024
20214	-1005.135	-1072.486	67.35103	2.034035	0.9369824	0.2563229
20220	-1002.501	-1070.155	67.65384	1.979139	0.8001867	0.3211097
20226	-997.9955	-1065.692	67.69633	1.734396	1.045273	0.3943356
20232	-994.8033	-1061.671	66.86734	0.4494096	1.232199	2.233529
20238	-992.3109	-1059.103	66.79184	0.5364437	1.218748	2.233529
20244	-1006.661	-1074.397	67.73598	1.930289	0.8007704	0.3567648
20250	-996.9904	-1065.011	68.02082	0.6425357	0.9121615	1.520529
20256	-991.7106	-1058.271	66.55994	0.5526757	0.9733279	2.515665
20262	-992.7954	-1059.673	66.878	0.1506748	1.058234	2.515665
20268	-994.2968	-1060.967	66.67046	0.1419548	1.02974	2.666751
20274	-991.2441	-1057.967	66.72292	0.3848699	0.8694118	2.587416
20280	-998.3815	-1064.953	66.5714	0.5170035	0.8870065	2.587416
20286	-995.484	-1062.313	66.82925	0.470608	1.300739	2.207437
20292	-990.9813	-1057.391	66.40932	0.5669172	0.9339343	2.625667
20298	-992.2668	-1058.844	66.57746	0.3808371	1.08892	2.541399
20304	-992.2095	-1058.794	66.58494	0.07848623	1.144623	2.691983
20310	-988.2725	-1055.696	67.42338	0.8482167	1.102584	1.66775
20316	-989.6975	-1056.439	66.74149	0.6929363	1.310771	2.114562
20322	-988.8032	-1055.996	67.19319	0.6076901	1.018491	2.045413
20328	-985.7334	-1052.666	66.93292	0.6127196	1.085674	2.170331
20334	-994.5343	-1061.325	66.79059	0.3400484	1.121636	2.414429
20340	-988.4866	-1055.597	67.11012	0.5834677	0.9490004	2.16195
20346	-997.0106	-1064.12	67.10906	0.902962	0.9026082	1.984483
20352	-999.0295	-1067.408	68.37835	1.730819	0.5077922	0.5830177
20358	-995.2906	-1062.972	67.68131	1.671039	1.143551	0.5835745
20364	-995.4288	-1063.181	67.75234	1.671039	1.07566	0.4548406
20370	-995.4033	-1062.954	67.55073	0.8260457	1.167728	1.54844
20376	-992.7984	-1060.061	67.26258	1.0143	1.797641	1.259363
20382	-990.3215	-1058.18	67.85864	1.021237	0.9449149	1.326818
20388	-982.3663	-1050.221	67.85493	1.095971	1.020808	1.204491
20394	-988.5071	-1056.655	68.14747	1.266093	0.8371306	0.9536207
20400	-995.5942	-1063.719	68.12467	1.467433	0.7880832	0.8135325
20406	-1000.718	-1069.123	68.40588	1.429948	0.6434955	0.7307682
20412	-994.1168	-1061.718	67.60089	1.429948	1.449486	0.7307682
20418	-993.9727	-1062.108	68.13573	1.330308	0.8591336	0.8677883
20424	-996.5077	-1064.747	68.23935	1.330308	0.8693073	0.7098816
20430	-998.893	-1066.883	67.98999	1.217244	1.090721	0.8933247
20436	-1004.791	-1072.575	67.78341	1.217244	1.230588	0.9807552
20442	-997.6938	-1065.141	67.44704	0.8653115	0.6447708	1.993364
20448	-1001.312	-1069.121	67.80893	1.168335	0.9636216	1.230933
20454	-1001.258	-1069.236	67.97803	1.085774	0.5546344	1.561009
20460	-1003.19	-1071.478	68.28811	1.085774	0.6472288	1.212219
20466	-992.4894	-1060.225	67.73511	0.9357191	0.9610145	1.476411
20472	-1001.445	-1069.721	68.27541	0.9357191	0.7023435	1.286491
20478	-1000.015	-1067.846	67.83131	0.6650097	0.7669949	1.759961
20484	-1004.257	-1072.653	68.39578	1.055592	0.539887	1.279066
20490	-993.5291	-1061.35	67.8212	1.005386	0.9499811	1.365018
20496	-995.7364	-1063.326	67.58917	0.8514787	1.023088	1.600678
20502	-994.7865	-1062.634	67.84773	1.012407	0.8211468	1.448548
20508	-998.5092	-1066.342	67.8327	1.046116	0.9691532	1.307488
20514	-1002.168	-1069.935	67.76658	0.9674906	1.094758	1.325203
20520	-1001.602	-1069.399	67.79699	1.318387	1.038282	1.040552
20526	-996.6466	-1064.647	68.00073	1.387168	1.030419	0.732822
20532	-997.0498	-1063.803	66.75309	0.8534582	1.406716	1.949958
20538	-991.2427	-1058.009	66.76657	0.6590127	1.36222	2.093281
20544	-993.89	-1061.689	67.79906	1.010283	0.6809574	1.615186
20550	-997.7629	-1066.011	68.2485	1.504805	0.7701001	0.519243
20556	-996.1483	-1064.065	67.91668	1.609019	0.9481819	0.6290076
20562	-1002.921	-1071.087	68.16644	1.609019	0.7029099	0.698814
20568	-997.2418	-1065.036	67.79383	1.609019	1.101911	0.5113601
20574	-996.901	-1064.876	67.97452	1.620951	0.9054556	0.5456934
20580	-1000.954	-1069.06	68.10603	1.63662	0.7434837	0.6635349
20586	-998.2628	-1066.353	68.08984	1.627826	0.798024	0.4628144
20592	-998.719	-1066.529	67.80956	1.627826	1.065023	0.4851623
20598	-1001.43	-1069.444	68.01389	1.627826	0.8562028	0.4269406
20604	-1006.842	-1074.553	67.71171	1.730598	1.058007	0.4673315
20610	-1007.616	-1075.12	67.50354	1.727942	1.298484	0.4922795
20616	-996.3423	-1064.008	67.66617	1.727942	1.111581	0.4962466
20622	-1004.86	-1071.633	66.77342	0.5497797	0.6879656	2.589662
20628	-1006.117	-1073.685	67.56728	0.6987019	0.5460835	2.119435
20634	-1005.933	-1074.023	68.08998	1.470014	0.8934364	0.6798228
20640	-995.4415	-1063.409	67.96748	1.580516	0.9461645	0.5671263
20646	-1000.343	-1068.251	67.90826	1.654827	0.938272	0.5273068
20652	-1004.249	-1071.887	67.63809	1.654827	1.163013	0.6837914
20658	-1009.044	-1076.787	67.74281	1.65353	1.106152	0.4633576
20664	-1001.499	-1069.055	67.55532	1.736784	1.223071	0.5382715
20670	-995.1591	-1062.886	67.72667	1.108307	0.7711682	1.512254
20676	-993.4072	-1061.123	67.71599	0.9042049	0.9638712	1.512254
20682	-999.7036	-1067.072	67.36845	0.7406022	1.065751	1.806243
20688	-999.8961	-1066.228	66.33189	0.5551124	1.261349	2.49052
20694	-996.5193	-1063.398	66.87833	0.6945383	0.9815116	2.218535
20700	-999.7531	-1066.332	66.57851	0.6307072	1.442744	2.193766
20706	-997.8972	-1064.886	66.98905	0.6958567	0.8956247	2.204357
20712	-1000.851	-1067.716	66.86425	0.8509567	1.244396	1.965084
20718	-997.1504	-1064.147	66.99698	0.6915764	1.079433	2.080734
20724	-992.7645	-1060.015	67.25027	0.6663901	0.8547316	2.082676
20730	-989.1087	-1056.686	67.57724	0.5838261	0.980189	1.828403
20736	-991.7924	-1058.545	66.75252	0.3660751	1.431034	2.257937
20742	-995.2893	-1062.127	66.83793	0.1739987	1.061917	2.523914
20748	-991.8938	-1058.851	66.95711	0.8193487	0.9977166	2.075169
20754	-988.0972	-1054.872	66.77459	0.493116	0.7990319	2.538125
20760	-995.2777	-1061.427	66.14911	0.4252002	1.568344	2.538125
20766	-993.217	-1060.13	66.91316	0.2091542	0.9784369	2.506364
20772	-997.1961	-1064.581	67.38485	0.6768802	0.8597669	1.982726
20778	-1004.306	-1071.5	67.19483	0.8965214	0.9503384	1.897006
20784	-1004.907	-1072.581	67.67395	0.8001021	0.7022689	1.831759
20790	-998.2337	-1064.529	66.2954	0.3324209	0.8887114	2.868305
20796	-1000.689	-1067.696	67.00667	0.6134749	0.8887114	2.250965
20802	-1002.453	-1069.241	66.78763	0.4980832	0.9684563	2.410194
20808	-995.904	-1062.52	66.61608	0.4901577	1.218284	2.37558
20814	-1000.993	-1068.702	67.70873	0.645404	0.8888285	1.761231
20820	-1002.452	-1069.81	67.35793	0.7510689	1.16847	1.740441
20826	-993.7703	-1060.64	66.86952	0.5113371	1.327493	2.140711
20832	-1001.261	-1067.866	66.60583	0.2271954	0.9625166	2.69553
20838	-995.2816	-1062.618	67.33686	0.4907008	0.9625166	2.065039
20844	-993.6533	-1060.837	67.18375	0.6145251	0.759403	2.232548
20850	-999.3861	-1066.332	66.94543	0.5704563	1.018291	2.231556
20856	-991.7412	-1059.444	67.70306	0.7474149	0.6019445	1.94139
20862	-988.5848	-1055.599	67.01401	0.5719228	1.064285	2.157305
20868	-991.6132	-1058.82	67.20674	0.7157942	0.7694601	2.14406
20874	-990.5209	-1057.785	67.26373	0.8080322	1.338737	1.665119
20880	-995.0466	-1061.958	66.91125	0.5025797	0.9991401	2.309202
20886	-994.6208	-1061.552	66.93155	0.5919392	0.8315271	2.353574
20892	-989.9683	-1057.742	67.77346	0.9873392	0.9129391	1.4464
20898	-988.1446	-1056.232	68.08789	1.008448	0.8073741	1.274448
20904	-989.7182	-1057.652	67.93418	0.9239909	0.8907107	1.389742
20910	-989.4544	-1056.736	67.28131	0.6980119	1.341372	1.729152
20916	-986.3657	-1054.118	67.75178	0.7614239	1.002195	1.562768
20922	-988.3059	-1055.845	67.53906	0.8348587	0.8662565	1.764787
20928	-988.2732	-1055.956	67.68312	0.9121107	0.7999263	1.662188
20934	-995.3453	-1062.493	67.14777	0.7095263	1.114472	1.94674
20940	-991.1989	-1058.704	67.50474	0.7095263	0.8289809	1.903543
20946	-985.588	-1052.606	67.01808	0.761737	1.002916	2.069529
20952	-985.6406	-1052.733	67.09267	0.7184188	0.7681121	2.217426
20958	-992.6595	-1059.751	67.09149	0.6778366	0.7681121	2.244339
20964	-995.467	-1062.501	67.03403	0.7078503	1.286503	1.923413
20970	-1014.33	-1081.921	67.59047	0.9779007	1.085788	1.46105
20976	-1001.677	-1069.58	67.90283	1.11652	0.8762376	1.273358
20982	-1002.37	-1069.129	66.75963	0.7798512	0.7933207	2.371714
20988	-1002.925	-1070.263	67.33786	0.830888	1.182975	1.68921
20994	-998.0727	-1065.509	67.43617	0.6158868	0.8223974	2.017518
21000	-1001.778	-1068.873	67.09502	0.5447756	1.111062	2.093377
21006	-1013.112	-1079.574	66.46208	0.6629244	0.937975	2.530752
21012	-1007.28	-1073.991	66.71145	0.3491487	0.9392268	2.569992
21018	-1000.703	-1066.942	66.23826	0.5303012	1.170918	2.612694
21024	-991.0196	-1058.076	67.05675	0.5399147	1.217234	2.059407
21030	-986.6162	-1053.436	66.81994	0.4813124	1.063898	2.340602
21036	-994.5273	-1061.81	67.28244	0.5660458	1.037842	2.001209
21042	-989.7328	-1057.082	67.34896	0.6025891	1.094428	1.895605
21048	-986.8101	-1054.128	67.31792	0.7555187	1.134216	1.786757
21054	-988.5047	-1055.339	66.8345	0.667301	1.221401	2.119401
21060	-996.6074	-1064.507	67.89928	0.7810465	0.9485754	1.478968
21066	-992.6221	-1060.458	67.83612	0.7938477	0.7269129	1.700964
21072	-1000.365	-1067.647	67.2814	0.6092647	1.071155	1.951552
21078	-994.9259	-1062.175	67.24929	0.781786	1.019754	1.890244
21084	-994.9426	-1062.583	67.64041	0.8536817	0.9090037	1.646718
21090	-990.6842	-1058.659	67.97442	1.023925	0.823468	1.338655
21096	-991.7896	-1059.984	68.19411	1.077589	0.7879017	1.144517
21102	-1002.181	-1068.964	66.78248	0.5725851	0.9072434	2.406969
21108	-1000.866	-1068.191	67.32476	0.7477897	1.074099	1.825951
21114	-993.9939	-1061.155	67.16125	0.5797995	1.246596	1.946476
21120	-995.0947	-1062.691	67.59646	0.9459308	1.194126	1.405595
21126	-998.5307	-1065.482	66.95132	0.9789268	1.585759	1.633729
21132	-994.5494	-1061.63	67.081	0.5117595	1.385848	1.970082
21138	-989.5334	-1056.497	66.96362	0.6888134	1.136563	2.069692
21144	-991.4953	-1058.768	67.27271	0.809277	1.001414	1.867958
21150	-988.3895	-1055.929	67.53922	0.8675536	1.137357	1.546432
21156	-988.696	-1056.157	67.46117	0.7864938	1.03889	1.727602
21162	-986.1072	-1053.576	67.46851	0.8504416	0.9433588	1.745112
21168	-989.4998	-1056.65	67.15008	0.8637052	1.131008	1.829995
21174	-988.0077	-1055.745	67.73742	0.8719524	1.047608	1.457532
21180	-999.2154	-1065.922	66.70681	0.1714235	1.296923	2.477524
21186	-1000.292	-1066.814	66.52245	0.5276342	1.534377	2.252751
21192	-998.1543	-1066.242	68.08742	1.056858	0.8475124	1.195318
21198	-996.8778	-1064.47	67.59213	1.044022	1.112702	1.389535
21204	-989.4055	-1056.987	67.58133	0.9853443	1.316716	1.304507
21210	-993.5844	-1061.46	67.87575	1.160725	1.08883	1.069666
21216	-996.0447	-1063.892	67.84685	1.159523	1.121284	1.069666
21222	-998.3315	-1065.869	67.53732	1.413977	0.9515495	1.263016
21228	-996.3113	-1064.317	68.00565	1.141593	0.7338451	1.305742
21234	-995.0927	-1062.652	67.55908	1.141593	0.9908487	1.430507
21240	-999.2081	-1066.913	67.7051	1.14838	1.179867	1.160522
21246	-993.1619	-1060.979	67.81744	1.14838	1.179867	1.058201
21252	-998.6244	-1066.925	68.3002	1.2468	0.8173964	0.8270901
21258	-994.6935	-1063.03	68.33653	1.39047	0.6817666	0.8119182
21264	-1002.813	-1070.583	67.77075	0.9893897	0.9649839	1.404887
21270	-1008.812	-1076.797	67.98497	1.399515	0.7570017	1.075944
21276	-1006.475	-1074.486	68.01173	1.024834	0.9754244	1.169747
21282	-1003.312	-1070.509	67.19651	0.4652321	0.9192591	2.202903
21288	-985.0789	-1052.144	67.06563	0.544135	1.031263	2.162545
21294	-995.9932	-1063.55	67.55645	1.031632	0.7786935	1.685337
21300	-1000.109	-1067.484	67.37488	0.5522422	1.133994	1.887416
21306	-1001.235	-1068.088	66.85238	0.5324325	1.162222	2.229035
21312	-999.3468	-1067.074	67.72675	0.740414	1.220697	1.445781
21318	-1001.102	-1069.028	67.92593	0.6203134	0.9284755	1.594001
21324	-990.5264	-1057.633	67.10653	0.6187092	0.979113	2.121112
21330	-997.213	-1063.838	66.62467	0.4664681	1.139407	2.42911
21336	-995.2602	-1061.709	66.4485	0.4909877	1.197182	2.492031
21342	-995.604	-1063.12	67.5157	0.7115497	1.080581	1.713861
21348	-988.551	-1055.266	66.71457	0.5518983	1.359403	2.198463
21354	-995.9305	-1062.371	66.44074	0.6067948	1.685102	2.186742
21360	-995.5369	-1062.448	66.91105	0.8063505	1.328715	1.916675
21366	-1000.201	-1067.477	67.27643	0.5444384	1.480704	1.764985
21372	-991.9045	-1059.624	67.71933	0.8659546	0.8771996	1.605858
21378	-987.8512	-1055.461	67.60958	0.7039038	1.087508	1.64784
21384	-993.8885	-1060.656	66.768	0.5857352	0.7805048	2.498226
21390	-1003.58	-1071.691	68.11087	1.119034	0.7081259	1.264904
21396	-999.8205	-1067.749	67.92801	1.302946	0.8192746	1.147913
21402	-996.9563	-1064.646	67.68946	1.403805	1.313651	0.7945647
21408	-996.3487	-1064.581	68.23213	1.351385	0.8089562	0.7922066
21414	-1007.509	-1075.534	68.02568	1.299576	1.109658	0.7122248
21420	-1000.071	-1068.024	67.95276	1.435961	1.012892	0.7577815
21426	-1004.927	-1073.006	68.07892	1.659165	0.7811534	0.4648266
21432	-1002.427	-1070.228	67.80053	1.867051	0.7811534	0.3323661
21438	-996.5201	-1064.436	67.91604	1.625144	0.9603506	0.4861214
21444	-998.2665	-1065.398	67.13098	0.6427691	0.8013553	2.215838
21450	-993.1627	-1060.656	67.49285	0.8441929	1.277133	1.508084
21456	-990.345	-1057.745	67.40014	0.7434265	1.277133	1.649701
21462	-990.87	-1058.122	67.25164	0.8308752	0.8792639	1.954292
21468	-997.3165	-1064.627	67.3106	0.8308752	1.011367	1.820357
21474	-1006.664	-1073.525	66.8615	0.5346182	1.097188	2.25993
21480	-1008.716	-1075.868	67.15193	2.148305	0.8416687	0.1833999
21486	-1007.918	-1074.689	66.77108	2.148305	1.229804	0.1833999
21492	-1006.268	-1073.069	66.80163	2.148305	1.180886	0.1799962
21498	-1000.218	-1067.243	67.02507	2.221513	0.8921425	0.1841262
21504	-1001.658	-1067.795	66.13664	0.5436586	1.177466	2.663572
21510	-990.7608	-1058.282	67.52085	0.6368254	0.8460744	1.928628
21516	-994.3507	-1061.715	67.36406	0.7522	0.8832326	1.928628
21522	-998.6492	-1066.014	67.36467	0.9869164	0.9745044	1.69947
21528	-992.9773	-1060.417	67.43942	0.5616968	1.105126	1.855017
21534	-992.6159	-1059.283	66.66676	0.5648582	1.107351	2.358885
21540	-994.0916	-1061.099	67.00738	0.6260289	1.026393	2.150255
21546	-998.0077	-1064.234	66.22667	0.2263448	1.087324	2.852533
21552	-998.7462	-1065.927	67.18033	1.907349	1.381409	0.3280992
21558	-994.9598	-1062.043	67.0835	1.722623	1.779276	0.3280992
21564	-990.5768	-1058.684	68.10694	1.670492	0.7427773	0.4319553
21570	-995.8916	-1064.005	68.11309	1.670492	0.746021	0.5025148
21576	-1004.421	-1072.373	67.95224	1.670492	0.8566657	0.6333967
21582	-995.9582	-1064.089	68.13075	1.6683	0.7265971	0.4361962
21588	-994.1119	-1062.221	68.10942	1.696904	0.7254167	0.5406011
21594	-995.0147	-1062.811	67.7959	0.9470434	0.7027843	1.642433
21600	-1000.074	-1067.326	67.2525	1.244493	0.9020062	1.65004
21606	-998.082	-1065.176	67.0936	0.5722507	0.9889031	2.153404
21612	-998.4654	-1065.776	67.31015	0.7564545	1.017891	1.867294
21618	-998.8176	-1065.708	66.89036	0.4081128	1.379458	2.167465
21624	-1012.862	-1080.083	67.22096	1.018841	1.398806	1.507815
21630	-998.6579	-1065.528	66.87003	0.8554949	1.298748	1.927656
21636	-1003.107	-1070.717	67.61009	0.8554949	0.9936126	1.60385
21642	-999.9125	-1066.817	66.90422	0.7392817	1.036958	2.136947
21648	-991.9654	-1059.612	67.6469	0.6702862	0.7838208	1.869581
21654	-994.3723	-1062.03	67.65755	0.8466647	1.22676	1.413291
21660	-1005.24	-1073.415	68.17438	0.8209825	0.7145506	1.44439
21666	-1003.46	-1070.907	67.44683	0.8079226	0.7009884	1.981541
21672	-999.3988	-1067.115	67.71573	0.7319968	0.7009884	1.85097
21678	-1004.396	-1072.324	67.92817	0.7967488	1.072011	1.349613
21684	-996.3849	-1064.193	67.80804	1.671862	1.021104	0.4845585
21690	-998.5256	-1065.579	67.05302	0.8491713	1.114171	1.916641
21696	-998.6224	-1066.081	67.45914	0.8491713	1.188952	1.584946
21702	-1002.36	-1070.217	67.85684	1.513403	1.072838	0.6940426
21708	-1005.953	-1074.041	68.08806	1.420538	0.7931542	0.9061962
21714	-1001.485	-1069.397	67.91228	1.356634	1.118217	0.785256
21720	-1002.519	-1070.677	68.15758	1.356634	0.6560454	1.076767
21726	-1002.955	-1071.037	68.08228	1.356634	0.8262556	0.9399748
21732	-1009.473	-1077.188	67.71509	0.8452215	1.025094	1.511051
21738	-1005.186	-1072.671	67.48514	0.7018266	0.934088	1.843343
21744	-999.9502	-1067.341	67.3904	0.8754603	1.183919	1.619019
21750	-1001.81	-1069.393	67.58345	0.8740387	1.183919	1.477451
21756	-996.7603	-1064.036	67.276	0.9911896	1.425556	1.471719
21762	-991.7337	-1059.048	67.31426	0.9532832	1.474589	1.443321
21768	-995.4243	-1063.172	67.74778	0.9700366	0.9771321	1.428
21774	-997.7082	-1065.478	67.76977	0.9280219	1.207519	1.27221
21780	-994.8381	-1062.775	67.93688	0.8645943	0.7653777	1.542387
21786	-994.7627	-1062.438	67.67563	0.852433	0.6758495	1.818512
21792	-1000.046	-1067.526	67.48045	0.876221	1.124756	1.591631
21798	-1009.636	-1077.009	67.37302	0.7085646	1.132402	1.78224
21804	-994.2343	-1061.291	67.05639	0.6710212	0.867217	2.197051
21810	-1002.409	-1069.889	67.47991	0.956254	1.164601	1.506365
21816	-1001.619	-1069.35	67.7309	0.7292175	1.164601	1.488377
21822	-998.3499	-1065.655	67.30539	0.7084172	0.7988458	2.061091
21828	-995.6531	-1063.5	67.84652	0.9663456	0.821622	1.483993
21834	-998.2513	-1065.558	67.30702	0.825733	1.440432	1.563538
21840	-1001.328	-1069.643	68.31531	1.182283	0.7565865	0.9654759
21846	-1000.344	-1067.581	67.23751	0.7262629	1.805241	1.501391
21852	-991.923	-1058.632	66.70933	0.4811542	1.44776	2.203438
21858	-992.3663	-1059.344	66.9781	0.454749	0.8594525	2.39095
21864	-990.13	-1057.103	66.97263	0.3462378	1.166653	2.268893
21870	-996.6274	-1064.102	67.47427	0.6147643	1.100576	1.797394
21876	-997.2429	-1063.935	66.69222	0.79039	0.755332	2.436611
21882	-997.5621	-1065.478	67.91568	0.8538249	0.8643428	1.480102
21888	-993.2241	-1061.086	67.86222	0.8538249	0.8232339	1.55477
21894	-1008.908	-1076.362	67.45325	0.7597777	0.9100498	1.84299
21900	-1001.927	-1069.48	67.55286	0.7368702	1.022846	1.708995
21906	-1000.25	-1068.167	67.91698	1.0146	0.8105631	1.403013
21912	-1001.752	-1069.741	67.98825	1.056285	0.8568621	1.270367
21918	-1006.069	-1073.711	67.64148	1.150162	1.240409	1.168764
21924	-1005.692	-1073.118	67.42554	1.562082	1.574535	0.6419059
21930	-997.8739	-1065.823	67.94907	1.251968	0.8438373	1.149457
21936	-993.4054	-1061.652	68.24704	1.321353	0.6071345	1.090127
21942	-995.5811	-1063.465	67.88396	1.120448	0.8719006	1.28954
21948	-992.3467	-1060.313	67.96626	1.120448	0.817926	1.272238
21954	-1009.526	-1076.933	67.40688	1.269583	1.354167	1.187657
21960	-1012.369	-1079.638	67.26908	1.269583	1.601161	1.147466
21966	-1006.052	-1073.954	67.90211	1.237593	0.8957373	1.152755
21972	-1005.255	-1073.217	67.96237	1.237593	0.8711924	1.123023
21978	-1002.813	-1070.763	67.9503	1.047927	1.165774	1.039173
21984	-1006.643	-1074.34	67.69773	1.094102	1.377253	1.067557
21990	-1013.793	-1081.601	67.80816	1.134309	1.296054	0.9841408
21996	-1010.838	-1079.295	68.45737	0.9743363	0.7321422	1.060626
22002	-1000.101	-1067.766	67.66553	1.066316	1.346277	1.144672
22008	-1005.192	-1072.798	67.6057	1.002071	1.098213	1.421986
22014	-999.6521	-1067.632	67.97943	0.6752196	0.6831067	1.723588
22020	-994.5344	-1062.22	67.68511	0.6398841	0.6831067	1.950169
22026	-990.4214	-1058.069	67.64808	0.6662023	0.6912311	1.950169
22032	-988.1841	-1055.341	67.15663	0.7340813	0.9786371	2.012282
22038	-994.7125	-1062.4	67.6875	0.7921517	0.9786371	1.604624
22044	-1007.991	-1075.529	67.53743	0.7780334	1.200803	1.572131
22050	-997.6606	-1065.234	67.57352	0.9168366	0.9150016	1.644785
22056	-1003.15	-1071.05	67.89964	0.9019087	0.7931588	1.517507
22062	-1008.355	-1076.343	67.98781	1.515586	0.9413172	0.6900486
22068	-1004.053	-1072.292	68.23958	1.515586	0.7605556	0.5759792
22074	-1002.068	-1070.047	67.97921	1.488297	1.004184	0.6318016
22080	-1013.342	-1080.549	67.20769	2.038504	1.031406	0.235415
22086	-1020.082	-1088.027	67.94506	2.003565	0.558002	0.3137182
22092	-1013.471	-1081.209	67.73812	1.856883	0.8335529	0.3218417
22098	-1006.525	-1074.26	67.73551	1.856883	0.8728278	0.3678539
22104	-1011.208	-1079.058	67.85039	1.377926	1.228495	0.697178
22110	-1010.201	-1077.802	67.60024	1.491159	1.396612	0.697178
22116	-1007.193	-1075.513	68.32015	1.348934	0.562747	1.057409
22122	-1010.056	-1077.583	67.52744	1.815955	1.146347	0.408722
22128	-1002.402	-1070.393	67.99084	1.815955	0.7218706	0.4425253
22134	-1004.808	-1072.671	67.86332	1.9256	0.7218706	0.3962973
22140	-997.3272	-1064.832	67.50489	1.9256	0.991692	0.3265112
22146	-998.3801	-1065.82	67.44029	1.969597	0.9549566	0.2816392
22152	-997.7563	-1065.075	67.31865	0.824971	1.282577	1.646417
22158	-1000.756	-1067.908	67.15145	0.7010748	1.282577	1.850352
22164	-996.513	-1064.251	67.73775	0.7316889	1.302078	1.391297
22170	-998.6	-1066.313	67.71334	0.641712	0.8652753	1.778692
22176	-994.0354	-1062.02	67.98458	1.070023	0.9625054	1.165547
22182	-990.5232	-1058.63	68.1064	1.070023	0.8494359	1.165547
22188	-990.7732	-1058.185	67.41154	0.8250138	0.7837116	1.924414
22194	-998.6187	-1065.677	67.0579	0.591974	1.048724	2.125335
22200	-994.0382	-1061.224	67.18605	0.7176325	0.933146	2.034919
22206	-1001.186	-1068.138	66.95195	0.43286	0.5832335	2.642019
22212	-994.8107	-1060.96	66.14955	0.5568346	1.196354	2.637264
22218	-988.2502	-1055.087	66.83726	0.6715422	1.111592	2.178573
22224	-996.5253	-1063.79	67.26443	0.6359638	1.037808	1.966534
22230	-994.4423	-1061.618	67.17535	2.022406	1.10639	0.246043
22236	-1000.242	-1067.468	67.22641	1.956375	1.122632	0.246043
22242	-997.1758	-1064.785	67.60905	1.783585	1.039919	0.3361457
22248	-1004.694	-1072.013	67.31879	1.850636	1.354544	0.413565
22254	-1011.776	-1079.112	67.3354	1.775535	1.373835	0.3459915
22260	-998.9771	-1066.855	67.87787	0.7422944	0.9381373	1.53217
22266	-999.4565	-1066.968	67.51147	0.5536521	1.130636	1.794785
22272	-993.3245	-1061.026	67.70139	0.6944881	1.167315	1.534577
22278	-995.0227	-1062.701	67.6784	0.7831272	1.221683	1.449438
22284	-996.8708	-1064.658	67.78732	0.4088888	1.221683	1.645549
22290	-993.4358	-1060.62	67.18366	0.7049726	1.116339	1.924454
22296	-1001.954	-1069.893	67.93894	0.9459129	1.203942	1.113695
22302	-995.071	-1062.781	67.7099	1.018334	1.132467	1.301845
22308	-998.5286	-1066.566	68.0372	1.018334	0.8135941	1.301845
22314	-1001.313	-1068.342	67.02911	0.7087029	0.8808488	2.180543
22320	-1003.774	-1071.945	68.17176	1.080476	0.792444	1.156945
22326	-998.0547	-1065.917	67.86224	1.22345	1.188699	0.9295891
22332	-993.7972	-1061.837	68.03974	1.022775	1.011408	1.114499
22338	-990.7878	-1058.18	67.39247	1.022775	1.011408	1.627434
22344	-994.2502	-1062.049	67.79838	1.012156	0.996506	1.340085
22350	-993.0046	-1060.26	67.25577	1.077746	1.594738	1.32374
22356	-993.2612	-1060.627	67.36591	0.9527804	1.057762	1.664326
22362	-991.8202	-1059.743	67.92244	1.24118	1.039129	0.9922498
22368	-996.1169	-1063.878	67.7611	1.430183	1.308165	0.6382995
22374	-1009.387	-1076.922	67.53489	0.9107096	1.391677	1.353815
22380	-1000.075	-1068.017	67.94221	1.281755	1.015462	0.9540473
22386	-998.9035	-1066.941	68.03783	1.28853	1.005649	0.8499436
22392	-1001.272	-1069.186	67.91352	1.076545	0.9329254	1.246979
22398	-999.8628	-1067.846	67.98333	0.9994505	1.117905	1.094479
22404	-993.6436	-1061.673	68.02927	0.9777314	0.6538673	1.496416
22410	-992.5756	-1060.522	67.94612	0.9777314	1.062727	1.192816
22416	-998.2034	-1066.431	68.2273	1.181887	0.7939917	1.009273
22422	-1000.959	-1068.678	67.71874	1.277746	1.112841	1.086133
22428	-998.2786	-1066.016	67.73724	0.9370099	0.8092045	1.597326
22434	-998.5984	-1066.005	67.40679	0.7226595	0.9076892	1.90173
22440	-996.4037	-1064.489	68.08574	1.230319	0.7902149	1.102052
22446	-988.9502	-1056.955	68.00509	1.383015	0.8047692	1.01752
22452	-996.9296	-1065.154	68.22429	1.468215	0.7410177	0.7541495
22458	-1003.647	-1070.974	67.32619	1.393301	1.90196	0.7389558
22464	-999.4515	-1067.15	67.69883	1.393301	1.437156	0.6328827
22470	-999.5892	-1067.417	67.82752	1.393301	1.167467	0.7901213
22476	-993.0506	-1061.376	68.32577	1.451177	0.6833589	0.7385021
22482	-1001.528	-1068.041	66.5129	0.4810496	1.119192	2.501639
22488	-997.864	-1064.992	67.12821	0.6244691	0.7685135	2.254723
22494	-993.1154	-1060.873	67.7575	1.463719	1.237775	0.6957258
22500	-1003.276	-1070.593	67.31642	1.030004	1.430645	1.408047
22506	-999.602	-1067.23	67.62784	1.147529	1.520395	0.9779411
22512	-995.4641	-1063.554	68.08966	1.147529	0.9916714	0.9650045
22518	-993.0898	-1061.083	67.99335	0.8987818	1.069043	1.214794
22524	-993.851	-1061.578	67.72656	1.192318	0.8680642	1.361635
22530	-996.4231	-1064.796	68.37308	1.192318	0.658798	1.024349
22536	-993.4163	-1061.655	68.23875	1.192318	0.6215373	1.194005
22542	-996.494	-1064.574	68.08033	1.474392	0.9064696	0.6625089
22548	-1004.759	-1072.575	67.8161	1.474392	1.171469	0.6741223
22554	-1009.894	-1078.061	68.16707	1.321903	0.7780267	0.9471747
22560	-1003.897	-1071.842	67.94542	1.321903	1.079128	0.8349273
22566	-1010.422	-1078.18	67.75865	1.118063	1.36877	0.9914859
22572	-1009.407	-1077.532	68.12501	1.161889	0.9136704	0.9968355
22578	-1000.344	-1068.338	67.99443	1.161889	1.002467	1.03509
22584	-1003.372	-1071.309	67.93678	1.272006	1.171132	0.8019291
22590	-999.7337	-1067.955	68.22153	1.272006	0.8819392	0.8019291
22596	-998.9367	-1066.82	67.88309	1.461425	1.111894	0.6739232
22602	-997.3504	-1065.271	67.92062	1.461425	1.111894	0.580836
22608	-993.7093	-1061.776	68.0667	1.499666	0.9168248	0.6091735
22614	-996.6917	-1064.75	68.0579	1.499666	0.9246676	0.6104619
22620	-998.865	-1066.895	68.03009	1.343064	0.9414604	0.8722606
22626	-999.3585	-1067.518	68.15912	1.043369	0.7655893	1.227625
22632	-1001.118	-1068.927	67.80818	1.024583	0.9714691	1.342566
22638	-998.4506	-1066.126	67.67533	0.8811612	1.248464	1.357938
22644	-992.1802	-1059.771	67.59118	0.7255812	0.8103566	1.848388
22650	-999.4043	-1066.116	66.71191	0.7383134	1.106218	2.219701
22656	-1001.294	-1068.706	67.41122	0.9815451	1.188546	1.522946
22662	-1002.319	-1069.717	67.39798	1.092628	1.042578	1.55015
22668	-1004.898	-1073.07	68.17197	1.283614	0.5683066	1.239307
22674	-1001.056	-1069.063	68.00663	0.862209	1.106293	1.204847
22680	-1008.482	-1075.652	67.17012	1.186967	2.039097	1.059702
22686	-999.9995	-1068.052	68.05289	1.186967	0.9729923	0.981727
22692	-999.4268	-1066.95	67.52299	1.469306	1.442509	0.7944551
22698	-1004.122	-1072.408	68.28555	1.624832	0.6385401	0.5895791
22704	-998.9466	-1067.273	68.32685	1.564194	0.649695	0.601802
22710	-996.1746	-1064.272	68.09785	1.530728	0.8621816	0.601802
22716	-1001.109	-1069.135	68.02657	1.744049	0.6552189	0.8015329
22722	-998.3013	-1066.215	67.9138	1.722356	0.8577602	0.5937818
22728	-1004.614	-1072.609	67.99525	1.482462	0.777946	0.9591202
22734	-1001.556	-1069.763	68.20699	1.497874	0.777946	0.6543704
22740	-1000.841	-1068.929	68.08763	1.497874	0.7747219	0.8421199
22746	-1004.24	-1071.92	67.6799	1.650192	1.173474	0.5662259
22752	-1006.905	-1074.796	67.89089	1.650192	0.9473741	0.4211138
22758	-997.7474	-1065.584	67.83644	1.650192	1.011109	0.4586141
22764	-1004.3	-1071.83	67.53053	1.791858	1.180924	0.4352578
22770	-999.9417	-1067.014	67.07227	1.791858	1.798745	0.4430664
22776	-993.1621	-1060.443	67.28051	1.95213	1.115693	0.2691085
22782	-1000.025	-1067.182	67.15717	1.97702	1.227854	0.2697556
22788	-998.7674	-1066.292	67.52411	1.97702	0.9403293	0.3448027
22794	-995.8236	-1063.377	67.55346	2.053236	0.8026214	0.3017928
22800	-992.8439	-1060.486	67.64234	1.989671	0.8026214	0.322835
22806	-994.9688	-1062.581	67.61243	2.117561	0.722525	0.322835
22812	-998.6064	-1066.244	67.63783	2.092288	0.7421115	0.3480754
22818	-998.637	-1065.938	67.30085	2.092288	0.9486692	0.2674748
22824	-1010.558	-1077.379	66.8208	0.8196619	0.8303595	2.279847
22830	-998.2186	-1064.839	66.6203	2.298005	1.381129	0.2255821
22836	-1002.752	-1069.954	67.20172	2.114619	1.054483	0.2853552
22842	-1007.167	-1074.548	67.38097	2.273642	0.6805394	0.2404172
22848	-1003.087	-1070.114	67.02748	2.029112	1.275571	0.2496069
22854	-1003.369	-1071.152	67.78215	0.9950113	1.016415	1.350873
22860	-1002.363	-1069.984	67.62187	0.9541026	0.9474398	1.557654
22866	-1008.538	-1076.138	67.59955	0.8480508	1.138726	1.515197
22872	-1010.021	-1076.806	66.78524	2.164429	1.174632	0.1783773
22878	-1007.943	-1074.614	66.67109	2.222823	1.281942	0.1888603
22884	-1013.033	-1080.91	67.87713	0.9729366	0.8753398	1.409165
22890	-1009.389	-1076.642	67.25323	2.179752	0.8811522	0.2501407
22896	-1002.083	-1069.921	67.8387	1.940938	0.7306032	0.3997868
22902	-1000.354	-1068.187	67.8331	1.750516	0.9076519	0.4224791
22908	-999.9645	-1067.963	67.99812	1.675006	0.8256191	0.4177324
22914	-998.6651	-1066.623	67.95769	1.679106	0.8691468	0.5347451
22920	-998.3207	-1066.368	68.04685	1.678363	0.7931744	0.476757
22926	-1002.069	-1070.261	68.19154	1.75809	0.6142329	0.571646
22932	-1004.866	-1072.528	67.66242	0.9524815	0.5378655	1.895582
22938	-999.9546	-1067.661	67.70595	1.117893	1.090796	1.254925
22944	-1004.004	-1071.611	67.60704	1.032489	1.655333	1.019005
22950	-1006.408	-1074.233	67.82496	1.396348	1.289815	0.5992126
22956	-1011.535	-1078.936	67.40093	1.541726	1.683125	0.455928
22962	-1000.161	-1068.123	67.9622	1.363863	1.055668	0.7874619
22968	-998.4173	-1066.707	68.28994	1.396703	0.7375431	0.7690103
22974	-1000.069	-1067.835	67.76582	1.396703	1.042895	0.9896779
22980	-1004.362	-1072.366	68.00404	1.44154	0.9088676	0.8261832
22986	-1004.008	-1071.678	67.67039	1.44154	1.42445	0.606678
22992	-999.0914	-1067.125	68.03356	1.367097	1.041673	0.6930845
22998	-1007.252	-1074.855	67.60328	1.343121	1.480304	0.8176072
23004	-1006.191	-1074.01	67.81899	1.235103	0.8316957	1.285968
23010	-1002.686	-1070.726	68.04002	1.543256	0.8787537	0.6657808
23016	-994.25	-1062.293	68.04328	1.419143	0.9667275	0.7154472
23022	-1003.214	-1070.755	67.54101	1.419143	1.529174	0.7490399
23028	-1002.841	-1070.776	67.93442	1.41397	1.035231	0.7839469
23034	-1001.207	-1069.155	67.94846	1.310786	0.8593103	1.080876
23040	-999.0228	-1066.64	67.61734	0.910544	1.023816	1.536118
23046	-994.2586	-1061.849	67.5904	1.059488	1.014981	1.450955
23052	-999.5814	-1067.011	67.4297	1.075659	1.44258	1.274047
23058	-1006.569	-1074.009	67.44026	0.9227805	0.9419616	1.715134
23064	-1003.99	-1071.746	67.7558	1.053285	1.069767	1.283469
23070	-996.7819	-1063.239	66.45693	0.5262501	1.355143	2.381858
23076	-993.0547	-1060.475	67.42059	0.5721235	0.7122102	2.144923
23082	-993.6596	-1061.032	67.37233	0.8747117	1.198444	1.623421
23088	-997.0907	-1064.721	67.63065	0.8990492	1.14371	1.449848
23094	-1000.331	-1067.979	67.64868	0.810943	0.956469	1.63554
23100	-995.4491	-1062.904	67.45494	0.5755483	1.103963	1.835616
23106	-1001.74	-1068.108	66.36817	0.4391078	1.259139	2.541427
23112	-995.3588	-1062.391	67.03255	0.8716604	1.306414	1.801264
23118	-998.11	-1065.6	67.4902	1.001407	0.9438517	1.621925
23124	-994.8527	-1061.433	66.57996	0.64559	0.8094065	2.556763
23130	-995.3725	-1063.166	67.79332	1.110041	1.078523	1.197531
23136	-990.1864	-1057.58	67.39344	1.110041	1.077925	1.515496
23142	-988.5417	-1056.316	67.77449	0.8882352	0.8314097	1.586972
23148	-983.7759	-1051.18	67.40385	0.8976649	1.052882	1.679918
23154	-999.8446	-1067.153	67.30851	1.010799	1.098174	1.636479
23160	-1002.117	-1070.396	68.27933	1.044446	0.5824892	1.329842
23166	-996.4062	-1064.064	67.6573	1.048804	0.9728833	1.440307
23172	-991.2633	-1059.133	67.86938	1.086404	1.016161	1.20423
23178	-992.0877	-1059.723	67.63518	0.9558685	0.9028736	1.581254
23184	-994.1438	-1061.874	67.73002	0.7204056	1.011222	1.602086
23190	-994.5202	-1062.016	67.49626	0.8671823	1.26433	1.496303
23196	-997.6788	-1065.366	67.6867	1.034815	1.092484	1.336964
23202	-1003.497	-1070.804	67.30702	1.118465	1.729859	1.17035
23208	-1002.385	-1070.361	67.97613	1.143772	0.9566372	1.112739
23214	-994.033	-1061.244	67.21132	0.7291932	1.557595	1.640694
23220	-991.4557	-1059.162	67.7067	0.5212092	0.9859087	1.778149
23226	-991.5528	-1059.157	67.6043	0.8510912	1.051167	1.569957
23232	-991.7938	-1059.167	67.37322	0.6777086	1.159447	1.786582
23238	-988.87	-1056.602	67.73193	0.9374393	0.7975241	1.610858
23244	-989.3487	-1056.944	67.59489	0.8126277	0.8462435	1.757016
23250	-991.9112	-1058.465	66.55372	0.7468176	1.07925	2.331786
23256	-987.684	-1055.246	67.56193	0.85856	0.9817383	1.645075
23262	-989.591	-1057.286	67.69515	0.8889051	0.9341577	1.561933
23268	-987.599	-1055.227	67.62849	0.8889051	0.7133097	1.791986
23274	-997.2848	-1065.576	68.29173	0.7303632	0.7776527	1.36271
23280	-990.8571	-1058.494	67.6372	0.6135918	0.9133972	1.814534
23286	-994.8374	-1062.076	67.23812	0.4024212	0.9098092	2.223122
23292	-993.5517	-1061.438	67.88681	1.620072	0.958296	0.6482028
23298	-991.2372	-1058.881	67.64342	1.620072	1.260018	0.4964531
23304	-989.2664	-1057.248	67.98189	1.620072	0.8965812	0.5617111
23310	-998.8973	-1065.652	66.75479	0.6457368	1.390923	2.094947
23316	-991.8408	-1059.383	67.54237	0.7130814	0.9823951	1.761436
23322	-991.8895	-1059.509	67.61979	0.7506362	0.7886702	1.829121
23328	-991.435	-1059.105	67.67012	0.7506362	0.7177667	1.854633
23334	-992.2357	-1059.134	66.89789	0.8701011	1.057751	2.041913
23340	-992.2906	-1060.165	67.87482	1.271957	1.022713	1.024868
23346	-995.3789	-1063.347	67.9681	1.327562	0.9107237	0.9911969
23352	-998.2935	-1066.205	67.91152	1.359504	1.16455	0.7195278
23358	-999.0533	-1066.806	67.75282	1.359504	1.373746	0.6917027
23364	-995.1612	-1061.838	66.6771	0.2679551	1.203515	2.485093
23370	-990.5681	-1058.686	68.11749	1.443494	0.8445606	0.7664034
23376	-993.2826	-1061.229	67.94642	1.418165	1.006463	0.8003949
23382	-992.1989	-1060.162	67.96309	1.519333	1.006463	0.5831299
23388	-996.2407	-1064.289	68.04852	1.519333	0.7899675	0.8413275
23394	-987.9011	-1055.152	67.25059	0.7060821	1.441955	1.689844
23400	-992.6864	-1059.762	67.07604	0.7910767	1.12524	1.933467
23406	-994.5316	-1061.481	66.94988	0.4089314	1.12524	2.267241
23412	-991.4901	-1058.452	66.96232	0.6066186	0.9126202	2.267241
23418	-991.3173	-1058.202	66.8847	0.7793116	1.000666	2.146911
23424	-1000.84	-1068.3	67.46021	0.5740168	0.7095212	2.120071
23430	-999.651	-1066.924	67.27279	0.4815115	0.9460074	2.124388
23436	-1000.449	-1068.126	67.6765	0.972576	0.7640441	1.65448
23442	-994.139	-1062.034	67.89452	0.8964413	0.7944283	1.524271
23448	-993.3778	-1060.649	67.27154	0.5820734	0.8111175	2.156636
23454	-986.4395	-1053.086	66.64688	0.5794299	0.8369961	2.536451
23460	-997.6407	-1065.143	67.50215	0.5634467	0.945529	1.917846
23466	-989.5788	-1056.86	67.28114	0.7536015	1.072304	1.853082
23472	-990.8522	-1057.765	66.91299	0.4477614	1.376757	2.128254
23478	-1002.248	-1069.294	67.04506	0.4490592	1.078897	2.207855
23484	-996.232	-1064.102	67.87043	1.717354	0.913554	0.4627267
23490	-1005.623	-1073.107	67.48455	1.709146	1.329064	0.4235498
23496	-1001.402	-1069.175	67.77347	1.528398	1.212206	0.5353002
23502	-1004.49	-1072.627	68.13685	1.512051	0.8602779	0.4932686
23508	-1001.435	-1069.181	67.74647	1.778299	0.9724298	0.4545046
23514	-998.8789	-1066.692	67.81315	1.71212	0.9762067	0.4946716
23520	-1004.31	-1072.061	67.75144	0.9268044	0.9318965	1.493698
23526	-998.0355	-1065.872	67.83628	1.028529	0.9318965	1.349745
23532	-992.8658	-1060.794	67.92844	1.535911	1.013975	0.6152322
23538	-990.6589	-1058.968	68.30881	1.594964	0.6517167	0.5381897
23544	-998.5883	-1066.396	67.80772	1.300562	1.180223	0.9130364
23550	-1000.597	-1068.489	67.89147	1.290681	1.056883	0.9555993
23556	-995.9195	-1063.614	67.69494	1.210364	1.450176	0.8941886
23562	-1000.96	-1069.489	68.52973	2.029727	0.2739129	0.6258549
23568	-1008.561	-1076.472	67.9109	1.670543	0.9065497	0.5972853
23574	-1003.536	-1070.927	67.39141	1.069864	0.5067287	2.032157
23580	-1000.007	-1067.557	67.55046	0.7101123	0.9584816	1.774916
23586	-995.7786	-1062.87	67.09169	0.7402424	1.140761	1.947649
23592	-996.4741	-1064.503	68.02909	0.8262537	0.7862806	1.483307
23598	-1001.525	-1069.766	68.24167	0.9704141	0.5543555	1.4503
23604	-1003.84	-1071.357	67.5168	1.123704	1.330356	1.234499
23610	-994.7094	-1062.694	67.98439	1.123704	0.93665	1.142057
23616	-1006.974	-1074.709	67.73565	1.129234	1.229759	1.111616
23622	-1007.449	-1075.083	67.63408	1.180552	0.9352353	1.386514
23628	-999.9305	-1068.036	68.10546	1.109532	0.753153	1.229944
23634	-1002.824	-1070.837	68.01311	1.018632	0.4548879	1.70248
23640	-1001.195	-1068.189	66.99398	0.01354786	1.101201	2.503545
23646	-1002.137	-1069.197	67.05975	0.004224412	0.9875586	2.536984
23652	-1001.862	-1068.644	66.78246	0.002791115	1.625562	2.380605
23658	-997.8814	-1065.252	67.37052	0.003172845	0.9242502	2.383717
23664	-1000.363	-1067.331	66.96838	0.01016473	0.9242502	2.63056
23670	-998.1622	-1065.103	66.94061	0.6486888	1.197466	2.07557
23676	-999.7801	-1066.786	67.00547	0.740265	1.170899	1.987318
23682	-1002.153	-1068.896	66.74339	0.06131937	1.037174	2.667031
23688	-995.9947	-1062.853	66.85811	0.2071544	1.315361	2.350073
23694	-990.5735	-1058.262	67.68799	0.8116709	0.992622	1.579732
23700	-999.339	-1065.993	66.65412	0.1952938	0.9542459	2.690708
23706	-998.5903	-1065.467	66.87681	0.4292649	0.9542459	2.406582
23712	-1005.44	-1071.844	66.4043	0.3156183	1.660987	2.406582
23718	-998.7048	-1066.248	67.54272	0.6309041	1.167354	1.695567
23724	-1001.333	-1068.415	67.08191	0.4510664	1.342705	2.032649
23730	-1011.768	-1079.613	67.84544	1.240972	1.21991	0.8988565
23736	-1002.874	-1070.735	67.8613	1.240985	1.201571	0.8988565
23742	-1004.322	-1071.908	67.58612	0.6677256	1.340119	1.531797
23748	-997.6486	-1065.318	67.66911	0.7436008	0.744795	1.836785
23754	-1006.952	-1075.071	68.11824	1.208346	0.604239	1.301877
23760	-1001.206	-1069.007	67.80094	0.9824741	0.7607664	1.559872
23766	-993.4674	-1061.028	67.56092	0.9733052	0.9555179	1.582131
23772	-989.2545	-1056.985	67.73067	0.9733052	0.7012209	1.671787
23778	-994.2209	-1061.961	67.74025	1.156891	0.9889983	1.276089
23784	-995.4316	-1063.258	67.82687	0.9116973	0.7519547	1.600598
23790	-1001.472	-1068.946	67.47404	0.9861247	1.235193	1.441643
23796	-1003.001	-1070.844	67.84309	0.9861247	0.9308604	1.3787
23802	-1000.757	-1068.684	67.92754	1.158667	1.12598	0.9877764
23808	-1007.223	-1075.544	68.32077	1.052014	0.5242266	1.362264
23814	-1001.989	-1069.614	67.62506	0.8577895	1.104526	1.512303
23820	-1002.217	-1070.112	67.89478	1.07918	0.9773117	1.221903
23826	-998.978	-1066.901	67.92254	1.035177	1.041409	1.181291
23832	-994.463	-1061.679	67.21588	0.6807234	1.083301	1.939829
23838	-991.6216	-1058.824	67.20233	0.6770382	0.9227731	2.058267
23844	-994.3034	-1061.527	67.22379	0.6555769	0.9227731	2.058267
23850	-989.9198	-1057.34	67.42043	0.8532128	1.196117	1.605627
23856	-992.9837	-1061.227	68.24288	0.9737813	0.6880214	1.297257
23862	-1003.683	-1071.21	67.52737	1.045341	0.9310518	1.572666
23868	-999.4648	-1067.08	67.61558	0.8597946	1.303024	1.386058
23874	-988.8794	-1056.217	67.33748	0.9466374	1.035587	1.704147
23880	-1005.675	-1072.158	66.48343	0.7233	1.277008	2.27995
23886	-997.4824	-1065.487	68.00455	0.8516179	0.812	1.459676
23892	-995.34	-1062.981	67.64126	0.8139918	0.8534709	1.717775
23898	-996.9074	-1064.357	67.45004	0.8607716	0.8915179	1.789348
23904	-998.7137	-1066.74	68.0265	1.022612	0.8760445	1.248876
23910	-1001.518	-1069.317	67.79925	1.024315	1.277751	1.112411
23916	-1000.344	-1068.003	67.65971	1.362403	1.421757	0.7751336
23922	-996.8504	-1065.086	68.23544	1.460592	0.7597924	0.7120693
23928	-993.0045	-1061.271	68.26614	1.293488	0.8134297	0.8168548
23934	-997.9622	-1066.212	68.24974	1.368835	0.8305638	0.7009808
23940	-996.9875	-1064.833	67.84503	1.523879	1.072234	0.6974166
23946	-1002.76	-1071.21	68.45034	1.515579	0.5771258	0.6699984
23952	-991.3501	-1059.746	68.39637	1.314966	0.7550321	0.6957437
23958	-996.1151	-1063.894	67.77889	1.314966	1.31554	0.7916931
23964	-994.3884	-1062.262	67.87383	1.436384	1.117065	0.7256977
23970	-994.029	-1061.78	67.75096	1.436384	1.186684	0.8120538
23976	-999.0955	-1067.12	68.0248	1.436384	0.9809745	0.6924983
23982	-997.9754	-1065.29	67.31454	0.7334596	0.9637795	1.91697
23988	-989.5801	-1057.234	67.65438	0.8830459	0.916793	1.609423
23994	-994.8983	-1062.452	67.55398	1.100579	0.8495559	1.577847
24000	-992.1275	-1059.515	67.38708	0.8354048	0.8181214	1.906477
24006	-989.4907	-1056.853	67.36272	0.799418	0.7943542	1.965955
24012	-986.931	-1054.165	67.23358	0.8078531	1.043455	1.867418
24018	-992.9811	-1060.39	67.40849	0.6296196	0.9469317	1.93542
24024	-992.2212	-1060.23	68.00886	1.061238	0.8074999	1.295802
24030	-993.2168	-1060.709	67.49266	0.8962552	1.120415	1.570966
24036	-987.786	-1054.949	67.16352	0.8295714	1.120415	1.850853
24042	-992.9904	-1060.545	67.55507	0.8583341	0.8627693	1.739887
24048	-997.9906	-1065.008	67.01748	0.7605221	1.589862	1.739887
24054	-992.884	-1060.558	67.67401	0.7605221	0.8439961	1.739887
24060	-997.4508	-1064.17	66.71923	0.4774072	1.19832	2.329169
24066	-991.9817	-1059.548	67.56672	0.6426826	0.9487378	1.817369
24072	-995.1956	-1061.392	66.19633	0.4383061	0.9487378	2.825376
24078	-1002.815	-1069.425	66.60972	0.3670795	0.9487378	2.615748
24084	-990.6819	-1056.964	66.28237	0.5349282	1.040492	2.657298
24090	-1005.65	-1072.551	66.90097	0.4100385	0.7141828	2.576097
24096	-997.5781	-1064.334	66.75614	0.6427109	1.452733	2.064917
24102	-999.6547	-1066.786	67.13166	0.4184858	1.109369	2.153029
24108	-1005.097	-1071.319	66.22237	0.3168403	1.382779	2.645438
24114	-1002.471	-1069.375	66.90395	0.9751814	1.349276	1.794693
24120	-1004.892	-1072.554	67.66188	1.002	1.128668	1.356209
24126	-1002.553	-1070.327	67.77451	1.012082	0.7811083	1.539317
24132	-1001.703	-1069.021	67.31765	0.7774147	0.9849151	1.870352
24138	-1006.807	-1073.7	66.89249	0.6527023	1.653781	1.870352
24144	-1002.12	-1070.028	67.90807	0.8246012	0.8446983	1.524261
24150	-1006.623	-1074.062	67.43868	0.954967	1.456298	1.355843
24156	-1005.278	-1073.073	67.79492	0.8635922	0.8786199	1.551124
24162	-1001.243	-1068.994	67.75088	0.6570843	1.005667	1.636797
24168	-997.0077	-1064.38	67.37251	0.7865192	1.328796	1.608039
24174	-997.5182	-1064.997	67.47864	0.8365964	1.465531	1.411812
24180	-991.35	-1059.36	68.01	1.127558	0.9817158	1.072791
24186	-994.9994	-1062.429	67.42938	1.181494	1.615321	1.072791
24192	-994.5805	-1062.547	67.96661	1.181494	0.9046639	1.136734
24198	-999.676	-1067.482	67.80645	1.089887	0.7950144	1.444278
24204	-1001.383	-1069.233	67.85025	1.042947	1.156018	1.144174
24210	-997.2075	-1064.918	67.71038	1.22606	1.464988	0.8444296
24216	-1001.196	-1069.254	68.05746	1.22606	1.016761	0.887444
24222	-1006.95	-1074.493	67.54284	0.8679623	0.9834957	1.650757
24228	-1009.605	-1077.125	67.5196	0.7951293	0.8732644	1.800516
24234	-1009.598	-1077.443	67.84593	1.006162	0.7755485	1.49546
24240	-998.3208	-1066.092	67.77156	1.041778	1.085055	1.268093
24246	-1008.508	-1076.766	68.25797	0.6558227	0.5743339	1.648244
24252	-998.6449	-1065.969	67.32365	0.536228	0.8884181	2.095463
24258	-999.8754	-1066.944	67.06855	0.6914544	0.9813025	2.096871
24264	-1020.27	-1087.664	67.39478	1.403599	1.721107	0.7907511
24270	-995.9963	-1063.286	67.28945	0.5509194	1.004414	2.028495
24276	-994.5532	-1061.662	67.10873	0.5635186	0.6438373	2.408689
24282	-985.5689	-1052.35	66.78123	0.5233362	0.9105576	2.436545
24288	-993.2858	-1060.295	67.00916	0.3620292	1.022429	2.321663
24294	-997.4238	-1064.675	67.25168	0.6051201	1.083097	1.966706
24300	-1001.053	-1068.679	67.62531	0.6069615	0.8764124	1.854884
24306	-999.9587	-1066.937	66.97876	0.6871246	0.9484069	2.180346
24312	-1001.509	-1068.84	67.33087	0.795659	1.395423	1.593354
24318	-1004.921	-1072.298	67.37671	0.8096604	1.418253	1.536442
24324	-999.0078	-1065.988	66.97982	0.7097586	1.418253	1.887811
24330	-996.4407	-1063.407	66.96605	0.6116885	1.259211	2.04831
24336	-1001.502	-1068.871	67.3688	0.9024395	1.001774	1.736733
24342	-995.2136	-1062.141	66.92769	0.515909	1.011954	2.282012
24348	-993.9721	-1061.262	67.29033	0.7710348	1.011631	1.875093
24354	-995.9072	-1062.895	66.98762	0.5243505	1.24952	2.09703
24360	-1002.844	-1069.794	66.94969	0.8959268	1.426086	1.77637
24366	-1004.993	-1072.502	67.50902	0.8243157	1.02927	1.673568
24372	-997.8914	-1065.673	67.78197	0.8243157	0.9271486	1.551009
24378	-1006.249	-1074.205	67.95645	0.854605	0.7521388	1.547315
24384	-1009.382	-1076.39	67.00799	0.3962388	1.311686	2.133823
24390	-1011.503	-1079.591	68.08742	1.127457	1.117389	0.8554894
24396	-1004.146	-1071.603	67.45698	0.7674169	1.467833	1.479936
24402	-1007.251	-1075.043	67.79201	1.074618	0.6479353	1.606011
24408	-1015.655	-1083.26	67.60469	1.206356	1.012572	1.326865
24414	-1007.79	-1075.622	67.83133	1.04377	0.8368431	1.423224
24420	-1006.58	-1073.381	66.80139	0.4921127	1.523621	2.099772
24426	-1008.67	-1075.448	66.7783	0.740388	1.236675	2.099772
24432	-1002.968	-1070.453	67.48512	0.7663079	1.226952	1.60239
24438	-999.1855	-1066.866	67.68009	0.8647802	0.5294191	1.951911
24444	-1001.559	-1068.647	67.088	0.8422719	0.7666994	2.141204
24450	-996.4289	-1063.466	67.03695	0.6836058	0.884975	2.188801
24456	-992.0001	-1059.115	67.11516	0.5679302	1.230389	1.994547
24462	-997.3474	-1064.226	66.87839	0.4726058	1.21205	2.222609
24468	-998.5865	-1065.763	67.17672	0.1541196	1.221361	2.230432
24474	-998.5739	-1065.765	67.19086	0.9156125	1.181687	1.733998
24480	-996.2006	-1064.07	67.86921	0.9156125	0.9789951	1.374429
24486	-999.2476	-1067.386	68.13827	0.8700868	0.7587747	1.391517
24492	-998.3428	-1065.22	66.87687	0.5759927	1.22639	2.148561
24498	-993.9314	-1061.333	67.40182	0.8103738	1.443025	1.503136
24504	-1001.407	-1068.918	67.5104	0.7776244	0.8996398	1.799029
24510	-994.422	-1062.413	67.99059	0.9109778	0.7829452	1.451281
24516	-1000.159	-1067.744	67.58438	0.8037016	1.131258	1.564298
24522	-997.3081	-1064.902	67.59437	0.8086894	1.006314	1.63986
24528	-1003.592	-1070.53	66.9382	0.7097176	0.8884537	2.233272
24534	-989.5786	-1057.316	67.73695	1.487129	1.288207	0.5947775
24540	-991.1119	-1059.003	67.8912	1.487129	1.087621	0.6510523
24546	-995.4696	-1063.33	67.86034	1.370453	1.070566	0.8881405
24552	-1001.249	-1068.852	67.60299	1.370453	1.123477	1.098367
24558	-992.1104	-1059.554	67.44312	0.9163043	1.006612	1.670909
24564	-995.3667	-1062.342	66.97574	0.9394604	1.218543	1.844459
24570	-993.842	-1061.712	67.86972	0.8073869	0.8180934	1.587689
24576	-997.8217	-1065.596	67.77449	0.9336562	0.7463241	1.627691
24582	-998.8471	-1066.449	67.6022	0.9336562	0.8636059	1.652396
24588	-1002.471	-1069.798	67.32659	0.8350769	0.981055	1.827388
24594	-996.7493	-1063.414	66.6646	0.8375418	1.069383	2.208497
24600	-999.0779	-1066.57	67.49196	0.7156818	0.7645285	1.959499
24606	-1004.13	-1071.527	67.39668	0.6720273	1.267929	1.708467
24612	-998.0922	-1065.269	67.17668	0.7646301	1.131514	1.879298
24618	-1002.213	-1069.459	67.24674	0.8717326	1.209106	1.708656
24624	-997.3508	-1064.02	66.66968	0.7306268	0.926248	2.365523
24630	-999.104	-1065.957	66.85299	0.6153607	1.039239	2.248956
24636	-995.498	-1063.02	67.52203	0.7710126	0.618835	2.030395
24642	-1001.288	-1069.189	67.90167	1.214718	0.7516544	1.312745
24648	-1000.007	-1068.13	68.12292	1.050662	0.8013392	1.215827
24654	-993.0007	-1059.561	66.55994	0.433837	1.356412	2.374512
24660	-988.7516	-1056.155	67.40312	0.863249	1.136738	1.649037
24666	-999.291	-1066.197	66.90594	0.7653412	1.024486	2.126764
24672	-995.9877	-1063.567	67.5797	0.7851574	0.9539866	1.705004
24678	-997.081	-1064.427	67.34614	0.7473549	0.8541189	1.965702
24684	-992.396	-1059.601	67.20518	0.7755778	0.8605715	2.036029
24690	-996.6182	-1064.081	67.46231	0.7065766	1.281398	1.628941
24696	-1004.216	-1071.656	67.43979	0.6303397	1.067842	1.831707
24702	-1003.999	-1072.063	68.06426	0.7933759	0.8624167	1.414414
24708	-999.3038	-1066.795	67.49106	1.010429	1.228246	1.414414
24714	-993.4051	-1061.212	67.807	0.9112898	0.9840321	1.42224
24720	-993.5106	-1061.338	67.8273	0.7342447	0.9204474	1.589052
24726	-993.2975	-1060.589	67.29199	0.5629038	1.003261	2.01961
24732	-1000.995	-1068.521	67.52626	1.09405	1.207753	1.334905
24738	-996.4342	-1064.295	67.86064	0.9762216	0.713159	1.564454
24744	-995.3951	-1062.801	67.40627	0.8510049	1.179894	1.627785
24750	-1009.992	-1077.158	67.16591	0.9223897	0.8706995	1.956761
24756	-1007.77	-1075.014	67.24428	0.9112796	1.287922	1.634655
24762	-996.3721	-1064.498	68.12583	1.052255	0.8561308	1.157472
24768	-996.6972	-1064.709	68.01156	0.9845131	0.7982586	1.363836
24774	-996.9452	-1064.482	67.53647	0.9673395	1.167795	1.45313
24780	-996.7016	-1064.347	67.64497	0.785439	1.203304	1.485091
24786	-1001.637	-1069.164	67.52684	0.9013269	0.9487427	1.663853
24792	-1000.33	-1068.521	68.1901	0.8168725	0.6233616	1.528124
24798	-1000.859	-1068.201	67.34173	0.2225467	1.046394	2.182536
24804	-993.1736	-1060.552	67.37878	0.686332	0.8731838	1.970473
24810	-1001.572	-1069.349	67.77768	0.895253	1.08833	1.378498
24816	-991.7855	-1059.036	67.25021	1.132679	1.706281	1.220368
24822	-994.1349	-1062.181	68.04574	1.132679	0.8997856	1.114194
24828	-988.7812	-1056.173	67.39154	1.108277	1.614908	1.173194
24834	-989.1632	-1057.085	67.92213	1.228713	0.9678378	1.073605
24840	-991.7712	-1059.82	68.0486	1.218299	0.8923591	1.039089
24846	-994.8868	-1063.161	68.27408	1.218299	0.6550537	1.098231
24852	-990.9437	-1059.146	68.20186	1.218299	0.7599248	1.038692
24858	-999.1749	-1067.305	68.13046	1.304544	0.9229069	0.8205612
24864	-1011.5	-1079.217	67.71732	1.410024	1.34057	0.7113622
24870	-1012.259	-1080.199	67.94057	1.302445	1.143277	0.7894494
24876	-1007.174	-1074.668	67.49408	1.145546	1.491612	1.1275
24882	-1020.607	-1088.468	67.86147	1.561995	1.077908	0.5333902
24888	-1011.696	-1079.414	67.71828	1.295158	1.240195	0.9591076
24894	-999.9817	-1067.799	67.81713	1.022193	1.209275	1.150333
24900	-1007.574	-1075.73	68.15604	0.9108335	0.8338953	1.273405
24906	-1006.158	-1073.81	67.65259	0.5106218	0.8721138	1.905158
24912	-1007.901	-1075.292	67.39135	1.107809	1.68313	1.132675
24918	-1001.713	-1069.728	68.01505	0.9317452	0.8239668	1.378981
24924	-1011.363	-1078.983	67.61973	1.100193	1.285729	1.197985
24930	-1011.428	-1079.188	67.75991	1.308278	1.189318	0.9477309
24936	-997.6907	-1065.418	67.72697	1.308278	1.233685	0.9419552
24942	-999.0554	-1067.044	67.98835	1.167131	1.15303	0.8871717
24948	-995.3654	-1063.15	67.78486	1.232578	1.15303	1.031613
24954	-998.6402	-1066.898	68.25747	1.289573	0.7816001	0.8781652
24960	-996.8677	-1065.382	68.51466	1.221141	0.568508	0.9834034
24966	-1004.33	-1072.327	67.99705	1.31457	0.5627268	1.363138
24972	-1012.186	-1079.682	67.49633	0.87594	0.95472	1.699219
24978	-1008.468	-1075.818	67.35014	0.8728675	1.107264	1.699219
24984	-992.2572	-1060.415	68.15785	1.516546	0.7652894	0.7361682
24990	-997.8731	-1065.853	67.98026	1.473723	1.015677	0.6368165
24996	-992.5665	-1060.317	67.75095	1.473723	1.128265	0.831219
25002	-1004.385	-1072.044	67.65905	1.465357	1.208305	0.8665936
25008	-999.9491	-1067.494	67.54473	1.209311	1.176247	1.248294
25014	-1005.478	-1073.003	67.52463	0.8326947	0.9331893	1.72565
25020	-1003.396	-1070.761	67.36443	0.8326947	0.8999069	1.861364
25026	-1001.963	-1069.161	67.19878	0.7392562	0.8300157	2.087085
25032	-994.383	-1061.171	66.78846	0.806247	1.306067	2.011305
25038	-993.1165	-1060.278	67.16182	0.8323299	1.006287	1.924305
25044	-992.1806	-1058.812	66.63164	0.5844303	0.8412006	2.539842
25050	-988.3991	-1055.342	66.9432	0.6271279	1.128421	2.128447
25056	-989.7712	-1056.946	67.17449	0.6966055	0.7462441	2.196005
25062	-987.8727	-1055.413	67.53984	0.6471794	0.7707714	1.968239
25068	-986.2723	-1054.097	67.82494	0.876322	0.6293826	1.742321
25074	-987.2322	-1054.388	67.15624	0.876322	1.082792	1.84778
25080	-987.4156	-1054.625	67.20937	0.863887	1.086821	1.81719
25086	-993.7581	-1060.442	66.68422	0.5811249	1.075586	2.356359
25092	-999.7621	-1066.536	66.77398	0.2626403	0.9607379	2.570999
25098	-991.9723	-1059.126	67.15383	0.6037919	0.9607379	2.112221
25104	-990.9891	-1058.185	67.19605	0.7445364	0.9607379	1.99125
25110	-990.1698	-1057.108	66.93849	0.5285349	1.169789	2.171479
25116	-989.9165	-1056.799	66.88232	0.4361809	1.169789	2.267341
25122	-1003.558	-1070.864	67.30619	0.6880659	0.8079567	2.066915
25128	-996.2454	-1063.57	67.32432	0.8699806	0.8986715	1.864205
25134	-994.4307	-1062.215	67.78453	1.183555	0.9544627	1.24655
25140	-995.2227	-1062.698	67.47572	0.7249045	0.8887136	1.867285
25146	-992.8253	-1059.795	66.97008	0.4946581	0.8130384	2.404309
25152	-997.9031	-1065.674	67.77114	0.8774986	0.6670385	1.742897
25158	-1003.894	-1071.351	67.45645	0.7938758	0.6730728	2.009062
25164	-994.7899	-1062.722	67.93169	0.7938758	0.7678713	1.595864
25170	-989.4308	-1056.808	67.37721	0.9129337	0.9605924	1.752761
25176	-991.6327	-1059.193	67.56004	0.8854431	1.039853	1.585217
25182	-993.3378	-1060.871	67.53346	0.8635588	1.13172	1.557414
25188	-996.3577	-1064.194	67.83659	0.9299041	1.164169	1.246853
25194	-996.1038	-1063.94	67.8366	0.9624946	0.9668517	1.372952
25200	-1004.285	-1071.165	66.88076	2.20746	1.299986	0.2785306
25206	-1006.113	-1073.082	66.96924	2.20746	1.176092	0.268282
25212	-997.5518	-1064.731	67.17909	2.20746	0.826679	0.2053526
25218	-991.8012	-1059.108	67.30693	2.241537	0.6789902	0.1983522
25224	-1006.472	-1074.402	67.93017	0.964951	0.9461076	1.313547
25230	-1003.333	-1070.651	67.31802	0.7695622	1.022735	1.849676
25236	-1005.132	-1071.943	66.81114	0.7026181	1.838921	1.808944
25242	-998.7456	-1066.178	67.43222	0.7432299	1.307011	1.608952
25248	-998.787	-1065.604	66.81738	0.3212243	1.034058	2.461505
25254	-1001.27	-1068.619	67.34895	2.037792	0.9620763	0.2718484
25260	-997.66	-1064.204	66.54451	0.2071436	1.046067	2.694341
25266	-992.5574	-1059.902	67.34492	0.1547293	0.8950309	2.32366
25272	-998.0142	-1065.119	67.10533	0.2044902	1.082939	2.32366
25278	-996.2005	-1063.141	66.94024	0.3912259	1.060144	2.32366
25284	-1001.228	-1067.978	66.74982	0.3256036	1.060144	2.485304
25290	-991.4079	-1058.705	67.29708	0.6103792	0.9256109	2.037695
25296	-995.0837	-1062.27	67.18654	0.684404	1.404829	1.770104
25302	-991.2192	-1058.29	67.07099	0.6488632	1.186615	1.995329
25308	-994.3578	-1060.852	66.49457	0.5444463	0.9676263	2.565117
25314	-997.6955	-1064.852	67.15629	0.2437342	0.9076882	2.378243
25320	-1000.627	-1067.754	67.12736	0.2384746	0.9399095	2.378243
25326	-998.7783	-1065.456	66.67751	0.1791711	0.9162232	2.710784
25332	-997.7799	-1064.165	66.38504	0.2263528	0.9374139	2.846668
25338	-995.3349	-1061.691	66.35629	0.2551046	0.9374139	2.846668
25344	-1009.7	-1076.578	66.87854	0.3241342	0.9988083	2.443134
25350	-1006.384	-1073.623	67.23803	2.219978	0.7840731	0.2130538
25356	-995.5461	-1062.479	66.93285	2.165575	1.035656	0.1839904
25362	-996.3066	-1062.929	66.62244	0.5304551	1.21337	2.348676
25368	-997.1994	-1064.52	67.3202	0.6539971	0.6797592	2.184536
25374	-997.4786	-1063.956	66.47728	0.6859663	1.057532	2.431755
25380	-1006.772	-1074.516	67.74387	2.087764	0.6199924	0.2938964
25386	-1005.834	-1073.202	67.36792	2.087764	0.8950153	0.2706891
25392	-1009.165	-1076.66	67.4953	1.671781	1.303437	0.3456772
25398	-1021.023	-1089.094	68.07044	1.73133	0.7313514	0.5096068
25404	-1010.83	-1078.864	68.03421	1.73133	0.7570411	0.4543884
25410	-1006.647	-1072.45	65.80293	0.07006781	1.349572	3.065298
25416	-1007.063	-1073.755	66.69264	0.06543288	1.120939	2.647016
25422	-1001.038	-1067.703	66.66567	0.2781996	0.8925823	2.672893
25428	-1000.78	-1067.968	67.18745	0.6560463	1.119358	1.953
25434	-1001.848	-1069.934	68.08567	1.588669	0.8355913	0.5366754
25440	-1009.601	-1077.323	67.72239	0.8330224	0.7878894	1.700697
25446	-1007.36	-1074.772	67.41188	0.8330224	0.741096	1.9539
25452	-1002.562	-1069.756	67.1948	0.6061349	1.136249	1.971207
25458	-1001.663	-1069.543	67.88011	1.132089	0.7532662	1.393809
25464	-1000.043	-1067.448	67.40511	1.08679	1.526381	1.233642
25470	-997.5765	-1064.653	67.07618	0.4492947	1.128586	2.157596
25476	-995.2676	-1062.794	67.52632	0.7714008	1.092524	1.655773
25482	-997.1947	-1065.081	67.88673	1.18123	1.116091	1.015062
25488	-1000.734	-1068.893	68.15936	1.400292	0.7718104	0.8772301
25494	-997.2919	-1064.353	67.06135	0.3508098	0.8014049	2.446016
25500	-996.1951	-1062.628	66.43331	0.5040374	0.9202022	2.658611
25506	-991.4146	-1058.024	66.60984	0.3275098	0.9202022	2.658611
25512	-991.2266	-1057.711	66.48475	0.4415997	1.371097	2.409803
25518	-1005.596	-1073.335	67.73912	0.5675846	0.9989542	1.71375
25524	-1007.388	-1075.609	68.22076	1.418191	0.8100431	0.7068552
25530	-1002.619	-1070.76	68.14092	1.418191	0.7763306	0.8714844
25536	-1006.004	-1073.924	67.91918	1.181374	1.046562	1.047073
25542	-1002.079	-1069.546	67.46764	1.384963	1.652104	0.7797855
25548	-991.4811	-1059.385	67.90437	1.212008	1.142653	0.9406875
25554	-997.3572	-1064.843	67.48585	1.023476	1.515582	1.225566
25560	-993.1706	-1061.312	68.14112	0.9895606	0.8817092	1.1741
25566	-991.7341	-1059.663	67.92919	1.141609	0.8100572	1.292789
25572	-990.7715	-1058.293	67.52108	1.141609	1.314594	1.226555
25578	-994.5157	-1062.461	67.94537	1.040446	0.9489072	1.236537
25584	-1004.382	-1072.455	68.07274	1.199238	0.8001214	1.131331
25590	-1009.618	-1076.762	67.14395	2.130564	1.111521	0.2935354
25596	-1000.275	-1067.297	67.02214	2.110076	1.110395	0.2191998
25602	-995.521	-1062.615	67.09358	2.110076	1.035093	0.2191998
25608	-998.0747	-1065.45	67.37496	2.110076	0.8146501	0.2390526
25614	-992.4387	-1060.736	68.29749	1.291957	0.7671572	0.8485287
25620	-989.5433	-1057.355	67.81203	1.199909	1.019682	1.152438
25626	-996.6888	-1064.175	67.48631	1.131315	0.9076132	1.558009
25632	-1000.652	-1068.704	68.05246	1.076883	0.816272	1.238406
25638	-995.227	-1062.697	67.47021	0.9124013	0.816272	1.798269
25644	-994.2446	-1061.86	67.61573	0.9374004	0.9001013	1.611042
25650	-993.2012	-1060.849	67.64811	0.7963791	0.6963168	1.857352
25656	-993.5936	-1061.233	67.63921	0.7963791	0.7754163	1.795104
25662	-998.6499	-1066.282	67.63208	1.067706	1.34317	1.175034
25668	-999.5013	-1067.066	67.5644	1.069872	1.353928	1.223865
25674	-998.609	-1065.959	67.34992	0.962549	1.347913	1.483282
25680	-1002.786	-1070.224	67.43794	1.675478	1.416734	0.618695
25686	-1002.868	-1070.471	67.60264	1.520024	1.431301	0.5460783
25692	-1000.998	-1068.541	67.54272	1.002537	1.187842	1.407645
25698	-995.2405	-1062.737	67.49674	1.002537	1.198017	1.436237
25704	-997.7066	-1065.458	67.75147	0.7025941	0.8055052	1.757315
25710	-999.6645	-1067.214	67.54957	0.8174536	0.8821753	1.757315
25716	-994.4016	-1061.664	67.2623	0.7063301	0.9503848	1.979667
25722	-994.6333	-1061.966	67.3327	0.7055955	1.12575	1.816422
25728	-999.226	-1067.038	67.81181	0.8416672	0.6355254	1.769713
25734	-1000.305	-1068.117	67.81134	0.7718801	0.8064816	1.665266
25740	-997.0067	-1064.328	67.32175	0.6997483	1.114964	1.834807
25746	-1004.35	-1072.014	67.66352	0.7754734	0.9689935	1.641111
25752	-1008.05	-1076.085	68.03495	1.241605	1.060506	0.8453902
25758	-1004.113	-1072.284	68.17045	1.381634	0.8128185	0.8273914
25764	-997.9311	-1065.979	68.04749	1.164897	0.9728456	1.009475
25770	-999.9464	-1067.829	67.88312	1.109775	1.077806	1.119349
25776	-1005.538	-1073.964	68.42675	0.9564017	0.6851251	1.160015
25782	-1004.386	-1072.246	67.86041	0.9618023	0.786834	1.507702
25788	-998.9815	-1066.94	67.95889	0.9154963	0.6633422	1.585052
25794	-1009.854	-1077.316	67.46206	0.765469	0.6886009	2.010509
25800	-996.9948	-1064.164	67.16967	0.4964946	1.167372	2.042324
25806	-995.1572	-1061.953	66.79626	0.5810087	1.644321	1.988056
25812	-993.2176	-1060.612	67.3939	0.6420897	1.07242	1.852152
25818	-993.3254	-1060.75	67.4247	0.6439942	0.9065342	1.943631
25824	-996.0711	-1062.787	66.71614	0.2136095	0.9894967	2.619037
25830	-1005.938	-1072.021	66.08318	2.758233	0.9945268	0.1202723
25836	-1003.272	-1069.505	66.23312	2.645725	1.037509	0.1338687
25842	-1000.227	-1066.331	66.10484	2.621865	0.9780484	0.1016015
25848	-1008.348	-1074.125	65.77719	2.621865	1.342667	0.1016015
25854	-998.8154	-1064.861	66.0454	0.403772	0.7606681	3.064729
25860	-1005.213	-1072.032	66.81902	0.2437338	1.062471	2.491844
25866	-1009.744	-1076.309	66.56512	0.2510263	1.538673	2.399788
25872	-1007.541	-1074.504	66.96358	0.3124636	1.042552	2.369636
25878	-995.5308	-1062.815	67.28367	0.7181685	0.9965599	1.925675
25884	-998.5542	-1065.553	66.99918	2.294125	0.961288	0.225492
25890	-997.2583	-1064.346	67.08817	2.271874	0.8525245	0.206381
25896	-999.4206	-1066.595	67.17423	2.26836	0.8397835	0.2330155
25902	-995.1263	-1062.251	67.12472	0.8384151	1.408429	1.70342
25908	-998.3916	-1065.759	67.36702	0.8189164	1.27439	1.620824
25914	-993.0026	-1060.567	67.56481	0.9245699	0.9440811	1.623358
25920	-991.9087	-1059.343	67.43413	1.040374	1.08478	1.532251
25926	-1005.746	-1072.8	67.05331	0.9822798	1.097709	1.836109
25932	-997.8752	-1065.118	67.24258	0.7845902	1.114215	1.831377
25938	-1006.551	-1073.862	67.31054	0.9835987	1.060303	1.680103
25944	-1015.332	-1081.973	66.64077	2.041952	1.725022	0.2301408
25950	-1000.661	-1067.848	67.18729	1.994216	1.204452	0.2867725
25956	-999.9897	-1067.494	67.50455	1.800552	1.116311	0.3214361
25962	-999.1044	-1066.753	67.64875	0.9631704	1.426271	1.194892
25968	-998.6077	-1066.272	67.66473	0.782524	0.9365397	1.65933
25974	-997.4123	-1065.081	67.66886	0.8398336	0.8793823	1.65933
25980	-996.5604	-1063.898	67.33812	0.8885727	1.59121	1.409927
25986	-1006.342	-1073.801	67.45893	0.6998985	0.6366107	2.102418
25992	-1007.396	-1073.755	66.35872	2.127463	1.742938	0.1694417
25998	-999.8541	-1067.202	67.34778	2.127463	0.7702727	0.2132746
26004	-1009.097	-1077.602	68.50458	1.43257	0.446014	0.9830981
26010	-1002.263	-1070.752	68.48904	1.729729	0.4102645	0.7182404
26016	-1002.491	-1070.886	68.39473	1.246746	0.6343138	0.9821426
26022	-996.5884	-1064.786	68.19721	1.058017	0.8868714	1.055983
26028	-1003.715	-1071.216	67.50093	1.230481	1.270349	1.199081
26034	-1000.898	-1068.853	67.95466	1.579829	0.9109393	0.6920135
26040	-999.9546	-1067.866	67.91135	1.579829	0.989807	0.6078298
26046	-1004.88	-1072.603	67.72244	1.61771	1.12033	0.6672382
26052	-1006.253	-1073.91	67.65726	1.492693	1.366834	0.6245246
26058	-1006.815	-1074.657	67.84127	1.389375	1.253006	0.6524543
26064	-1007.024	-1074.943	67.91923	1.389375	1.099966	0.7526424
26070	-1000.472	-1068.247	67.77548	1.051692	0.7467263	1.540354
26076	-986.026	-1054.014	67.98842	1.051692	0.5889805	1.540354
26082	-992.1844	-1060.322	68.13757	1.2414	0.6895128	1.158604
26088	-1003.061	-1071.46	68.39935	1.18372	0.4379739	1.311476
26094	-1006.121	-1074.022	67.90102	1.043298	1.016945	1.213352
26100	-993.8751	-1061.792	67.91734	1.007974	0.9641029	1.273757
26106	-991.4595	-1059.561	68.10145	0.8689068	0.7114824	1.466433
26112	-991.727	-1059.339	67.61226	0.8851591	1.087018	1.513625
26118	-997.7534	-1065.593	67.8398	1.142546	0.6382611	1.53089
26124	-995.199	-1063.13	67.93079	1.147843	0.8027657	1.293374
26130	-997.6388	-1065.653	68.01413	0.9919414	0.846354	1.31143
26136	-997.9704	-1065.711	67.74065	0.9919414	0.9835247	1.411582
26142	-1005.105	-1071.216	66.11099	0.4346635	0.8578384	2.938571
26148	-1005.533	-1072.046	66.5133	0.3822	1.576279	2.332473
26154	-1009.738	-1076.572	66.8337	0.860259	2.164145	1.544262
26160	-1004.927	-1072.341	67.41412	0.96353	1.311082	1.456374
26166	-1001.69	-1068.939	67.24865	0.8700024	1.075968	1.792871
26172	-1012.564	-1079.93	67.36548	1.827818	1.266019	0.3404997
26178	-1009.806	-1077.694	67.88857	1.97253	0.6175271	0.3140062
26184	-1004.63	-1071.443	66.81283	0.8918026	0.9693048	2.141108
26190	-1000.019	-1067.2	67.18068	0.5323036	1.063894	2.074365
26196	-1004.924	-1072.007	67.08269	0.8126028	1.478098	1.714113
26202	-999.9688	-1067.428	67.45935	0.9051883	1.057954	1.631281
26208	-1006.915	-1074.252	67.33665	0.9051883	1.199639	1.626425
26214	-1000.217	-1068.042	67.82498	1.698995	0.9685044	0.435148
26220	-995.2154	-1062.926	67.71069	0.7745385	1.012452	1.575809
26226	-994.3234	-1062.047	67.72376	0.7213482	1.012452	1.605069
26232	-1003.12	-1070.037	66.91641	0.6918007	1.577151	1.863601
26238	-999.9355	-1067.467	67.53139	0.3484249	1.024136	1.989244
26244	-998.5055	-1066.425	67.91998	1.133825	1.03474	1.101536
26250	-992.839	-1060.9	68.06085	1.023476	0.9783498	1.124782
26256	-994.4059	-1061.974	67.56839	1.126797	1.408462	1.133882
26262	-996.9084	-1063.731	66.82286	0.2392418	1.159626	2.435926
26268	-997.2835	-1064.114	66.83011	0.2857465	1.100691	2.435926
26274	-1000.464	-1066.872	66.40792	0.4912901	1.352978	2.435926
26280	-998.2507	-1064.789	66.53838	0.3550732	1.087966	2.582238
26286	-992.5594	-1059.687	67.12799	0.5637697	0.9903864	2.135538
26292	-995.7675	-1062.591	66.82338	0.5283098	1.348933	2.148524
26298	-1001.55	-1068.819	67.26876	0.8077095	0.9926531	1.877709
26304	-1002.937	-1069.664	66.72727	0.7100145	1.479336	2.026321
26310	-1003.828	-1070.842	67.01375	0.5288239	0.8531137	2.325842
26316	-996.7485	-1063.094	66.34534	0.4041097	1.207636	2.604589
26322	-996.5822	-1063.741	67.15855	0.6398354	0.9907674	2.065317
26328	-994.3294	-1061.586	67.25694	0.5845659	1.287679	1.855009
26334	-990.289	-1057.497	67.20754	0.7550834	1.183262	1.832989
26340	-986.1313	-1053.102	66.97056	0.8053511	1.056379	2.037538
26346	-983.2156	-1050.951	67.73586	0.8068266	0.8575468	1.652354
26352	-990.3447	-1057.975	67.63019	0.9221946	0.9602716	1.565223
26358	-998.0053	-1065.609	67.60322	0.6785843	0.6148307	2.041623
26364	-1006.587	-1072.964	66.37735	0.5543362	1.21288	2.488384
26370	-996.972	-1064.35	67.37835	0.7622497	0.8649966	1.925808
26376	-996.9016	-1063.534	66.63254	0.4691897	1.083865	2.454698
26382	-998.7444	-1065.433	66.68857	0.3702757	0.8170922	2.654366
26388	-1007.582	-1073.712	66.12966	0.2444063	1.129097	2.876934
26394	-997.2842	-1064.316	67.0318	0.9416719	1.097144	1.878971
26400	-997.5628	-1064.119	66.55596	0.3861574	1.533121	2.322418
26406	-990.9722	-1057.468	66.49562	0.5415004	1.405824	2.322418
26412	-988.7569	-1055.81	67.05353	0.551305	1.036507	2.162421
26418	-995.7868	-1062.956	67.16885	0.5330902	1.074112	2.075233
26424	-999.4821	-1066.42	66.93825	0.7476121	0.9615611	2.158518
26430	-996.6672	-1064.341	67.67374	0.7022388	0.860281	1.768001
26436	-1001.201	-1068.666	67.46528	0.7053699	1.058924	1.768001
26442	-999.1177	-1066.016	66.89803	0.4959681	1.672538	1.964031
26448	-994.454	-1061.085	66.63093	0.6628084	0.9968302	2.386967
26454	-998.8418	-1066.029	67.18676	0.9757779	0.6798775	2.061235
26460	-992.5124	-1059.518	67.00609	0.6124011	1.188948	2.061235
26466	-1000.318	-1067.276	66.95868	0.6487535	1.188948	2.068532
26472	-995.4146	-1061.973	66.55832	0.3516635	1.188826	2.515033
26478	-1004.958	-1072.056	67.09801	0.3365235	1.457545	2.038932
26484	-1007.434	-1074.123	66.68915	0.5782768	1.160122	2.305536
26490	-997.4741	-1063.829	66.35462	0.5625045	0.9925596	2.624932
26496	-989.8506	-1056.77	66.91903	0.6638774	0.9468683	2.235018
26502	-994.0005	-1060.631	66.63085	0.4539455	1.119976	2.444252
26508	-997.1941	-1063.62	66.4261	0.214087	1.309623	2.619149
26514	-988.2831	-1055.218	66.93505	0.04947334	0.9276035	2.624674
26520	-1000.168	-1067.78	67.61198	0.8056419	1.02542	1.615724
26526	-995.7613	-1063.774	68.01229	1.210691	1.016525	0.9539705
26532	-999.1255	-1066.36	67.23448	1.189393	1.235168	1.469304
26538	-998.4531	-1065.605	67.15145	0.7273945	0.9995026	2.006174
26544	-1001.97	-1069.552	67.5817	0.8126136	1.078989	1.595207
26550	-998.1126	-1064.736	66.62303	0.009402707	1.130473	2.718867
26556	-996.7383	-1063.738	67.00001	0.009430706	1.085405	2.511576
26562	-1000.334	-1067.3	66.96584	0.002488966	1.092735	2.532927
26568	-997.2817	-1063.943	66.66085	0.003368283	1.2579	2.630749
26574	-1004.991	-1072.515	67.52387	0.5515	0.6487747	2.145985
26580	-995.4885	-1062.94	67.45104	0.00713009	1.279017	2.116108
26586	-1005.713	-1073.457	67.74366	0.004720416	1.023308	2.076936
26592	-992.8962	-1060.629	67.73293	0.01026249	1.0286	2.076936
26598	-995.1217	-1061.929	66.8069	0.01192147	0.850414	2.778079
26604	-994.5156	-1061.765	67.24917	0.9059675	0.9447859	1.857473
26610	-991.9455	-1059.26	67.31424	0.5993912	0.9447859	2.020217
26616	-992.4266	-1059.746	67.31943	0.6588642	0.8843185	2.020217
26622	-997.6872	-1063.419	65.73137	0.02977786	1.023125	3.302547
26628	-993.4819	-1060.434	66.95187	0.06349865	1.023125	2.545192
26634	-997.6866	-1064.522	66.83586	0.4963667	1.314592	2.179153
26640	-1000.821	-1067.277	66.45578	0.09530902	1.252603	2.703112
26646	-997.9212	-1064.767	66.84583	0.1104699	1.125941	2.521282
26652	-994.1026	-1060.474	66.37141	0.2714624	0.7998866	2.920145
26658	-991.3259	-1057.313	65.9873	0.2700184	1.450974	2.786126
26664	-991.6249	-1058.887	67.26248	0.8502753	0.7717706	2.017001
26670	-993.0636	-1060.15	67.0863	0.4044279	0.8161578	2.385588
26676	-988.7139	-1055.135	66.42064	0.6777039	1.209114	2.385588
26682	-1003.4	-1070.896	67.49633	0.7571462	0.8933478	1.827589
26688	-1004.436	-1071.307	66.87107	0.6047846	0.9666079	2.29063
26694	-993.8103	-1061.4	67.58985	0.8085798	0.7676042	1.827313
26700	-1002.078	-1068.804	66.72642	0.6278446	1.453173	2.094046
26706	-1001.975	-1068.205	66.22974	0.5166676	1.636396	2.400452
26712	-1000.716	-1068.068	67.3516	0.5663425	0.9213764	2.033721
26718	-1005.707	-1072.02	66.31336	0.6341763	1.174256	2.499604
26724	-1005.92	-1073.22	67.29997	0.3525244	1.00402	2.152234
26730	-999.8316	-1067.008	67.17625	0.4764064	1.003856	2.152234
26736	-1002.951	-1069.816	66.86541	0.4377343	1.003856	2.376564
26742	-995.2095	-1062.058	66.84807	0.4368834	1.292243	2.221564
26748	-994.1789	-1061.482	67.30259	0.4703492	0.9319737	2.121819
26754	-1000.718	-1067.632	66.91384	0.6848367	1.108598	2.121819
26760	-993.6634	-1060.865	67.20132	0.7856202	0.6566595	2.196415
26766	-993.1557	-1059.959	66.80346	0.5197815	1.332328	2.175676
26772	-987.4403	-1054.356	66.9162	0.3172765	1.010519	2.416396
26778	-991.8207	-1058.484	66.66349	0.6299176	0.9733148	2.402201
26784	-984.2307	-1051.679	67.44815	0.8556203	0.8879544	1.796923
26790	-981.4381	-1048.895	67.4568	0.7622691	1.084422	1.717078
26796	-990.1041	-1057.729	67.62478	0.8812895	1.223951	1.41372
26802	-985.0356	-1052.817	67.78149	0.8409322	1.098381	1.410538
26808	-985.0692	-1052.466	67.39691	0.9483777	1.185555	1.560025
26814	-990.7146	-1058.353	67.63823	0.8748786	0.8248412	1.699943
26820	-983.9073	-1051.011	67.10391	0.8866417	1.116177	1.855265
26826	-984.1797	-1052.06	67.88084	0.8866417	0.7966498	1.539739
26832	-987.5754	-1054.855	67.28006	0.7572478	0.964972	1.923368
26838	-984.1489	-1051.574	67.42543	0.7473981	1.022415	1.791128
26844	-981.3146	-1048.193	66.87813	0.5444058	1.201938	2.182007
26850	-984.9272	-1051.593	66.66563	0.4747596	1.125405	2.406103
26856	-990.9917	-1058.694	67.70214	0.7587679	0.8729144	1.698442
26862	-994.7035	-1062.51	67.806	0.8866979	0.8335487	1.56322
26868	-995.9336	-1063.663	67.72891	0.9030108	0.9745064	1.495311
26874	-999.2896	-1066.741	67.45162	0.7279122	1.245015	1.643224
26880	-1002.285	-1068.48	66.19578	0.2817852	1.074251	2.845125
26886	-995.6044	-1062.552	66.94797	0.7664247	1.115276	2.041612
26892	-995.5222	-1063.755	68.23243	0.8074165	0.8394683	1.290351
26898	-993.9039	-1062.018	68.11389	1.293075	0.672128	1.154273
26904	-994.4256	-1062.839	68.41332	1.294685	0.5308371	1.067457
26910	-996.4195	-1064.566	68.14661	1.40397	0.852521	0.7684294
26916	-990.4717	-1058.451	67.97976	1.305851	1.136462	0.7365693
26922	-1001.963	-1070.601	68.63829	1.560985	0.3542647	0.8920156
26928	-993.0569	-1061.249	68.19184	1.26977	0.9414255	0.7575417
26934	-991.5476	-1059.631	68.08372	1.412823	0.9048763	0.7632001
26940	-990.4929	-1058.607	68.11432	1.412823	0.9229671	0.6819291
26946	-1007.804	-1075.014	67.21009	1.545388	1.820415	0.7609145
26952	-1005.574	-1073.327	67.75392	1.456866	1.223678	0.7331867
26958	-993.8209	-1062.013	68.19178	1.255381	0.7860747	0.980582
26964	-1000.833	-1068.695	67.86158	1.607186	1.032939	0.5028151
26970	-991.8967	-1059.426	67.52952	1.166403	1.034951	1.400403
26976	-991.7196	-1059.409	67.68965	1.052592	1.233487	1.216379
26982	-985.9557	-1053.941	67.98554	0.7011636	0.6786736	1.70512
26988	-990.1361	-1057.712	67.57601	0.6620769	0.8675784	1.857595
26994	-999.3676	-1067.733	68.36537	1.138071	0.6421025	1.104409
27000	-994.4012	-1061.794	67.39273	0.8169123	1.515063	1.464739
27006	-993.0142	-1060.402	67.38737	0.8426799	1.139371	1.67331
27012	-997.5905	-1065.087	67.49631	0.9052125	0.951245	1.681003
27018	-1000.314	-1067.53	67.21614	0.6696975	1.243454	1.849996
27024	-996.5972	-1064.655	68.05773	1.245403	0.8877782	1.008563
27030	-994.771	-1062.613	67.84155	0.9583809	0.9090195	1.41957
27036	-1001.858	-1069.891	68.03288	0.9893341	0.7810741	1.359359
27042	-993.9307	-1060.958	67.02691	0.6424038	1.09434	2.084185
27048	-993.2851	-1060.178	66.89318	0.647765	1.238398	2.084185
27054	-994.3585	-1061.212	66.85312	0.3556898	1.363523	2.233593
27060	-989.1555	-1056.307	67.15117	0.3440547	1.208488	2.130993
27066	-986.2601	-1053.095	66.83499	0.4591465	0.9273004	2.431885
27072	-990.9547	-1058.074	67.11958	0.6334078	0.9273004	2.13808
27078	-996.9119	-1063.42	66.50792	0.687123	1.33008	2.259605
27084	-991.2135	-1059.17	67.95688	0.8222343	0.8491093	1.485753
27090	-989.2149	-1056.781	67.56637	0.9195697	1.058423	1.542319
27096	-987.1716	-1054.766	67.59443	0.8736785	0.9695482	1.619706
27102	-988.5695	-1055.365	66.79524	0.8249083	1.093614	2.116893
27108	-1005.698	-1072.35	66.65261	0.9692362	1.091794	2.116893
27114	-995.8295	-1063.087	67.25751	0.7170252	1.123678	1.861508
27120	-994.2486	-1062.046	67.79777	0.743719	0.751886	1.741313
27126	-991.1851	-1059.059	67.87405	0.8979486	0.9723826	1.389756
27132	-992.4549	-1060.397	67.94247	0.9370312	0.929508	1.340055
27138	-994.0939	-1061.903	67.80937	0.9047984	1.000382	1.41272
27144	-992.1564	-1059.617	67.46052	0.9047984	0.9810463	1.685005
27150	-999.4936	-1067.323	67.82958	0.9537047	1.175916	1.223982
27156	-1005.915	-1073.371	67.45537	1.036685	1.388802	1.318488
27162	-1001.404	-1069.596	68.1925	1.17996	0.8059966	1.031388
27168	-1003.329	-1071.138	67.80905	0.6979065	0.6962212	1.814514
27174	-998.7479	-1065.778	67.03046	0.5828397	1.044905	2.151607
27180	-1012.038	-1079.91	67.87157	0.9309008	1.252179	1.150492
27186	-1009.053	-1076.863	67.80961	0.9309008	0.9371472	1.442287
27192	-1001.992	-1069.285	67.29266	0.8309059	1.342107	1.625972
27198	-1008.331	-1075.963	67.6317	0.6502038	1.08875	1.669613
27204	-1002.561	-1069.437	66.87608	0.8194773	0.9681477	2.147799
27210	-995.4396	-1062.021	66.58153	0.6278058	1.121013	2.36503
27216	-990.0271	-1057.222	67.19523	0.8293473	1.0532	1.872501
27222	-991.8355	-1059.285	67.44909	0.6132943	0.8085711	2.021343
27228	-988.0168	-1054.756	66.73876	0.4247642	1.03821	2.443314
27234	-995.0745	-1062.137	67.06288	0.4137137	1.03821	2.244296
27240	-990.9	-1057.628	66.72852	0.5250725	0.9826915	2.421303
27246	-990.3829	-1057.34	66.95746	0.7599266	0.9826915	2.123871
27252	-987.3626	-1054.233	66.87085	0.6900103	1.173348	2.108195
27258	-989.086	-1056.478	67.3922	0.7799102	1.057523	1.767922
27264	-1013.145	-1080.817	67.67178	1.225617	1.578656	0.7882498
27270	-1005.003	-1072.962	67.95954	1.225617	1.08884	0.9199065
27276	-1015.687	-1083.151	67.46449	1.421091	1.345283	1.001286
27282	-994.4287	-1062.151	67.72203	1.099683	1.074654	1.269281
27288	-992.2417	-1060.246	68.00475	1.089874	0.7275584	1.354257
27294	-1008.117	-1076.316	68.19857	1.502727	0.6912872	0.828746
27300	-999.7329	-1067.485	67.75172	0.8135828	0.8451135	1.646187
27306	-997.218	-1064.681	67.46316	0.8553309	0.9284482	1.756395
27312	-1005.509	-1073.114	67.60446	0.8251464	0.9284482	1.678012
27318	-1010.486	-1078.462	67.97617	0.5928033	0.7928189	1.686906
27324	-1003.003	-1070.836	67.83243	1.816718	0.8280751	0.3769731
27330	-1008.274	-1076.262	67.9878	1.002153	0.9101546	1.26717
27336	-1004.136	-1071.703	67.56648	0.7595735	0.908828	1.765713
27342	-1001.589	-1069.129	67.54021	0.7595735	0.9936453	1.72238
27348	-1004.704	-1072.134	67.43036	0.9398843	0.7653215	1.848579
27354	-1000.948	-1068.557	67.60926	0.9398843	0.9933448	1.542797
27360	-1000.978	-1068.256	67.27821	1.970665	1.118402	0.2805332
27366	-1009.083	-1075.718	66.63534	2.089947	1.866913	0.3059912
27372	-1001.991	-1069.236	67.24519	2.097428	1.004421	0.2711185
27378	-1006.741	-1074.014	67.27301	2.097428	1.004421	0.2888016
27384	-994.3956	-1060.654	66.25843	2.619291	0.8383851	0.1016982
27390	-998.8214	-1066.542	67.72082	1.062926	1.196823	1.207985
27396	-999.7361	-1067.453	67.71686	0.6997917	1.115828	1.553674
27402	-1015.089	-1082.996	67.90716	1.63234	0.9623062	0.494253
27408	-1012.194	-1079.887	67.69264	1.63234	1.184526	0.5424573
27414	-1013.454	-1081.276	67.82199	1.592243	1.084781	0.55107
27420	-1006.943	-1074.522	67.57861	1.314701	1.322794	1.011568
27426	-1001.982	-1069.868	67.88559	1.426963	1.040752	0.8242402
27432	-997.8032	-1065.49	67.68663	1.426963	1.314591	0.7651777
27438	-1004.526	-1071.852	67.32632	1.29033	1.75023	0.9786752
27444	-997.4199	-1065.476	68.05609	1.156125	0.8808981	1.102172
27450	-998.5123	-1066.059	67.54651	0.9528145	0.9373654	1.621252
27456	-1004.894	-1072.332	67.43831	1.049002	1.678616	1.145942
27462	-1009.129	-1076.535	67.40618	0.6464202	0.8449272	1.999981
27468	-1002.742	-1069.986	67.2438	0.8490756	0.725313	2.06829
27474	-1000.925	-1067.691	66.76625	0.7731478	1.416529	1.989895
27480	-992.0465	-1060.024	67.97748	1.429185	0.8754057	0.9148147
27486	-995.5113	-1063.53	68.01835	1.294436	0.963527	0.9148147
27492	-996.1257	-1064.337	68.21178	1.432876	0.7736447	0.7655015
27498	-1000.938	-1068.866	67.92787	1.432876	0.8432051	1.000637
27504	-1000.395	-1067.924	67.5287	0.8708726	0.9176981	1.707424
27510	-1001.951	-1068.806	66.85556	0.525982	1.106517	2.26372
27516	-1001.3	-1067.721	66.42068	0.5378856	1.201754	2.477592
27522	-1005.59	-1073.415	67.82535	1.141045	0.970123	1.234467
27528	-1004.633	-1072.39	67.75675	1.045736	0.9366939	1.394801
27534	-1009.685	-1077.214	67.52892	0.6791934	1.044305	1.751673
27540	-1003.197	-1070.344	67.14765	0.5739345	1.153509	2.013771
27546	-1003.573	-1070.408	66.83451	0.6776179	0.9118759	2.304115
27552	-1004.608	-1070.985	66.37747	0.1769291	0.8754703	2.921472
27558	-1017.67	-1084.037	66.36716	0.480579	0.6380297	2.921472
27564	-1007.284	-1073.971	66.6873	0.2468858	1.116893	2.540229
27570	-1004.225	-1071.096	66.87114	0.5639472	1.288077	2.126305
27576	-1002.56	-1070.075	67.51531	0.6843476	1.187779	1.664176
27582	-1002.575	-1069.619	67.04396	0.5417918	1.079827	2.147813
27588	-1000.807	-1068.008	67.20085	0.6045253	0.8652792	2.147813
27594	-999.4372	-1067.125	67.68776	0.6048498	1.160067	1.614973
27600	-991.6473	-1059.521	67.8742	0.9454843	0.7881324	1.50843
27606	-996.3531	-1064.529	68.17582	1.018456	0.7881324	1.211551
27612	-993.3836	-1061.461	68.07781	1.044603	0.7194216	1.340382
27618	-986.5046	-1053.527	67.02205	0.7536316	1.062454	2.033836
27624	-984.4861	-1051.705	67.21863	0.8350047	1.062454	1.84656
27630	-991.2449	-1058.628	67.38337	0.6254734	1.062454	1.877181
27636	-993.4265	-1060.357	66.93026	0.6296005	0.9233428	2.265737
27642	-997.0759	-1063.53	66.45382	0.420403	1.128319	2.570995
27648	-998.4301	-1064.99	66.55979	0.1831081	0.9960732	2.72988
27654	-995.9914	-1063.394	67.40278	0.8901874	1.129857	1.634418
27660	-1000.586	-1068.053	67.46732	0.9386922	1.194515	1.509164
27666	-1001.517	-1068.959	67.44204	1.062479	1.194515	1.434558
27672	-997.7701	-1065.698	67.92771	1.056133	0.6784912	1.488853
27678	-992.7764	-1059.826	67.04913	0.6567596	0.8437749	2.227965
27684	-997.8434	-1065.593	67.74978	1.166189	1.051852	1.208509
27690	-999.41	-1067.279	67.86927	0.8933023	1.073759	1.318171
27696	-1001.395	-1068.906	67.51103	0.9101863	1.529185	1.290502
27702	-1000.54	-1068.403	67.86228	0.9136943	0.737849	1.586128
27708	-1002.305	-1069.417	67.11149	1.014708	0.9362048	1.883355
27714	-997.7329	-1065.604	67.87131	0.6725211	0.8666613	1.644231
27720	-996.81	-1064.202	67.39234	0.9950222	0.8332117	1.781411
27726	-995.2811	-1062.547	67.26621	0.9543615	1.449841	1.492985
27732	-997.5903	-1065.836	68.24607	0.9194325	0.7883449	1.235662
27738	-1000.905	-1068.723	67.81754	0.725137	1.036589	1.515829
27744	-997.1154	-1064.744	67.62822	0.8942649	1.321774	1.336771
27750	-1005.09	-1072.923	67.83333	0.775446	0.8417002	1.617639
27756	-1005.793	-1073.358	67.56545	0.873566	1.5681	1.252859
27762	-997.7923	-1065.256	67.4637	0.873566	0.8723541	1.785591
27768	-1001.758	-1068.872	67.11395	0.6750793	0.9782431	2.079833
27774	-995.6141	-1062.504	66.89036	0.7747267	1.006656	2.142313
27780	-997.4459	-1065.432	67.9861	1.223313	0.9775579	1.007662
27786	-989.4662	-1057.384	67.91731	1.22326	1.023722	1.029952
27792	-994.2177	-1061.878	67.66016	0.9192057	1.14364	1.411723
27798	-996.0821	-1063.504	67.42185	0.8073845	0.6334531	2.05898
27804	-992.8992	-1060.604	67.70514	0.5478761	0.577481	2.096577
27810	-989.3294	-1056.704	67.37506	0.899661	1.316558	1.5304
27816	-988.7692	-1056.47	67.70061	0.9195416	1.041581	1.453761
27822	-993.2932	-1060.886	67.59258	0.9682554	1.481795	1.202889
27828	-983.7352	-1051.352	67.61632	0.9682554	0.9525192	1.547414
27834	-988.9494	-1056.497	67.54736	0.7899729	0.9039778	1.761489
27840	-999.8696	-1067.135	67.26536	1.689098	1.664734	0.452915
27846	-1000.152	-1067.972	67.81973	1.687717	0.9881172	0.4480071
27852	-997.5085	-1064.845	67.3365	1.782331	1.391448	0.3737763
27858	-994.8161	-1062.156	67.33952	1.782331	1.43354	0.461605
27864	-995.3757	-1063.445	68.06948	1.386086	0.86852	0.8677906
27870	-999.9145	-1068.07	68.15577	1.216389	0.973445	0.8335217
27876	-1001.525	-1069.618	68.09341	1.075227	0.797258	1.224099
27882	-993.6712	-1061.08	67.40888	0.9296956	1.385146	1.441124
27888	-996.438	-1063.843	67.40472	0.9518037	1.204715	1.539367
27894	-991.4534	-1059.011	67.55729	0.86397	0.8695054	1.729097
27900	-992.9396	-1060.014	67.07479	0.9368996	0.7767551	2.079868
27906	-994.9188	-1061.843	66.92384	0.7555648	0.9992544	2.13779
27912	-998.2374	-1065.876	67.63869	0.770806	1.038964	1.612033
27918	-1003.341	-1070.185	66.8447	0.7526134	0.9425855	2.228615
27924	-1000.022	-1066.948	66.92603	0.5950724	1.160089	2.141902
27930	-1005.684	-1072.969	67.28487	0.9786947	0.9988808	1.744143
27936	-1001.534	-1069.047	67.51287	0.7575106	0.9988808	1.739364
27942	-990.8036	-1057.971	67.16764	0.7856016	0.9988808	1.956837
27948	-994.4417	-1061.847	67.4052	0.7005042	0.9928106	1.857638
27954	-996.4329	-1063.574	67.14104	0.85909	1.302276	1.736769
27960	-998.4564	-1066.371	67.91414	1.455713	0.8788201	0.950432
27966	-1001.246	-1069.076	67.82928	1.445079	1.106844	0.7921598
27972	-1003.026	-1071.025	67.99935	1.213441	0.9527311	1.029383
27978	-999.5618	-1067.407	67.84495	1.242337	0.8460079	1.245042
27984	-997.7244	-1065.905	68.18097	1.242337	0.8353283	0.945507
27990	-994.7716	-1062.82	68.04826	1.564843	0.8353283	0.701009
27996	-994.6017	-1062.431	67.82881	1.637029	1.033332	0.5366232
28002	-1008.251	-1075.916	67.66545	1.581122	1.279823	0.5145877
28008	-1014.417	-1082.586	68.16861	1.402945	0.7490198	0.895603
28014	-995.1093	-1063.27	68.16023	1.49845	0.783272	0.7266524
28020	-1013.64	-1081.516	67.87651	1.319353	0.9819724	1.016621
28026	-1014.649	-1083.141	68.49127	1.195475	0.5592035	1.045725
28032	-1010.256	-1078.172	67.91595	1.195475	0.9196967	1.154985
28038	-1001.611	-1068.936	67.32446	1.193007	1.487699	1.235938
28044	-1007.814	-1075.983	68.16919	1.254397	0.8427539	0.9361805
28050	-996.8221	-1064.841	68.01842	1.254397	0.8427539	1.08561
28056	-999.9125	-1067.914	68.00191	0.9932349	1.194118	1.017829
28062	-1005.734	-1073.811	68.07746	1.048642	0.9562199	1.107493
28068	-1009.463	-1077.075	67.61234	1.126005	1.349154	1.136851
28074	-1007.652	-1075.458	67.80594	1.015306	1.395562	1.025716
28080	-1010.523	-1078.054	67.53125	1.105485	1.395562	1.193878
28086	-1008.325	-1076.292	67.96756	0.7673933	0.9649379	1.4244
28092	-1010.043	-1077.697	67.65439	0.6545673	1.111921	1.634755
28098	-1002.832	-1070.372	67.54034	0.6890563	1.272725	1.590273
28104	-1005.36	-1072.314	66.95375	0.6879489	1.033154	2.14054
28110	-1009.145	-1077.049	67.90413	1.050353	0.7273294	1.463136
28116	-1001.286	-1069.276	67.9907	1.169691	1.087313	0.9481012
28122	-998.3494	-1066.372	68.02245	1.262969	0.9601594	0.9481012
28128	-1000.521	-1068.513	67.99277	1.41815	0.9011182	0.8782425
28134	-998.7674	-1066.712	67.94496	1.428018	0.8745667	0.9520888
28140	-1002.049	-1069.919	67.86994	1.011555	0.7460763	1.500484
28146	-997.9416	-1065.965	68.02339	0.8878565	0.6225201	1.599363
28152	-997.6067	-1065.477	67.87061	0.8579464	0.7843811	1.579144
28158	-997.8407	-1065.466	67.62569	0.7883184	0.7491653	1.832167
28164	-1014.93	-1082.804	67.87322	1.045649	0.9743437	1.27043
28170	-994.4161	-1062.066	67.64961	0.8495622	1.043425	1.543214
28176	-997.8055	-1065.837	68.03147	0.721412	0.6327566	1.702622
28182	-991.9801	-1059.182	67.20177	0.6863898	1.183662	1.883684
28188	-999.9854	-1067.264	67.27891	0.7815726	0.8692159	1.976513
28194	-997.6665	-1064.191	66.52427	0.5101982	0.9934447	2.551657
28200	-996.4379	-1063.292	66.85408	0.03843767	1.131407	2.557883
28206	-991.4234	-1057.953	66.52975	0.1305405	1.117209	2.709241
28212	-999.8246	-1066.469	66.64416	0.1055561	1.272627	2.570193
28218	-998.7936	-1065.481	66.68773	0.1198637	1.226099	2.558664
28224	-1006.277	-1072.668	66.39158	0.3684836	1.113783	2.649849
28230	-1002.05	-1069.291	67.24115	0.4070833	1.044922	2.128808
28236	-998.7444	-1065.493	66.74891	0.3694553	0.9551506	2.523734
28242	-1000.002	-1067.129	67.12751	0.34638	0.9551506	2.299436
28248	-996.624	-1064.065	67.44133	0.4180391	1.023641	2.00321
28254	-999.076	-1066.233	67.15671	0.5582161	1.26338	1.954537
28260	-996.4865	-1063.757	67.27053	0.2275886	0.9953095	2.257697
28266	-992.4284	-1059.25	66.82154	0.106921	1.185645	2.505241
28272	-991.3543	-1058.714	67.36016	0.7260239	0.8633909	1.963637
28278	-988.7367	-1056.198	67.4609	0.4923024	0.9867823	1.965026
28284	-997.2043	-1065.022	67.81793	0.9470094	0.9867823	1.383837
28290	-993.8496	-1061.798	67.94814	1.063722	1.062474	1.115366
28296	-996.0588	-1063.776	67.71749	0.9023056	1.23143	1.318964
28302	-990.0806	-1057.055	66.97467	0.3026882	1.066376	2.354283
28308	-990.9755	-1057.347	66.37123	0.5256081	0.7378602	2.811984
28314	-994.935	-1062.073	67.13815	0.5544693	0.7722984	2.290281
28320	-994.724	-1061.565	66.84094	0.320018	0.7125633	2.670074
28326	-1003.039	-1068.512	65.47288	0.5993376	0.6637517	3.361787
28332	-998.072	-1065.891	67.81862	0.8059411	0.6388691	1.786593
28338	-990.7043	-1058.252	67.54754	0.9765621	0.70303	1.796531
28344	-993.3154	-1060.246	66.93092	0.4411161	0.9759707	2.350695
28350	-990.6696	-1057.137	66.46724	0.2454635	1.070258	2.704015
28356	-984.8591	-1051.275	66.41618	0.5267809	0.9976688	2.605787
28362	-984.0301	-1051.295	67.26476	0.7034174	0.9976688	1.947615
28368	-983.3534	-1050.506	67.15288	0.6440007	0.9976688	2.061733
28374	-987.8734	-1054.873	66.99986	0.5199046	0.9976688	2.242261
28380	-988.3286	-1056.197	67.86874	1.125745	0.9370728	1.239636
28386	-995.7591	-1063.633	67.87386	0.8352651	0.9280748	1.473446
28392	-998.4721	-1065.27	66.79838	0.4178971	1.189351	2.32165
28398	-995.2118	-1061.677	66.46505	0.5433196	1.063639	2.525103
28404	-997.4807	-1064.707	67.22642	0.4454803	1.07561	2.094061
28410	-995.8828	-1063.426	67.54307	0.5574077	0.8156641	1.990461
28416	-994.5862	-1062.413	67.82725	0.8844317	0.8033903	1.574979
28422	-1004.264	-1072.291	68.02709	1.23201	1.066679	0.8593718
28428	-1005.183	-1073.01	67.82645	1.23201	1.025716	1.105347
28434	-999.2252	-1066.999	67.77381	1.039718	1.247086	1.144506
28440	-1003.184	-1070.828	67.644	1.051144	1.394718	1.143404
28446	-996.7086	-1064.969	68.26017	1.143162	0.6203966	1.219062
28452	-996.2526	-1064.275	68.02194	1.23571	0.9895765	0.9457566
28458	-996.6506	-1064.787	68.13683	1.221829	0.9878786	0.8320786
28464	-994.2775	-1062.336	68.05892	1.367467	1.011288	0.7002935
28470	-996.4783	-1064.705	68.22695	1.59182	0.6694697	0.7002935
28476	-997.6698	-1066.21	68.53999	1.877894	0.3404023	0.5945549
28482	-1004.348	-1072.974	68.62585	1.877894	0.3021921	0.5925189
28488	-997.1361	-1065.148	68.01194	1.68567	0.7921412	0.3874186
28494	-1000.98	-1068.462	67.48184	1.68567	1.371458	0.4495151
28500	-1013.729	-1080.378	66.64905	0.863233	1.460722	1.985622
28506	-998.981	-1066.422	67.44148	0.6672727	0.7027306	2.07691
28512	-995.6724	-1063.125	67.45244	0.8321879	0.8916318	1.807393
28518	-998.1679	-1066.128	67.96036	0.6766067	0.5471189	1.870725
28524	-996.3261	-1064.855	68.52941	1.440771	0.4989502	0.8458583
28530	-997.8019	-1065.202	67.40038	0.7871513	0.8458373	1.908619
28536	-998.4617	-1065.326	66.86388	0.5412745	0.9583095	2.341162
28542	-997.4098	-1064.897	67.48683	0.949005	1.058579	1.579073
28548	-989.3248	-1056.266	66.94109	0.666033	1.384279	1.961271
28554	-1008.884	-1076.508	67.62405	0.7373732	1.27354	1.492043
28560	-993.9897	-1061.04	67.05011	0.4718418	0.8535524	2.338657
28566	-990.9133	-1058.473	67.55962	0.723623	0.9223071	1.785487
28572	-993.8335	-1060.808	66.97427	0.4832378	1.309311	2.100213
28578	-991.7989	-1058.81	67.01084	0.4285023	1.015934	2.282219
28584	-1005.388	-1072.916	67.52846	0.8879312	1.164724	1.521038
28590	-1003.394	-1070.605	67.21161	0.7573157	1.516751	1.641423
28596	-992.3912	-1059.885	67.49405	0.6914696	1.152397	1.696616
28602	-990.4826	-1057.749	67.26632	0.8564816	0.9036484	1.90919
28608	-987.9456	-1055.243	67.29708	0.8300263	0.9768968	1.854012
28614	-989.8286	-1057.353	67.52465	0.7597509	0.8312077	1.854012
28620	-987.7977	-1055.01	67.21274	0.5700202	1.131745	1.986103
28626	-989.1357	-1055.881	66.74584	0.4122777	1.092021	2.414403
28632	-985.6767	-1052.954	67.27762	0.6688048	1.137872	1.87187
28638	-994.1314	-1061.3	67.16859	0.6031445	1.140626	1.988082
28644	-993.6552	-1060.867	67.21194	0.8112982	1.204276	1.778365
28650	-999.8412	-1066.433	66.5914	0.4943431	1.114332	2.446918
28656	-1002.752	-1069.426	66.67329	0.4530962	1.377687	2.279374
28662	-999.6621	-1066.607	66.94493	0.3521561	1.125497	2.30659
28668	-994.6356	-1061.547	66.91097	0.3677698	0.8725985	2.478715
28674	-1006.522	-1073.909	67.38758	0.8708747	1.030874	1.725503
28680	-1000.951	-1068.267	67.31577	0.8091203	1.150255	1.740725
28686	-1006.488	-1074.178	67.6902	0.6439301	0.6751791	1.951116
28692	-1004.17	-1071.505	67.3346	0.3970778	0.8726798	2.190367
28698	-999.1874	-1066.261	67.07407	0.6818342	1.137107	2.000776
28704	-992.5295	-1060.152	67.62202	0.7069788	0.8286825	1.825381
28710	-998.1988	-1065.684	67.48511	0.8672505	0.8286825	1.809266
28716	-1003.489	-1070.877	67.3877	0.7231682	1.081225	1.794824
28722	-1004.11	-1070.591	66.48094	2.245692	1.430262	0.1747309
28728	-1003.551	-1070.234	66.68303	2.192751	1.408359	0.2170979
28734	-992.9991	-1060.87	67.87077	0.9414311	1.027473	1.314125
28740	-992.795	-1060.313	67.5184	0.819576	1.027473	1.671514
28746	-992.0181	-1059.422	67.40407	0.9507045	1.209903	1.53733
28752	-994.3827	-1061.804	67.42154	1.009583	1.555762	1.266685
28758	-991.3077	-1058.867	67.55923	1.019263	1.145521	1.411086
28764	-1004.662	-1072.208	67.54674	2.072384	0.7804503	0.2916136
28770	-1001.354	-1068.946	67.59288	0.9754812	1.248685	1.348376
28776	-992.6926	-1059.991	67.29834	0.9056916	1.248685	1.623332
28782	-996.6905	-1064.21	67.51967	0.6052417	0.7098619	2.060179
28788	-992.0709	-1058.822	66.75067	0.5574	0.9468526	2.410168
28794	-1001.771	-1067.691	65.9202	0.3470073	1.25044	2.877164
28800	-990.1655	-1056.479	66.31343	0.6175307	0.9868308	2.619953
28806	-989.1194	-1055.431	66.31203	0.3512937	0.9868308	2.784166
28812	-990.8358	-1057.68	66.84454	0.8322481	0.7598984	2.31005
28818	-994.3503	-1061.853	67.50269	0.6470407	0.9126978	1.884304
28824	-1004.756	-1072.387	67.63157	0.8521586	0.9690171	1.608789
28830	-1002.282	-1069.18	66.89781	0.7993659	0.9690171	2.146165
28836	-994.6839	-1061.762	67.07799	0.6419699	1.173276	2.00311
28842	-996.9438	-1064.229	67.2851	0.853044	1.012039	1.822194
28848	-993.6726	-1061.06	67.38781	0.8404277	0.9599668	1.796306
28854	-999.6073	-1066.436	66.82821	0.5670951	0.9599668	2.346335
28860	-996.3468	-1063.287	66.93968	0.6107181	0.81809	2.346335
28866	-995.7655	-1062.783	67.0171	0.6764015	0.9063819	2.191265
28872	-993.4449	-1060.03	66.58541	0.4622873	1.490668	2.27475
28878	-990.2344	-1056.627	66.39288	0.2510887	1.01232	2.780422
28884	-995.3466	-1061.966	66.61958	0.6850398	1.295426	2.207174
28890	-997.1429	-1063.979	66.83643	0.358026	1.144307	2.361016
28896	-988.2824	-1055.282	66.99921	0.4428588	1.156888	2.195125
28902	-991.2724	-1058.435	67.16297	0.5668775	1.312869	1.91694
28908	-992.471	-1059.243	66.77187	0.4626587	1.309431	2.244982
28914	-1005.761	-1073.326	67.56461	1.190063	1.405694	1.081614
28920	-992.3314	-1059.952	67.62029	0.8090019	0.785859	1.790775
28926	-991.5331	-1059.089	67.55556	0.840525	1.278591	1.462669
28932	-997.4898	-1064.787	67.29768	0.8762191	1.278591	1.626998
28938	-998.9466	-1066.24	67.29321	0.8942297	1.278591	1.617212
28944	-994.3523	-1061.491	67.13913	0.9054091	1.19388	1.769843
28950	-999.7544	-1067.297	67.54233	1.062665	0.8321789	1.628227
28956	-994.0541	-1061.148	67.09431	0.5374999	1.24697	2.019303
28962	-1001.132	-1068.05	66.91797	0.3840366	1.002407	2.378204
28968	-994.6655	-1061.441	66.77535	0.3659909	1.273791	2.323429
28974	-995.4523	-1062.909	67.45665	0.6157026	0.8232685	2.003338
28980	-1004.338	-1071.703	67.36492	0.9029695	1.730584	1.302343
28986	-993.244	-1060.968	67.72432	0.9419336	1.225534	1.285353
28992	-991.368	-1059.041	67.67261	0.8445476	0.9831048	1.573952
28998	-989.4277	-1057.349	67.92152	0.7560488	0.789509	1.611807
29004	-987.7511	-1055.187	67.43562	0.8720785	1.299755	1.516059
29010	-992.6867	-1059.226	66.53895	0.5912051	1.415127	2.258326
29016	-990.816	-1057.638	66.82238	0.5021012	1.356594	2.162275
29022	-993.1992	-1061.177	67.97773	0.973992	0.8649703	1.338284
29028	-993.798	-1061.89	68.09188	1.079568	0.7809555	1.238098
29034	-1006.264	-1073.92	67.65602	0.9575151	1.242622	1.316327
29040	-995.7659	-1063.783	68.01687	0.957299	1.192464	1.039645
29046	-997.3562	-1065.078	67.72191	1.078664	1.419425	1.027922
29052	-991.5468	-1059.492	67.94548	0.8586435	0.8114455	1.499471
29058	-995.9183	-1063.419	67.50081	0.6447496	1.046223	1.793942
29064	-983.3555	-1051	67.64462	0.6801323	0.9051924	1.769346
29070	-985.3785	-1053.473	68.09468	1.107542	0.8988196	1.093393
29076	-987.3759	-1055.302	67.92575	0.9222726	1.051233	1.266032
29082	-986.8492	-1054.649	67.79941	0.6603259	1.051233	1.566726
29088	-983.5662	-1050.972	67.40573	0.457331	1.069744	1.970978
29094	-985.2247	-1052.692	67.46781	0.6489805	0.9108557	1.908014
29100	-991.0146	-1058.188	67.17376	0.5971164	1.369435	1.858233
29106	-993.0049	-1060.487	67.48206	0.7550002	1.253833	1.596229
29112	-990.8388	-1058.09	67.25133	0.7001995	1.162885	1.852999
29118	-989.7994	-1056.694	66.89457	0.586935	1.116365	2.193418
29124	-1006.525	-1074.022	67.49717	0.966428	1.520712	1.260699
29130	-989.6295	-1056.902	67.27271	0.63176	0.9549494	2.019286
29136	-992.2894	-1059.966	67.67689	0.8174136	0.843044	1.698504
29142	-985.5095	-1053.459	67.94961	0.8442433	0.818559	1.500958
29148	-997.8262	-1065.679	67.85302	0.9019629	0.6771182	1.658001
29154	-1001.834	-1070.07	68.23613	1.157934	0.9098754	0.8868081
29160	-995.5541	-1062.936	67.38166	0.5675989	1.176251	1.846416
29166	-998.44	-1065.425	66.98548	0.7187726	1.15068	2.026975
29172	-1001.819	-1070.228	68.40979	1.222336	0.6109324	1.024467
29178	-1001.933	-1070.147	68.21321	1.579192	0.686124	0.7075157
29184	-1006.563	-1074.584	68.02139	1.464764	0.9558978	0.6938004
29190	-996.403	-1063.65	67.24715	0.837586	1.57523	1.526128
29196	-991.6692	-1058.707	67.03826	0.6614914	1.420896	1.879506
29202	-990.2345	-1056.918	66.68333	0.614951	1.175943	2.276802
29208	-994.9549	-1062.527	67.57243	0.5900691	1.084476	1.756763
29214	-991.6383	-1059.231	67.59248	0.8078906	0.8557292	1.754538
29220	-986.4604	-1054.605	68.14421	1.658186	0.7266097	0.449202
29226	-985.884	-1054.144	68.26039	1.396021	0.7238828	0.8322598
29232	-985.0479	-1052.495	67.44732	0.6515967	0.918304	1.914725
29238	-983.7824	-1051.814	68.03189	1.066919	0.9574621	1.130996
29244	-988.1378	-1056.044	67.90615	1.185936	0.949147	1.144683
29250	-997.7368	-1065.84	68.10325	1.185936	0.9737163	0.9292012
29256	-1004.374	-1072.354	67.98027	1.559142	0.7081449	0.9851712
29262	-999.7219	-1067.012	67.29028	0.7529661	1.042368	1.866892
29268	-1006.09	-1072.821	66.73072	0.6549126	1.47711	2.061605
29274	-1002.823	-1070.498	67.67492	1.05486	1.071783	1.345924
29280	-999.8796	-1068.289	68.40893	0.9147324	0.7181776	1.174494
29286	-1000.206	-1068.1	67.89396	1.029436	1.371468	0.9409019
29292	-993.1339	-1059.247	66.11329	0.3338687	1.182116	2.803727
29298	-993.4021	-1060.491	67.08853	0.769206	1.467791	1.745928
29304	-988.1566	-1055.567	67.40998	0.6371632	0.8363732	2.010101
29310	-1005.734	-1073.77	68.036	1.328793	1.047025	0.7436188
29316	-995.8604	-1063.902	68.04134	1.309171	0.8045706	1.054083
29322	-996.1143	-1064.204	68.08982	1.042961	0.6442441	1.410614
29328	-999.4644	-1066.927	67.463	0.7312095	0.9722635	1.811119
29334	-1000.982	-1067.795	66.81214	0.5638735	1.39419	2.109363
29340	-999.739	-1067.379	67.64013	1.033646	0.709202	1.685937
29346	-1001.052	-1068.209	67.15709	1.083553	1.337639	1.543053
29352	-996.1141	-1064.018	67.9036	0.919199	0.939827	1.376339
29358	-996.6947	-1064.218	67.52361	0.7555391	1.082015	1.676094
29364	-999.1104	-1066.177	67.06669	0.7337066	0.8214361	2.183417
29370	-1006.437	-1073.587	67.15011	0.5747512	1.115729	2.034399
29376	-1001.179	-1068.134	66.95436	0.5980153	1.041847	2.193102
29382	-998.3575	-1065.938	67.5809	0.6853614	0.9146727	1.802899
29388	-1005.732	-1072.18	66.44802	0.6603142	1.147777	2.413508
29394	-1002.529	-1068.914	66.38504	0.4320071	0.9741499	2.698021
29400	-996.5097	-1063.76	67.25013	0.6022656	0.7974656	2.167865
29406	-997.9123	-1064.862	66.94938	0.6911259	1.087301	2.107431
29412	-1007.519	-1074.971	67.4512	0.4409437	0.6519135	2.261706
29418	-993.9619	-1060.872	66.91043	0.524459	0.9782372	2.309215
29424	-1004.055	-1070.03	65.97534	0.3044145	0.9898626	3.014099
29430	-1001.976	-1069.51	67.53372	0.6708923	1.078889	1.730934
29436	-992.6202	-1059.748	67.12731	0.5146246	0.832854	2.277073
29442	-997.1596	-1063.088	65.92826	0.2024963	1.383644	2.894271
29448	-997.3834	-1063.861	66.47802	0.2057119	0.9742382	2.779513
29454	-990.3874	-1057.602	67.21488	0.6049469	1.048116	2.013664
29460	-998.0747	-1065.225	67.1507	0.7423196	0.8073498	2.133819
29466	-995.0134	-1062.383	67.36957	0.5787167	1.008832	1.953504
29472	-1001.564	-1068.739	67.17447	0.4838253	1.192356	2.032926
29478	-1005.525	-1072.865	67.33967	0.6707584	1.193949	1.793513
29484	-1010.234	-1077.399	67.16563	0.4203379	0.7309032	2.390625
29490	-1000.461	-1067.444	66.98278	0.4807346	0.9446019	2.313052
29496	-1007.899	-1074.863	66.96429	0.8737476	0.8696253	2.12334
29502	-998.374	-1065.772	67.39752	0.7382379	1.198059	1.703227
29508	-994.7019	-1062.129	67.42674	0.7537409	0.9127857	1.863265
29514	-990.0423	-1057.485	67.44233	0.8515796	0.9212856	1.778828
29520	-993.954	-1061.129	67.17537	1.00012	1.268465	1.631934
29526	-989.9242	-1057.718	67.79405	0.9282791	0.6815379	1.677128
29532	-995.0724	-1063.056	67.98379	0.866101	1.067793	1.251327
29538	-994.2037	-1061.495	67.29166	0.866101	1.044433	1.786682
29544	-994.7968	-1061.873	67.07614	0.5658315	1.044433	2.133206
29550	-996.6137	-1063.969	67.35519	0.4700793	0.9881234	2.049316
29556	-994.2765	-1060.999	66.72234	0.5704578	1.248407	2.240083
29562	-995.5495	-1061.358	65.80824	0.4208364	1.030806	3.020119
29568	-1001.423	-1068.06	66.63774	0.4327717	1.05798	2.489674
29574	-1002.648	-1069.233	66.58579	0.6200699	1.145097	2.35333
29580	-1004.79	-1072.502	67.71214	0.8987215	1.191131	1.353957
29586	-1005.214	-1072.86	67.64595	0.8722034	1.040561	1.53121
29592	-1003.063	-1070.306	67.24296	0.7873927	0.8784814	1.98981
29598	-1001.904	-1069.427	67.52321	0.7873927	0.9965236	1.712716
29604	-996.6779	-1063.987	67.30869	0.8505977	1.186795	1.693539
29610	-994.2705	-1061.452	67.18163	0.8744463	1.282995	1.708533
29616	-996.2153	-1063.422	67.20678	0.7775262	1.245235	1.781001
29622	-996.0165	-1063.095	67.07859	0.8440206	1.293598	1.795802
29628	-997.4403	-1064.962	67.52188	0.9680468	1.373504	1.329816
29634	-995.0849	-1062.617	67.53233	0.8335183	1.002771	1.669058
29640	-997.4113	-1065.02	67.60838	0.8311404	0.9727657	1.637957
29646	-999.2404	-1066.293	67.05224	0.6747944	1.637158	1.752598
29652	-1001.394	-1069.068	67.67409	0.8919609	0.953954	1.559978
29658	-993.4408	-1061.322	67.88125	0.8919609	0.9457693	1.410169
29664	-993.7502	-1061.213	67.46246	0.4197371	0.8675402	2.095917
29670	-995.247	-1062.13	66.88268	0.3599525	0.8675402	2.504808
29676	-995.6933	-1063.599	67.90528	0.6658436	0.8444619	1.642535
29682	-990.4974	-1057.272	66.77418	0.3079226	0.8890105	2.589961
29688	-996.2312	-1063.021	66.78997	0.2873164	0.9018429	2.584313
29694	-992.003	-1058.555	66.55236	0.3521769	0.9686792	2.64765
29700	-987.7706	-1054.253	66.48215	0.3543578	1.000692	2.669597
29706	-989.1371	-1056.616	67.47896	0.4173432	0.9667426	2.016641
29712	-988.1677	-1055.496	67.32837	0.7144625	0.8770642	1.982512
29718	-990.3437	-1057.493	67.14968	0.6993644	1.185335	1.909251
29724	-988.3879	-1055.55	67.16205	0.4555465	0.8529703	2.278025
29730	-989.7984	-1056.833	67.03454	0.4555465	0.9719443	2.278025
29736	-991.5963	-1058.411	66.8148	0.6779589	1.102447	2.194464
29742	-994.8103	-1061.93	67.11946	0.5212745	0.8636493	2.255509
29748	-995.9249	-1062.953	67.02791	0.3527003	0.8636493	2.420965
29754	-998.2514	-1064.591	66.34008	0.4558601	0.8628125	2.783547
29760	-987.4185	-1053.93	66.51137	0.3883605	1.288988	2.46815
29766	-993.0364	-1059.915	66.87837	0.6697077	1.238766	2.079284
29772	-1002.76	-1068.556	65.7963	0.7094035	1.179758	2.769319
29778	-995.8655	-1063.064	67.19821	1.090998	1.122686	1.641845
29784	-1007.232	-1074.126	66.89327	0.8987016	1.489708	1.780465
29790	-995.1925	-1062.766	67.57339	0.791283	1.149917	1.569077
29796	-1004.386	-1071.265	66.87929	0.7326014	0.8050491	2.316888
29802	-992.5227	-1059.659	67.13668	0.2976534	0.9669984	2.316888
29808	-991.8326	-1058.656	66.82308	0.3179526	0.960868	2.505902
29814	-994.9572	-1061.623	66.66535	0.4895364	0.6525982	2.722596
29820	-989.2347	-1056.477	67.24216	0.7838069	1.115239	1.83156
29826	-991.8484	-1059.385	67.53635	0.8299819	0.647892	1.954335
29832	-989.7215	-1057.35	67.62842	0.8299819	0.9010819	1.678338
29838	-991.8294	-1059.457	67.62747	0.9097574	0.9010819	1.621784
29844	-993.9008	-1061.626	67.72478	1.065408	1.21435	1.189408
29850	-990.3659	-1058.344	67.97796	1.069419	1.055075	1.089352
29856	-996.109	-1064.161	68.05157	1.354668	0.9147908	0.866508
29862	-985.3523	-1052.558	67.20623	0.660814	1.22302	1.874759
29868	-986.7895	-1053.413	66.62395	0.5557099	0.9914655	2.46222
29874	-997.1999	-1063.72	66.52007	0.5557099	1.655885	2.181221
29880	-1001.576	-1069.081	67.50569	1.164216	1.549635	1.060788
29886	-995.8436	-1063.783	67.93938	1.001072	1.056575	1.183571
29892	-1004.917	-1071.344	66.42768	0.6820334	1.345072	2.306536
29898	-998.8437	-1065.324	66.48076	0.3762753	1.399572	2.439457
29904	-999.8795	-1067.026	67.1469	0.445381	1.503451	1.910505
29910	-1008.686	-1076.172	67.48541	0.6980272	0.9229438	1.85384
29916	-1012.237	-1079.345	67.10849	0.8345881	1.170994	1.85384
29922	-994.4608	-1061.81	67.34938	0.735679	0.8886474	1.94566
29928	-990.8048	-1058.913	68.10808	0.9802715	0.8453339	1.244792
29934	-1003.769	-1071.178	67.40939	0.9255128	0.8151099	1.832127
29940	-1002.15	-1069.276	67.12584	0.8028236	1.357806	1.7555
29946	-996.9862	-1064.016	67.02988	0.8028236	0.9861456	2.045722
29952	-997.8399	-1064.87	67.02982	0.639187	1.293097	1.968792
29958	-1001.534	-1067.913	66.37887	0.5159897	1.572156	2.334739
29964	-999.7285	-1066.928	67.19966	0.437812	1.027486	2.146911
29970	-1005.105	-1072.817	67.71251	1.060135	0.6476485	1.673898
29976	-996.2884	-1064.24	67.95166	1.060135	0.5991307	1.550298
29982	-995.1577	-1063.351	68.19297	0.9511653	0.5721443	1.481337
29988	-991.0603	-1058.797	67.73667	0.8001957	1.02096	1.531544
29994	-995.6787	-1063.189	67.51045	0.7176653	0.9767425	1.784466
30000	-996.3349	-1064.294	67.95917	0.7621823	0.9393115	1.455188
30006	-1002.031	-1069.92	67.88882	0.9040394	1.011447	1.342294
30012	-1002.823	-1069.865	67.04198	0.8277834	1.299999	1.82866
30018	-997.1141	-1064.291	67.17654	0.7800249	1.197349	1.82866
30024	-996.058	-1063.274	67.21615	0.8325459	1.202668	1.7616
30030	-993.2036	-1060.56	67.35684	0.830578	0.8516956	1.904215
30036	-992.5994	-1060.55	67.9503	0.8965153	0.7714204	1.503164
30042	-1002.417	-1069.917	67.50014	1.000942	1.265136	1.39047
30048	-1003.939	-1070.886	66.94605	0.6859033	1.342121	1.966969
30054	-994.5631	-1062.219	67.65636	0.7837439	0.7719536	1.794878
30060	-989.6245	-1056.932	67.307	0.7199026	0.7496234	2.091669
30066	-1000.727	-1067.905	67.17757	0.5296877	1.350128	1.911932
30072	-1004.55	-1071.866	67.31692	0.6811629	0.9486874	1.961114
30078	-995.7157	-1063.183	67.46743	0.5979579	0.7293682	2.083015
30084	-1007.17	-1074.561	67.39085	0.5700124	1.227057	1.807982
30090	-1007.755	-1075.403	67.64829	0.820016	1.074137	1.544285
30096	-1003.707	-1070.589	66.88247	0.4358479	1.250736	2.22237
30102	-997.3644	-1064.319	66.95467	0.6009437	1.103501	2.153012
30108	-993.2583	-1060.763	67.50421	0.4714943	0.9951661	1.944243
30114	-993.8711	-1061.689	67.81806	0.6458697	0.882614	1.688713
30120	-991.4816	-1058.798	67.31638	0.6458697	0.8501335	2.056032
30126	-993.019	-1060.102	67.0827	0.4040365	1.299272	2.086404
30132	-996.0295	-1062.628	66.59833	0.6130315	1.23658	2.298742
30138	-994.723	-1061.499	66.77647	0.5932694	1.23658	2.196892
30144	-988.0693	-1055.37	67.30062	0.7093037	1.23658	1.768283
30150	-992.973	-1059.767	66.79429	0.5186882	1.23658	2.233551
30156	-995.4616	-1062.508	67.04656	0.5330076	0.9522696	2.233551
30162	-991.5223	-1059.196	67.67325	0.7179519	1.020355	1.638388
30168	-992.5844	-1060.429	67.84462	0.890161	0.7034225	1.647701
30174	-989.0464	-1056.607	67.56082	0.9062678	0.9331056	1.647701
30180	-1009.364	-1077.429	68.06484	1.146504	1.127275	0.8488021
30186	-1009.896	-1077.792	67.89603	1.394821	0.882802	1.025998
30192	-1008.072	-1075.627	67.55476	1.015933	1.126859	1.43018
30198	-1004.548	-1072.213	67.66488	1.015933	0.6497683	1.736803
30204	-1002.089	-1069.603	67.51335	0.8661819	0.9629505	1.688038
30210	-993.3084	-1061.15	67.84208	0.7910864	1.004753	1.471384
30216	-991.9366	-1059.155	67.21871	0.6175072	0.9323839	2.08001
30222	-990.6457	-1058.207	67.56174	0.6966518	1.028135	1.727435
30228	-991.7055	-1059.406	67.70095	0.8948313	0.9518639	1.539629
30234	-992.5202	-1060.355	67.8344	1.208739	0.9592829	1.178437
30240	-995.7594	-1063.617	67.85787	0.8463515	0.8292166	1.558402
30246	-996.5437	-1064.173	67.62956	1.051071	0.8499231	1.558402
30252	-1000.87	-1068.756	67.88547	1.023118	0.6732284	1.550178
30258	-999.3724	-1066.718	67.34552	0.9966367	1.313559	1.481749
30264	-1004.247	-1072.431	68.18438	1.511473	0.8087737	0.5817939
30270	-1006.676	-1073.854	67.17842	0.8141171	1.795061	1.484642
30276	-1005.763	-1073.999	68.23563	1.071306	0.9429856	0.9441913
30282	-999.9259	-1067.922	67.99631	1.027094	0.8900356	1.257493
30288	-1003.452	-1071.243	67.79131	1.03361	0.7675615	1.523018
30294	-1004.647	-1072.703	68.05622	1.513176	0.9067643	0.6293074
30300	-999.8027	-1067.486	67.68297	1.513176	1.302486	0.63777
30306	-999.4483	-1067.241	67.79235	1.295578	1.246846	0.8706764
30312	-1006.143	-1073.915	67.77206	1.236355	1.159107	1.035076
30318	-1002.102	-1070.249	68.14697	1.190372	0.8329958	1.035076
30324	-1001.565	-1069.15	67.58459	0.9815864	1.274555	1.332821
30330	-1008.231	-1075.747	67.51623	1.555309	1.35588	0.7778104
30336	-1004.609	-1072.656	68.04678	1.555309	0.8821303	0.6141991
30342	-1002.582	-1070.321	67.73913	1.468674	1.090753	0.8926487
30348	-997.5429	-1065.28	67.7369	1.639991	1.106893	0.6112076
30354	-1002.628	-1070.085	67.45705	1.645439	1.460059	0.4658067
30360	-999.9732	-1067.671	67.69816	1.478847	1.243429	0.7588652
30366	-1002.736	-1071.239	68.50362	1.478847	0.5419816	0.734596
30372	-1007.531	-1075.791	68.26035	1.499136	0.6129139	0.8877464
30378	-1003.07	-1071.197	68.12762	1.438059	0.8958864	0.6634849
30384	-996.4233	-1064.474	68.05099	1.438059	0.7802957	0.9441965
30390	-995.8756	-1063.991	68.11534	1.438059	0.7769368	0.8772975
30396	-994.3632	-1061.801	67.43797	1.438059	1.459409	0.9190882
30402	-997.7241	-1065.797	68.07245	1.315015	0.9514998	0.8425407
30408	-1006.409	-1074.268	67.85942	1.315015	1.057397	0.963142
30414	-1005.438	-1073.484	68.04621	1.058601	0.7516982	1.322031
30420	-998.5262	-1066.349	67.8225	1.073089	0.9108597	1.343052
30426	-994.116	-1061.792	67.67628	1.040377	1.065679	1.360936
30432	-992.1682	-1059.603	67.43523	0.8936544	1.120431	1.6147
30438	-997.9837	-1065.6	67.61639	0.8573826	1.195145	1.457636
30444	-1004.774	-1071.757	66.98345	0.6561367	1.281057	1.995114
30450	-995.7653	-1063.469	67.70354	1.005268	0.5817049	1.785126
30456	-999.9471	-1067.586	67.63848	1.005268	0.8239583	1.607029
30462	-996.5989	-1064.178	67.57908	1.218887	1.237708	1.165243
30468	-999.2638	-1067.524	68.26	1.260708	0.6963339	1.019136
30474	-1007.51	-1074.993	67.48292	0.8809013	1.009103	1.666
30480	-996.9256	-1065.103	68.17781	1.332705	0.8247584	0.8613767
30486	-992.1013	-1060.279	68.17766	1.337212	0.7310547	0.9804069
30492	-992.7067	-1060.955	68.24818	1.301449	0.7011975	0.9839288
30498	-997.6001	-1065.513	67.91271	1.316635	1.049465	0.9124848
30504	-997.981	-1065.493	67.51222	1.420285	1.393287	0.9124848
30510	-993.6064	-1061.325	67.71849	1.315426	1.153737	1.014879
30516	-989.886	-1058.097	68.21064	1.423091	0.7474197	0.8236088
30522	-991.0021	-1058.244	67.24153	0.809986	1.005325	1.886066
30528	-989.3218	-1057.552	68.23053	1.125816	0.7668737	1.090855
30534	-994.5153	-1062.698	68.18314	1.166843	0.8746886	0.9758394
30540	-995.2705	-1063.402	68.13188	1.090882	0.8746886	1.098771
30546	-998.1155	-1065.811	67.69578	0.9448918	1.147353	1.361159
30552	-997.4969	-1064.715	67.21786	0.6157036	1.114023	1.962966
30558	-999.8756	-1066.747	66.87102	0.4506812	1.277825	2.20553
30564	-1014.884	-1082.64	67.75526	1.418373	1.226288	0.7844144
30570	-997.3386	-1064.052	66.71331	0.6156562	0.8396583	2.470419
30576	-997.3284	-1064.209	66.88052	0.4916026	1.069945	2.291742
30582	-1008.032	-1075.741	67.70878	1.424768	1.139465	0.9252928
30588	-1003.111	-1071.088	67.9763	1.110367	1.260595	0.8584359
30594	-997.5684	-1065.027	67.45891	0.8698025	0.7314444	1.905508
30600	-995.5979	-1062.646	67.04761	0.265103	0.9008985	2.437961
30606	-999.3056	-1065.827	66.521	0.1414713	0.9008985	2.839275
30612	-995.5953	-1063.603	68.00741	1.404513	0.9479472	0.8163959
30618	-1003.012	-1070.638	67.62609	1.207887	1.279631	1.101496
30624	-1012.021	-1080.001	67.97966	1.295539	0.9373643	0.9832869
30630	-1007.631	-1075.244	67.61268	1.251634	1.104958	1.209763
30636	-1004.938	-1072.464	67.5259	1.173821	1.112791	1.339298
30642	-989.2427	-1055.375	66.13278	0.5996386	0.7043673	2.937328
30648	-991.8677	-1058.567	66.69895	0.8040966	1.356198	2.045351
30654	-992.0686	-1059.677	67.60879	0.9942231	0.8738265	1.595675
30660	-990.5053	-1058.551	68.04565	0.9920016	0.8895951	1.24603
30666	-995.1135	-1062.573	67.45986	1.049971	1.298669	1.361776
30672	-1005.701	-1072.673	66.97236	0.190099	1.114913	2.398248
30678	-1003.901	-1070.908	67.00732	0.3766242	1.119732	2.254351
30684	-1003.798	-1070.478	66.67948	0.6998968	1.048096	2.300483
30690	-995.3937	-1062.175	66.78119	0.4303927	0.9398116	2.475451
30696	-999.7874	-1065.986	66.19838	0.6171858	0.7793157	2.830456
30702	-993.9144	-1061.068	67.15308	0.7423201	0.9692415	2.015538
30708	-991.9671	-1059.323	67.35582	0.7642568	0.8582319	1.944744
30714	-994.9601	-1062.873	67.9129	0.9240813	0.6134991	1.662181
30720	-990.3522	-1058.014	67.66155	0.9985376	0.8137623	1.603756
30726	-989.0667	-1056.478	67.41173	0.867267	1.192943	1.603756
30732	-994.0289	-1062.224	68.19555	1.221095	0.9604932	0.7929972
30738	-993.933	-1062.271	68.33769	1.326744	0.7056741	0.8511207
30744	-992.5665	-1060.66	68.09351	1.274226	1.001517	0.8027521
30750	-988.3373	-1056.492	68.15443	1.313739	0.9893456	0.6630367
30756	-987.9017	-1056.118	68.2166	1.27335	0.9274114	0.7369951
30762	-990.0855	-1058.2	68.11449	1.262975	0.9274114	0.8844134
30768	-991.3174	-1058.874	67.5562	1.20302	1.296855	1.155852
30774	-991.8674	-1059.882	68.01471	1.20302	0.9788464	0.9980606
30780	-994.7212	-1062.435	67.7133	0.7175046	0.6687944	1.891557
30786	-990.4936	-1057.562	67.06844	0.5606053	1.278461	2.003577
30792	-988.9252	-1056.358	67.43322	0.697444	0.8039	1.979484
30798	-994.0674	-1061.049	66.98159	0.4548859	1.117824	2.221653
30804	-990.1246	-1057.694	67.56984	0.774859	0.8491431	1.798435
30810	-987.2573	-1054.864	67.60694	0.8329487	1.085891	1.55707
30816	-998.2238	-1065.621	67.39769	0.8121314	1.352447	1.55707
30822	-998.9261	-1065.814	66.8881	0.8722077	1.369473	1.865436
30828	-994.4374	-1062.007	67.57005	0.8276017	1.317912	1.436848
30834	-999.8376	-1066.849	67.01127	0.6166806	1.049545	2.139137
30840	-994.1764	-1061.417	67.24019	0.8015598	1.539372	1.576717
30846	-993.2057	-1060.945	67.73969	0.8549363	0.9703135	1.526384
30852	-999.2913	-1066.581	67.28949	0.6681873	1.327351	1.752238
30858	-994.6893	-1062.491	67.80126	0.8232865	0.9795943	1.496963
30864	-1002.561	-1069.661	67.09986	0.6102219	1.080379	2.065963
30870	-1002.897	-1070.977	68.08014	1.6692	0.765841	0.4330138
30876	-1003.306	-1071.654	68.3486	1.756536	0.5045748	0.6116326
30882	-998.7626	-1065.578	66.8153	0.04033644	1.017654	2.647446
30888	-995.4329	-1061.701	66.2678	0.7094031	1.079514	2.535138
30894	-998.2466	-1066.006	67.75963	1.044493	1.357962	1.070303
30900	-1003.792	-1071.52	67.7276	1.672163	1.103201	0.5334407
30906	-1000.437	-1068.5	68.06234	1.54774	0.8919122	0.546026
30912	-993.158	-1060.607	67.44931	0.8117969	1.098494	1.677945
30918	-994.1138	-1061.498	67.3838	0.8128951	0.9108909	1.853565
30924	-994.1748	-1061.967	67.79196	0.7688977	0.6721835	1.79924
30930	-992.7193	-1059.614	66.89505	0.7734471	1.191542	2.026631
30936	-994.752	-1061.852	67.10036	0.7474444	1.408929	1.784005
30942	-993.0213	-1060.088	67.0672	0.7520516	1.527696	1.742033
30948	-998.888	-1066.204	67.31609	0.7146685	0.9508245	1.937648
30954	-993.1702	-1059.654	66.48427	0.4063123	1.581413	2.3333
30960	-999.4175	-1066.302	66.88466	0.4385585	1.23913	2.225548
30966	-992.5506	-1059.043	66.49256	0.4178499	0.9335195	2.666521
30972	-992.1325	-1059.053	66.92068	0.5973638	0.992812	2.246504
30978	-998.7412	-1066.049	67.30739	0.3818863	1.030443	2.111164
30984	-999.6479	-1065.822	66.1737	0.1897149	1.140846	2.876915
30990	-998.4658	-1065.078	66.61217	0.2295469	1.103402	2.605358
30996	-990.6087	-1057.303	66.69469	0.3530602	1.194593	2.4255
31002	-996.7537	-1063.41	66.65589	0.2750051	1.174009	2.510135
31008	-995.512	-1062.182	66.66986	0.5748677	0.9779621	2.429908
31014	-1001.628	-1069.815	68.18702	1.52397	0.7608001	0.6834942
31020	-1004.849	-1072.676	67.82636	1.52397	1.155835	0.5433136
31026	-1003.153	-1071.143	67.99049	1.422812	0.9909556	0.7538161
31032	-1002.91	-1069.441	66.53156	0.5210049	1.293127	2.369668
31038	-1002.539	-1069.489	66.9494	0.41489	1.024404	2.32482
31044	-1017.98	-1085.551	67.57181	1.401785	1.245546	0.9952655
31050	-997.7009	-1064.684	66.98348	0.623266	1.364331	1.972031
31056	-1001.573	-1068.281	66.7077	0.3803137	1.364331	2.310626
31062	-995.1638	-1062.965	67.80149	1.468182	1.241127	0.5732968
31068	-1004.888	-1072.527	67.63829	1.643804	1.227095	0.5715006
31074	-997.9509	-1066.183	68.23165	1.643804	0.6661403	0.5796747
31080	-999.6086	-1067.809	68.20028	1.666521	0.6661403	0.6071926
31086	-993.6837	-1061.911	68.22724	1.386499	0.8067371	0.7530528
31092	-1000.696	-1068.388	67.69289	1.386499	1.31542	0.8110504
31098	-1002.61	-1069.982	67.37247	0.9122742	1.28955	1.539358
31104	-1006.333	-1072.71	66.37688	0.1931961	1.333941	2.65027
31110	-1006.544	-1073.474	66.92979	0.4262579	0.9341684	2.38825
31116	-999.3045	-1066.207	66.9025	0.5995039	0.9277427	2.29979
31122	-1008.527	-1076.666	68.13969	0.9971099	1.004137	1.052223
31128	-1000.565	-1068.493	67.92781	0.9971099	0.7734824	1.442142
31134	-1003.481	-1071.663	68.18219	0.9685587	0.4786662	1.587341
31140	-1000.851	-1068.778	67.92701	0.9211565	0.5639777	1.706138
31146	-1005.189	-1072.958	67.769	0.9770347	1.387757	1.102414
31152	-998.8644	-1066.103	67.23817	0.9577938	1.164914	1.681242
31158	-999.4369	-1067.067	67.62961	0.9577938	0.7449846	1.715028
31164	-999.246	-1065.413	66.16718	0.6926417	1.171042	2.55605
31170	-997.3979	-1064.163	66.7647	0.5406383	0.9517819	2.408657
31176	-994.019	-1060.655	66.63622	0.3031096	1.167125	2.508686
31182	-999.5333	-1067.349	67.81582	0.9736774	0.7536726	1.561807
31188	-1001.121	-1068.771	67.65	1.061601	1.083019	1.351923
31194	-997.5417	-1064.7	67.15785	0.8150413	1.038486	1.917268
31200	-1002.839	-1070.479	67.63994	0.9465976	1.340651	1.272517
31206	-1011.058	-1078.357	67.29901	0.5882271	1.250016	1.845228
31212	-1002.255	-1069.732	67.47625	0.7442251	1.238137	1.617908
31218	-999.2136	-1066.343	67.1293	0.7054585	1.128777	1.953071
31224	-1002.643	-1070.43	67.78689	0.7730009	0.7661201	1.716088
31230	-1001.946	-1069.676	67.72985	0.8030182	0.7708055	1.731103
31236	-1001.228	-1068.202	66.97356	0.6779048	1.472666	1.885768
31242	-1006.07	-1073.326	67.25539	0.5047543	0.846467	2.190931
31248	-1007.342	-1074.127	66.78507	0.6582324	0.846467	2.393585
31254	-1007.786	-1074.888	67.10201	0.4044926	1.157124	2.153149
31260	-999.5423	-1066.889	67.34625	0.7817606	1.080176	1.783616
31266	-1004.243	-1071.66	67.41671	0.8451356	0.6134092	2.056168
31272	-999.8442	-1067.383	67.53841	0.583401	0.9572935	1.871366
31278	-1006.848	-1074.988	68.13985	1.053966	0.6439719	1.36318
31284	-1000.213	-1066.583	66.37049	0.173812	0.9960754	2.850858
31290	-995.782	-1062.868	67.08564	0.2923385	1.152073	2.239294
31296	-1000.582	-1067.303	66.7209	0.2404112	0.984511	2.602631
31302	-999.4755	-1066.851	67.37535	0.6267433	0.9108253	1.98521
31308	-998.9434	-1066.829	67.88533	0.8857953	0.6731217	1.650264
31314	-1011.933	-1079.327	67.39418	0.812276	1.35556	1.557728
31320	-996.4942	-1063.443	66.94875	0.3023112	0.9855117	2.421096
31326	-994.8264	-1061.504	66.67799	0.4845847	1.11533	2.39793
31332	-1000.192	-1067.507	67.31552	0.919635	0.9221437	1.818885
31338	-996.7969	-1064.541	67.74395	0.5653112	0.9554274	1.743105
31344	-1001.531	-1069.109	67.57796	1.082979	1.233846	1.283885
31350	-998.6749	-1065.607	66.93226	0.6831674	1.163862	2.077886
31356	-996.2453	-1063.853	67.60794	0.8355386	0.9778241	1.631394
31362	-987.6649	-1055.454	67.7887	0.9227141	0.9058854	1.489588
31368	-990.335	-1058.35	68.01498	1.062889	0.7297558	1.365313
31374	-1000.663	-1068.598	67.93452	1.089915	0.9059732	1.24224
31380	-991.5378	-1059.584	68.04609	1.089915	0.9059732	1.14624
31386	-1002.273	-1070.323	68.04984	1.341297	0.7879217	1.034023
31392	-1004.901	-1071.377	66.47592	0.4245765	0.8480835	2.729791
31398	-998.0168	-1065.352	67.33501	0.8365504	1.159158	1.702209
31404	-996.4533	-1063.768	67.31472	0.9436145	0.9843988	1.758004
31410	-996.6033	-1064.602	67.99883	1.025255	0.7601087	1.377929
31416	-996.5984	-1064.329	67.73027	0.7314291	0.9102114	1.668974
31422	-996.021	-1063.146	67.12504	0.847151	1.567453	1.612762
31428	-995.5144	-1062.956	67.44159	0.9494672	1.273676	1.469586
31434	-988.3554	-1055.965	67.60999	0.7068357	0.9626391	1.732576
31440	-1007.065	-1074.409	67.34326	0.6993814	1.333163	1.689054
31446	-1003.418	-1070.094	66.67595	0.4423197	1.10767	2.430331
31452	-1012.671	-1079.863	67.19193	0.2565069	1.392479	2.062608
31458	-1002.007	-1069.362	67.35509	0.6976481	1.107215	1.818223
31464	-1001.741	-1069.202	67.46199	0.5098183	1.197243	1.818223
31470	-1000.61	-1067.511	66.90051	0.6378082	1.184884	2.116284
31476	-1002.792	-1069.855	67.0625	0.7559782	1.735402	1.641054
31482	-998.0131	-1065.677	67.66431	0.8207282	0.9248754	1.641054
31488	-1002.355	-1070.477	68.12198	0.763523	0.8060528	1.442606
31494	-997.6132	-1064.619	67.00628	0.7265256	1.310474	1.916256
31500	-999.5968	-1066.325	66.72868	0.6746044	1.448278	2.064204
31506	-1000.905	-1068.062	67.15778	0.5603925	1.192745	1.992865
31512	-1005.308	-1072.907	67.59858	0.8900083	1.233197	1.421107
31518	-1011.525	-1078.413	66.88744	0.5973654	1.327219	2.072707
31524	-1005.054	-1073.063	68.00864	1.104443	0.7051812	1.362308
31530	-999.1908	-1066.673	67.48189	0.6041428	0.7878652	2.021896
31536	-996.0699	-1062.959	66.88923	0.6041428	1.066773	2.21577
31542	-999.2988	-1066.712	67.41267	0.6935534	0.9677336	1.874674
31548	-1007.3	-1075.063	67.76297	0.7152259	0.6602787	1.867112
31554	-1007.683	-1074.853	67.16986	0.7931495	0.9494051	1.984107
31560	-998.2851	-1065.613	67.32773	1.175864	1.062024	1.526666
31566	-994.3977	-1062.395	67.99689	1.228329	0.7185837	1.257668
31572	-989.8994	-1057.375	67.47554	0.9177494	0.8158385	1.791222
31578	-987.644	-1055.032	67.38836	0.8429237	1.150615	1.66518
31584	-998.2188	-1066.01	67.79164	0.9530376	0.8111695	1.543983
31590	-1000.599	-1068.505	67.90627	0.9533311	0.9089864	1.373119
31596	-1004.798	-1072.762	67.96398	0.9404134	1.126609	1.157811
31602	-1013.445	-1080.304	66.85915	0.8468612	1.254126	1.965741
31608	-1010.869	-1078.423	67.55362	0.6326307	0.8485634	1.907403
31614	-1003.685	-1070.837	67.15173	0.741687	0.907752	2.059586
31620	-1008.645	-1075.472	66.82726	0.8760294	1.110446	2.051908
31626	-1011.511	-1079.072	67.56148	0.7338111	0.9134149	1.783704
31632	-1000.01	-1067.982	67.97191	1.44135	0.9524852	0.8085273
31638	-1001.984	-1070.074	68.09005	1.353611	0.9926201	0.7026746
31644	-1001.783	-1070.246	68.46252	1.401784	0.5948177	0.7902859
31650	-999.4547	-1067.628	68.17297	1.450001	0.7515406	0.8307586
31656	-1000.436	-1068.287	67.85079	1.393788	1.179922	0.7398762
31662	-1003.607	-1071.37	67.76306	1.192939	0.9764797	1.237746
31668	-1006.114	-1074.051	67.93751	1.133212	0.9639181	1.150082
31674	-1008.707	-1077.13	68.42352	1.178345	0.635218	1.020443
31680	-1007.319	-1074.923	67.60428	0.9526226	1.036856	1.505003
31686	-1011.478	-1079.276	67.79765	0.9563137	1.033251	1.35616
31692	-1013.54	-1081.055	67.51426	0.8485321	1.045455	1.641206
31698	-1006.171	-1073.115	66.94408	0.6001645	1.045455	2.196106
31704	-1012.044	-1079.09	67.04648	0.7982078	0.7051392	2.246668
31710	-997.177	-1065.069	67.89226	1.007319	0.8151207	1.42366
31716	-1004.091	-1071.727	67.63588	0.9677251	1.246139	1.321922
31722	-1000.353	-1068.324	67.97169	1.057801	0.819346	1.317502
31728	-999.1139	-1067.024	67.90964	0.9694848	1.001085	1.280921
31734	-1007.449	-1075.451	68.00247	1.125303	0.7570124	1.298172
31740	-991.5928	-1059.298	67.70536	1.041168	1.065519	1.33732
31746	-991.4788	-1059.002	67.5235	0.7989482	1.065519	1.656332
31752	-991.2223	-1058.755	67.53262	0.9437615	1.209338	1.446229
31758	-988.8808	-1056.609	67.72815	1.186793	1.114431	1.158359
31764	-995.8139	-1063.357	67.54328	1.216069	1.293229	1.158359
31770	-998.651	-1066.491	67.83988	1.185674	1.285403	0.9051601
31776	-989.9859	-1057.733	67.74691	1.232888	1.288553	0.951927
31782	-996.2131	-1063.8	67.58694	0.990785	1.458017	1.203612
31788	-994.6453	-1062.331	67.68615	0.990785	1.103885	1.363917
31794	-995.6472	-1063.925	68.27748	1.249656	0.73111	0.9677285
31800	-997.8126	-1064.366	66.55361	0.3699604	1.433545	2.381035
31806	-1001.526	-1068.523	66.99683	0.6831708	1.164649	2.034765
31812	-999.9869	-1067.331	67.34392	0.9053093	0.7667721	1.929672
31818	-1003.34	-1071.225	67.8846	0.783301	1.003097	1.446212
31824	-1002.659	-1069.989	67.32949	0.6509151	1.158085	1.836137
31830	-1000.473	-1067.074	66.60018	0.418773	1.410701	2.331589
31836	-997.9872	-1064.902	66.91508	0.3608541	0.8646288	2.486014
31842	-1002.288	-1069.185	66.89668	0.1288072	1.373972	2.345601
31848	-1011.688	-1077.973	66.28478	0.3475709	0.8189583	2.913025
31854	-1006.908	-1073.579	66.67119	0.8709656	1.050593	2.194246
31860	-1011.777	-1079.342	67.56477	0.910121	1.399979	1.325311
31866	-1004.591	-1072.286	67.69497	1.068319	1.33094	1.127571
31872	-1004.433	-1072.314	67.88153	1.039672	1.188112	1.093104
31878	-1008.551	-1076.061	67.51046	0.7388525	0.7396684	1.952133
31884	-1003.101	-1070.843	67.74204	0.8515015	0.8452125	1.625771
31890	-1011.718	-1079.638	67.91979	1.417603	0.8606653	1.004309
31896	-1003.74	-1071.315	67.57468	1.276824	1.384599	1.004309
31902	-998.5057	-1065.116	66.61055	0.3012143	1.278818	2.465878
31908	-998.762	-1065.528	66.76642	0.3225741	1.165432	2.415727
31914	-1000.201	-1068.291	68.08972	0.7505275	0.5711635	1.704051
31920	-1008.126	-1075.488	67.36204	0.6602296	1.125115	1.827863
31926	-1008.411	-1075.922	67.51092	0.8807866	0.8566752	1.759845
31932	-1003.473	-1071.057	67.58422	0.7674455	1.0539	1.643346
31938	-1001.099	-1068.713	67.61381	0.7178498	0.8080349	1.840031
31944	-1005.028	-1072.116	67.08875	0.7685689	0.7429561	2.207561
31950	-998.982	-1067.475	68.4933	1.007483	0.6094193	1.148261
31956	-992.6434	-1060.768	68.12423	1.336122	0.6380105	1.148261
31962	-1002.922	-1071.397	68.4755	1.385291	0.5867447	0.810776
31968	-1001.4	-1069.586	68.1855	1.368317	0.6771789	1.01141
31974	-1000.432	-1067.94	67.50791	1.183129	1.21696	1.271051
31980	-991.3532	-1059.258	67.90441	0.9732142	0.4564514	1.808314
31986	-991.5336	-1059.357	67.82325	0.9732142	0.8557316	1.466994
31992	-996.6207	-1063.455	66.83455	0.5327401	1.469351	2.077511
31998	-1003.419	-1070.709	67.29056	0.6208962	0.8663972	2.077511
32004	-995.3441	-1062.489	67.14517	0.6930804	0.8828863	2.113621
32010	-991.067	-1058.159	67.09231	0.6560692	0.8402604	2.203109
32016	-995.5205	-1062.725	67.20403	0.8194094	1.48663	1.618039
32022	-999.2598	-1066.178	66.91823	0.7836462	1.248003	1.971973
32028	-1002.337	-1069.971	67.63408	1.018175	0.8932097	1.543947
32034	-993.9175	-1060.871	66.95394	0.6000966	0.9595827	2.245117
32040	-1001.105	-1068.021	66.91624	0.6419645	0.7793127	2.370463
32046	-990.0393	-1056.839	66.79958	0.5295016	0.9876068	2.370463
32052	-993.3522	-1060.273	66.92065	0.7130314	0.7130177	2.374831
32058	-991.4591	-1058.413	66.95368	0.6152828	0.994785	2.212404
32064	-997.6736	-1064.561	66.8877	0.4816919	0.8823984	2.414958
32070	-990.3249	-1058.115	67.79005	0.8420364	0.894539	1.557762
32076	-996.6541	-1064.084	67.43007	0.9494217	1.278138	1.475532
32082	-997.9729	-1065.545	67.57174	0.9433073	0.8958064	1.641894
32088	-988.8822	-1056.082	67.19953	0.8057446	1.466576	1.641894
32094	-992.7246	-1060.383	67.65832	0.8057446	0.9462741	1.639963
32100	-996.7264	-1063.876	67.14917	0.5025845	1.021555	2.141393
32106	-996.5979	-1064.402	67.80386	0.8823388	0.7540096	1.636652
32112	-1002.941	-1069.443	66.5018	0.5463022	1.304744	2.366455
32118	-997.1064	-1064.063	66.95645	0.3751604	1.173721	2.256683
32124	-998.3723	-1065.482	67.1095	0.4819085	1.173721	2.087923
32130	-996.502	-1063.515	67.01262	0.3723669	0.801791	2.462794
32136	-997.5531	-1064.645	67.09233	0.6211351	0.9323311	2.160369
32142	-988.2989	-1055.935	67.63603	0.7840487	1.098878	1.562701
32148	-992.2972	-1059.736	67.43832	0.5288142	0.8806041	2.030331
32154	-1003.997	-1071.39	67.39258	0.6216274	1.029454	1.895234
32160	-1001.549	-1068.878	67.32951	0.603424	0.8323658	2.088669
32166	-997.7894	-1065.383	67.59393	0.7927714	1.047247	1.622718
32172	-996.3232	-1063.905	67.58221	0.63391	0.7214721	1.989747
32178	-991.0064	-1058.691	67.68495	0.7081033	0.9433217	1.692887
32184	-988.6754	-1056.102	67.4269	0.5876006	0.996708	1.91702
32190	-990.8546	-1058.651	67.79606	0.7165136	0.996708	1.567262
32196	-996.9759	-1064.332	67.35584	0.6417106	0.8694447	2.018323
32202	-996.7175	-1064.104	67.38635	0.7945465	0.9723833	1.820216
32208	-993.08	-1060.05	66.97008	0.9992972	0.9723833	1.96399
32214	-996.5194	-1063.52	67.00029	0.7098441	1.264823	1.956944
32220	-995.4087	-1062.725	67.31665	0.5488795	1.037208	1.990253
32226	-999.3036	-1065.974	66.67094	0.6841309	1.203225	2.22492
32232	-996.706	-1064.043	67.33692	0.451582	0.903337	2.131603
32238	-994.6955	-1061.879	67.18346	0.6645409	0.7902797	2.17626
32244	-992.2956	-1059.395	67.0994	0.9138774	1.631804	1.549842
32250	-990.6922	-1057.409	66.7163	0.7169159	1.631804	1.956333
32256	-993.8464	-1061.069	67.2225	0.5564699	0.9880483	2.079915
32262	-987.696	-1054.843	67.14701	0.4736754	1.154543	2.079915
32268	-988.2027	-1055.608	67.40529	0.6940044	1.268583	1.686396
32274	-990.4538	-1057.209	66.7553	0.7499859	1.042536	2.22311
32280	-1004.249	-1072.229	67.98039	0.9727425	0.8748011	1.328428
32286	-997.3965	-1065.251	67.85462	1.142105	0.8223249	1.340997
32292	-1005.134	-1073.445	68.31114	1.068553	0.6987291	1.147315
32298	-1006.622	-1074.628	68.00561	1.182343	0.9848506	1.021527
32304	-1007.344	-1075.297	67.95311	1.353569	0.9359823	0.9522265
32310	-1002.849	-1069.978	67.12891	0.8407094	1.32364	1.745979
32316	-1008.46	-1075.78	67.32074	1.148585	1.011663	1.588007
32322	-1000.185	-1066.625	66.4403	0.9857784	1.336153	2.106583
32328	-994.652	-1061.878	67.22634	0.8229515	0.7960968	2.039775
32334	-998.9857	-1065.013	66.02699	0.7996542	1.24895	2.534713
32340	-1000.176	-1066.207	66.03171	0.4908397	1.288249	2.702376
32346	-996.3772	-1064.124	67.74646	0.9099251	1.21958	1.297573
32352	-993.2746	-1060.74	67.46588	0.9649531	1.016609	1.612441
32358	-999.0402	-1065.988	66.94818	0.9649531	1.397727	1.744458
32364	-989.5688	-1057.282	67.71283	0.92871	0.913968	1.535306
32370	-1011.608	-1079.668	68.06077	1.351982	1.010911	0.7238199
32376	-999.1825	-1067.227	68.04471	1.518082	0.8881404	0.68538
32382	-999.1092	-1066.258	67.14907	0.7540924	1.172446	1.88022
32388	-998.2444	-1065.119	66.87438	0.6277009	1.230036	2.114374
32394	-985.7912	-1052.468	66.67634	0.4640138	1.125435	2.406106
32400	-987.8582	-1054.692	66.83371	0.2873659	1.125435	2.418266
32406	-991.1512	-1057.954	66.80272	0.1406268	0.9696018	2.623117
32412	-986.6353	-1053.702	67.06654	0.2001719	1.192064	2.287928
32418	-986.1722	-1053.359	67.18727	0.2398826	1.15002	2.208764
32424	-990.9684	-1057.285	66.31696	0.403068	1.060019	2.705508
32430	-998.305	-1064.29	65.98464	0.2565074	1.219893	2.908658
32436	-992.4395	-1059.039	66.59993	0.4279624	0.9587428	2.57769
32442	-995.8792	-1063.083	67.20336	0.4990125	0.7846251	2.274537
32448	-1007.473	-1073.695	66.22244	0.350542	1.279353	2.675922
32454	-1012.758	-1080.643	67.8849	1.153051	0.9351252	1.204586
32460	-1000.111	-1068.044	67.93312	1.153051	0.8103358	1.279947
32466	-1004.44	-1071.981	67.54109	0.8900664	0.8103358	1.769356
32472	-992.9245	-1059.79	66.8658	0.5579596	1.296001	2.129438
32478	-990.5829	-1057.558	66.97495	0.4833245	0.9838711	2.290622
32484	-992.2931	-1058.874	66.58066	0.2815045	1.059295	2.618434
32490	-993.5908	-1060.679	67.08784	0.4712835	0.9785535	2.229339
32496	-995.4469	-1062.766	67.31921	0.6041032	1.122299	1.897265
32502	-997.6835	-1064.933	67.24999	0.8591447	1.327567	1.644777
32508	-997.8295	-1065.658	67.82862	1.035013	0.8448677	1.425027
32514	-992.2132	-1060.4	68.18706	1.190693	0.8296601	0.9990955
32520	-997.4626	-1065.446	67.98327	1.190693	0.7370124	1.280722
32526	-996.1519	-1063.483	67.33087	0.9070298	1.385314	1.517078
32532	-998.2508	-1065.81	67.559	0.9207786	1.145474	1.486491
32538	-995.2423	-1062.318	67.07609	0.2762152	1.122798	2.272846
32544	-999.6908	-1066.379	66.68811	0.2535289	1.267082	2.453263
32550	-997.6933	-1064.076	66.38248	0.1823833	0.9772113	2.849949
32556	-998.1024	-1064.401	66.29829	0.1998795	1.329548	2.696669
32562	-997.0945	-1063.851	66.75635	0.2736434	1.107492	2.485844
32568	-992.5444	-1059.341	66.79682	0.4945953	0.8510606	2.485844
32574	-1000.549	-1068.493	67.94361	1.467369	0.9810861	0.7716684
32580	-991.1107	-1058.19	67.07943	0.9347593	1.043543	1.885926
32586	-988.7235	-1056.365	67.64199	0.9319261	0.7843391	1.690586
32592	-987.8788	-1055.555	67.67623	1.006221	1.046988	1.401799
32598	-990.3671	-1058.212	67.84534	1.006221	0.821986	1.454349
32604	-983.3124	-1050.756	67.44379	0.8387054	1.052245	1.693873
32610	-988.7766	-1056.64	67.86377	0.9067263	0.8891065	1.458649
32616	-999.5788	-1067.45	67.87118	0.9877564	0.3627653	1.942492
32622	-997.0261	-1065.074	68.04831	1.344407	0.9735737	0.8070196
32628	-1002.413	-1070.212	67.79905	1.198497	1.131949	1.068801
32634	-1004.095	-1071.678	67.58256	0.6068234	1.030533	1.774093
32640	-993.9458	-1061.202	67.25579	0.868398	1.447598	1.565852
32646	-989.8825	-1057.079	67.19637	0.6626232	0.981886	2.031164
32652	-995.6449	-1064.068	68.42341	1.274446	0.6084435	0.9618662
32658	-993.7834	-1061.542	67.75877	0.8333771	0.9862991	1.516126
32664	-1000.108	-1067.677	67.56912	0.9419015	1.146656	1.462048
32670	-999.406	-1066.941	67.53509	0.843193	0.8958137	1.739008
32676	-1001.331	-1069.232	67.90103	0.9591391	0.777819	1.487326
32682	-1010.239	-1077.889	67.65038	1.12163	1.089177	1.298777
32688	-1012.463	-1080.622	68.15942	1.208957	0.9434351	0.875425
32694	-998.5441	-1065.796	67.25219	0.9414847	0.9606765	1.819688
32700	-998.0988	-1065.548	67.44946	0.2439048	0.7602862	2.299161
32706	-997.1514	-1064.071	66.91934	0.4859063	0.6978475	2.530637
32712	-999.2511	-1065.937	66.68625	0.6560614	0.7473292	2.530637
32718	-998.9792	-1065.823	66.84358	0.5726638	1.244819	2.162179
32724	-1002.114	-1069.504	67.38965	0.8456478	1.168253	1.651019
32730	-996.9617	-1064.966	68.00426	1.143449	0.9010329	1.140574
32736	-995.2272	-1063.464	68.23685	1.237907	0.622877	1.154295
32742	-997.9205	-1066.094	68.17352	1.428067	0.6296473	1.028334
32748	-997.1409	-1065.392	68.25143	1.45696	0.6691268	0.8562335
32754	-996.2908	-1064.267	67.97597	1.32645	1.045842	0.8308189
32760	-999.4204	-1067.878	68.45762	1.314985	0.6419156	0.8227451
32766	-998.501	-1066.326	67.82497	1.319875	1.058606	0.9922386
32772	-1006.463	-1074.799	68.33523	1.080976	0.8510558	0.9340153
32778	-1005.045	-1073.409	68.36432	1.07805	0.693051	1.097482
32784	-999.3753	-1067.505	68.12975	1.344615	0.915551	0.7784592
32790	-999.9127	-1067.858	67.94515	1.038178	0.8961789	1.285008
32796	-999.977	-1068.1	68.12298	1.043477	0.9734344	1.053471
32802	-998.1596	-1066.314	68.15467	1.491346	0.7644868	0.77934
32808	-999.6628	-1068.182	68.51924	1.493181	0.4671	0.8600141
32814	-1000.33	-1068.568	68.23864	1.493181	0.6706426	0.8248051
32820	-1005.32	-1073.425	68.10485	1.493181	0.6726189	0.9729824
32826	-996.2558	-1064.437	68.18115	1.426084	0.5764345	1.095876
32832	-989.3036	-1057.574	68.26996	1.370362	0.7602734	0.7942266
32838	-991.3994	-1059.479	68.07933	1.370362	0.9838906	0.7074439
32844	-997.6125	-1065.447	67.83466	1.517969	1.15164	0.5517884
32850	-997.1899	-1065.046	67.85613	1.500331	1.15164	0.5246922
32856	-996.2605	-1064.355	68.09449	1.500331	0.8728104	0.6555386
32862	-997.482	-1065.983	68.50095	1.748916	0.4331831	0.5170296
32868	-1000.23	-1068.401	68.17191	1.791102	0.6109452	0.4813801
32874	-996.5226	-1064.025	67.50203	2.031608	0.7676914	0.2357577
32880	-994.7541	-1062.256	67.50175	2.017463	0.8340497	0.2680966
32886	-999.3231	-1066.226	66.90338	2.189793	1.136635	0.2134775
32892	-999.2374	-1066.733	67.49583	1.758722	1.215809	0.3624923
32898	-998.3383	-1065.97	67.63202	1.758722	1.046789	0.3411435
32904	-1011.486	-1078.497	67.01097	2.337275	0.6724136	0.1445123
32910	-1007.22	-1074.378	67.15853	2.436858	0.5429924	0.1575452
32916	-1015.888	-1082.577	66.68908	2.436858	0.8979025	0.1549
32922	-1009.493	-1076.151	66.65794	2.388825	0.9300742	0.1453041
32928	-1017.349	-1083.721	66.37209	2.386534	1.443954	0.1867192
32934	-1000.413	-1068.15	67.73649	1.783117	0.9817173	0.4920561
32940	-998.4792	-1066.271	67.79146	1.674471	1.02897	0.5602924
32946	-997.243	-1064.838	67.5949	1.744243	1.148191	0.4031467
32952	-1000.961	-1067.593	66.63195	2.363704	1.11444	0.1760749
32958	-997.1352	-1064.002	66.86667	2.363704	0.9061302	0.1838143
32964	-1005.448	-1072.165	66.71712	2.363704	1.043654	0.1811618
32970	-1001.263	-1069.115	67.85282	1.830185	0.7939722	0.3682087
32976	-1004.714	-1072.159	67.44408	1.872018	1.180396	0.415968
32982	-998.4943	-1065.418	66.92343	2.394683	0.7650209	0.1641575
32988	-993.7308	-1060.045	66.31427	2.394683	1.372041	0.1590317
32994	-1001.256	-1068.107	66.85083	2.394683	0.8983815	0.1858009
33000	-1003.797	-1070.251	66.45448	2.394683	1.26631	0.1725343
33006	-1009.207	-1076.297	67.08988	2.394683	0.6784716	0.1788218
33012	-1003.416	-1069.801	66.38438	2.394683	1.295061	0.1609654
33018	-1002.65	-1069.476	66.82676	2.414243	0.9256865	0.1933544
33024	-1003.141	-1069.94	66.79962	2.346761	0.8996782	0.1600413
33030	-1000.525	-1067.252	66.72644	2.346761	0.9122808	0.1468547
33036	-1005.88	-1072.596	66.71645	2.346761	1.00106	0.165397
33042	-1012.415	-1080.197	67.78175	1.785428	0.9356439	0.5075393
33048	-1005.809	-1073.497	67.68791	1.785428	1.008426	0.4074468
33054	-1003.972	-1070.663	66.69136	2.397359	0.9461186	0.1580929
33060	-1010.014	-1077.367	67.35301	1.797577	1.378312	0.4133567
33066	-1013.546	-1081.374	67.82839	1.797577	0.8729712	0.4362307
33072	-1004.252	-1071.067	66.81484	2.214743	1.138357	0.1923294
33078	-1006.378	-1073.391	67.01306	2.116748	1.151161	0.23357
33084	-1006.789	-1074.299	67.51053	2.116748	0.7380125	0.2642015
33090	-1002.676	-1070.215	67.53853	2.116748	0.7137175	0.2626424
33096	-1000.822	-1067.756	66.93439	2.116748	1.312388	0.2626424
33102	-1000.249	-1067.593	67.34407	0.7928606	0.9294312	1.880899
33108	-998.2756	-1065.037	66.76179	0.7229675	1.099546	2.201391
33114	-1000.37	-1067.623	67.25328	2.141087	0.878257	0.2307952
33120	-1004.675	-1071.787	67.1119	0.6799321	1.05403	2.028476
33126	-999.0315	-1065.978	66.94606	0.6483929	1.275031	2.028476
33132	-997.4773	-1064.527	67.0493	0.62	1.251267	1.991914
33138	-992.3526	-1059.248	66.89539	0.5465323	1.05362	2.257005
33144	-995.2711	-1061.783	66.51161	0.6135599	1.016846	2.480512
33150	-989.3513	-1056.85	67.49851	0.6481781	1.008926	1.818427
33156	-990.8639	-1058.582	67.71812	0.7193234	0.7014544	1.857596
33162	-999.4976	-1066.303	66.80527	2.225311	0.9824905	0.1533987
33168	-996.5935	-1063.68	67.08668	2.225311	0.9085178	0.2112309
33174	-1010.197	-1077.848	67.65061	2.225311	0.544185	0.2528079
33180	-996.9044	-1064.32	67.41545	1.002163	1.133169	1.541232
33186	-998.4614	-1066.401	67.93943	1.208457	0.8841707	1.15667
33192	-996.7218	-1065.007	68.28505	1.291777	0.7123557	0.9406023
33198	-1003.033	-1071.241	68.20749	0.8408433	0.9162767	1.212762
33204	-1005.649	-1073.248	67.59964	1.069326	1.32378	1.214933
33210	-997.2196	-1064.858	67.63843	0.9508343	1.271543	1.316292
33216	-1003.086	-1070.383	67.29691	0.54125	1.339589	1.828332
33222	-1000.996	-1068.176	67.18036	2.036461	1.173954	0.2926624
33228	-998.9661	-1066.079	67.11317	2.036461	1.173954	0.2525524
33234	-997.8863	-1065.395	67.50869	2.061431	0.8080398	0.2807347
33240	-1012.063	-1080.067	68.00456	1.187615	0.8627802	1.138396
33246	-1010.676	-1078.681	68.00507	1.115634	0.8627802	1.200819
33252	-1000.763	-1068.867	68.10362	1.259406	0.9524721	0.8706781
33258	-1006.012	-1074.281	68.26905	1.401271	0.7402811	0.7870581
33264	-1004.86	-1072.758	67.89813	1.372076	1.095586	0.8115778
33270	-1006.596	-1074.176	67.58	1.372076	1.577969	0.706177
33276	-1003.742	-1071.88	68.138	1.372076	0.8940754	0.7605161
33282	-1000.257	-1068.085	67.82711	1.475999	1.060638	0.811739
33288	-1001.94	-1069.734	67.79394	1.066099	0.9282144	1.356612
33294	-1000.257	-1068.253	67.99592	1.012485	0.8853716	1.274101
33300	-1000.713	-1068.117	67.40477	1.265375	1.420684	1.147816
33306	-1002.622	-1070.682	68.05947	1.265375	0.9900937	0.8703647
33312	-1009.364	-1077.725	68.3612	1.286634	0.7443994	0.8102693
33318	-1007.89	-1075.861	67.97065	1.50341	1.009918	0.5991111
33324	-1010.696	-1078.268	67.57143	1.543258	1.359909	0.7066989
33330	-997.0088	-1064.923	67.91377	1.349354	1.194121	0.6880723
33336	-1004.824	-1072.766	67.94218	1.504758	0.985989	0.7085216
33342	-1010.726	-1078.181	67.45536	0.8387911	1.076683	1.668986
33348	-1014.431	-1081.925	67.49417	0.8387911	1.014414	1.684248
33354	-1004.183	-1071.987	67.80396	1.517213	1.155575	0.6395358
33360	-998.2672	-1066.1	67.83329	1.517213	1.157147	0.4675985
33366	-999.6106	-1067.058	67.44698	1.606338	1.52739	0.4689221
33372	-997.6022	-1065.434	67.83136	1.615656	1.054395	0.5225166
33378	-999.3341	-1067.083	67.7492	1.692107	1.054395	0.4443562
33384	-999.5665	-1067.527	67.96096	1.592502	0.9441631	0.5511978
33390	-1003.284	-1070.471	67.18683	0.5316784	1.055444	2.076054
33396	-1011.506	-1078.855	67.34885	0.1798286	0.7892641	2.381611
33402	-1002.436	-1070.376	67.9394	1.582514	0.9793396	0.4893736
33408	-1005.534	-1073.467	67.93335	1.761702	0.8119966	0.4355078
33414	-1002.265	-1068.765	66.49934	0.4701412	1.136858	2.506847
33420	-1002.221	-1069.338	67.1163	0.6740909	1.054392	2.029203
33426	-1002.096	-1069.508	67.41277	0.2511204	1.065396	2.105684
33432	-994.8841	-1063.128	68.24359	1.563664	0.7269179	0.5122753
33438	-997.0409	-1064.732	67.69114	1.757141	1.047048	0.4439313
33444	-993.6596	-1061.506	67.84674	1.732946	0.920537	0.4588984
33450	-990.806	-1057.856	67.04987	0.694984	0.8953196	2.165703
33456	-1001.062	-1067.384	66.32138	0.5543368	1.700652	2.290671
33462	-1006.959	-1074.749	67.7891	1.641155	1.054306	0.4114145
33468	-997.1381	-1064.727	67.58846	1.641155	1.298804	0.5299392
33474	-992.4143	-1060.364	67.94941	1.641155	0.9032986	0.5785056
33480	-992.9089	-1060.565	67.65563	1.887166	0.8662937	0.3088216
33486	-997.6355	-1064.445	66.80982	2.066425	1.47216	0.2374063
33492	-993.3707	-1060.723	67.35186	2.066425	0.8963832	0.2511144
33498	-996.9141	-1064.079	67.16535	2.09752	1.041299	0.2477058
33504	-991.7743	-1059.227	67.4529	2.204182	0.6978171	0.2526719
33510	-991.7338	-1058.913	67.17878	2.204182	0.8314159	0.2060023
33516	-993.0841	-1060.506	67.42234	2.204182	0.6669761	0.2206631
33522	-1001.633	-1069.274	67.64079	2.204182	0.5611026	0.2503436
33528	-999.63	-1066.92	67.29021	2.089447	0.8894254	0.2297446
33534	-995.9226	-1063.079	67.1561	2.225571	0.8740718	0.2235884
33540	-1005.808	-1072.406	66.59717	0.7210886	0.8336376	2.481432
33546	-1013.699	-1079.393	65.69403	0.6552246	1.464121	2.723935
33552	-1002.045	-1068.357	66.31151	0.3387816	1.110861	2.718953
33558	-998.4035	-1065.971	67.56763	0.4655677	0.8572097	2.00368
33564	-986.9695	-1053.92	66.95053	0.6408941	1.171138	2.08942
33570	-988.3373	-1054.817	66.48003	0.4557822	1.247791	2.467099
33576	-991.7125	-1058.435	66.72277	0.4026722	1.106517	2.426485
33582	-1002.034	-1068.824	66.78989	2.181332	1.267318	0.2104785
33588	-997.0243	-1064.254	67.22991	2.181332	0.8177801	0.2104785
33594	-996.2656	-1063.285	67.01925	2.277986	0.9203918	0.2104785
33600	-994.3284	-1061.648	67.31958	2.03371	0.9723205	0.258879
33606	-996.3535	-1063.297	66.94376	2.30289	0.9723205	0.2117697
33612	-992.5751	-1059.611	67.03601	0.6217888	0.7501938	2.329771
33618	-1003.064	-1069.412	66.34827	0.4335558	1.183563	2.597572
33624	-1012.64	-1079.377	66.73727	2.432281	0.9370683	0.1759678
33630	-1001.913	-1068.568	66.65521	0.7861922	1.369085	2.079312
33636	-998.909	-1066.519	67.60975	0.9573163	0.948395	1.563473
33642	-995.5939	-1062.611	67.01664	0.6495006	0.8686731	2.235567
33648	-997.1981	-1063.894	66.69583	0.3588749	1.317573	2.355642
33654	-1002.382	-1068.715	66.33232	2.591887	0.8144131	0.1041421
33660	-1005.046	-1071.481	66.43465	2.591887	0.7904257	0.1144966
33666	-1005.486	-1071.726	66.24037	2.591887	0.9764879	0.1160342
33672	-997.8578	-1064.001	66.14296	2.591887	0.9685175	0.1014001
33678	-988.8209	-1054.939	66.11858	2.591887	1.004865	0.1029844
33684	-989.5534	-1055.605	66.05211	2.589935	1.082007	0.1038077
33690	-1000.604	-1066.762	66.15757	2.755031	0.8251828	0.1042576
33696	-990.0604	-1055.816	65.75577	2.755031	1.053009	0.08535151
33702	-988.4782	-1054.063	65.58516	2.755031	1.183585	0.08033859
33708	-991.5713	-1057.298	65.72659	2.755031	1.026231	0.07989123
33714	-991.4045	-1057.106	65.70192	2.755031	1.012145	0.07632249
33720	-993.6882	-1059.276	65.58774	2.713387	1.220678	0.07969279
33726	-994.2674	-1060.476	66.20829	2.713387	0.6464285	0.08004186
33732	-990.5716	-1056.567	65.99587	2.713387	0.9379109	0.09442499
33738	-993.3662	-1058.997	65.63069	2.808764	1.027326	0.07609477
33744	-999.0151	-1064.336	65.32054	2.808764	1.386703	0.07637263
33750	-1006.114	-1071.705	65.59093	2.808764	1.091545	0.07807628
33756	-1006.67	-1072.014	65.3439	2.741342	1.506796	0.08071801
33762	-1001.402	-1069.134	67.73289	0.9355228	1.036184	1.420781
33768	-997.9564	-1065.862	67.90585	0.9355228	0.9812503	1.327722
33774	-999.4386	-1066.866	67.42726	0.7725962	0.9189561	1.845489
33780	-1003.3	-1070.888	67.58758	0.6528469	0.7623294	1.939258
33786	-996.7972	-1063.751	66.95348	0.6299252	1.141438	2.112148
33792	-1017.439	-1083.092	65.6533	2.634588	1.460695	0.09911303
33798	-1005.533	-1071.589	66.05586	2.634588	0.9112617	0.0891356
33804	-1000.934	-1066.865	65.93084	2.634588	1.24749	0.1136696
33810	-992.5761	-1059.023	66.44658	2.634588	0.7353935	0.1126393
33816	-993.6404	-1059.758	66.11742	2.634588	0.9413686	0.1000201
33822	-1009.766	-1077.151	67.38464	0.5263443	1.173496	1.874257
33828	-1001.325	-1068.165	66.84034	0.6768748	1.203957	2.119186
33834	-1003.666	-1070.419	66.75289	0.5006136	1.078176	2.362317
33840	-1001.889	-1068.595	66.7061	2.486046	0.7603634	0.1360367
33846	-996.0743	-1062.914	66.84011	2.478453	0.7626516	0.1635635
33852	-993.3142	-1060.218	66.90337	2.478453	0.6356022	0.1411653
33858	-995.0961	-1062.009	66.91279	2.478453	0.6356022	0.1430336
33864	-1005.998	-1072.384	66.38558	0.6332227	1.596428	2.244517
33870	-1004.661	-1072.064	67.4029	2.31218	0.5305448	0.1833609
33876	-997.4961	-1064.651	67.15536	2.31218	0.7813663	0.21541
33882	-991.7472	-1058.902	67.1552	2.207547	0.9169084	0.2352846
33888	-989.5408	-1056.674	67.13284	2.378403	0.713582	0.2009993
33894	-989.4789	-1056.09	66.61072	2.26224	1.426476	0.2214225
33900	-999.9452	-1066.924	66.97845	0.6874472	0.8665226	2.237265
33906	-999.7386	-1067.06	67.32121	0.6111333	0.7839534	2.126241
33912	-1009.183	-1076.81	67.62648	0.7901765	0.7839534	1.801104
33918	-1001.646	-1069.147	67.50101	0.7901765	0.8359464	1.845642
33924	-1000.252	-1067.679	67.42655	2.285196	0.55562	0.1942139
33930	-1006.281	-1073.899	67.61826	0.8984391	0.9546619	1.595562
33936	-1004.537	-1071.722	67.18543	0.3843872	1.018689	2.196474
33942	-999.6804	-1066.428	66.7479	0.8226259	0.9528015	2.239021
33948	-1004.104	-1071.53	67.42599	0.7819024	0.9755376	1.799343
33954	-1011.261	-1079.053	67.79182	0.8917877	1.017157	1.423449
33960	-1001.303	-1068.489	67.18626	0.8524309	1.446009	1.628952
33966	-999.6405	-1066.686	67.04528	0.774058	1.40104	1.807946
33972	-1001.787	-1070.116	68.32871	0.9946044	0.5574233	1.360297
33978	-1002.596	-1070.282	67.68571	1.074459	0.5078135	1.829214
33984	-998.8464	-1067.196	68.34964	1.166405	0.4705668	1.319069
33990	-1003.152	-1071.425	68.27234	1.196497	0.4705668	1.356757
33996	-1001.313	-1068.979	67.66548	0.7906147	0.6867127	1.85804
34002	-1001.76	-1069.377	67.61688	0.6073274	1.069608	1.723336
34008	-990.5287	-1057.807	67.27822	0.697935	0.8497542	2.047125
34014	-992.0638	-1059.279	67.21534	0.1201482	1.267755	2.202045
34020	-987.4	-1054.343	66.94338	0.1044714	1.039759	2.514819
34026	-991.7251	-1058.66	66.93448	0.3624646	1.277312	2.221796
34032	-991.0885	-1057.831	66.74252	0.1101779	1.07617	2.614353
34038	-987.0007	-1053.629	66.6282	0.1616521	1.192807	2.58757
34044	-990.02	-1057.029	67.00891	0.4267222	1.192807	2.178682
34050	-995.8961	-1062.505	66.60856	0.6701784	1.285056	2.2294
34056	-994.4664	-1061.708	67.24153	0.4591548	0.9360928	2.166108
34062	-990.6013	-1057.676	67.0743	0.7634264	0.9319156	2.079347
34068	-996.3392	-1063.674	67.33518	0.6486354	0.9319156	1.982437
34074	-1003.446	-1069.846	66.40017	0.7061672	1.160972	2.407299
34080	-1011.79	-1079.702	67.91253	0.8744389	0.9732029	1.37738
34086	-1008.477	-1075.739	67.26247	0.9850876	1.306229	1.556708
34092	-998.3485	-1065.392	67.04328	0.7467567	0.9097969	2.12606
34098	-992.3886	-1059.912	67.52321	0.5595743	1.131404	1.782042
34104	-990.3962	-1057.952	67.55618	0.787819	1.015284	1.675776
34110	-997.5142	-1064.911	67.39651	0.8584549	1.14065	1.654669
34116	-990.5199	-1058.189	67.66879	1.002547	1.134894	1.345785
34122	-996.489	-1063.554	67.06453	0.9195911	1.134894	1.84794
34128	-991.0401	-1058.276	67.23584	0.7482808	1.134894	1.84794
34134	-997.9042	-1065.565	67.66123	0.8694927	0.8243779	1.687826
34140	-995.0367	-1062.808	67.77165	0.8671379	0.8213805	1.612785
34146	-999.1173	-1066.69	67.57295	0.6344308	1.032231	1.760388
34152	-995.7669	-1063.08	67.31271	0.8743019	1.351586	1.574334
34158	-995.0777	-1062.797	67.71899	1.002108	0.7961569	1.574334
34164	-1009.363	-1076.633	67.27089	0.3714373	1.244756	2.013557
34170	-996.8229	-1064.442	67.61919	1.174107	0.9074445	1.425992
34176	-995.171	-1062.816	67.64484	1.151614	0.9261831	1.408103
34182	-988.5735	-1056.136	67.5626	0.9595623	0.9982374	1.559083
34188	-990.5144	-1058.075	67.56038	0.6733478	1.225577	1.616085
34194	-991.2103	-1059.279	68.06905	1.118757	0.6800572	1.329071
34200	-994.9561	-1062.182	67.22553	0.5800227	0.8528299	2.156781
34206	-1000.524	-1068.523	67.99903	0.895421	0.7377972	1.498511
34212	-1020.629	-1087.915	67.28579	0.8779113	0.9694966	1.834085
34218	-1015.155	-1082.354	67.19872	0.7773008	1.382932	1.708303
34224	-993.2521	-1060.611	67.35901	0.6626454	1.160021	1.806509
34230	-996.9812	-1064.425	67.44337	0.7250784	0.827628	1.935569
34236	-1005.256	-1072.296	67.04047	1.025048	1.065091	1.836676
34242	-993.8583	-1061.512	67.65356	0.7878875	1.197718	1.480435
34248	-999.5944	-1067.307	67.71231	0.5197088	1.197718	1.634715
34254	-988.8171	-1055.987	67.16961	0.6260665	1.181424	1.947601
34260	-998.4236	-1064.856	66.43285	0.5120398	1.181424	2.497297
34266	-1001.771	-1068.692	66.92042	0.1373416	1.058574	2.497297
34272	-1006.262	-1073.026	66.7634	0.122273	0.9868602	2.647878
34278	-1002.482	-1069.301	66.8189	0.1462246	1.381505	2.380135
34284	-1000.585	-1068.109	67.52425	0.2123065	0.9332892	2.144672
34290	-1000.818	-1068.836	68.01839	0.8728272	1.059147	1.223577
34296	-1002.056	-1069.517	67.46079	0.8448058	0.7614952	1.895872
34302	-995.9581	-1063.007	67.04861	0.6847616	0.8827821	2.182047
34308	-1000.502	-1067.775	67.27248	0.5237726	1.253889	1.905036
34314	-998.6679	-1065.715	67.04738	0.642167	0.9379453	2.172079
34320	-998.1316	-1065.049	66.91741	0.5422073	1.302797	2.102319
34326	-994.1522	-1061.424	67.27158	0.7944868	1.093581	1.817783
34332	-990.1756	-1057.915	67.73903	0.7946932	0.6352285	1.852717
34338	-992.179	-1059.702	67.52269	0.727163	0.8634172	1.852717
34344	-995.2949	-1062.099	66.80413	0.6047044	1.031511	2.291946
34350	-998.3251	-1066.027	67.70236	0.9245046	0.6290481	1.794517
34356	-996.3498	-1064.419	68.06942	0.83896	0.9242998	1.321337
34362	-995.1135	-1062.715	67.60125	1.01406	1.334794	1.252584
34368	-996.7738	-1064.864	68.08977	1.06893	0.7513765	1.278575
34374	-993.097	-1061.3	68.20299	1.127078	0.7085058	1.179711
34380	-990.8362	-1058.585	67.74932	1.010907	1.0672	1.325069
34386	-994.3532	-1061.966	67.61289	1.010907	1.217915	1.325069
34392	-998.4043	-1066.143	67.73877	1.092565	0.8188717	1.47245
34398	-1001.886	-1069.576	67.69031	0.976191	0.5513787	1.846013
34404	-987.4762	-1054.734	67.25737	0.6868375	0.8887173	2.039638
34410	-999.1858	-1066.658	67.4724	0.6565267	0.7752231	2.003462
34416	-989.8058	-1057.564	67.75862	0.8495028	0.9929425	1.499165
34422	-992.3069	-1059.977	67.66962	0.9029428	0.769349	1.704353
34428	-992.611	-1060.777	68.16615	1.096021	0.7879677	1.152881
34434	-998.1699	-1066.238	68.06844	1.040157	0.7984646	1.272986
34440	-1002.819	-1070.598	67.77931	1.244472	1.075926	1.092782
34446	-997.0322	-1065.02	67.98826	1.204565	0.9980178	1.003622
34452	-993.0385	-1061.43	68.39119	1.310772	0.4701612	1.163879
34458	-995.731	-1063.862	68.13091	1.358796	0.6603932	1.094
34464	-993.6824	-1060.398	66.71541	0.5919506	0.9446257	2.412083
34470	-1003.63	-1070.982	67.35135	0.9034442	1.000089	1.74944
34476	-998.6334	-1066.053	67.41969	0.817706	1.140602	1.667273
34482	-994.8763	-1061.712	66.83529	0.6842721	1.134857	2.15773
34488	-1004.654	-1072.819	68.165	0.8885804	1.134857	1.012306
34494	-992.4877	-1060.083	67.59578	1.070148	0.9040543	1.5251
34500	-1003.254	-1070.924	67.66984	0.9981858	1.062018	1.40178
34506	-1004.717	-1072.53	67.81277	1.119769	0.6488334	1.556912
34512	-1000.907	-1068.53	67.62224	0.7705599	0.8258007	1.783549
34518	-1003.473	-1071.392	67.91848	1.037472	0.8860583	1.316208
34524	-994.1384	-1061.147	67.00846	0.6591954	1.105989	2.078139
34530	-1000.48	-1067.605	67.12533	0.8299495	1.180725	1.839574
34536	-1010.263	-1077.473	67.21066	1.011227	0.7310123	1.977814
34542	-994.5933	-1061.76	67.16684	0.8791392	1.104782	1.82444
34548	-994.9824	-1061.804	66.82131	0.4704985	1.525457	2.100009
34554	-993.3508	-1060.374	67.02341	0.4418389	1.050594	2.243887
34560	-995.2203	-1062.137	66.91721	0.7624294	0.8562478	2.235807
34566	-993.8439	-1060.695	66.85158	0.5230806	0.8757544	2.416245
34572	-988.7694	-1056.403	67.63366	0.6503243	0.7740059	1.90021
34578	-988.2806	-1055.382	67.1016	0.7528656	1.063131	1.980948
34584	-990.9412	-1058.173	67.2323	0.7528656	0.879407	2.01923
34590	-986.9966	-1054.58	67.5831	0.8886185	0.9945026	1.598734
34596	-990.4493	-1057.849	67.39955	0.8884101	0.9820408	1.738931
34602	-993.3441	-1061.101	67.75712	0.6559697	0.7770594	1.809306
34608	-993.4492	-1060.712	67.26261	0.4961994	0.9525432	2.116991
34614	-983.7011	-1050.786	67.08438	0.541812	1.087	2.116991
34620	-986.4733	-1054.104	67.63054	0.7006853	0.7491054	1.888821
34626	-988.6703	-1055.941	67.27031	0.9627262	0.8127137	1.903586
34632	-1007.925	-1074.814	66.88837	0.7682348	1.188852	2.036084
34638	-999.5558	-1066.654	67.09865	0.7239066	0.971598	2.062201
34644	-1000.982	-1067.538	66.55659	0.8631319	0.7244896	2.500215
34650	-997.5144	-1064.364	66.84926	0.3710284	1.185974	2.320985
34656	-995.5759	-1062.18	66.60395	0.3963603	1.457129	2.320985
34662	-996.9539	-1063.875	66.92129	0.6219431	0.7812158	2.378497
34668	-1004.463	-1071.792	67.32927	0.6349474	0.7966418	2.095455
34674	-1007.224	-1074.641	67.41654	1.041847	0.9933182	1.609285
34680	-1012.178	-1080.016	67.83857	1.144046	0.9441364	1.243377
34686	-1013.31	-1080.684	67.3747	1.037108	1.156123	1.530172
34692	-1000.91	-1068.07	67.16055	0.7687282	0.8126187	2.106059
34698	-1006.681	-1074.374	67.69227	1.139269	0.8816721	1.418104
34704	-1002.116	-1069.016	66.90014	0.801759	0.928366	2.170608
34710	-1003.962	-1072.093	68.1306	1.195876	0.8858564	0.9872732
34716	-1003.724	-1071.919	68.19535	1.220191	0.9014623	0.8724212
34722	-999.8594	-1068.225	68.36599	1.275686	0.7674694	0.7803196
34728	-999.9934	-1067.77	67.77636	1.275686	1.395371	0.7613923
34734	-995.8705	-1063.665	67.79494	0.9994722	0.8277896	1.492528
34740	-1002.275	-1070.016	67.74096	1.603731	1.149092	0.5924558
34746	-1004.175	-1072.25	68.07536	1.693549	0.7452017	0.5939066
34752	-1005.46	-1072.954	67.49357	1.65601	1.365519	0.6280289
34758	-1004.11	-1071.874	67.76386	1.687963	1.042413	0.5648588
34764	-993.1355	-1061.506	68.37013	1.268396	0.6255087	0.9976167
34770	-993.7748	-1062.057	68.28221	1.378954	0.8326484	0.6042248
34776	-995.6425	-1063.925	68.28221	1.378954	0.8326484	0.6042248
34782	-996.3315	-1064.221	67.88912	1.718104	0.8897198	0.4350766
34788	-997.1529	-1065.054	67.90072	1.771734	0.8393764	0.491809
34794	-1001.929	-1069.562	67.63344	1.074001	0.7194951	1.652483
34800	-991.9083	-1059.202	67.29355	0.7770181	1.304468	1.685739
34806	-991.0456	-1058.47	67.42476	0.9893824	0.950888	1.672277
34812	-1016.956	-1084.579	67.62253	1.707917	1.181349	0.5195189
34818	-1010.493	-1078.445	67.95188	1.769244	0.7846413	0.4173799
34824	-994.1538	-1062.174	68.01998	1.151064	0.6049489	1.423944
34830	-998.0055	-1065.67	67.665	1.151064	1.234833	1.151478
34836	-1001.425	-1069.541	68.1165	1.280717	0.8558569	0.9484987
34842	-1001.471	-1069.035	67.56418	1.156297	1.306561	1.182751
34848	-997.5843	-1065.66	68.07583	0.7747053	0.6814909	1.584715
34854	-1005.517	-1072.597	67.07994	0.6757479	1.472842	1.814267
34860	-998.6185	-1065.812	67.19388	2.248362	0.8164598	0.2216838
34866	-1001.224	-1067.91	66.68618	2.270111	1.211214	0.1896212
34872	-1001.602	-1068.622	67.02046	0.5294388	1.455165	1.963229
34878	-993.2279	-1060.382	67.15426	0.6846959	1.107758	1.963229
34884	-993.8659	-1061.498	67.63253	0.9632145	0.9547291	1.537456
34890	-998.7088	-1066.21	67.50165	0.9114664	1.336881	1.413151
34896	-996.745	-1064.409	67.66376	0.9114664	0.8600173	1.626957
34902	-996.2775	-1063.872	67.59456	0.8087146	0.787863	1.807131
34908	-1007.231	-1074.709	67.47764	0.7500886	0.9453755	1.807131
34914	-993.9105	-1061.144	67.23316	0.7394362	1.565274	1.613589
34920	-991.7005	-1059.506	67.80579	0.9118015	0.96392	1.438548
34926	-992.7871	-1060.686	67.89881	0.8859695	1.116452	1.267555
34932	-997.6309	-1065.366	67.73526	0.8859695	1.2163	1.328249
34938	-991.9805	-1058.986	67.00561	1.008909	1.450104	1.644136
34944	-993.5223	-1061.036	67.51422	0.74222	0.6132294	2.059906
34950	-999.6933	-1066.266	66.57302	0.514467	1.167106	2.415741
34956	-998.7491	-1065.47	66.72075	0.3442738	1.049727	2.498072
34962	-1003.344	-1070.971	67.6271	0.7975411	0.8678111	1.728043
34968	-1000.125	-1067.097	66.97169	0.6939665	1.112208	2.075669
34974	-994.6734	-1062.172	67.49867	0.6298604	0.7427346	2.030224
34980	-1000.438	-1068.183	67.74571	1.026445	0.6029433	1.718993
34986	-1003.432	-1071.213	67.78047	0.6353371	0.7313258	1.846235
34992	-1001.375	-1068.447	67.07232	0.5739727	0.9683735	2.179683
34998	-1004.765	-1072.116	67.35049	0.7206217	0.9415858	1.916901
35004	-998.5253	-1065.642	67.11659	0.7659594	0.8861639	2.082183
35010	-1000.204	-1066.694	66.48987	0.5430385	1.099742	2.488525
35016	-1009.964	-1075.817	65.85326	0.3911203	1.46048	2.789657
35022	-991.8553	-1059.363	67.50748	0.9054956	1.193439	1.504657
35028	-996.8985	-1064.599	67.70038	0.8089815	0.9709977	1.588663
35034	-995.5854	-1062.998	67.4124	0.8541088	0.9500959	1.77683
35040	-1012.207	-1078.423	66.21545	0.4376623	1.263622	2.63464
35046	-1013.775	-1080.786	67.01144	0.4049046	1.108976	2.239886
35052	-1000.23	-1067.108	66.87805	0.4202493	1.069134	2.339312
35058	-1005.169	-1072.118	66.94956	0.7732204	1.085888	2.054157
35064	-1008.75	-1076.492	67.74153	0.7146654	1.365887	1.361424
35070	-999.0358	-1066.954	67.91808	1.095665	0.5816264	1.567809
35076	-998.2572	-1065.711	67.45349	0.8058445	0.8116376	1.886578
35082	-994.4658	-1062.121	67.65535	0.9604379	1.082645	1.427045
35088	-996.7328	-1064.14	67.40757	0.7714934	1.220711	1.658439
35094	-994.5129	-1062.219	67.70583	0.631743	0.7725549	1.864926
35100	-989.4197	-1057.019	67.59876	0.7913964	0.7725549	1.828869
35106	-995.8063	-1063.432	67.62589	0.7788301	1.064589	1.59758
35112	-999.2756	-1066.347	67.07147	0.7776591	1.519705	1.725111
35118	-1000.828	-1068.152	67.32405	0.8036293	0.9857654	1.847455
35124	-1012.691	-1080.274	67.58302	1.098115	1.093109	1.368525
35130	-1004.111	-1072.172	68.06057	0.8992756	0.8586365	1.33745
35136	-1006.309	-1074.773	68.46379	1.199911	0.5878184	1.026473
35142	-1009.319	-1077.151	67.83141	1.114161	0.711409	1.485246
35148	-1010.991	-1078.899	67.908	1.168685	0.8230752	1.275577
35154	-1005.828	-1072.781	66.95291	0.4984719	1.125941	2.207225
35160	-1005.827	-1073.973	68.14588	1.168685	0.7128059	1.188339
35166	-1006.646	-1073.41	66.76364	1.102508	2.358335	1.33283
35172	-1002.505	-1070.024	67.51899	1.102508	1.129628	1.388854
35178	-1001.378	-1068.53	67.15189	0.8805505	1.039352	1.876264
35184	-1005.08	-1071.988	66.90714	0.8685023	1.227792	1.933958
35190	-996.454	-1064.363	67.9093	0.8644869	0.9635458	1.395423
35196	-998.1843	-1065.562	67.37755	0.9178949	1.104519	1.649392
35202	-987.7666	-1056.025	68.25863	1.088172	0.7448473	1.12426
35208	-994.8396	-1063.18	68.34089	1.276263	0.6392452	0.9997582
35214	-997.2293	-1065.039	67.81001	1.276263	1.290949	0.8279056
35220	-999.4004	-1067.385	67.98475	1.276263	0.8104972	1.130239
35226	-997.5107	-1065.397	67.88596	0.843868	0.7903137	1.573022
35232	-1006.986	-1074.121	67.13511	1.594726	1.88041	0.7433709
35238	-1002.187	-1070.382	68.19499	1.359606	0.7510174	0.9118186
35244	-1000.451	-1068.162	67.71056	0.7042021	0.7936438	1.794416
35250	-992.6693	-1059.912	67.24295	0.7667718	1.221313	1.777521
35256	-990.454	-1058.347	67.89318	0.6660676	0.897532	1.608621
35262	-991.6469	-1059.537	67.89048	1.090956	0.897532	1.285363
35268	-994.0157	-1062.444	68.42813	1.090956	0.570549	1.182336
35274	-993.1233	-1061.088	67.96478	0.9468653	1.082132	1.187468
35280	-986.2714	-1054.245	67.97386	1.077199	1.039764	1.099575
35286	-992.0413	-1059.541	67.49988	1.077199	1.483771	1.18767
35292	-997.0759	-1065.083	68.00656	1.031235	0.8227308	1.307628
35298	-1001.584	-1068.872	67.28833	0.6369387	0.8278841	2.097083
35304	-1000.296	-1067.393	67.09776	0.5650999	1.080309	2.097083
35310	-999.733	-1067.148	67.41504	0.4477833	1.115197	1.942573
35316	-999.0067	-1066.608	67.60115	0.625163	0.8733034	1.861305
35322	-992.8273	-1060.741	67.9137	0.8889307	0.9064178	1.419648
35328	-1001.255	-1068.802	67.54671	0.7874647	1.224165	1.54348
35334	-1004.213	-1071.588	67.37498	0.7874647	1.633604	1.43676
35340	-995.1629	-1062.561	67.39855	0.7874647	1.276258	1.619648
35346	-991.3627	-1058.928	67.56571	0.7635437	1.152103	1.59354
35352	-989.5223	-1056.731	67.20833	0.6727159	1.152103	1.907586
35358	-985.0482	-1052.392	67.34415	0.7016075	0.967332	1.91602
35364	-997.7687	-1065.088	67.31905	0.500755	0.7559823	2.221374
35370	-1000.521	-1067.489	66.96784	0.5529199	1.213408	2.111501
35376	-996.4961	-1064.22	67.72353	0.9203682	0.9257641	1.524224
35382	-1003.005	-1070.151	67.1462	0.7281864	1.169157	1.901766
35388	-996.2045	-1063.728	67.52302	0.8737168	1.169157	1.53272
35394	-997.6363	-1065.419	67.78242	1.048896	1.038162	1.290136
35400	-996.243	-1063.659	67.41576	0.7820566	1.269507	1.615178
35406	-996.1227	-1063.115	66.99255	0.4722927	1.48069	2.007336
35412	-1007.338	-1074.801	67.46358	1.410521	1.53469	0.8579513
35418	-1002.796	-1071.123	68.32743	1.251981	0.6003499	1.089016
35424	-994.1681	-1062.032	67.86412	0.858283	0.6485592	1.708679
35430	-997.5237	-1065.192	67.66788	0.858283	0.8986785	1.631653
35436	-993.6089	-1061.951	68.34212	1.118913	0.7591692	0.9994792
35442	-1000.089	-1068.133	68.04361	1.247478	0.9271777	0.978035
35448	-998.7465	-1066.497	67.75089	1.454449	0.9271777	1.062169
35454	-995.4724	-1062.976	67.50373	1.134207	1.257243	1.28649
35460	-989.3939	-1057.44	68.04579	1.120168	0.8041229	1.219517
35466	-1004.02	-1072.04	68.0199	1.093514	1.115719	0.9695856
35472	-1001.53	-1069.266	67.73595	1.350321	1.232174	0.8870706
35478	-989.2769	-1057.526	68.24864	1.204984	0.8183017	0.9340673
35484	-989.6461	-1057.743	68.09706	1.204984	0.985991	0.9012898
35490	-992.4368	-1059.938	67.50144	1.226653	1.567662	0.9914913
35496	-994.9981	-1062.632	67.63358	1.226653	1.486159	0.9145465
35502	-991.6599	-1059.302	67.64225	1.317352	1.252423	1.003449
35508	-998.8739	-1067.025	68.15095	1.238894	0.8762974	0.9320827
35514	-1005.038	-1072.008	66.97012	2.195619	1.298048	0.3394119
35520	-999.6982	-1067.614	67.91575	0.9277816	0.8086964	1.472198
35526	-1001.54	-1069.075	67.53491	0.5357726	0.7791495	2.039009
35532	-1003.969	-1072.432	68.46298	1.603175	0.4973865	0.7154328
35538	-1006.594	-1074.378	67.78368	1.469451	1.170399	0.7396841
35544	-1011.302	-1078.69	67.38792	1.371315	1.82435	0.7517203
35550	-995.0529	-1062.427	67.37369	0.6700587	0.793603	2.045403
35556	-996.7638	-1064.812	68.04804	0.8321696	0.8014112	1.450821
35562	-996.2933	-1063.459	67.16615	0.573811	0.9477699	2.132557
35568	-993.7294	-1060.375	66.64552	0.6102545	1.225602	2.276327
35574	-993.4671	-1060.566	67.09906	0.4878803	1.301765	2.018811
35580	-1005.856	-1073.495	67.63916	1.222022	1.195323	1.141712
35586	-1010.701	-1078.252	67.55097	0.9787375	0.9110815	1.619438
35592	-998.5064	-1065.331	66.82484	0.5770265	1.229924	2.179758
35598	-1000.496	-1068.234	67.73822	0.7868274	0.7192715	1.781374
35604	-993.3356	-1059.921	66.58588	0.6495464	1.254862	2.273433
35610	-994.9146	-1061.418	66.50295	0.5159653	1.037906	2.533988
35616	-998.4853	-1065.077	66.59207	0.6498309	1.676462	2.063442
35622	-996.8527	-1063.47	66.61681	0.8402186	1.129106	2.201705
35628	-1002.206	-1069.901	67.69551	0.8473531	0.7703359	1.724471
35634	-1000.89	-1068.418	67.52815	0.9016821	0.886951	1.709505
35640	-1007.516	-1074.943	67.42652	1.729796	1.327114	0.3556122
35646	-1003.97	-1071.906	67.9366	1.590351	0.9618224	0.4233578
35652	-1008.332	-1076.608	68.27608	1.466769	0.765946	0.5955583
35658	-1003.642	-1071.538	67.89571	1.500631	1.107206	0.5310234
35664	-1000.9	-1068.223	67.32231	1.89529	1.221605	0.327096
35670	-995.8847	-1063.678	67.79342	1.791263	0.9180626	0.4757781
35676	-994.8657	-1063.186	68.32023	1.577714	0.6554654	0.5429384
35682	-1003.835	-1071.952	68.11741	1.721238	0.6953409	0.4341402
35688	-1005.538	-1072.75	67.2117	1.765835	1.583778	0.3752102
35694	-1006.044	-1073.803	67.75902	1.330561	0.7665015	1.319682
35700	-1001.763	-1069.471	67.70828	0.9936875	0.9315658	1.476071
35706	-998.1096	-1066.395	68.28532	1.195261	0.6803049	1.077682
35712	-997.7249	-1065.694	67.96901	1.148071	0.920707	1.149035
35718	-995.5728	-1063.445	67.8726	1.190877	0.9977865	1.125895
35724	-999.7637	-1067.664	67.90066	1.207994	0.9534433	1.125895
35730	-996.9354	-1065.048	68.11212	1.172666	0.5849686	1.357962
35736	-999.726	-1067.765	68.03913	1.124254	0.6343259	1.397548
35742	-1004.115	-1072.626	68.51085	1.281337	0.5387221	0.9726309
35748	-999.2383	-1067.183	67.9449	1.412831	0.9191708	0.9164383
35754	-1002.012	-1069.898	67.88579	1.524376	0.9801749	0.7741321
35760	-1008.161	-1075.572	67.41068	1.93731	1.003046	0.2735092
35766	-1005.641	-1073.571	67.92922	1.877993	0.6988527	0.3769756
35772	-1005.103	-1072.589	67.48672	1.877993	1.123631	0.4102438
35778	-1004.921	-1072.413	67.49265	1.746303	1.233266	0.3616747
35784	-998.6538	-1066.047	67.39316	0.6608709	1.035111	1.864343
35790	-1001.729	-1068.93	67.20113	0.8794234	1.210564	1.734491
35796	-990.3595	-1057.954	67.59488	0.6990675	1.12116	1.639439
35802	-992.9595	-1060.039	67.07922	0.7550038	1.082837	1.981986
35808	-992.815	-1060.475	67.6602	0.5638273	1.029373	1.750705
35814	-995.1497	-1063.322	68.17259	1.476902	0.8473658	0.58848
35820	-997.1731	-1065.048	67.87508	1.511438	1.051997	0.7004654
35826	-1002.247	-1069.782	67.53447	1.511438	1.502029	0.6276093
35832	-1003.672	-1071.277	67.60492	1.141197	1.170816	1.258888
35838	-1002.47	-1070.086	67.61601	1.044269	1.170816	1.328843
35844	-985.3354	-1053	67.66451	0.7328627	0.9165331	1.709861
35850	-993.2808	-1060.185	66.90418	0.7134896	0.9057493	2.24067
35856	-996.5211	-1063.835	67.31386	0.670632	0.9057493	2.000593
35862	-994.0176	-1061.335	67.31697	0.6876525	0.9514412	1.954805
35868	-995.5552	-1062.728	67.17226	0.763631	0.5525225	2.325995
35874	-992.4435	-1059.344	66.90047	0.4146199	1.109255	2.304637
35880	-987.7761	-1055.468	67.69222	0.7713467	0.8220687	1.737139
35886	-992.2046	-1059.507	67.30221	0.8039511	0.9425439	1.892459
35892	-995.4346	-1063.081	67.64668	1.015069	0.8983674	1.532768
35898	-995.4406	-1063.474	68.03317	0.874902	0.700811	1.523594
35904	-993.892	-1061.614	67.72176	0.949399	1.366382	1.183883
35910	-994.782	-1062.12	67.33771	0.9534184	1.088172	1.663409
35916	-991.4032	-1059.409	68.00564	1.058764	0.7496336	1.356317
35922	-994.9957	-1062.131	67.13554	0.787354	0.7653852	2.147057
35928	-996.7883	-1064.116	67.32776	0.5638534	0.7993799	2.140855
35934	-995.0991	-1063.378	68.2788	0.8423983	0.7470995	1.313419
35940	-996.4458	-1064.384	67.93856	0.8178195	0.8847137	1.473007
35946	-992.019	-1059.672	67.65313	0.6520923	0.915647	1.77514
35952	-991.6793	-1058.869	67.18981	0.8314316	1.221149	1.769599
35958	-1002.379	-1069.178	66.79936	0.736528	1.038286	2.206008
35964	-999.5483	-1066.585	67.03645	0.9852809	1.213922	1.773599
35970	-995.5973	-1062.585	66.98799	0.6016499	1.230275	2.05665
35976	-999.7867	-1067.579	67.79256	0.5388732	0.8202157	1.830437
35982	-1001.973	-1069.932	67.95889	1.030921	0.8207937	1.347913
35988	-996.1446	-1063.801	67.65637	1.259318	1.390684	0.9330396
35994	-989.4754	-1057.443	67.96761	1.259318	0.8688595	1.100873
36000	-990.8434	-1058.846	68.00251	1.353403	0.8835928	0.9595608
36006	-992.2755	-1060.448	68.17251	1.353403	0.7383459	0.9595608
36012	-991.2432	-1059.009	67.76608	0.9376451	0.9230578	1.481546
36018	-1000.297	-1068.195	67.8976	0.9513607	1.150429	1.187301
36024	-1012.358	-1080.376	68.01766	1.245058	1.011903	0.9161776
36030	-995.247	-1063.184	67.93701	1.147585	1.070277	1.040578
36036	-994.9647	-1063.098	68.13338	1.160669	0.7773153	1.135917
36042	-998.5869	-1066.653	68.0662	1.575188	0.8440973	0.6224223
36048	-995.797	-1064.031	68.23364	1.380132	0.6777335	0.9494668
36054	-994.5683	-1062.366	67.79738	0.6900998	1.021955	1.567279
36060	-992.611	-1059.839	67.22763	0.6565944	1.214223	1.868203
36066	-989.4464	-1056.468	67.02145	0.6695503	1.289447	1.956057
36072	-999.2911	-1067.602	68.31138	1.514895	0.6826533	0.6520811
36078	-998.16	-1065.68	67.51997	1.237292	1.52474	0.9931195
36084	-995.2484	-1063.396	68.14787	1.334385	0.6379303	1.128837
36090	-991.2236	-1059.143	67.91955	1.396656	1.087964	0.7579901
36096	-992.9811	-1061.134	68.15296	1.220333	0.9141447	0.9051263
36102	-1005.203	-1071.439	66.23616	0.2475255	1.058005	2.850802
36108	-1009.888	-1076.121	66.2334	0.2044292	1.106667	2.850802
36114	-997.7461	-1065.729	67.98284	0.9414138	0.8924818	1.33602
36120	-998.6434	-1066.62	67.97639	0.9414138	0.8984251	1.33602
36126	-997.2053	-1065.308	68.10244	1.01497	0.7888465	1.275127
36132	-1008.635	-1075.19	66.55533	0.14174	1.446619	2.517121
36138	-1005.274	-1071.451	66.17662	0.5339437	1.446619	2.5087
36144	-1001.468	-1068.62	67.15172	0.4584838	1.251383	2.031171
36150	-992.2528	-1059.97	67.71682	0.8481968	0.9640629	1.553052
36156	-995.0482	-1062.619	67.57095	0.633633	0.7127282	2.0049
36162	-992.4442	-1060.463	68.01898	0.8355668	0.8497511	1.427765
36168	-995.6079	-1063.536	67.92794	0.8725461	0.6537324	1.648018
36174	-992.003	-1059.158	67.15484	0.7386088	1.046933	1.965259
36180	-995.0839	-1062.761	67.67736	0.6451216	0.8400821	1.820888
36186	-992.872	-1060.264	67.39161	0.7097476	1.061799	1.814161
36192	-992.8689	-1060.317	67.44806	1.043348	0.8771619	1.673427
36198	-999.7505	-1066.74	66.98925	0.7135967	1.559384	1.807223
36204	-998.6967	-1065.771	67.07454	0.7800642	1.536673	1.712589
36210	-1000.537	-1067.644	67.10776	0.6077597	1.462612	1.847148
36216	-994.5526	-1061.817	67.26434	0.5016129	1.035448	2.057519
36222	-993.9226	-1060.385	66.46192	0.3175962	1.035448	2.683556
36228	-998.7903	-1065.891	67.1005	0.3765334	0.8699704	2.355538
36234	-1006.416	-1073.001	66.58454	0.5387851	1.299022	2.321625
36240	-999.6418	-1066.801	67.15964	0.5479593	0.7207109	2.321625
36246	-1001.009	-1068.357	67.34851	0.5257934	0.8782238	2.093334
36252	-991.1266	-1058.594	67.46725	0.6794713	1.063078	1.781898
36258	-994.1814	-1062.065	67.88354	0.8729875	0.8700731	1.485087
36264	-999.5168	-1067.03	67.51369	0.7069883	0.6981614	2.006736
36270	-998.9142	-1066.575	67.66101	0.8417209	0.9413623	1.615759
36276	-1005.353	-1072.724	67.37095	0.4895292	0.8868284	2.096211
36282	-996.3728	-1063.131	66.75809	0.4033843	0.9540486	2.497533
36288	-1001.461	-1068.311	66.84993	0.6711871	0.9540486	2.269932
36294	-1001.091	-1068.036	66.94522	0.7837988	0.7684873	2.269932
36300	-989.8715	-1057.483	67.61114	0.8968897	1.007886	1.562397
36306	-983.3563	-1051.066	67.70948	0.9382493	1.105853	1.385435
36312	-989.2855	-1057.276	67.9909	1.214792	0.8530762	1.136037
36318	-993.6034	-1061.739	68.13536	1.294437	0.6741288	1.131603
36324	-997.3426	-1064.143	66.80002	0.6568195	1.20867	2.155916
36330	-1004.15	-1071.48	67.32986	0.6437832	1.054133	1.906523
36336	-995.0631	-1062.234	67.17058	0.59569	0.9875639	2.088589
36342	-993.5764	-1060.252	66.67575	0.605858	1.063438	2.353365
36348	-998.764	-1065.022	66.25756	0.3142793	1.063438	2.794073
36354	-994.7407	-1061.337	66.59609	0.4280347	0.8377971	2.661066
36360	-990.1999	-1056.354	66.15363	0.4948056	0.8391066	2.88931
36366	-991.7873	-1058.658	66.87091	0.487836	1.047736	2.313869
36372	-994.3032	-1061.495	67.19218	0.6339188	0.648462	2.307013
36378	-1002.933	-1070.812	67.87982	0.8114951	0.8295671	1.567594
36384	-995.5731	-1062.949	67.37604	0.7765003	1.072805	1.771402
36390	-993.9243	-1060.864	66.93934	0.254549	0.9806592	2.460138
36396	-995.1287	-1062.309	67.18012	0.5221922	1.019541	2.109638
36402	-994.2841	-1061.3	67.01636	0.330186	1.019541	2.339157
36408	-999.8443	-1066.452	66.60772	0.3933377	1.034265	2.54731
36414	-991.3832	-1058.119	66.73587	0.4199866	1.153242	2.380376
36420	-999.3155	-1066.493	67.17771	0.5238486	0.9720561	2.141278
36426	-995.1097	-1061.383	66.27322	0.2662056	0.9296767	2.895171
36432	-1000.816	-1067.166	66.35003	0.2491641	1.10013	2.756296
36438	-1002.66	-1069.614	66.95443	0.2306831	0.7110018	2.656444
36444	-991.7918	-1058.243	66.45096	0.2436444	1.110839	2.691786
36450	-990.5225	-1056.952	66.42957	0.1866889	1.157447	2.713844
36456	-991.8523	-1058.349	66.49649	0.4657232	1.316467	2.41472
36462	-999.8701	-1066.618	66.7483	0.3557906	1.383857	2.290554
36468	-994.4917	-1061.607	67.11506	0.4654698	1.098786	2.139631
36474	-1009.69	-1077.41	67.72017	0.9466109	0.9896132	1.457374
36480	-1006.832	-1073.681	66.84882	0.1713031	0.9959184	2.559032
36486	-1003.072	-1070.047	66.97551	0.4429564	1.064857	2.265157
36492	-1000.768	-1067.562	66.79431	0.624533	0.8868467	2.380639
36498	-998.2219	-1064.958	66.73649	0.5369491	0.8580688	2.492163
36504	-995.9707	-1062.604	66.63363	0.04473886	0.9124132	2.822094
36510	-1012.571	-1080.042	67.47108	0.9901233	1.051278	1.565613
36516	-1006.444	-1073.553	67.1092	0.7965285	1.305814	1.800554
36522	-1005.613	-1073.124	67.51096	0.5001507	1.062643	1.87551
36528	-1002.739	-1070.206	67.46611	0.8059346	0.728417	1.946355
36534	-996.5635	-1062.783	66.21985	0.09277905	0.9945794	2.991527
36540	-998.9462	-1066.197	67.2506	0.03839212	1.018365	2.376414
36546	-999.783	-1066.93	67.14732	0.03886645	1.126675	2.376414
36552	-1004.69	-1072.608	67.91785	0.9293057	0.9446545	1.353132
36558	-1012.896	-1081.218	68.3219	0.7066302	0.7854963	1.350155
36564	-995.4754	-1062.419	66.94391	0.003840519	0.8094086	2.728094
36570	-999.7243	-1066.564	66.83953	0.00447859	0.9017127	2.728094
36576	-993.7101	-1060.379	66.66889	0.01329346	1.205957	2.647033
36582	-992.3602	-1058.756	66.39605	0.04255033	0.9177946	2.96356
36588	-993.0376	-1059.549	66.51173	0.01575997	0.9490252	2.890132
36594	-996.3188	-1062.812	66.49361	0.02220385	1.050743	2.835542
36600	-991.8592	-1058.527	66.66754	0.006817739	0.895601	2.835542
36606	-998.758	-1065.323	66.56525	0.01443296	0.895601	2.892894
36612	-998.9804	-1065.115	66.13429	0.01406331	1.364156	2.892894
36618	-999.3668	-1066.073	66.70572	0.009731179	0.7768745	2.892894
36624	-1003.135	-1069.156	66.02078	0.03706985	0.8459729	3.237612
36630	-1000.26	-1067.668	67.40782	0.8397711	1.237904	1.598378
36636	-994.9393	-1062.366	67.42698	0.7198537	0.9553971	1.855609
36642	-997.2276	-1064.234	67.00679	0.5578196	0.9810804	2.224142
36648	-996.7816	-1063.922	67.13997	0.7200628	0.7090375	2.233546
36654	-993.8861	-1061.646	67.76013	0.8112235	0.8472285	1.640116
36660	-998.3948	-1065.331	66.9361	0.7717176	1.20823	1.990773
36666	-994.0069	-1061.289	67.28166	0.8216817	1.150732	1.755511
36672	-992.4362	-1059.311	66.87431	0.6801417	1.565101	1.905998
36678	-994.4691	-1061.854	67.385	0.8068867	0.7037706	2.021033
36684	-992.7229	-1060.136	67.41335	0.8931716	1.242719	1.552211
36690	-995.0263	-1062.228	67.20158	0.8931716	0.8001322	2.006415
36696	-995.1171	-1062.677	67.56013	0.8931716	1.267699	1.425847
36702	-995.6969	-1063.338	67.64073	0.8937715	1.244055	1.378209
36708	-999.5452	-1067.162	67.61679	0.8908264	0.9674808	1.592558
36714	-996.636	-1064.371	67.73497	0.8132746	0.9284486	1.592558
36720	-1002.163	-1069.456	67.2939	0.6063156	1.047849	1.960124
36726	-1000.886	-1068.666	67.78009	0.7699842	0.8431332	1.658717
36732	-997.4087	-1064.433	67.0239	0.6387474	1.014759	2.138665
36738	-996.896	-1064.869	67.97281	1.130188	0.7522998	1.322897
36744	-1005.345	-1071.646	66.30075	0.3552054	0.9685263	2.799991
36750	-991.4928	-1059.178	67.68547	0.9693727	1.374833	1.192226
36756	-997.1223	-1065.091	67.96823	0.9693727	1.125371	1.12931
36762	-1000.847	-1068.364	67.51717	0.927692	1.013754	1.604312
36768	-997.9167	-1064.946	67.02961	0.6487967	0.9746057	2.154668
36774	-1001.179	-1069.403	68.22342	1.441912	0.6511692	0.9327553
36780	-1003.383	-1071.1	67.71707	1.441912	1.281963	0.7373359
36786	-1000.562	-1068.528	67.96609	1.441912	0.964084	0.7996471
36792	-996.2025	-1064.346	68.14356	1.286095	0.7556659	1.034577
36798	-1012.023	-1079.844	67.82117	0.985093	1.37473	1.05579
36804	-1007.936	-1075.712	67.77614	0.9378726	0.9421231	1.45853
36810	-1003.002	-1070.676	67.67336	0.9896465	0.9194539	1.514984
36816	-1000.069	-1067.379	67.31019	0.6036693	0.8557861	2.083741
36822	-997.6897	-1065.32	67.63021	0.7060423	1.107805	1.617797
36828	-1000.225	-1068.153	67.92788	1.019099	0.9789157	1.243226
36834	-1008.955	-1076.489	67.53391	1.152698	1.382552	1.159328
36840	-1006.557	-1074.35	67.79275	0.8760586	1.075757	1.390994
36846	-1004.18	-1071.89	67.71002	0.8408318	1.075757	1.481491
36852	-998.3451	-1065.91	67.56455	0.8310565	1.249487	1.481491
36858	-997.913	-1065.925	68.01252	1.123761	0.8660175	1.184304
36864	-1000.567	-1068.559	67.99262	1.123761	0.6678838	1.398315
36870	-999.2219	-1067.029	67.80688	1.067779	0.9838817	1.298695
36876	-1001.494	-1069.425	67.93084	1.012499	0.9652617	1.257879
36882	-998.7557	-1066.571	67.81504	0.7172529	0.8114006	1.697404
36888	-996.6929	-1064.738	68.04489	0.9839521	0.8201394	1.317282
36894	-996.9885	-1064.991	68.00246	1.095397	0.7100836	1.369328
36900	-1000.733	-1068.666	67.93323	0.9933887	0.9764609	1.262249
36906	-998.3919	-1065.996	67.60419	0.8465016	0.9783044	1.625842
36912	-999.0579	-1066.474	67.41587	0.9040088	1.208647	1.56389
36918	-1003.691	-1071.762	68.07087	1.122022	0.8965547	1.104202
36924	-994.7374	-1062.561	67.82388	1.108839	1.094871	1.158687
36930	-1000.511	-1068.234	67.72327	1.204956	1.092389	1.164667
36936	-998.417	-1066.653	68.23559	1.074951	0.7342919	1.168132
36942	-1004.955	-1073.111	68.15559	1.182983	0.5743794	1.327689
36948	-1006.305	-1074.817	68.5119	1.257411	0.5097369	1.041427
36954	-1002.564	-1070.601	68.03688	1.108774	0.7380087	1.302793
36960	-1003.781	-1071.647	67.86647	0.9983355	0.8085679	1.456156
36966	-995.2083	-1063.372	68.16385	1.048778	0.8466837	1.136291
36972	-994.2718	-1062.061	67.78913	1.577584	1.088728	0.6726741
36978	-994.3069	-1062.139	67.83238	1.57039	1.045335	0.6827291
36984	-1000.389	-1068.657	68.26759	1.557241	0.7115351	0.5349888
36990	-1005.575	-1072.362	66.78679	2.045392	1.598287	0.2606529
36996	-1006.923	-1074.292	67.36935	2.045392	0.9930758	0.3137371
37002	-1005.657	-1072.992	67.33512	2.040483	0.9930758	0.2846427
37008	-1010.05	-1078.11	68.0594	2.040483	0.4814717	0.3401041
37014	-999.4757	-1067.494	68.01803	1.197591	1.100472	0.8731744
37020	-1002.07	-1069.948	67.87817	1.220812	1.328427	0.7700686
37026	-999.9618	-1067.69	67.72776	0.8930406	1.220774	1.325501
37032	-1010.268	-1077.301	67.03275	0.7597624	1.421012	1.815854
37038	-1009.817	-1077.668	67.85046	0.9150602	0.7977747	1.540205
37044	-1003.401	-1069.503	66.10172	0.7522831	1.641468	2.330029
37050	-1002.42	-1069.8	67.37989	1.119767	1.348739	1.337709
37056	-1001.056	-1068.783	67.72703	0.9765898	1.110725	1.337709
37062	-999.4838	-1067.335	67.85106	0.9645861	0.9841921	1.345893
37068	-1003.073	-1070.49	67.41731	0.9602391	1.049448	1.627799
37074	-1000.752	-1068.514	67.76151	0.931341	0.666634	1.712167
37080	-1005.806	-1073.811	68.00473	1.019021	0.9713053	1.184543
37086	-998.5574	-1066.19	67.63292	1.083619	0.9501617	1.450226
37092	-1006.494	-1073.735	67.24066	1.083619	1.117398	1.620055
37098	-1000.784	-1067.991	67.2071	0.8725137	0.9690604	1.891859
37104	-1003.279	-1070.929	67.65064	0.8035313	0.8802732	1.697462
37110	-1000.273	-1066.864	66.59121	0.3725832	0.8387828	2.697466
37116	-1000.808	-1067.162	66.35411	0.4250387	1.199143	2.590772
37122	-995.4628	-1063.053	67.59046	0.6204529	0.7186093	1.995663
37128	-991.339	-1058.666	67.32727	0.6746072	0.782707	2.081614
37134	-989.6133	-1057.176	67.56254	0.7768043	0.9187619	1.748998
37140	-988.5038	-1055.765	67.26136	0.5655378	1.001381	2.039429
37146	-1000.44	-1068.054	67.614	0.7650907	0.5982717	1.992832
37152	-989.9889	-1057.367	67.37837	0.8152202	0.9873743	1.800937
37158	-995.1658	-1062.439	67.27285	0.709063	0.9873743	1.945337
37164	-991.4584	-1058.588	67.12963	0.5502149	0.9873743	2.145291
37170	-996.9631	-1064.083	67.12032	0.545289	0.901995	2.212368
37176	-986.8264	-1054.224	67.39767	0.4264061	1.003684	2.039776
37182	-997.122	-1064.024	66.9021	0.7345622	1.205309	2.039776
37188	-1001.12	-1068.019	66.89898	0.6465544	1.388871	2.000071
37194	-996.2233	-1063.656	67.4323	0.6948824	0.8002448	1.984689
37200	-993.4356	-1060.83	67.39399	0.4395172	0.8738068	2.123271
37206	-987.4059	-1054.291	66.88464	0.5866462	1.025239	2.255854
37212	-988.3346	-1055.292	66.95709	0.4430519	1.123144	2.241925
37218	-991.8065	-1058.934	67.12726	0.5832738	1.123144	2.039384
37224	-994.5179	-1062.051	67.53311	0.5839871	0.8574612	1.947324
37230	-997.1417	-1065.087	67.94553	0.8827016	0.7118134	1.57206
37236	-994.4695	-1062.234	67.76463	0.8827016	0.7990664	1.625484
37242	-993.455	-1060.797	67.34164	0.8010977	1.382549	1.588852
37248	-992.165	-1059.737	67.57216	0.7518636	1.088958	1.639294
37254	-993.5052	-1061.077	67.57203	0.6351532	0.8008664	1.930473
37260	-988.4334	-1055.907	67.47325	0.5896668	0.7575708	2.061496
37266	-987.8884	-1054.951	67.06283	0.7536725	0.8236639	2.171291
37272	-989.6958	-1055.988	66.29202	0.5765215	1.132463	2.572175
37278	-999.9526	-1066.142	66.1894	0.4174008	0.6210178	3.080374
37284	-1001.173	-1067.858	66.68436	0.4935716	1.207112	2.336202
37290	-992.9658	-1059.627	66.66083	0.4403436	1.235629	2.369373
37296	-1000.171	-1067.587	67.416	0.6432239	0.8740781	1.973755
37302	-996.059	-1062.939	66.87955	0.601988	0.9128627	2.322948
37308	-987.9613	-1054.875	66.91343	0.387708	1.093387	2.322948
37314	-991.1208	-1057.837	66.7167	0.6307835	1.020008	2.338271
37320	-1002.894	-1070.057	67.16364	0.4039582	1.163755	2.109368
37326	-1006.343	-1073.877	67.53444	0.3477403	1.163755	1.899742
37332	-1007.552	-1074.243	66.691	0.3032433	1.00854	2.56728
37338	-1008.461	-1075.941	67.48003	0.6752538	0.774848	1.986178
37344	-999.2497	-1066.172	66.92209	0.7322023	1.376582	1.933592
37350	-989.186	-1056.633	67.44725	0.6633908	0.8925174	1.925573
37356	-994.6939	-1061.848	67.15415	0.5380238	1.306845	1.945669
37362	-993.0963	-1060.771	67.67475	0.8025101	0.8077834	1.739203
37368	-990.5763	-1058.074	67.49757	0.5100619	0.8077834	2.058221
37374	-996.5348	-1063.521	66.98658	0.649509	1.174891	2.057798
37380	-1002.559	-1069.677	67.11794	0.6882973	1.281302	1.88269
37386	-1008.676	-1076.226	67.5501	1.038274	0.8531167	1.623056
37392	-996.0856	-1063.086	67.00041	0.227104	1.164968	2.32823
37398	-991.9457	-1059.097	67.15145	0.7793204	1.029621	1.951499
37404	-987.1635	-1054.188	67.02414	0.4871243	1.249944	2.097261
37410	-990.3742	-1057.872	67.49819	0.7048378	1.045	1.754756
37416	-991.0512	-1058.385	67.33422	0.8174644	1.083577	1.764906
37422	-998.765	-1066.052	67.28664	0.838394	1.421843	1.579577
37428	-1002.127	-1069.708	67.58129	0.9325389	0.996351	1.566605
37434	-1003.086	-1070.998	67.9118	0.9246199	1.09885	1.238141
37440	-993.4086	-1061.268	67.85937	0.8541757	0.7862934	1.58844
37446	-994.0072	-1060.436	66.4285	0.439827	1.068317	2.609297
37452	-998.4138	-1065.838	67.42391	0.4350457	0.6671233	2.269739
37458	-989.7327	-1057.162	67.42964	0.7353682	1.144715	1.716015
37464	-992.8056	-1059.799	66.99329	0.8589212	0.9489417	2.058036
37470	-1001.081	-1069.197	68.11596	1.142943	0.7767825	1.167546
37476	-1000.08	-1068.287	68.20761	0.9064006	0.8275345	1.240328
37482	-997.1697	-1064.383	67.21308	0.6989829	1.113368	1.91046
37488	-999.1616	-1066.702	67.54052	0.7386574	1.124705	1.647716
37494	-991.3557	-1058.524	67.16872	0.7781761	1.049897	1.927375
37500	-990.6317	-1057.176	66.54394	0.5187369	1.030146	2.511414
37506	-1000.127	-1067.375	67.24812	0.7400117	0.7969503	2.079491
37512	-995.3046	-1062.475	67.17062	0.5897883	1.007719	2.079165
37518	-997.3919	-1064.3	66.90845	0.3070335	0.8802184	2.513011
37524	-1002.374	-1070.72	68.3464	1.322653	0.6333761	0.9549921
37530	-999.878	-1068.057	68.17922	1.297047	0.6657211	1.099731
37536	-998.8038	-1066.655	67.85093	1.297047	1.067884	0.980079
37542	-1006.988	-1073.154	66.16638	0.2391128	1.303335	2.766413
37548	-1005.021	-1071.833	66.81131	0.1456321	0.9246963	2.643594
37554	-998.1269	-1064.853	66.72625	0.5430603	1.036148	2.377843
37560	-1000.711	-1068.181	67.46911	1.087017	1.272705	1.342075
37566	-997.4315	-1065.434	68.00282	0.8937011	0.9673365	1.294621
37572	-996.8496	-1064.289	67.43974	0.5305325	1.384037	1.711751
37578	-996.0145	-1063.082	67.06746	0.5869933	0.9216866	2.205945
37584	-999.2057	-1067.175	67.96882	1.50383	0.9618134	0.706736
37590	-1000.952	-1068.945	67.99317	1.317095	1.136284	0.6959861
37596	-1007.152	-1075.08	67.92776	1.483412	1.017361	0.7159533
37602	-1020.521	-1088.563	68.04266	1.363585	1.081828	0.5937721
37608	-1022.025	-1089.72	67.69477	1.329234	1.474592	0.7112451
37614	-997.2794	-1064.455	67.17529	0.809088	1.152205	1.837025
37620	-996.0597	-1063.64	67.57997	0.8098648	1.152205	1.549043
37626	-992.9263	-1060.683	67.75637	0.8060526	1.061446	1.483026
37632	-995.4071	-1062.727	67.31974	0.7968434	1.040071	1.8181
37638	-1003.705	-1071.795	68.08996	0.7961815	0.9011623	1.358838
37644	-1007.274	-1075.698	68.42398	1.558625	0.557731	0.6937169
37650	-1004.379	-1072.686	68.30683	1.112726	0.8063487	0.9842382
37656	-998.4251	-1066.453	68.02772	1.027321	0.9095555	1.213174
37662	-1008.547	-1075.958	67.4108	0.7486264	0.7036116	2.0427
37668	-1003.231	-1070.628	67.39676	0.7443655	0.7503239	2.015598
37674	-1013.885	-1081.249	67.36361	0.3430199	0.8077911	2.254195
37680	-1006.712	-1073.867	67.15543	0.7620481	0.9161416	2.037725
37686	-1004.064	-1070.963	66.89964	0.6735407	0.7216638	2.406092
37692	-1006.48	-1073.837	67.35672	0.6597706	1.073722	1.864641
37698	-1001.358	-1069.119	67.76082	0.858436	1.18656	1.350482
37704	-1001.407	-1069.626	68.21918	1.242971	0.6087178	1.182975
37710	-1007.319	-1075.435	68.11602	1.279761	0.86407	0.9402663
37716	-1001.949	-1070.206	68.25674	1.279761	0.6540182	1.058412
37722	-1000.509	-1067.899	67.39058	0.6264548	0.8477383	2.02153
37728	-1004.342	-1071.888	67.54618	0.7027319	0.9308363	1.803026
37734	-1000.301	-1068.308	68.007	1.159713	0.5659449	1.471343
37740	-996.9634	-1064.707	67.74351	0.9680663	0.8522139	1.533624
37746	-997.4318	-1065.354	67.92237	0.9959715	0.8889071	1.343847
37752	-999.9948	-1068.029	68.03388	0.8496777	0.837784	1.415869
37758	-1003.987	-1071.254	67.2669	1.18153	0.7479563	1.809471
37764	-999.9706	-1067.407	67.43641	0.8620245	1.209574	1.579022
37770	-1005.799	-1072.98	67.18091	0.9324183	1.304241	1.655361
37776	-1003.988	-1071.869	67.88046	0.8450383	0.9435647	1.448628
37782	-999.792	-1066.988	67.19612	0.8430017	1.13072	1.81272
37788	-998.3785	-1066.024	67.64566	0.8430017	0.7123526	1.81272
37794	-998.3196	-1066.538	68.21841	1.062272	0.7749832	1.150302
37800	-997.5097	-1065.138	67.62818	0.6721342	0.7074862	1.945331
37806	-994.5587	-1062.029	67.46983	0.6669979	0.7074862	2.054328
37812	-991.975	-1058.82	66.8449	0.4342407	1.261203	2.241937
37818	-993.3424	-1060.973	67.63052	0.8348387	0.8560461	1.708597
37824	-996.3316	-1063.902	67.57074	0.8993256	1.304473	1.38928
37830	-1001.082	-1069.172	68.08988	0.888531	0.8071709	1.369491
37836	-1001.362	-1069.289	67.92659	1.23415	0.8485322	1.180104
37842	-999.8223	-1067.674	67.85206	1.196125	1.243625	0.918832
37848	-997.1633	-1064.94	67.77664	0.9521616	0.8180175	1.54982
37854	-1005.78	-1072.837	67.05665	0.9098685	1.34772	1.734592
37860	-1001.193	-1068.886	67.69262	0.8224992	1.084612	1.502073
37866	-990.4393	-1058.48	68.04042	1.162437	0.955255	1.036482
37872	-989.2133	-1057.086	67.8726	1.164256	0.8520925	1.28109
37878	-987.346	-1055.331	67.98491	1.232881	0.7711916	1.208877
37884	-996.5678	-1064.446	67.87842	1.020233	0.840693	1.401597
37890	-993.6875	-1061.556	67.86889	1.020233	0.9763359	1.293154
37896	-999.7827	-1068.003	68.22012	1.033919	0.7460145	1.204305
37902	-996.5743	-1064.117	67.54319	0.8011575	1.080742	1.630218
37908	-994.3483	-1061.177	66.82919	0.8031625	1.20656	2.041911
37914	-997.0151	-1063.896	66.88072	0.7151717	1.163868	2.090735
37920	-996.8109	-1064.168	67.35705	0.5832294	0.8232495	2.090735
37926	-1001.363	-1068.746	67.38274	0.6658385	0.7333841	2.090735
37932	-998.8741	-1066.146	67.27144	0.6199994	1.211817	1.864698
37938	-1001.122	-1068.363	67.24058	0.7672347	1.011684	1.911439
37944	-996.393	-1063.73	67.33686	0.6644847	0.9052862	1.989684
37950	-993.5861	-1060.539	66.95301	0.8230029	1.133278	1.989684
37956	-997.6027	-1064.912	67.30963	0.7214424	0.8855149	1.984169
37962	-1001.756	-1068.626	66.87002	0.2743852	1.007513	2.474259
37968	-1001.793	-1069.06	67.26651	0.4091588	1.007513	2.134854
37974	-1000.735	-1067.697	66.9618	0.612263	1.079982	2.155334
37980	-1006.273	-1073.724	67.4515	0.5452979	0.8383999	2.041988
37986	-1002.618	-1069.833	67.21517	0.793935	0.9106664	1.98063
37992	-1004.366	-1072.004	67.63788	1.119195	0.8443885	1.506316
37998	-1008.707	-1076.971	68.264	1.357091	0.5342367	1.141954
38004	-1002.638	-1070.728	68.09073	1.19333	0.5038657	1.456621
38010	-996.5192	-1064.206	67.68692	1.010817	1.022809	1.40822
38016	-1003.682	-1071.503	67.82076	1.133536	1.022809	1.199893
38022	-996.7588	-1064.598	67.83931	1.468877	1.147881	0.6806082
38028	-1004.748	-1072.162	67.41384	1.539104	1.555019	0.7315184
38034	-998.8692	-1066.863	67.99345	1.47884	1.023254	0.5567066
38040	-1004.972	-1073.101	68.12905	1.483446	0.8541076	0.662145
38046	-1008.497	-1076.537	68.0399	1.459172	0.9474122	0.686322
38052	-1009.91	-1078.117	68.20618	1.169538	0.9474122	0.8618921
38058	-999.2479	-1066.933	67.6853	1.424609	1.195434	0.8962871
38064	-1002.417	-1070.319	67.90135	1.1699	1.00872	1.108993
38070	-1006.676	-1073.804	67.12883	1.891306	1.405355	0.2888318
38076	-1015.596	-1082.709	67.11295	1.89751	1.316693	0.2436011
38082	-1006.038	-1073.351	67.31226	1.89751	1.203949	0.3070987
38088	-1005.119	-1072.346	67.22696	1.89751	1.294597	0.3003788
38094	-1011.012	-1077.663	66.65098	0.4290506	1.488177	2.255182
38100	-1003.525	-1070.482	66.95649	0.2876615	1.278441	2.255182
38106	-1000.599	-1068.299	67.70089	0.6457908	0.9792077	1.699559
38112	-1006.436	-1073.756	67.31976	1.860681	1.275731	0.3355378
38118	-1015.325	-1082.588	67.26331	1.860681	1.38779	0.3772636
38124	-1013.158	-1080.444	67.28586	1.860681	1.349225	0.3659112
38130	-1014.232	-1080.246	66.01377	0.6686803	1.755235	2.390724
38136	-1009.661	-1076.426	66.76465	0.3813536	0.9747333	2.493913
38142	-996.1109	-1062.631	66.52034	0.4695232	1.137201	2.493913
38148	-988.2323	-1055.709	67.47693	0.6628637	0.8800951	1.915054
38154	-994.979	-1061.715	66.73593	0.520802	1.251485	2.261595
38160	-997.202	-1064.263	67.06055	0.6268662	0.7963282	2.275186
38166	-994.2789	-1061.668	67.38903	0.5155156	0.9727658	2.007053
38172	-989.5849	-1056.645	67.06033	0.3857946	0.900008	2.35427
38178	-993.6301	-1061.243	67.61344	0.543538	0.8576828	1.920266
38184	-988.6186	-1055.004	66.38591	0.3727579	1.174541	2.616824
38190	-990.8373	-1057.894	67.05678	0.4460438	0.7722758	2.410843
38196	-986.1044	-1053.109	67.0042	0.644285	1.19325	2.038905
38202	-986.6272	-1053.074	66.44644	0.2789214	1.10897	2.673947
38208	-988.9869	-1055.463	66.47661	0.4864864	0.8734922	2.673947
38214	-993.4577	-1060.191	66.73342	0.5090891	1.210573	2.293105
38220	-997.1768	-1064.035	66.8584	0.4635229	0.8991858	2.433334
38226	-997.8376	-1064.783	66.94541	0.6834423	1.144074	2.08074
38232	-992.2218	-1059.433	67.21099	0.6225874	0.9709781	2.055336
38238	-996.0644	-1063.628	67.56381	0.6723066	0.9680332	1.785088
38244	-998.5663	-1065.876	67.30925	0.5755036	0.9202689	2.056463
38250	-998.3921	-1065.99	67.59747	0.7333928	0.7926441	1.853033
38256	-1003.221	-1071.285	68.0645	0.9940588	0.8494956	1.265636
38262	-994.8354	-1062.669	67.83384	0.9808507	0.9131833	1.404695
38268	-995.438	-1062.908	67.4701	0.7778603	0.9131833	1.816642
38274	-1004.485	-1071.975	67.49033	0.708394	1.021506	1.773752
38280	-1010.946	-1078.43	67.48414	0.7892742	1.086764	1.676996
38286	-1003.156	-1069.961	66.80439	0.6753131	1.294303	2.093704
38292	-1007.637	-1075.162	67.52565	0.6901145	1.294303	1.587192
38298	-1002.963	-1070.377	67.41424	0.8478514	0.9417102	1.785974
38304	-1006.66	-1073.967	67.30642	0.5067966	0.9618018	2.074983
38310	-995.0486	-1062.702	67.65375	0.8797768	0.9750137	1.567976
38316	-1002.235	-1069.572	67.3371	0.8329812	0.8677042	1.903818
38322	-1009.729	-1076.989	67.26047	0.9582157	1.673911	1.371779
38328	-991.3844	-1058.532	67.14782	0.9035578	1.180987	1.772967
38334	-992.9741	-1060.441	67.46664	0.8436154	0.7991589	1.861848
38340	-996.2343	-1062.945	66.71082	0.5711711	0.961602	2.416978
38346	-998.2311	-1065.34	67.10882	0.4835985	1.199361	2.072423
38352	-998.303	-1065.913	67.60972	0.8310926	0.7290114	1.831067
38358	-995.3496	-1062.747	67.39732	0.8410674	0.9027574	1.83096
38364	-995.6623	-1062.844	67.18163	0.9062391	1.050449	1.83096
38370	-989.2879	-1056.961	67.67342	0.7093707	1.069132	1.610369
38376	-993.7194	-1061.769	68.04956	1.070577	0.8381054	1.224992
38382	-1003.346	-1071.399	68.05347	0.9538764	0.9513044	1.216257
38388	-1006.789	-1074.123	67.33373	0.9814332	1.213736	1.564118
38394	-1006.294	-1074.194	67.90011	1.020912	0.8469267	1.378607
38400	-1000.765	-1068.876	68.11145	1.170175	0.9211931	0.9940752
38406	-1003.124	-1071.227	68.10309	0.9028687	0.9620404	1.207993
38412	-1006.029	-1073.383	67.35424	0.9252636	1.139106	1.638058
38418	-1005.201	-1072.497	67.2959	0.9162262	1.419363	1.516658
38424	-998.4491	-1066.182	67.73341	1.035515	0.828594	1.510942
38430	-997.8489	-1066.143	68.29457	1.0335	0.8099259	1.069361
38436	-991.306	-1059.243	67.93667	1.121366	1.12504	1.016742
38442	-992.4877	-1060.54	68.05196	1.121366	1.058783	0.962916
38448	-989.3038	-1057.27	67.96664	1.120695	1.043775	1.062206
38454	-999.7968	-1067.3	67.50283	0.90265	1.09547	1.575749
38460	-1000.105	-1067.875	67.76975	0.9755515	1.123614	1.294535
38466	-993.4338	-1061.269	67.83565	1.221034	1.03618	1.097612
38472	-995.8317	-1063.092	67.26072	1.225181	1.589095	1.200781
38478	-998.9793	-1066.976	67.99696	1.397928	0.8846623	0.9165723
38484	-997.8467	-1065.755	67.90859	1.394254	1.120635	0.7322135
38490	-997.4543	-1065.339	67.88431	1.380121	1.120635	0.7883588
38496	-994.4341	-1062.395	67.96106	1.291966	1.063606	0.8700509
38502	-999.7805	-1067.252	67.47157	0.8565106	1.152269	1.594289
38508	-993.7305	-1061.324	67.59334	0.87612	1.104438	1.522349
38514	-996.1985	-1064.24	68.04159	1.209795	0.9241699	1.020949
38520	-1001.557	-1068.85	67.29292	0.7947032	1.164317	1.757999
38526	-996.8142	-1063.43	66.61581	0.6830709	0.8152023	2.506858
38532	-1001.692	-1069.559	67.86693	1.227946	1.097723	1.00526
38538	-999.182	-1066.999	67.81684	1.163255	1.222389	1.008497
38544	-996.7004	-1063.9	67.19989	1.163255	1.421779	1.400315
38550	-993.3916	-1061.039	67.64754	0.9129394	1.132159	1.434315
38556	-991.0392	-1058.186	67.14683	0.8017614	1.132159	1.873935
38562	-1003.356	-1071.298	67.94134	1.044176	1.193608	1.027681
38568	-1005.279	-1072.706	67.42757	1.246585	1.224053	1.279914
38574	-994.359	-1061.358	66.99886	0.6823165	1.187267	2.020704
38580	-992.3645	-1059.727	67.36213	0.7812797	1.140027	1.734204
38586	-996.0062	-1063.739	67.73333	0.9861947	1.05227	1.368806
38592	-999.8284	-1067.877	68.04868	0.9861947	1.109786	1.052731
38598	-995.1958	-1063.066	67.8703	1.033187	0.9172213	1.331314
38604	-989.7801	-1057.705	67.92492	1.089038	1.087771	1.091547
38610	-996.5215	-1064.592	68.07047	1.175843	0.7847142	1.17022
38616	-994.4827	-1062.436	67.95322	1.127493	0.9472503	1.156479
38622	-994.3059	-1061.895	67.58915	1.127493	1.251094	1.2254
38628	-987.719	-1055.585	67.86554	1.127493	0.9613875	1.219551
38634	-1010.653	-1078.772	68.11924	0.8870875	0.9078809	1.255628
38640	-993.7874	-1061.843	68.05575	1.061993	0.8485671	1.216961
38646	-994.8782	-1062.916	68.0376	1.136202	1.137789	0.8819272
38652	-997.6123	-1065.531	67.91897	0.8450295	0.9916671	1.380715
38658	-991.0287	-1058.527	67.498	0.8284585	0.9155257	1.760422
38664	-993.4005	-1060.413	67.01285	0.6900268	0.9369176	2.164116
38670	-995.2178	-1062.268	67.05054	0.2995265	1.099047	2.288336
38676	-1005.17	-1071.562	66.39235	0.1543354	1.254969	2.704588
38682	-1000.826	-1067.056	66.23019	0.09828651	1.254969	2.837719
38688	-994.1562	-1061.143	66.98704	0.04633542	1.088183	2.494989
38694	-998.237	-1064.83	66.5934	0.317777	0.9890012	2.630814
38700	-991.0811	-1057.512	66.43097	0.343613	1.088183	2.655572
38706	-993.7381	-1060.9	67.16197	0.6258547	0.7068426	2.281742
38712	-991.8366	-1058.947	67.11032	0.6078483	0.792731	2.258201
38718	-991.3748	-1058.206	66.83078	0.5270864	1.088454	2.289681
38724	-1000.28	-1067.306	67.02613	0.5019558	1.354564	2.029623
38730	-999.8496	-1067.22	67.3701	0.4051979	1.114834	2.001422
38736	-1000.835	-1067.619	66.78376	0.635307	1.114834	2.234654
38742	-999.3904	-1066.033	66.6425	0.7368489	1.379939	2.11446
38748	-1000.636	-1068.206	67.5701	0.4780291	1.03463	1.8687
38754	-997.9974	-1065.922	67.92498	1.431434	0.9544722	0.8759969
38760	-999.9185	-1068.007	68.08856	1.431434	0.7607485	0.9364699
38766	-995.7371	-1063.59	67.85287	1.431434	1.119975	0.7612005
38772	-998.0231	-1065.673	67.65022	1.431434	1.287552	0.8371944
38778	-992.345	-1060.185	67.8398	1.37279	1.287552	0.6278518
38784	-991.4875	-1059.545	68.0579	1.31426	0.9089466	0.9125851
38790	-1001.163	-1067.781	66.61794	0.4197702	1.406462	2.321725
38796	-1000.202	-1067.754	67.55147	0.3023733	0.7866772	2.175255
38802	-997.6513	-1064.992	67.34029	0.8444884	0.7515889	1.985457
38808	-995.2956	-1062.828	67.532	0.7453517	0.727967	1.943166
38814	-993.8581	-1061.478	67.6196	0.6462975	0.8344413	1.864134
38820	-996.6132	-1064.336	67.72252	1.044016	0.848944	1.495355
38826	-997.3285	-1064.296	66.96768	0.6926302	0.9370717	2.191638
38832	-999.5487	-1067.233	67.68442	0.681496	0.7631614	1.853353
38838	-997.1884	-1064.839	67.65043	0.8371996	1.017265	1.570561
38844	-993.9963	-1061.56	67.56366	0.8931695	1.082927	1.546627
38850	-990.5815	-1058.041	67.45898	0.7817509	1.09788	1.692836
38856	-989.2808	-1056.908	67.62678	0.7594158	0.9808792	1.670257
38862	-988.2999	-1055.624	67.32367	0.6486527	0.9387452	1.985321
38868	-992.6464	-1060.255	67.60864	0.7709377	0.9529609	1.695332
38874	-995.6769	-1063.052	67.37516	0.6804157	1.172121	1.775509
38880	-997.6753	-1064.857	67.18194	0.7756627	1.172121	1.843205
38886	-994.864	-1062.405	67.54083	0.7788675	0.7934735	1.859998
38892	-994.8935	-1061.762	66.86888	0.3073493	0.9945745	2.462409
38898	-992.2537	-1059.639	67.3855	0.9335192	0.7680877	1.881276
38904	-990.9826	-1058.492	67.50919	0.8289175	1.086189	1.631021
38910	-1002.536	-1069.828	67.2916	0.5194704	1.055387	2.014833
38916	-995.4423	-1062.507	67.0644	0.6518529	1.055387	2.077575
38922	-993.667	-1060.707	67.03974	0.6172784	1.118446	2.077575
38928	-998.1419	-1065.155	67.01284	0.5361783	1.240722	2.077575
38934	-992.7898	-1059.752	66.96259	0.6808816	0.9803453	2.17359
38940	-995.2184	-1062.336	67.11731	0.738826	1.120245	1.94395
38946	-998.3143	-1065.357	67.04273	0.7748378	1.35966	1.831503
38952	-1001.374	-1068.332	66.95829	0.7377142	1.058202	2.089116
38958	-1002.823	-1070.095	67.27207	0.6540752	1.104622	1.906404
38964	-1006.131	-1073.178	67.04683	0.8348233	1.107014	1.934981
38970	-987.8599	-1055.144	67.28385	0.8091465	1.054576	1.824697
38976	-987.7583	-1055.668	67.91013	0.884965	1.012666	1.339555
38982	-995.3991	-1062.961	67.56219	0.7044863	0.8544921	1.848036
38988	-999.9232	-1067.422	67.49865	0.615696	0.9981797	1.848036
38994	-999.9584	-1067.275	67.31625	0.7123818	1.075896	1.854929
39000	-1001.454	-1068.541	67.0875	0.825738	1.075896	1.933326
39006	-992.5776	-1060.181	67.6032	0.6828622	0.7636357	1.90735
39012	-997.9517	-1065.6	67.64877	1.004817	1.109139	1.378462
39018	-997.1644	-1064.839	67.67467	0.9707563	1.125332	1.373176
39024	-995.9197	-1064.092	68.1728	0.9707563	0.7499517	1.29241
39030	-996.6845	-1064.78	68.09577	0.9643992	0.9742058	1.150096
39036	-993.4602	-1061.28	67.82026	0.9643992	1.232977	1.18036
39042	-998.6443	-1066.336	67.69168	1.387779	1.177453	0.94686
39048	-996.5628	-1064.354	67.79088	1.401434	1.177453	0.8161624
39054	-995.9345	-1064.16	68.22548	1.31061	0.7698683	0.9067245
39060	-996.268	-1064.375	68.10699	1.31061	0.9548677	0.7995238
39066	-1005.595	-1073.65	68.05555	1.31061	1.049822	0.7373544
39072	-1000.841	-1068.959	68.11776	1.3231	0.8203526	0.9451656
39078	-998.3198	-1066.28	67.95993	1.417864	1.101253	0.6226417
39084	-993.9347	-1061.913	67.97791	1.262422	1.099554	0.8446257
39090	-1017.141	-1085.036	67.89537	1.191457	1.150533	0.9643043
39096	-1008.508	-1076.556	68.04867	1.153659	0.7656475	1.227706
39102	-995.37	-1062.116	66.74606	0.6307685	1.205719	2.209471
39108	-997.5575	-1064.517	66.95928	0.5561214	1.234778	2.102988
39114	-994.1265	-1061.189	67.06294	0.4919658	1.124457	2.140878
39120	-996.4719	-1063.881	67.40879	0.5128674	1.327533	1.777269
39126	-991.6729	-1058.279	66.60641	0.4981114	1.327533	2.318828
39132	-1004.039	-1069.952	65.91266	0.4291989	0.991524	2.975817
39138	-1010.784	-1077.762	66.9784	0.3671018	1.312558	2.171604
39144	-999.6216	-1067.627	68.00564	1.43944	0.8077993	0.9561427
39150	-996.0811	-1063.89	67.80843	1.402574	0.8077993	1.177157
39156	-1003.084	-1070.664	67.5806	1.329249	1.440779	0.8970804
39162	-995.9429	-1063.837	67.89389	1.419005	1.057065	0.8033922
39168	-1001.485	-1069.393	67.90735	1.286042	0.7646234	1.236274
39174	-996.7497	-1064.644	67.89419	1.127284	0.9552662	1.200705
39180	-1007.637	-1075.721	68.08364	1.385312	0.9320317	0.7612434
39186	-1000.536	-1068.259	67.72292	1.269061	0.9320317	1.246161
39192	-1007.696	-1074.862	67.16604	1.285837	1.497969	1.284039
39198	-1007.144	-1074.315	67.17065	0.9900636	1.608344	1.451438
39204	-998.8265	-1066.308	67.48188	1.296334	1.519006	0.9760661
39210	-995.4179	-1063.374	67.95573	1.24384	0.9251375	1.069639
39216	-998.2837	-1066.031	67.74766	1.158362	0.8807736	1.360694
39222	-998.4648	-1066.76	68.29535	1.12705	0.8317733	0.9507728
39228	-997.4616	-1065.373	67.91106	1.020215	1.049116	1.197669
39234	-993.275	-1060.757	67.48192	0.6620174	1.369005	1.595722
39240	-987.92	-1055.231	67.31144	0.719753	0.8480832	2.011862
39246	-991.9112	-1059.337	67.42596	0.6875601	1.135245	1.758187
39252	-997.5745	-1065.237	67.66259	0.841894	0.7343226	1.782427
39258	-995.7114	-1063.412	67.7011	0.841894	0.7041373	1.782427
39264	-992.8379	-1060.271	67.43338	0.8078029	0.9668287	1.782427
39270	-993.6947	-1060.393	66.69874	0.4800572	1.201582	2.338706
39276	-1001.687	-1069.345	67.65773	0.6385717	0.611825	2.034867
39282	-1001.537	-1069.313	67.77562	0.9310124	0.8445384	1.543715
39288	-1000.577	-1067.986	67.40899	0.9034975	1.249261	1.543715
39294	-996.3064	-1063.473	67.1662	0.9034975	1.429364	1.615669
39300	-995.6576	-1062.901	67.2438	0.8856781	1.259863	1.670106
39306	-994.9491	-1062.468	67.5191	0.8856781	0.5845216	1.989164
39312	-993.7537	-1061.353	67.59895	1.139895	1.133323	1.292578
39318	-993.686	-1060.727	67.0406	0.7226232	1.27765	1.913946
39324	-996.9322	-1063.078	66.14604	0.4714519	0.8353	2.91063
39330	-998.6129	-1065.001	66.38845	0.495323	1.078807	2.59358
39336	-995.4373	-1062.361	66.92383	0.6447349	0.9060869	2.27198
39342	-993.6852	-1060.889	67.20394	0.4555187	1.141994	2.061806
39348	-996.8384	-1064.087	67.249	0.3616419	0.7839061	2.33366
39354	-999.3648	-1066.147	66.78181	0.1989167	0.9000065	2.645238
39360	-1006.579	-1074.176	67.5971	1.665459	1.261092	0.5055551
39366	-1010.861	-1078.451	67.59019	1.482765	1.501945	0.4788357
39372	-995.0283	-1062.094	67.06597	0.1144732	0.9737283	2.472998
39378	-997.3952	-1064.211	66.81541	0.05183539	1.416686	2.424731
39384	-988.9216	-1056.17	67.24887	0.08310367	0.9025206	2.424731
39390	-988.6391	-1055.553	66.91342	0.198793	1.092426	2.443069
39396	-991.0893	-1058.172	67.08271	0.2415161	1.10625	2.30058
39402	-991.3174	-1057.943	66.62573	0.3706209	1.009061	2.565653
39408	-991.9035	-1058.811	66.90747	0.514179	0.81491	2.4301
39414	-994.8823	-1062.162	67.27926	0.6775166	1.061348	1.913263
39420	-994.038	-1061.157	67.11857	0.4530512	0.9504028	2.239919
39426	-999.5738	-1067.037	67.46314	0.7458997	0.9942693	1.785415
39432	-994.8011	-1062.195	67.39384	0.7270255	0.8804505	1.927583
39438	-992.0324	-1059.142	67.10971	0.593809	1.187875	2.005484
39444	-989.4502	-1056.5	67.04991	0.320833	1.103029	2.272723
39450	-993.9768	-1060.937	66.96004	0.280426	1.103029	2.355812
39456	-1001.649	-1068.518	66.86947	0.549299	1.156374	2.210498
39462	-989.2802	-1056.611	67.33094	0.829548	0.9414559	1.856193
39468	-998.4259	-1065.969	67.54324	0.6457185	1.089769	1.73474
39474	-992.8325	-1060.448	67.61532	0.7709546	0.6943324	1.898789
39480	-991.8918	-1059.79	67.89816	0.7703462	1.065672	1.398699
39486	-993.921	-1061.71	67.78896	1.036755	1.232469	1.144719
39492	-1001.87	-1068.831	66.96112	0.2484791	1.029165	2.419866
39498	-1008.852	-1074.788	65.93564	0.2875738	1.393997	2.833378
39504	-994.6971	-1061.666	66.96902	0.1596402	1.120558	2.416301
39510	-996.5744	-1063.247	66.67215	0.07850403	0.9857044	2.731524
39516	-1004.038	-1071.292	67.25356	0.05345075	1.012259	2.368825
39522	-995.516	-1062.194	66.67809	0.03766468	1.012259	2.736617
39528	-1003.006	-1070.178	67.17205	0.01981722	0.977921	2.463152
39534	-998.1047	-1065.578	67.47304	0.9162541	0.9963961	1.656853
39540	-1001.558	-1068.596	67.03787	0.7327228	0.9678842	2.098898
39546	-997.8708	-1065.694	67.82337	0.8022875	0.7692028	1.666738
39552	-1000.45	-1067.87	67.42021	0.7371084	1.420422	1.556678
39558	-1003.709	-1071.248	67.53887	0.9959148	1.290068	1.347609
39564	-999.5661	-1066.838	67.27159	0.302945	1.123438	2.128672
39570	-997.2398	-1063.893	66.65334	0.4772138	1.013729	2.479073
39576	-1001.076	-1067.843	66.7675	0.3421073	1.035054	2.479073
39582	-988.8097	-1055.817	67.00706	0.2518268	1.109595	2.340245
39588	-990.1676	-1056.659	66.491	0.1309458	1.108492	2.737651
39594	-987.651	-1054.266	66.61462	0.1332696	0.9785494	2.737651
39600	-992.8532	-1059.407	66.55328	0.3169188	0.8519893	2.745628
39606	-990.9844	-1057.569	66.5841	0.1914652	0.9391016	2.745628
39612	-997.4235	-1064.421	66.9978	0.09324612	0.8643738	2.601256
39618	-1002.773	-1069.809	67.03648	0.05079599	0.8677597	2.601256
39624	-991.8936	-1058.084	66.19045	0.2348434	1.3698	2.721694
39630	-990.1236	-1056.403	66.27898	0.3020662	1.11197	2.760683
39636	-985.8851	-1052.901	67.01618	0.3627548	1.12992	2.251578
39642	-983.859	-1051.101	67.24157	0.2958749	1.12992	2.149007
39648	-990.5279	-1057.908	67.37972	0.5023813	0.776155	2.165108
39654	-995.7231	-1063.188	67.4654	0.2987223	1.158138	1.98263
39660	-994.5101	-1061.783	67.27237	0.2987223	0.8599554	2.302755
39666	-993.954	-1060.772	66.81844	0.08529404	0.9471562	2.661835
39672	-988.8085	-1055.648	66.83973	0.2202593	0.9781943	2.545371
39678	-994.8614	-1061.375	66.51326	0.2657162	0.8514354	2.801652
39684	-1006.076	-1072.943	66.86673	0.0235626	0.7735222	2.789253
39690	-992.5494	-1059.357	66.8075	0.3639398	0.8790459	2.541266
39696	-985.2576	-1052.554	67.29679	0.6499286	0.977337	1.975788
39702	-990.8699	-1058.923	68.05299	0.8314388	0.9155351	1.347951
39708	-994.2699	-1062.159	67.88897	1.016792	1.080534	1.193841
39714	-989.6856	-1057.46	67.77416	0.8141116	1.011328	1.500288
39720	-988.2208	-1055.588	67.36745	0.7622382	1.050227	1.802259
39726	-987.2422	-1054.161	66.91853	0.7667839	1.039534	2.107958
39732	-983.7527	-1051.137	67.38419	0.5219083	1.036532	1.96354
39738	-983.543	-1051.006	67.46296	0.7802206	1.082741	1.701154
39744	-986.3698	-1053.56	67.18993	0.5894014	1.159527	1.971625
39750	-992.2898	-1058.873	66.58296	0.7066424	0.8045801	2.520408
39756	-992.2098	-1058.977	66.76717	0.6903508	1.676049	1.919662
39762	-989.8779	-1057.526	67.64778	0.696949	1.012034	1.677547
39768	-989.6345	-1057.158	67.52356	0.5083811	1.009563	1.896505
39774	-997.1422	-1064.63	67.48791	0.5335677	0.7756358	2.07431
39780	-994.65	-1061.922	67.27196	0.7034741	0.8144718	2.07431
39786	-987.3467	-1055.147	67.80009	0.7923155	0.8945603	1.586843
39792	-1001.628	-1069.699	68.07045	0.7683372	0.8995491	1.397364
39798	-995.011	-1062.241	67.23002	0.6650542	1.062576	1.954082
39804	-1002.692	-1069.762	67.06966	0.2740626	1.224525	2.220371
39810	-995.5801	-1062.896	67.31565	0.4133024	1.049677	2.072826
39816	-997.3369	-1064.599	67.26246	0.4572895	1.049677	2.078892
39822	-990.3291	-1057.095	66.7655	0.730227	1.049677	2.224821
39828	-992.0615	-1059.249	67.18784	0.5546851	1.039657	2.07027
39834	-995.7096	-1062.698	66.9888	0.4780041	1.446559	2.023017
39840	-993.8438	-1060.969	67.12566	0.7049251	1.032385	2.016666
39846	-1004.189	-1072.017	67.82859	0.831009	0.8412907	1.58101
39852	-1001.46	-1068.89	67.43021	0.7931441	1.295355	1.58101
39858	-995.226	-1062.684	67.45823	0.6834223	1.082692	1.772477
39864	-1004.413	-1072.472	68.05923	1.104968	1.053795	0.9772724
39870	-1005.122	-1072.618	67.49667	1.046218	1.584342	1.154154
39876	-1005.271	-1073.762	68.49109	1.09286	0.7356923	0.9003674
39882	-994.1884	-1061.85	67.66114	1.061147	1.083581	1.343012
39888	-1001.283	-1068.845	67.56184	0.5007252	1.0217	1.867489
39894	-994.9422	-1062.334	67.39177	0.5200641	1.183763	1.867489
39900	-994.7622	-1062.01	67.24811	0.4113463	0.917643	2.205495
39906	-998.8222	-1066.363	67.54051	0.2229519	0.8238901	2.205495
39912	-1010.593	-1078.323	67.73	0.909917	0.73446	1.687153
39918	-1008.985	-1076.383	67.39707	0.909917	0.8751584	1.804427
39924	-1006.565	-1074.12	67.55507	0.8763878	1.219995	1.473395
39930	-1002.789	-1070.161	67.37193	1.001126	1.101479	1.595337
39936	-998.9402	-1066.349	67.40874	0.8300718	1.197227	1.630131
39942	-994.012	-1061.973	67.96086	1.375442	1.030521	0.8064193
39948	-1000.536	-1068.533	67.99652	1.375442	0.9397165	0.8757769
39954	-998.3537	-1065.642	67.28841	0.6537084	0.9353872	2.007818
39960	-997.5327	-1064.909	67.37578	0.551913	0.9491902	2.007818
39966	-1001.025	-1068.384	67.35897	0.8213268	1.026916	1.782875
39972	-996.9344	-1064.985	68.0508	1.392967	0.8274021	0.9333522
39978	-1008.295	-1076.175	67.87991	1.392967	1.122603	0.7741302
39984	-999.3231	-1066.112	66.78849	0.5134061	1.071781	2.335425
39990	-1005.775	-1074.113	68.33822	1.382168	0.7137943	0.7637728
39996	-1007.556	-1075.8	68.24405	1.568239	0.7137943	0.5814423
40002	-1003.749	-1071.424	67.67482	1.621438	1.212061	0.5664644
40008	-1001.407	-1069.09	67.68271	1.621438	1.201116	0.4334555
40014	-992.7476	-1059.849	67.10166	0.8440075	0.8098316	2.097444
40020	-990.9766	-1058.219	67.24262	0.5714856	1.004356	2.045933
40026	-995.0815	-1062.793	67.71131	0.78365	1.071999	1.52602
40032	-992.9016	-1060.551	67.64909	0.7944129	1.314567	1.403563
40038	-990.385	-1058.051	67.66641	1.143236	0.9192727	1.403563
40044	-987.426	-1055.714	68.28785	1.022074	0.7145281	1.190441
40050	-1003.232	-1070.978	67.74542	1.610321	1.149356	0.5458007
40056	-1008.671	-1076.268	67.59697	1.584824	1.35323	0.554804
40062	-987.4922	-1055.544	68.05209	1.294623	0.9635584	0.8763677
40068	-991.0822	-1059.057	67.97431	1.337995	1.022511	0.8467358
40074	-994.0095	-1062.218	68.20903	1.437265	0.8170218	0.6790467
40080	-1009.721	-1077.399	67.67828	0.7811152	1.086704	1.542105
40086	-1008.518	-1076.332	67.81382	0.6596812	1.105559	1.518563
40092	-994.3653	-1062.338	67.97305	1.428684	0.7322586	1.088516
40098	-991.1258	-1059.355	68.22902	1.244229	0.7623581	0.9832102
40104	-987.7853	-1055.659	67.874	1.184156	1.305953	0.8475094
40110	-995.6865	-1063.455	67.76838	1.150611	0.8685684	1.361103
40116	-1007.113	-1075.507	68.3947	1.063313	0.5495825	1.26114
40122	-1008.964	-1077.12	68.15546	1.186232	0.6631891	1.221053
40128	-1007.926	-1075.141	67.2144	0.8334046	0.960037	1.919708
40134	-993.5717	-1060.361	66.78974	0.3957202	1.035862	2.430952
40140	-995.9931	-1062.86	66.86735	0.5674732	1.24193	2.151681
40146	-994.8619	-1062.401	67.53937	0.7268208	0.8145135	1.879631
40152	-993.4384	-1060.782	67.34341	0.842208	1.137242	1.706234
40158	-988.7483	-1056.002	67.25403	0.798471	1.093922	1.826908
40164	-1005.132	-1072.714	67.58141	0.7527838	1.233859	1.537324
40170	-1002.25	-1069.785	67.53564	0.9252001	0.8725823	1.69875
40176	-1009.702	-1077.155	67.45286	0.8416985	1.111211	1.645584
40182	-995.1811	-1062.203	67.02179	0.8001079	1.209606	1.913285
40188	-995.3827	-1062.871	67.48854	0.9612107	0.8759733	1.703947
40194	-994.3491	-1061.633	67.2838	0.6529216	1.121016	1.888955
40200	-997.6492	-1064.3	66.65051	0.6235381	0.7002476	2.610141
40206	-1000.758	-1067.926	67.16844	0.6036288	0.7002476	2.297289
40212	-1001.846	-1068.615	66.76909	0.6449564	1.119517	2.235115
40218	-1000.642	-1067.692	67.05059	0.7821322	0.7624224	2.207932
40224	-993.0383	-1060.721	67.68274	0.7438578	0.8103142	1.772548
40230	-994.3266	-1061.648	67.32169	0.3428946	0.8190058	2.272789
40236	-1003.792	-1069.678	65.88569	0.1865866	1.357289	2.942077
40242	-1001.53	-1067.697	66.16689	0.2904577	1.183568	2.796748
40248	-994.2904	-1060.617	66.32664	0.2772831	1.03658	2.790307
40254	-998.9055	-1066.214	67.30879	0.2882454	1.347019	1.987718
40260	-991.7988	-1059.159	67.35994	0.736057	0.8924778	1.935485
40266	-996.3074	-1063.575	67.26802	0.9036331	0.8587776	1.909501
40272	-991.8156	-1058.873	67.05705	0.7812545	1.315923	1.841351
40278	-997.4685	-1064.962	67.49401	0.7872364	1.050561	1.695907
40284	-1006.606	-1072.851	66.24486	0.5013316	1.522679	2.451126
40290	-1001.036	-1067.522	66.48606	0.8775506	1.755512	1.947542
40296	-1002.735	-1070.054	67.31921	0.7272384	1.371597	1.664566
40302	-999.3124	-1066.106	66.79368	0.7316837	0.913488	2.294551
40308	-989.5571	-1057.177	67.61968	0.7316837	0.913488	1.744524
40314	-995.6897	-1062.694	67.00436	0.727432	1.372659	1.883175
40320	-991.5316	-1058.92	67.38889	0.4612648	0.9129964	2.084393
40326	-994.5807	-1062.157	67.57612	0.5705509	0.8825153	1.908595
40332	-999.2837	-1066.957	67.67313	0.6139716	0.8246963	1.857295
40338	-996.6077	-1063.356	66.74867	0.4969041	1.507991	2.138583
40344	-999.6629	-1066.614	66.95152	0.4390372	1.178164	2.216192
40350	-996	-1062.724	66.72396	0.5495198	1.048536	2.367592
40356	-996.2516	-1062.972	66.72041	0.3629132	1.19922	2.400519
40362	-994.1067	-1060.927	66.8207	0.3525276	1.19922	2.343556
40368	-992.9995	-1060.228	67.2288	0.5396054	1.134362	1.994102
40374	-993.6035	-1060.382	66.77841	0.5906755	1.038322	2.313095
40380	-988.5215	-1055.991	67.46955	0.7164674	0.751969	1.984317
40386	-989.7468	-1056.676	66.92914	0.5714038	1.227991	2.116525
40392	-990.8622	-1057.815	66.95234	0.6345423	1.130252	2.116525
40398	-989.3924	-1056.128	66.73581	0.627884	1.023615	2.325692
40404	-983.7554	-1050.665	66.90959	0.4967777	1.41449	2.079126
40410	-995.5631	-1061.792	66.22925	0.7058486	1.741538	2.235242
40416	-996.4562	-1063.425	66.96881	0.5152908	1.435411	2.01713
40422	-989.6225	-1056.97	67.34785	0.5809258	1.24861	1.817474
40428	-997.7411	-1064.922	67.1809	0.5934711	1.559902	1.75726
40434	-995.6086	-1062.397	66.78829	0.4519704	1.17511	2.314362
40440	-990.2029	-1057.94	67.73736	0.6849974	1.046687	1.597251
40446	-994.2483	-1061.746	67.49752	0.6822841	1.046687	1.769828
40452	-1003.099	-1070.549	67.44966	0.9390623	0.8466348	1.769828
40458	-1001.943	-1069.467	67.52336	0.9390623	1.204298	1.460202
40464	-999.7237	-1065.73	66.00588	0.6318676	1.663435	2.457256
40470	-987.7003	-1054.089	66.38903	0.3151401	1.298424	2.585216
40476	-995.9257	-1062.678	66.75256	0.2130058	1.008304	2.585216
40482	-997.3784	-1065.035	67.65643	0.6188858	1.212265	1.594207
40488	-992.0382	-1059.492	67.45351	0.7972297	1.133366	1.662433
40494	-993.6762	-1061.32	67.64357	0.8675526	1.133366	1.471103
40500	-989.33	-1056.702	67.37173	0.8361818	1.266432	1.60972
40506	-994.9914	-1062.968	67.97677	1.115775	0.8539522	1.233115
40512	-990.412	-1058.025	67.61269	0.7859595	0.9037791	1.718614
40518	-993.8287	-1061.062	67.23313	0.7046458	1.252268	1.809132
40524	-993.983	-1061.415	67.43204	0.548879	0.9170097	1.994929
40530	-999.3745	-1066.823	67.44853	1.168042	1.438667	1.182739
40536	-1002.389	-1070.532	68.14278	1.329363	0.7664933	0.9791987
40542	-1004.319	-1071.977	67.65814	1.204129	1.555596	0.8541326
40548	-998.3878	-1066.584	68.19667	1.303156	0.8434106	0.848544
40554	-991.1147	-1057.597	66.48206	0.427063	1.218494	2.499462
40560	-1007.096	-1074.768	67.67162	1.299298	1.244254	0.9990438
40566	-1010.934	-1078.457	67.52219	1.028878	1.315388	1.317994
40572	-1002.033	-1069.77	67.73723	0.8591759	1.047899	1.46717
40578	-989.9769	-1057.068	67.09108	0.8591759	1.225976	1.815948
40584	-992.7829	-1060.289	67.5066	0.4844192	0.8247833	2.056142
40590	-1006.486	-1073.547	67.06046	0.8826102	1.471289	1.683856
40596	-1001.578	-1068.825	67.24659	0.8961875	1.245237	1.669411
40602	-1002.278	-1069.848	67.56947	1.072237	1.073271	1.413887
40608	-996.2545	-1063.625	67.37005	1.072237	1.094883	1.549084
40614	-1000.519	-1068.52	68.00131	1.182022	0.6883286	1.323877
40620	-995.9388	-1063.02	67.08149	0.401027	1.039156	2.239895
40626	-1005.596	-1072.446	66.84991	0.6538772	1.073397	2.204972
40632	-1003.189	-1069.896	66.70723	0.5740658	1.380269	2.178209
40638	-997.8052	-1064.864	67.05844	0.715347	0.8803873	2.157498
40644	-996.049	-1063.85	67.80068	0.7332391	0.6167439	1.870405
40650	-998.6618	-1065.971	67.30935	0.755303	0.8377449	1.997389
40656	-999.1073	-1066.371	67.26383	0.6169887	0.9707111	2.024227
40662	-1001.537	-1068.907	67.36937	0.7682705	0.9518518	1.86441
40668	-999.5885	-1066.246	66.65792	0.8722294	1.806712	1.81166
40674	-997.1763	-1064.473	67.29702	0.6433988	0.9084448	2.027983
40680	-996.2177	-1062.833	66.61518	0.2240061	1.269173	2.516307
40686	-997.7517	-1064.156	66.40472	0.5071853	1.138623	2.541744
40692	-999.278	-1065.875	66.59659	0.6421009	0.7308456	2.607767
40698	-997.4364	-1064.083	66.64647	0.1761087	1.119912	2.607767
40704	-1001.94	-1068.639	66.69933	0.2482721	1.278899	2.443334
40710	-1003.373	-1070.345	66.97229	0.7859445	1.045159	2.056385
40716	-1010.041	-1077.003	66.96137	0.7843291	0.8801651	2.175912
40722	-998.3313	-1066.286	67.95507	0.7965398	0.7939581	1.553827
40728	-1001.495	-1068.988	67.49381	0.741646	1.24576	1.602353
40734	-1000.629	-1067.926	67.29704	0.6620771	0.7849783	2.107909
40740	-994.9543	-1062.204	67.24988	0.7762202	1.361709	1.684633
40746	-993.5468	-1061.405	67.85824	0.9607075	1.050084	1.290817
40752	-1001.711	-1068.869	67.15778	0.8828861	1.574785	1.558966
40758	-1005.225	-1072.622	67.39707	0.8251185	0.824126	1.901963
40764	-1010.786	-1078.977	68.19101	1.114448	0.7811417	1.121548
40770	-1009.555	-1077.105	67.54901	0.9706439	0.7919132	1.722562
40776	-1010.606	-1078.051	67.44544	0.9706439	0.9404419	1.678654
40782	-1009.785	-1077.163	67.3774	0.8685025	1.041271	1.727218
40788	-1005.454	-1072.848	67.3942	1.029358	0.6802198	1.886103
40794	-994.9566	-1063.126	68.16974	1.220341	0.8803419	0.927008
40800	-1019.047	-1087.001	67.95379	0.9730808	0.8387853	1.381273
40806	-1023.647	-1091.238	67.591	0.9730808	1.300469	1.317315
40812	-1009.114	-1076.811	67.69634	1.148399	1.386404	1.009628
40818	-1002.834	-1070.658	67.8236	1.060445	0.9644697	1.307143
40824	-1004.81	-1072.46	67.65049	0.9861901	1.012025	1.463232
40830	-1003.737	-1071.425	67.68716	0.8689679	0.698744	1.778168
40836	-997.4892	-1065.16	67.6713	0.8015251	0.8605758	1.699724
40842	-998.4692	-1065.368	66.8987	0.8639571	1.15298	1.986706
40848	-997.6965	-1065.183	67.48681	0.721141	1.077102	1.729776
40854	-990.7595	-1058.709	67.94996	0.9509318	0.9453276	1.30954
40860	-1000.093	-1067.909	67.816	1.207439	1.030823	1.132491
40866	-998.2655	-1066.507	68.2412	1.207439	0.8306989	0.9239737
40872	-1002.028	-1069.009	66.98029	0.6373626	1.310793	1.993449
40878	-1001.076	-1068.706	67.62972	0.6711252	0.7532098	1.906003
40884	-989.0139	-1056.196	67.18199	0.7855979	1.015122	1.936315
40890	-992.6367	-1059.701	67.06437	0.4111402	0.8220733	2.390873
40896	-991.5273	-1058.598	67.07035	0.5486895	1.068864	2.132873
40902	-990.5256	-1057.516	66.99073	0.8205923	1.331791	1.851059
40908	-983.2693	-1050.085	66.81583	0.647108	1.036716	2.254011
40914	-985.1658	-1051.653	66.487	0.4781213	1.481189	2.331964
40920	-994.6409	-1061.225	66.58443	0.4220724	1.221191	2.436946
40926	-996.3602	-1063.022	66.66223	0.6516227	0.9419701	2.409737
40932	-993.3945	-1060.626	67.23145	0.7960017	0.9547403	1.937137
40938	-986.9919	-1054.388	67.39576	0.7234995	1.185237	1.722803
40944	-991.2893	-1058.773	67.48354	0.5190318	1.019099	1.910023
40950	-996.969	-1063.846	66.87661	0.4855977	1.258223	2.189914
40956	-1009.014	-1075.178	66.16403	0.7276531	1.342126	2.446104
40962	-994.4597	-1061.107	66.64761	0.3613171	1.136674	2.482283
40968	-995.1965	-1061.888	66.69112	0.3886351	1.194268	2.405503
40974	-996.7201	-1063.299	66.57908	0.4071469	1.11043	2.511501
40980	-997.5388	-1063.489	65.94992	0.4994559	1.097001	2.84925
40986	-994.8368	-1061.463	66.6264	0.6379806	1.060401	2.366138
40992	-991.9048	-1059.738	67.83292	0.9921903	0.9451037	1.370187
40998	-996.3542	-1064.464	68.10993	1.106295	0.9011075	1.078117
41004	-989.0872	-1056.772	67.68463	1.110286	0.7371581	1.572904
41010	-985.4636	-1052.459	66.99525	0.8553273	0.8876085	2.102148
41016	-991.0926	-1058.408	67.31549	1.030577	1.226782	1.533011
41022	-996.0593	-1064.02	67.96027	1.308823	0.6478497	1.298602
41028	-1002.533	-1069.646	67.11357	0.9921866	1.393397	1.6096
41034	-1003.186	-1070.285	67.09836	0.8801517	1.040523	1.912125
41040	-996.3047	-1062.722	66.41699	0.3268334	1.119607	2.656552
41046	-997.6403	-1064.169	66.52888	0.2804446	1.119607	2.616136
41052	-995.1763	-1061.531	66.35446	0.5210587	0.8217854	2.763444
41058	-996.2525	-1062.56	66.30705	0.2269511	1.158752	2.763444
41064	-994.2539	-1061.019	66.76536	0.4233674	0.786567	2.596362
41070	-1006.122	-1073.844	67.72215	1.003001	1.242491	1.224366
41076	-1004.664	-1072.853	68.1887	1.041275	0.9162254	1.04983
41082	-1002.368	-1069.534	67.16609	0.4219222	1.172792	2.090696
41088	-996.5004	-1064.188	67.68752	0.7155987	1.027661	1.624622
41094	-995.5397	-1062.818	67.27793	1.005424	1.275855	1.548774
41100	-999.6892	-1067.546	67.85651	0.9203846	0.990943	1.371158
41106	-994.8612	-1062.499	67.63802	0.8388664	0.990943	1.597581
41112	-992.016	-1059.132	67.11558	0.6548207	1.342847	1.872969
41118	-998.3841	-1065.938	67.55419	0.6709123	0.8590474	1.872969
41124	-995.911	-1063.816	67.90547	1.029656	0.7013936	1.50283
41130	-992.7403	-1060.556	67.81592	0.9111059	1.096539	1.329518
41136	-998.3054	-1065.462	67.15638	0.6266686	1.072854	2.022381
41142	-990.1808	-1057.697	67.51599	0.7707263	1.026012	1.708933
41148	-992.1807	-1059.788	67.60726	0.7592094	0.9470821	1.708933
41154	-995.2355	-1062.937	67.70167	0.7919209	0.8307562	1.708933
41160	-997.5755	-1065.234	67.65888	0.9218077	0.7373407	1.726484
41166	-1002.275	-1069.976	67.7001	0.8068678	0.6970968	1.813719
41172	-1001.131	-1069.371	68.24012	1.252986	0.4797798	1.324823
41178	-999.0831	-1067.087	68.00383	1.252986	1.042667	0.8889986
41184	-993.1962	-1061.489	68.29233	1.121498	0.6719523	1.148419
41190	-994.801	-1062.7	67.89941	0.8905751	1.132538	1.251028
41196	-1001.292	-1068.805	67.51244	0.8905751	0.9057046	1.714072
41202	-994.3425	-1062.125	67.78263	0.7223851	1.079408	1.513303
41208	-998.9577	-1065.827	66.86975	0.4650548	1.22214	2.227441
41214	-994.4119	-1061.294	66.88191	0.5348595	1.317337	2.122624
41220	-999.9118	-1066.931	67.01891	0.1828426	1.241225	2.302355
41226	-1006.633	-1073.681	67.04848	0.3719767	1.132666	2.223233
41232	-999.4243	-1065.726	66.30154	0.7085493	1.250951	2.418723
41238	-1001.657	-1068.096	66.43885	0.5140645	1.419565	2.369212
41244	-992.0106	-1059.077	67.06669	0.7573682	1.231384	1.899124
41250	-991.4667	-1058.895	67.42826	0.7964261	0.7172027	1.987663
41256	-997.7334	-1065.188	67.45492	0.647252	0.5958467	2.177326
41262	-999.9438	-1067.261	67.31679	0.8690815	0.9917776	1.803203
41268	-998.4148	-1066.523	68.10807	1.021955	0.6853812	1.369367
41274	-999.3345	-1067.343	68.00853	0.9815625	0.6714318	1.491253
41280	-991.8248	-1059.126	67.30077	0.8827647	0.9102507	1.863039
41286	-998.9958	-1065.849	66.85337	0.5847342	1.163324	2.193966
41292	-998.3666	-1065.482	67.11533	0.8649036	1.201637	1.809769
41298	-999.1537	-1066.503	67.34934	0.6928435	1.172156	1.784799
41304	-988.9429	-1056.158	67.21551	0.654826	0.872974	2.09975
41310	-992.8234	-1059.316	66.49231	0.5778465	1.320983	2.344069
41316	-990.6443	-1057.599	66.9547	0.6581821	1.31607	1.993771
41322	-994.4795	-1061.524	67.04473	0.6528908	1.063282	2.084858
41328	-989.0792	-1056.221	67.14178	0.5558484	1.063282	2.084858
41334	-1001.267	-1068.668	67.40125	0.6863403	1.162527	1.759135
41340	-1002.373	-1069.691	67.31743	0.8490942	1.032386	1.788727
41346	-999.9591	-1067.15	67.19087	0.5592632	0.8870882	2.168101
41352	-993.247	-1060.671	67.4243	0.7311638	0.9376713	1.862339
41358	-992.4032	-1059.399	66.99608	0.6072749	1.567422	1.871618
41364	-991.7847	-1059.442	67.65762	0.8654759	1.266942	1.37203
41370	-994.4406	-1061.813	67.3725	0.8919364	1.277121	1.561935
41376	-998.1624	-1065.925	67.7628	0.7730598	1.075766	1.492776
41382	-999.3845	-1066.586	67.20188	0.6330185	1.107492	1.966118
41388	-996.4883	-1063.511	67.02276	0.3916929	1.165331	2.20811
41394	-997.3276	-1064.491	67.16341	0.7580635	1.262143	1.814654
41400	-999.195	-1066.385	67.19027	0.7580635	0.9792629	1.973398
41406	-990.6657	-1058.428	67.76256	0.7381807	1.166356	1.456444
41412	-995.5901	-1063.006	67.41639	0.8760247	1.314495	1.518483
41418	-1000.619	-1068.657	68.03869	0.8760247	0.7366845	1.484317
41424	-1004.97	-1072.965	67.9956	1.2264	0.7656486	1.21103
41430	-1004.244	-1072.425	68.18198	1.285875	0.7286468	1.030212
41436	-1003.508	-1071.015	67.50778	1.242346	1.483272	1.030212
41442	-1000.74	-1068.198	67.45838	0.8154225	1.016706	1.724502
41448	-999.3868	-1067.029	67.64208	1.044061	1.20465	1.283828
41454	-1002.826	-1070.047	67.22166	0.8599494	1.559724	1.536621
41460	-996.5941	-1063.675	67.08122	0.4494321	0.9542818	2.263665
41466	-991.9069	-1059.582	67.67533	0.6297709	0.9542818	1.746856
41472	-993.8219	-1060.604	66.78218	0.6235452	1.219507	2.183048
41478	-998.0349	-1065.923	67.88818	0.7385972	0.5940461	1.829244
41484	-994.7589	-1062.114	67.35507	0.8258956	0.9595441	1.829244
41490	-994.4177	-1061.668	67.25054	0.6959001	0.9210869	2.015002
41496	-994.3069	-1061.125	66.81768	0.5707388	1.125358	2.248157
41502	-997.642	-1066.265	68.62343	1.478498	0.3516597	1.001104
41508	-1008.439	-1076.766	68.32717	1.468377	0.48271	1.059264
41514	-997.8484	-1065.262	67.41368	0.6784655	1.118647	1.78365
41520	-1001.444	-1068.387	66.94285	0.6140585	0.8567094	2.314133
41526	-1002.995	-1069.72	66.72509	0.3918841	0.9780094	2.509972
41532	-1011.612	-1079.367	67.75525	0.7368558	0.7417826	1.784534
41538	-1006.496	-1073.503	67.00729	0.6782379	1.297544	1.955254
41544	-1007.133	-1074.397	67.26431	0.8851017	1.062252	1.780573
41550	-997.58	-1064.83	67.25031	0.6844509	1.274435	1.798366
41556	-994.2819	-1061.882	67.59984	0.9138752	0.8848606	1.651427
41562	-994.8719	-1062.671	67.79879	0.8590897	0.7603247	1.651427
41568	-1000.679	-1068.948	68.26926	0.7889501	0.7172089	1.393236
41574	-998.3406	-1066.371	68.03063	1.313081	0.630618	1.256975
41580	-996.8692	-1065.06	68.19074	1.070456	0.7617924	1.1814
41586	-998.7511	-1066.121	67.37013	0.8092344	0.9485274	1.838191
41592	-994.6244	-1061.988	67.3637	0.7794612	0.8935461	1.902807
41598	-998.5019	-1065.836	67.33364	0.754987	0.9447421	1.902807
41604	-997.0113	-1064.71	67.69913	0.3825783	0.9513862	1.902807
41610	-1000.73	-1068.647	67.91718	1.081927	1.012526	1.16991
41616	-1007.336	-1074.997	67.66017	1.219489	1.229519	1.098317
41622	-1000.971	-1068.49	67.5192	0.7823075	1.106931	1.643436
41628	-997.6242	-1065.382	67.75794	0.8121345	0.8442818	1.643436
41634	-1001.748	-1069.729	67.98126	1.196097	0.757151	1.2573
41640	-998.2233	-1066.255	68.03187	1.199978	0.8194926	1.146899
41646	-1000.446	-1067.992	67.5455	1.284456	1.256156	1.122967
41652	-1008.781	-1076.509	67.7273	1.330264	1.31526	0.8389308
41658	-1006.84	-1074.319	67.4794	1.272103	1.657882	0.9001351
41664	-994.207	-1062.273	68.06574	1.306447	1.007837	0.7882887
41670	-1001.133	-1069.139	68.00529	1.306447	1.007837	0.8648709
41676	-1007.608	-1076.006	68.39889	1.183441	0.6474924	1.022912
41682	-1014.267	-1081.776	67.5084	1.099218	1.34404	1.252825
41688	-1005.391	-1073.739	68.34727	1.063285	0.8216002	0.975279
41694	-1008.859	-1076.824	67.96521	1.419383	1.070932	0.6705548
41700	-996.0009	-1064.118	68.11722	1.410074	0.9448078	0.6336275
41706	-994.5787	-1062.614	68.03564	1.384865	0.9998972	0.7289781
41712	-1010.607	-1078.335	67.72796	1.428475	1.371384	0.5967226
41718	-1012.072	-1079.871	67.7999	1.348011	1.339211	0.6764911
41724	-1001.719	-1069.695	67.97608	0.8513435	0.6423117	1.639951
41730	-1005.201	-1072.401	67.19932	1.373579	2.121838	0.7659611
41736	-1004.287	-1071.637	67.35027	1.32014	1.749662	0.9223373
41742	-1012.562	-1080.573	68.01172	1.416945	0.930179	0.8188194
41748	-1007.124	-1075.033	67.90834	1.524001	1.025206	0.663368
41754	-1000.765	-1068.689	67.92394	1.124753	1.03903	1.102396
41760	-998.6095	-1066.556	67.9462	0.8706512	0.8235831	1.479274
41766	-997.8889	-1065.402	67.5128	0.8399468	1.097944	1.612484
41772	-1003.688	-1071.424	67.73612	1.365584	1.183529	0.9170746
41778	-992.5548	-1060.621	68.06581	1.365584	0.8382689	0.9332684
41784	-997.2597	-1065.415	68.15492	1.429126	0.7750387	0.8434438
41790	-998.7855	-1066.762	67.97693	1.093749	0.702772	1.398005
41796	-997.2626	-1064.625	67.36259	0.9237143	0.916538	1.78763
41802	-998.9858	-1066.575	67.58905	0.8652703	1.045931	1.574449
41808	-998.9722	-1067.043	68.07067	0.7964547	0.868575	1.401737
41814	-1005.298	-1072.45	67.1514	1.21798	1.574428	1.306338
41820	-1000.897	-1068.776	67.87923	1.243299	1.083281	0.9911058
41826	-996.7468	-1064.803	68.05591	1.16385	0.8843497	1.09176
41832	-1000.632	-1067.786	67.15367	1.114284	1.471085	1.444999
41838	-996.132	-1063.872	67.73953	1.02538	0.9096535	1.445948
41844	-997.8124	-1065.483	67.67089	1.106606	0.8061621	1.523983
41850	-1002.948	-1071.192	68.24392	0.9850234	0.86714	1.100779
41856	-1002.565	-1070.093	67.52816	0.9850234	1.220044	1.410811
41862	-1000.589	-1068.114	67.52482	0.8444985	0.7665241	1.848212
41868	-1002.419	-1070.092	67.67269	1.224908	0.7939336	1.4443
41874	-997.5516	-1065.216	67.66476	1.066048	1.288362	1.186736
41880	-994.7509	-1062.826	68.07557	0.9655212	0.951185	1.187471
41886	-995.5074	-1063.54	68.03282	1.089517	0.8752887	1.187471
41892	-997.8583	-1066.211	68.35306	1.081084	0.6653131	1.138301
41898	-998.9574	-1067.034	68.07701	1.117227	0.8904947	1.108989
41904	-995.8474	-1063.34	67.49269	1.081047	1.337794	1.284905
41910	-1004.53	-1071.611	67.08169	0.8894809	1.522132	1.636992
41916	-1002.161	-1069.619	67.45832	0.9085623	1.052633	1.633276
41922	-1006.275	-1073.956	67.68042	0.8085162	0.7381738	1.789863
41928	-1007.446	-1074.98	67.534	0.8600024	1.374575	1.404777
41934	-1004.39	-1071.848	67.45823	1.035154	1.449221	1.279768
41940	-998.7649	-1065.67	66.90492	2.264141	1.008868	0.1976452
41946	-1000.68	-1067.611	66.93084	2.342068	0.8607877	0.1817403
41952	-995.9587	-1062.985	67.026	2.302856	0.871648	0.202974
41958	-1003.711	-1070.114	66.40351	2.302856	1.448192	0.1729505
41964	-1007.031	-1073.907	66.87623	2.194831	1.128392	0.2029168
41970	-1013.478	-1081.535	68.0577	1.280955	0.7474968	1.128632
41976	-1010.169	-1078.174	68.00458	1.280955	0.7577883	1.164472
41982	-1003.526	-1071.588	68.06242	1.190559	0.901885	1.042542
41988	-1002.859	-1070.573	67.71383	1.116671	1.056062	1.276645
41994	-1003.31	-1071.053	67.74292	1.197627	1.031542	1.20434
42000	-999.5608	-1066.942	67.38163	0.5233649	1.027136	1.970429
42006	-999.3165	-1066.633	67.31614	0.6266548	1.027136	1.945047
42012	-1001.458	-1068.719	67.26026	0.5964941	1.294632	1.840631
42018	-994.0995	-1061.08	66.98	0.527546	1.104377	2.183721
42024	-999.7294	-1065.978	66.24811	0.3940583	1.597296	2.483029
42030	-1008.358	-1076.071	67.71327	1.139091	0.997225	1.30588
42036	-1004.998	-1072.638	67.64006	1.090882	1.124045	1.30588
42042	-1002.212	-1069.78	67.56794	0.5171243	0.9296297	1.915967
42048	-995.777	-1062.61	66.83337	0.5573369	0.9578983	2.35061
42054	-1008.184	-1076.462	68.27748	1.106415	0.6326141	1.220945
42060	-993.4486	-1059.997	66.54828	0.1922532	0.9810253	2.740617
42066	-995.4086	-1061.51	66.10173	0.309104	1.34903	2.740617
42072	-995.2377	-1061.731	66.49378	0.2359202	1.34903	2.543948
42078	-994.3509	-1061.099	66.74818	0.5431865	1.181829	2.277903
42084	-994.366	-1061.778	67.41235	0.5319554	0.9468202	1.998393
42090	-989.5448	-1057.251	67.70642	1.055211	1.079945	1.314216
42096	-997.739	-1065.436	67.69709	1.120099	1.022275	1.314216
42102	-998.2678	-1066.152	67.88384	1.17316	0.7388369	1.372757
42108	-996.411	-1064.33	67.91921	1.220574	0.8872699	1.160816
42114	-998.5467	-1066.641	68.09434	1.335237	0.9803482	0.7454818
42120	-996.6583	-1064.89	68.23144	1.474411	0.6748349	0.8500615
42126	-994.5926	-1062.859	68.26648	1.507743	0.6516317	0.8032554
42132	-996.9392	-1065.078	68.13862	1.508732	0.8376486	0.625866
42138	-998.0317	-1065.505	67.47302	1.624444	1.460452	0.5623541
42144	-1008.431	-1075.158	66.72737	1.838189	2.316802	0.4418413
42150	-1001.763	-1069.588	67.82476	1.836629	0.8163893	0.3750427
42156	-998.5095	-1066.597	68.08723	1.777282	0.6603048	0.3867463
42162	-990.0035	-1057.183	67.17985	2.179328	0.8556819	0.2073271
42168	-997.999	-1064.862	66.86346	2.232329	1.091518	0.1997613
42174	-1001.001	-1068.648	67.64718	1.704245	1.155003	0.4610374
42180	-1007.2	-1073.904	66.70451	2.394962	0.9949822	0.1731151
42186	-1003.32	-1070.499	67.17952	2.394962	0.5472639	0.1543144
42192	-1002.208	-1068.925	66.71677	2.394962	0.9060828	0.1537013
42198	-995.7396	-1062.242	66.5019	2.38325	1.033911	0.1343814
42204	-987.4305	-1054.023	66.59259	2.38325	1.033911	0.1525977
42210	-987.5734	-1054.238	66.66426	2.368346	1.033911	0.165849
42216	-989.5006	-1056.24	66.73915	2.404523	0.9246498	0.165849
42222	-995.8187	-1063.224	67.40574	2.168676	0.6564952	0.1969332
42228	-991.7238	-1058.943	67.2189	2.195947	0.846275	0.2244299
42234	-1002.002	-1068.86	66.8579	2.125847	1.294818	0.2240412
42240	-1000.084	-1068.184	68.10043	1.417845	0.9358094	0.6729556
42246	-1001.348	-1069.826	68.47805	1.417845	0.554032	0.8289748
42252	-991.8805	-1058.78	66.89953	2.133222	1.197884	0.2112949
42258	-997.7542	-1064.538	66.78413	2.133222	1.377377	0.2239944
42264	-994.0192	-1061.301	67.28202	2.076511	0.9263868	0.237917
42270	-995.0244	-1062.471	67.44694	1.949792	0.9961572	0.301806
42276	-994.8792	-1062.67	67.79047	2.006424	0.6443604	0.2934607
42282	-997.032	-1064.494	67.46212	2.006424	0.9810481	0.3557605
42288	-988.3071	-1055.804	67.49673	1.767435	1.16653	0.325579
42294	-992.3227	-1059.889	67.5663	1.825293	1.05039	0.3458945
42300	-993.8259	-1061.473	67.64711	1.862831	0.9290331	0.3414378
42306	-989.129	-1056.978	67.84876	1.862831	0.7514988	0.3404705
42312	-1005.681	-1073.057	67.3768	0.9710277	1.266764	1.50648
42318	-999.9668	-1066.794	66.82704	0.7566768	1.03672	2.176014
42324	-1000.709	-1068.185	67.4758	1.565384	1.543235	0.4639747
42330	-999.4056	-1067.382	67.97689	1.558392	0.9663461	0.508148
42336	-996.5668	-1064.547	67.9798	1.793135	0.7366081	0.4014896
42342	-996.7848	-1064.48	67.69479	1.600597	1.176247	0.6557089
42348	-995.4608	-1063.107	67.6463	1.600597	1.27398	0.5514416
42354	-1003.349	-1071.242	67.8929	1.639324	0.9636746	0.556448
42360	-1002.805	-1069.681	66.87635	0.6160453	0.9363459	2.300139
42366	-1002.701	-1069.808	67.10634	0.4592409	0.868577	2.300139
42372	-997.8082	-1065.343	67.53519	1.978781	0.8461427	0.2731255
42378	-994.8433	-1062.413	67.56961	1.989322	0.8225132	0.2844115
42384	-990.5075	-1057.806	67.29841	1.876637	1.184728	0.2717829
42390	-988.9529	-1056.389	67.43615	1.970889	0.9839001	0.3002542
42396	-990.6609	-1057.965	67.30385	2.152609	0.8175441	0.2280077
42402	-994.1433	-1061.427	67.28331	2.152609	0.863571	0.2421307
42408	-998.8682	-1066.051	67.18332	2.104081	0.863571	0.1868754
42414	-999.6819	-1067.291	67.60933	1.090207	1.070759	1.370624
42420	-1000.629	-1067.996	67.36714	2.092576	0.8272456	0.2342288
42426	-995.9657	-1062.889	66.92321	2.092576	1.294656	0.2377199
42432	-1001.544	-1069.01	67.46608	0.7808421	0.8834753	1.83951
42438	-997.632	-1065.002	67.37011	0.8441717	1.203113	1.644094
42444	-997.1841	-1064.946	67.76215	0.9435019	1.056328	1.376645
42450	-1002.522	-1070.415	67.89244	0.8975905	0.9337461	1.406895
42456	-999.9833	-1067.523	67.53965	0.8975905	0.8380974	1.742691
42462	-998.8834	-1066.374	67.49025	0.7019087	1.049638	1.759221
42468	-1007.767	-1074.941	67.17437	0.9096612	1.034284	1.844358
42474	-1000.989	-1067.925	66.93583	2.153701	1.112545	0.2042662
42480	-1000.609	-1067.744	67.13571	2.153701	0.8765886	0.1918925
42486	-1001.996	-1068.797	66.80165	2.153701	1.39421	0.2466986
42492	-1000.632	-1067.634	67.00246	2.000153	1.36563	0.2594414
42498	-1000.804	-1067.469	66.66565	2.094431	1.421769	0.1822125
42504	-997.6963	-1064.709	67.01301	0.6964111	1.05708	2.081002
42510	-995.4258	-1062.368	66.94243	2.32023	0.7444844	0.1460325
42516	-997.1768	-1063.53	66.35298	2.47779	1.139877	0.1430551
42522	-1001.224	-1067.461	66.23695	2.47779	1.287809	0.1454573
42528	-999.6249	-1066.426	66.80083	2.47779	0.7102093	0.1405265
42534	-994.1798	-1060.926	66.74584	2.350048	1.000336	0.173589
42540	-1000.031	-1067.863	67.83242	2.107521	0.5509332	0.2983063
42546	-999.8735	-1067.521	67.64754	2.107521	0.6626684	0.2820819
42552	-1004.241	-1071.576	67.33555	2.102658	0.9850133	0.3274351
42558	-991.3004	-1058.419	67.11822	2.170359	0.9409363	0.2153043
42564	-991.4309	-1058.459	67.02784	2.170359	0.9409363	0.1852104
42570	-998.8308	-1065.64	66.80965	2.192107	1.28169	0.2269868
42576	-1007.34	-1074.027	66.68617	2.192107	1.479492	0.2408327
42582	-1010.805	-1078.619	67.81405	0.8650317	0.9518135	1.477366
42588	-1011.341	-1079.017	67.67586	0.8857541	0.7475538	1.730948
42594	-993.9382	-1060.299	66.36056	2.435521	1.19138	0.145322
42600	-993.9858	-1061.089	67.10365	2.29911	0.6786558	0.1581366
42606	-995.2399	-1062.225	66.9853	2.220956	0.9274705	0.1834241
42612	-998.9537	-1066.507	67.55341	1.093521	0.9987997	1.465456
42618	-997.5046	-1065.521	68.01597	1.009876	0.9493177	1.202241
42624	-1004.764	-1072.624	67.86001	0.9347676	0.9373081	1.400296
42630	-997.9638	-1065.409	67.44495	0.9347676	1.142998	1.562613
42636	-995.943	-1063.18	67.23688	0.8584583	1.327504	1.654714
42642	-1003.414	-1070.547	67.13349	2.089057	0.9663407	0.2011456
42648	-994.2183	-1060.929	66.7103	2.247793	1.140063	0.1722937
42654	-991.2728	-1057.926	66.65293	2.247793	1.140063	0.1581486
42660	-990.9336	-1057.874	66.94089	2.247793	0.9235972	0.1773087
42666	-993.5828	-1060.939	67.35575	2.129457	0.9118487	0.302651
42672	-1008.015	-1075.457	67.44206	0.5389333	1.473017	1.655873
42678	-1010.602	-1077.885	67.28267	0.7822275	1.082407	1.825811
42684	-1002.549	-1069.211	66.66225	2.009151	1.81041	0.2504098
42690	-1004.834	-1071.94	67.10654	2.009151	1.177615	0.2377919
42696	-1004.888	-1072.22	67.33169	1.853806	1.281318	0.3459025
42702	-995.1795	-1062.9	67.72079	1.778008	0.9995178	0.5397748
42708	-997.0551	-1064.691	67.63612	1.825927	0.9995178	0.3719389
42714	-999.6341	-1066.891	67.25736	1.811557	1.394384	0.3201372
42720	-999.2338	-1066.743	67.50871	1.134172	1.480627	1.131868
42726	-1004.245	-1071.727	67.48152	1.17548	1.467639	1.127876
42732	-994.9646	-1062.81	67.84502	1.785735	0.8437232	0.3761991
42738	-1002.984	-1070.547	67.56344	1.691315	1.243974	0.4017122
42744	-1009.428	-1077.188	67.76009	1.055081	1.284717	1.114789
42750	-1004.023	-1072.305	68.28171	1.014746	0.7344999	1.180166
42756	-1002.844	-1071.026	68.18269	1.230967	0.7344999	1.074814
42762	-999.3709	-1067.285	67.9144	1.230967	1.195452	0.8549256
42768	-999.7138	-1067.722	68.00839	1.162711	1.146147	0.8762894
42774	-1002.574	-1070.33	67.75584	1.429304	1.23869	0.7527834
42780	-996.7031	-1064.837	68.13407	1.407004	0.8976896	0.7055388
42786	-1000.506	-1068.329	67.8234	1.306854	1.269388	0.7938576
42792	-1006.299	-1073.721	67.42253	1.309121	1.793423	0.8169078
42798	-1007.56	-1075.343	67.78378	1.354558	1.272281	0.7794561
42804	-1010.406	-1078.148	67.74248	1.354558	1.404244	0.6759347
42810	-996.2462	-1063.436	67.1902	0.8992935	1.271838	1.691433
42816	-1005.792	-1073.499	67.70682	0.8354373	0.5534488	1.928362
42822	-994.3236	-1062.207	67.88326	0.8227967	0.8676702	1.524876
42828	-1001.343	-1068.802	67.4592	0.8922401	0.7035541	1.914259
42834	-994.3314	-1061.308	66.97671	0.6546491	1.140226	2.081384
42840	-1004.043	-1071.336	67.2929	0.3837252	1.057493	2.10229
42846	-1004.854	-1071.647	66.79347	0.3097311	1.481495	2.243462
42852	-999.2988	-1065.661	66.36231	0.7508134	1.468161	2.243462
42858	-1001.677	-1068.6	66.92219	0.6389634	1.307909	2.032595
42864	-993.5016	-1061.138	67.6359	0.6101667	0.8329899	1.878801
42870	-991.2382	-1058.703	67.46451	0.8984286	1.561719	1.318818
42876	-996.5083	-1063.789	67.28068	0.7480917	1.781861	1.463621
42882	-991.5526	-1059.428	67.87513	1.010828	0.975087	1.296766
42888	-994.568	-1062.377	67.80871	0.8074027	0.9155829	1.552826
42894	-993.7257	-1061.302	67.57589	0.9925013	0.9429398	1.566676
42900	-989.6393	-1057.51	67.87071	1.066118	1.12842	1.1275
42906	-993.4282	-1061.596	68.16765	0.9102102	0.8663923	1.233763
42912	-999.5989	-1067.149	67.55026	0.9228785	1.197706	1.456417
42918	-1000.188	-1067.3	67.11219	0.967012	1.197706	1.743277
42924	-1002.568	-1069.832	67.26403	0.7706794	1.24953	1.743277
42930	-994.2664	-1061.704	67.43809	0.8577364	1.028256	1.70093
42936	-993.37	-1060.77	67.40046	0.7366126	1.109586	1.758163
42942	-991.654	-1058.687	67.03272	0.5990946	0.7509186	2.345728
42948	-996.6894	-1064.157	67.46779	0.5317972	0.9194931	1.980688
42954	-1002.634	-1070.138	67.50415	1.361152	1.337563	1.027374
42960	-1007.032	-1074.994	67.96173	0.8801782	1.040017	1.27999
42966	-1009.479	-1077.894	68.4154	1.245015	0.5412818	1.096403
42972	-1008.02	-1075.795	67.77501	1.11488	1.33615	1.004279
42978	-1006.971	-1074.731	67.75917	1.041968	0.9836704	1.357826
42984	-996.2953	-1063.931	67.63555	0.9986733	1.303532	1.257927
42990	-999.7623	-1066.769	67.00686	1.050263	1.384496	1.64968
42996	-995.6129	-1062.522	66.90888	0.7871916	1.181795	2.013998
43002	-997.7717	-1065.264	67.49199	0.9273882	0.9079348	1.700806
43008	-1000.878	-1068.987	68.10885	1.035685	0.8750856	1.168381
43014	-998.3008	-1065.252	66.9509	0.1224367	1.114994	2.45433
43020	-1001.092	-1068.757	67.66492	0.1364525	0.9227227	2.109607
43026	-999.9876	-1066.746	66.75883	0.07034702	1.134285	2.595551
43032	-1013.883	-1080.609	66.72563	0.1525271	0.9324237	2.687056
43038	-1000.757	-1067.985	67.22749	0.4725115	1.218025	1.990339
43044	-1008.679	-1074.84	66.1606	0.446059	1.543806	2.528885
43050	-1011.491	-1078.214	66.72292	0.1308482	1.317774	2.482191
43056	-1005.234	-1072.411	67.17717	0.4454851	0.942712	2.212179
43062	-998.4472	-1065.661	67.21348	0.708682	0.8467661	2.084969
43068	-995.7434	-1063.032	67.28905	0.6717641	0.8131204	2.084969
43074	-993.3388	-1060.26	66.92142	0.8430737	1.223167	1.944143
43080	-998.9034	-1066.65	67.74616	0.7999931	1.223167	1.383047
43086	-998.8716	-1066.155	67.28307	0.8769704	0.7695857	1.987256
43092	-999.6634	-1066.703	67.03935	0.6114792	0.8750314	2.240893
43098	-994.7205	-1061.89	67.16907	0.5486723	0.8750314	2.197706
43104	-1003.828	-1071.132	67.30394	0.5398034	1.334236	1.827448
43110	-1008.007	-1075.85	67.84293	1.677248	0.9810367	0.4891176
43116	-1012.997	-1080.604	67.60687	1.395207	1.429789	0.7942915
43122	-1001.664	-1069.344	67.67976	0.9899611	1.349573	1.196612
43128	-1004.012	-1072.143	68.13111	0.9716798	0.8645754	1.214402
43134	-1008.607	-1075.765	67.15804	0.999589	1.374563	1.582543
43140	-1006.058	-1073.63	67.57241	0.9842135	0.8433706	1.653833
43146	-1004.713	-1072.51	67.79665	1.029367	1.016454	1.311716
43152	-1002.868	-1070.668	67.7997	1.045243	0.9764188	1.328797
43158	-1005.77	-1074.086	68.31643	1.046889	0.6914963	1.170036
43164	-1004.632	-1072.496	67.86447	1.190196	0.9974685	1.134079
43170	-991.8515	-1059.654	67.80284	1.28208	1.248114	0.8729463
43176	-993.8587	-1061.733	67.87428	1.294972	1.024741	1.0007
43182	-995.6694	-1063.348	67.67837	1.076405	1.024741	1.362105
43188	-997.225	-1065.036	67.81051	1.351837	0.7363402	1.290913
43194	-1010.201	-1077.646	67.44503	1.044874	1.192492	1.447104
43200	-1007.668	-1075.553	67.88516	1.085447	0.6904007	1.486961
43206	-1003.224	-1070.511	67.28639	0.9008086	1.741768	1.36108
43212	-997.7106	-1065.681	67.97052	0.9751973	0.6991238	1.497101
43218	-1004.563	-1072.649	68.0865	1.067314	1.186488	0.8542103
43224	-1006.985	-1074.279	67.29402	2.080228	1.086274	0.3667007
43230	-998.5435	-1066.485	67.94104	1.54766	1.011731	0.5220001
43236	-1004.738	-1072.783	68.04466	1.506559	0.9003548	0.6822208
43242	-1010.237	-1078.166	67.92849	1.506559	1.023128	0.6619952
43248	-1008.098	-1076.014	67.91681	1.506559	1.038454	0.6551427
43254	-1004.972	-1073.063	68.09147	1.728893	0.7037349	0.4136551
43260	-995.6225	-1063.548	67.92509	1.667408	0.9069152	0.553438
43266	-1007.196	-1074.455	67.2588	1.832273	1.394226	0.3416631
43272	-997.202	-1064.69	67.48778	1.832273	1.155332	0.3802473
43278	-997.5753	-1065.631	68.05584	1.596685	0.8497442	0.5672474
43284	-994.2213	-1062.119	67.89752	1.67519	0.922651	0.5672474
43290	-988.8028	-1056.409	67.60581	1.67519	1.237792	0.5259662
43296	-988.0598	-1055.593	67.53297	1.698552	1.237792	0.3571132
43302	-995.123	-1062.391	67.26755	1.698552	1.64698	0.4508993
43308	-990.6213	-1058.305	67.68323	1.777566	1.032532	0.4380131
43314	-991.7226	-1059.491	67.76814	1.662888	1.063878	0.5654675
43320	-994.3262	-1061.972	67.64567	1.551131	1.341179	0.5100109
43326	-992.1909	-1059.981	67.78983	1.504467	1.216317	0.5587344
43332	-1012.266	-1079.971	67.70476	1.376685	1.315022	0.8087862
43338	-1009.534	-1077.797	68.2631	1.303457	0.6354952	1.054159
43344	-1020.281	-1087.952	67.671	1.263584	1.004671	1.231884
43350	-996.1688	-1063.648	67.4789	1.497459	1.617819	0.5915354
43356	-1006.511	-1074.162	67.6505	1.78969	1.055325	0.4434635
43362	-1004.384	-1072.183	67.79881	1.007302	1.055435	1.297075
43368	-1006.887	-1074.149	67.2624	0.7918372	1.18008	1.771532
43374	-1003.253	-1071.526	68.27314	1.675887	0.6107647	0.5915114
43380	-996.8586	-1064.905	68.04611	1.553368	0.6660214	0.9805871
43386	-993.4012	-1061.454	68.05281	1.358312	0.9806943	0.7720404
43392	-1006.679	-1074.375	67.69571	1.859141	0.8891066	0.3436451
43398	-1004.546	-1071.933	67.38606	2.033756	1.020497	0.3448869
43404	-1008.119	-1075.266	67.1466	0.9860482	1.525631	1.516887
43410	-1011.357	-1078.368	67.01148	1.11381	0.8103452	1.978023
43416	-1005.693	-1073.043	67.34949	0.9307843	1.464418	1.439384
43422	-1007.184	-1074.993	67.80912	0.8107784	1.061388	1.439384
43428	-1006.716	-1074.075	67.35919	0.6177744	1.143364	1.847585
43434	-1004.955	-1072.593	67.63788	0.8426935	1.236223	1.425296
43440	-1007.76	-1075.297	67.5366	0.7740114	1.248958	1.54529
43446	-1003.291	-1070.979	67.68812	0.8221828	0.8684467	1.666827
43452	-999.5628	-1067.255	67.69257	0.9866694	0.8763104	1.537684
43458	-997.3887	-1065.288	67.8994	0.9841183	0.9611987	1.310291
43464	-1014.74	-1082.374	67.63378	0.7819833	1.193249	1.502695
43470	-1005.284	-1072.298	67.01335	0.6722868	1.272802	1.968909
43476	-1012.051	-1079.064	67.01336	0.6194067	0.9947905	2.171069
43482	-1008.167	-1075.824	67.65708	0.6872529	1.117541	1.605425
43488	-1005.706	-1073.108	67.4026	0.739435	1.315761	1.627973
43494	-1001.697	-1069.053	67.35571	0.7581329	1.467276	1.5626
43500	-1008.105	-1075.779	67.67332	0.6713236	0.9473526	1.724138
43506	-1001.207	-1068.871	67.6645	0.9280208	1.025969	1.48624
43512	-1001.485	-1069.454	67.96844	0.9266678	1.000876	1.267942
43518	-1006.147	-1073.881	67.73379	1.160605	0.8051646	1.436597
43524	-1010.55	-1077.879	67.3292	1.0123	0.698026	1.925835
43530	-1000.777	-1067.311	66.53425	0.766579	1.288075	2.213535
43536	-993.2443	-1060.311	67.06708	0.8428621	0.8169959	2.115394
43542	-1000.757	-1068.565	67.80798	0.7958154	0.8169959	1.641719
43548	-999.0426	-1066.195	67.15269	0.7844175	0.9535652	1.998515
43554	-1007.593	-1075.323	67.73089	0.8395168	0.6540118	1.809643
43560	-998.2937	-1065.477	67.18375	0.9059307	1.042631	1.83491
43566	-1001.318	-1068.087	66.76931	0.6547783	1.166143	2.201411
43572	-1001.001	-1068.241	67.24065	0.6918608	1.257984	1.809443
43578	-1008.548	-1075.382	66.83448	0.5587342	1.197544	2.203482
43584	-1009.128	-1076.902	67.77367	1.233248	1.213199	0.9895734
43590	-1004.94	-1072.983	68.04332	1.178032	0.9799013	0.9933528
43596	-1003	-1070.474	67.47395	1.068324	1.276593	1.35052
43602	-1010.793	-1078.609	67.81575	1.068324	1.113991	1.185631
43608	-1014.288	-1081.823	67.5354	1.068324	0.8303757	1.63064
43614	-1004.687	-1071.747	67.06073	0.7641848	0.7854696	2.194951
43620	-1005.304	-1073.25	67.94585	0.8796606	1.020249	1.309101
43626	-1001.274	-1069.398	68.12374	1.215386	0.5981947	1.29882
43632	-1006.316	-1073.297	66.98113	0.7582006	1.16084	1.997575
43638	-995.1296	-1062.37	67.24085	0.7654368	0.8133132	2.05484
43644	-1000.489	-1067.602	67.11269	0.8820753	1.023965	1.912068
43650	-1006.062	-1072.783	66.7204	0.5421045	1.293716	2.235257
43656	-1001.974	-1069.131	67.15723	0.5227683	0.8560476	2.235721
43662	-1001.712	-1069.387	67.67466	0.7767759	0.9423257	1.651991
43668	-1000.412	-1068.117	67.70468	0.8311764	1.354388	1.304974
43674	-1018.073	-1084.265	66.19239	0.4333239	1.315085	2.625344
43680	-996.8327	-1064.156	67.32359	0.8793838	1.141151	1.691428
43686	-996.2743	-1064.232	67.95733	0.9763996	0.5224495	1.691428
43692	-991.3236	-1059.286	67.96246	0.8410229	0.6082348	1.691428
43698	-1002.476	-1069.649	67.17293	0.7781351	1.053685	1.922095
43704	-1002.959	-1070.168	67.20881	0.9796605	0.8756817	1.885328
43710	-993.4083	-1060.38	66.97201	0.6848162	1.106395	2.08502
43716	-990.9902	-1058.376	67.3862	0.5532243	1.152328	1.867738
43722	-1000.984	-1069.012	68.02801	0.7226497	0.927228	1.442521
43728	-1000.562	-1068.63	68.06782	0.7615863	0.8550007	1.442521
43734	-999.6561	-1067.615	67.95888	0.8647912	0.9802992	1.342642
43740	-998.9696	-1066.888	67.91804	1.059551	0.9635317	1.230735
43746	-1002.388	-1070.241	67.85244	0.9625782	1.170761	1.200865
43752	-1006.892	-1075.062	68.16938	1.44811	0.8629747	0.6290381
43758	-1006.406	-1074.497	68.09097	1.603941	0.7761521	0.678637
43764	-1000.054	-1067.693	67.63942	0.8477426	1.08858	1.52018
43770	-996.8333	-1064.319	67.48585	0.8755815	1.22899	1.52018
43776	-999.9793	-1067.936	67.95625	0.9434229	1.008829	1.257602
43782	-1013.725	-1081.538	67.81314	1.049001	1.095001	1.219484
43788	-1008.609	-1076.451	67.84218	1.089654	1.022282	1.219484
43794	-992.704	-1061.168	68.46378	1.149308	0.7128313	0.9002402
43800	-994.4995	-1062.614	68.11448	1.103588	1.037044	0.9378467
43806	-995.5806	-1063.759	68.17823	1.274857	0.9599045	0.7415158
43812	-1005.834	-1073.572	67.73756	0.8071741	0.9660692	1.566463
43818	-998.5574	-1065.324	66.76616	0.6284725	1.185898	2.209158
43824	-1011.114	-1079.188	68.07403	1.429754	0.9862841	0.5790711
43830	-996.0486	-1063.68	67.63132	0.603138	0.8266008	1.891693
43836	-999.7147	-1066.803	67.08795	0.6292704	0.8113409	2.244717
43842	-1008.138	-1074.964	66.82568	0.4885127	1.16092	2.275167
43848	-1000.141	-1066.634	66.49216	0.6234041	1.16092	2.401504
43854	-1015.643	-1083.39	67.74609	0.9853493	0.9927659	1.405248
43860	-999.6592	-1067.02	67.36096	0.9025324	0.8496356	1.853967
43866	-1004.574	-1071.42	66.84563	0.5530192	1.204167	2.196229
43872	-1005.47	-1072.631	67.16183	0.5944495	0.8407052	2.197669
43878	-1011.033	-1077.927	66.89412	0.5641263	0.9295484	2.326489
43884	-1002.433	-1069.488	67.05485	0.3827781	1.009757	2.287233
43890	-1004.421	-1071.72	67.29873	0.9357003	1.342886	1.544543
43896	-1004.261	-1071.865	67.60352	0.8771918	0.7668109	1.771004
43902	-1002.697	-1069.117	66.41941	0.6615821	1.735672	2.143187
43908	-999.4829	-1066.465	66.98178	0.5748956	1.118676	2.143187
43914	-997.3681	-1063.762	66.39397	0.5214793	1.372436	2.416013
43920	-993.1367	-1060.548	67.41126	0.5603388	1.097674	1.879911
43926	-996.2464	-1063.53	67.28325	0.7347341	1.163223	1.807068
43932	-1000.359	-1067.898	67.53948	0.6592892	0.9445245	1.827715
43938	-1005.831	-1072.941	67.10997	0.7262615	1.395143	1.799426
43944	-1009.466	-1076.8	67.33396	0.6042433	0.9017139	2.03426
43950	-1000.201	-1067.33	67.12917	0.5739862	0.8526774	2.223239
43956	-995.0587	-1062.332	67.27333	0.7285898	0.951264	1.956742
43962	-994.3718	-1061.281	66.90956	0.7565366	1.296392	1.968929
43968	-996.5155	-1063.909	67.39332	0.6010311	1.007276	1.923506
43974	-995.0578	-1061.958	66.89983	0.7292914	0.7085232	2.381383
43980	-994.2231	-1061.018	66.79465	0.3952996	1.114028	2.381383
43986	-995.3036	-1062.3	66.99659	0.3845204	1.114028	2.259544
43992	-992.6262	-1059.639	67.01252	0.1693513	0.8815313	2.533067
43998	-996.2123	-1063.122	66.90941	0.09900939	0.8710951	2.647681
44004	-999.7288	-1066.792	67.06333	0.6807018	1.137628	2.008371
44010	-995.3243	-1063.367	68.04317	0.8456313	0.897759	1.359646
44016	-1001.241	-1068.665	67.42473	1.084914	1.302189	1.359646
44022	-1004.587	-1071.107	66.51903	1.098146	1.728442	1.786431
44028	-995.0049	-1062.688	67.68281	0.7561817	1.135605	1.523722
44034	-993.6693	-1060.886	67.21705	0.7258192	0.8135983	2.096393
44040	-988.473	-1056.109	67.63616	0.7686033	0.8135983	1.785065
44046	-992.1835	-1059.244	67.0606	0.664306	1.165977	2.004137
44052	-993.4062	-1060.874	67.46824	0.93428	0.8536249	1.754684
44058	-991.7055	-1059.713	68.00723	0.8580298	0.9689244	1.31862
44064	-997.7082	-1065.39	67.68215	0.7544817	1.310805	1.411266
44070	-993.7036	-1061.069	67.36587	0.7545334	0.7478254	2.031414
44076	-1000.35	-1067.268	66.91806	0.4838413	1.287892	2.148063
44082	-997.5328	-1064.92	67.38728	0.6745748	0.7412734	2.075497
44088	-995.2698	-1062.384	67.11467	0.9885884	1.301368	1.664251
44094	-1002.724	-1069.714	66.9906	0.6614353	0.8238413	2.27724
44100	-1003.735	-1070.139	66.40401	0.800775	0.5484005	2.784738
44106	-999.395	-1066.465	67.07019	0.6894906	1.0883	2.028218
44112	-1004.721	-1072.667	67.94651	0.7898753	1.010016	1.387976
44118	-1001.01	-1069.041	68.03069	1.198063	0.7848239	1.18536
44124	-1002.463	-1068.956	66.49325	0.4544407	1.487024	2.340304
44130	-999.3646	-1067.055	67.69062	1.333925	1.29445	0.8979147
44136	-994.8811	-1062.717	67.83586	1.301423	1.281479	0.7701654
44142	-1002.952	-1070.376	67.42339	0.6719493	1.231337	1.711491
44148	-1003.617	-1070.734	67.11678	0.7934077	1.05835	1.946633
44154	-1004.184	-1072.086	67.90201	1.162179	0.5919709	1.519202
44160	-1002.368	-1069.406	67.03748	0.8809705	1.242401	1.828211
44166	-1002.64	-1069.693	67.05274	0.7117421	1.531966	1.778129
44172	-998.4276	-1065.626	67.19836	0.7471934	1.218376	1.823693
44178	-998.9824	-1066.058	67.0751	0.7793926	1.315421	1.830511
44184	-1000.478	-1068.258	67.77987	0.935219	0.7149921	1.651131
44190	-1002.451	-1069.897	67.44579	0.8533184	1.10391	1.647173
44196	-1007.097	-1074.789	67.69136	0.8412463	1.063286	1.504117
44202	-1003.901	-1071.868	67.96693	1.235143	0.8871206	1.105205
44208	-1001.649	-1069.418	67.76848	1.160141	1.086521	1.169138
44214	-1009.888	-1078.156	68.26762	1.160141	0.9522159	0.7895256
44220	-1002.88	-1070.72	67.83925	0.9547587	1.089095	1.280872
44226	-1009.498	-1077.018	67.51969	0.8840586	1.570007	1.280872
44232	-1004.592	-1071.927	67.33536	0.8298077	1.570007	1.468521
44238	-998.6921	-1066.566	67.87361	1.105017	0.892262	1.292329
44244	-1000.497	-1068.201	67.70397	1.101205	1.24711	1.151889
44250	-996.3974	-1064.429	68.03166	1.132267	0.9384778	1.089732
44256	-1001.352	-1069.067	67.71561	1.189596	1.064379	1.207444
44262	-995.7476	-1062.995	67.24705	0.7250933	1.246285	1.788835
44268	-1000.72	-1068.053	67.33297	1.054552	1.246285	1.48962
44274	-995.031	-1062.327	67.29584	0.6705653	1.274077	1.776605
44280	-989.8566	-1057.001	67.14392	0.8397503	1.116976	1.859466
44286	-993.7064	-1060.963	67.25702	0.6272637	1.362437	1.783869
44292	-986.966	-1054.029	67.06266	0.8316022	1.129466	1.912516
44298	-987.9649	-1054.454	66.48866	0.6113257	1.178028	2.401742
44304	-992.6615	-1058.857	66.19582	0.3988801	1.03358	2.7977
44310	-1001.833	-1067.091	65.25824	0.4304554	1.308605	3.19462
44316	-994.2326	-1060.847	66.61435	0.2777585	0.9823976	2.646696
44322	-993.3632	-1059.851	66.48756	0.506504	1.429402	2.338312
44328	-993.1895	-1060.178	66.98871	0.6074042	1.429402	1.945271
44334	-999.0635	-1066.167	67.10381	0.7911135	0.8920107	2.069832
44340	-995.6634	-1063.015	67.35138	0.9147821	1.134003	1.650972
44346	-997.9473	-1065.375	67.4281	0.9147821	1.134003	1.595536
44352	-1000.685	-1068.242	67.55734	0.862615	1.09226	1.567334
44358	-1003.98	-1071.945	67.96478	0.8505016	0.6066606	1.684658
44364	-1008.103	-1075.667	67.56415	0.7835574	0.9450754	1.72365
44370	-996.1149	-1064.17	68.05517	1.200266	0.8734268	1.069752
44376	-1000.948	-1068.96	68.01161	1.200266	1.054697	0.9261133
44382	-998.9485	-1065.619	66.67074	0.5939329	1.280062	2.241122
44388	-1001.638	-1068.577	66.93854	0.7929471	1.399151	1.869289
44394	-1009.35	-1076.891	67.54136	0.7856617	1.307079	1.497118
44400	-1011.714	-1079.392	67.67878	0.8013305	0.9287109	1.641673
44406	-1010.662	-1078.724	68.06194	0.7395001	0.6595063	1.641673
44412	-1010.624	-1078.835	68.21162	1.298925	0.7066187	1.015985
44418	-999.5613	-1067.501	67.93926	1.125593	1.11328	1.020658
44424	-998.2465	-1066.085	67.83865	0.9027029	1.061432	1.344558
44430	-998.0882	-1065.9	67.81153	0.9683081	0.8232721	1.507367
44436	-995.1109	-1062.725	67.6138	0.8448453	1.017389	1.591666
44442	-992.1578	-1059.9	67.7425	0.9645948	1.329508	1.178209
44448	-993.5298	-1060.424	66.89453	0.3160418	1.143581	2.351206
44454	-1004.645	-1071.086	66.44134	0.4638139	1.938936	2.174612
44460	-998.9197	-1065.925	67.00555	0.6948165	1.208158	1.995789
44466	-994.5651	-1061.688	67.1226	0.689702	1.084169	1.995789
44472	-993.8747	-1061.596	67.7211	0.9886833	0.891528	1.502489
44478	-994.3826	-1061.008	66.62508	0.843877	1.373602	2.058801
44484	-991.3804	-1058.888	67.50793	0.8391401	1.390024	1.43169
44490	-1001.306	-1068.195	66.8892	0.942545	2.185403	1.43169
44496	-1000.164	-1067.85	67.68591	0.7287288	1.273505	1.451769
44502	-994.5663	-1061.335	66.76818	0.7764455	0.9867005	2.233357
44508	-998.8125	-1066.161	67.34876	0.5273542	1.132381	1.922989
44514	-1007.211	-1074.689	67.47773	0.333	1.280235	1.880233
44520	-1012.11	-1079.649	67.53882	0.5534177	1.177892	1.746338
44526	-1002.813	-1069.765	66.95181	0.3804202	0.89787	2.427742
44532	-994.0614	-1061.042	66.98097	0.3724452	1.065778	2.306225
44538	-996.0692	-1063.455	67.38623	0.4212749	0.7057971	2.269995
44544	-991.5109	-1058.008	66.49694	0.5661859	0.8565969	2.623899
44550	-995.7582	-1062.225	66.46721	0.186262	1.01975	2.770145
44556	-994.8686	-1061.253	66.38463	0.4083599	1.022857	2.682848
44562	-991.6917	-1059.122	67.43013	0.3296659	1.228575	1.944181
44568	-995.0889	-1062.289	67.2002	0.6745649	1.228575	1.86624
44574	-992.5254	-1059.831	67.30548	0.6396727	0.9377747	2.004131
44580	-991.8825	-1059.397	67.5147	0.7928001	0.9014037	1.784199
44586	-991.7783	-1058.979	67.20025	0.8240504	1.587606	1.564356
44592	-995.2861	-1062.326	67.04027	1.029856	1.807154	1.419594
44598	-998.928	-1066.675	67.74679	1.029856	0.8956281	1.448552
44604	-995.6743	-1062.837	67.16266	0.8436454	0.955955	1.950527
44610	-997.6315	-1065.206	67.57488	0.9224924	0.9377223	1.622395
44616	-999.2333	-1066.899	67.66598	0.7804249	0.8501844	1.726622
44622	-994.3328	-1062.152	67.81926	0.833611	0.9854025	1.471163
44628	-997.4192	-1065.07	67.65038	0.9015477	0.8956758	1.615388
44634	-995.1969	-1062.93	67.73355	0.6466107	0.9265612	1.714487
44640	-994.649	-1062.487	67.83803	0.9146175	0.8789246	1.480633
44646	-994.6423	-1062.087	67.44466	0.7438113	0.9119445	1.858421
44652	-992.63	-1060.257	67.62661	0.7446913	1.053468	1.629513
44658	-997.9012	-1065.185	67.28386	0.7674732	1.647542	1.513586
44664	-994.2696	-1061.638	67.36818	0.7046504	0.7676042	2.046839
44670	-999.1108	-1066.589	67.47868	0.8141676	0.9739122	1.741301
44676	-997.8801	-1065.324	67.444	0.6800943	1.144483	1.744934
44682	-1004.502	-1071.159	66.65764	0.3139168	1.000878	2.586094
44688	-995.1665	-1062.791	67.62464	0.4917164	0.8859302	1.926568
44694	-993.5276	-1060.426	66.89827	0.6510498	0.9676397	2.242822
44700	-995.0975	-1061.769	66.67163	0.2348354	0.8601239	2.71784
44706	-986.2213	-1053.463	67.24175	0.3064686	1.094955	2.163002
44712	-987.2857	-1054.531	67.24478	0.7540985	1.143219	1.832628
44718	-1002.226	-1069.884	67.6588	0.7318099	0.8452539	1.7696
44724	-996.2714	-1063.899	67.62797	0.7318099	0.8030938	1.824685
44730	-994.7501	-1061.733	66.98294	0.5458217	1.306791	2.054642
44736	-1005.256	-1072.594	67.33722	0.4568129	1.216441	1.928128
44742	-1000.394	-1067.087	66.69291	0.417209	0.9757025	2.515714
44748	-998.1988	-1065.501	67.30194	0.9000062	0.6237189	2.085983
44754	-987.5278	-1054.265	66.7377	0.2837754	0.921471	2.60585
44760	-993.7599	-1060.42	66.6602	0.1723608	1.320328	2.494163
44766	-991.8649	-1058.338	66.47267	0.3673964	1.042491	2.642071
44772	-987.0405	-1054.052	67.01174	0.520172	1.229678	2.095009
44778	-992.0087	-1059.319	67.3102	0.6379371	1.159102	1.857635
44784	-995.1641	-1062.293	67.12929	0.58598	0.9705348	2.133346
44790	-997.5754	-1064.865	67.28939	0.654277	0.9590862	1.990327
44796	-997.1567	-1064.242	67.08488	0.8008213	1.370145	1.778655
44802	-992.0311	-1059.82	67.78893	1.099228	0.9381513	1.325853
44808	-995.5751	-1063.46	67.88484	1.090581	0.8576612	1.325853
44814	-993.9541	-1061.61	67.65637	1.090581	0.9949038	1.391508
44820	-990.8077	-1058.186	67.37798	0.9764577	1.345788	1.452739
44826	-999.0944	-1066.144	67.04923	0.6562259	1.345788	1.91549
44832	-1011.721	-1079.841	68.12019	1.558209	0.7947424	0.6674805
44838	-1005.536	-1073.691	68.1552	1.335183	0.9619115	0.6743913
44844	-1003.495	-1069.963	66.46832	0.6751184	1.402771	2.255909
44850	-993.3923	-1060.026	66.63394	0.6768561	1.147378	2.285128
44856	-1000.628	-1067.21	66.58205	0.7625331	1.114153	2.282889
44862	-994.1117	-1061.967	67.85528	1.574575	1.065128	0.5653888
44868	-997.1596	-1064.886	67.72663	1.473051	1.258697	0.702477
44874	-995.1585	-1063.53	68.3717	1.566077	0.5797865	0.7136327
44880	-993.4732	-1061.216	67.74282	0.8240733	0.9274374	1.579721
44886	-992.9346	-1060.48	67.54532	0.7762564	1.182001	1.579721
44892	-1008.55	-1075.834	67.28441	1.823855	1.430546	0.4088042
44898	-1007.6	-1075.128	67.52862	1.823855	1.106687	0.3630199
44904	-997.8569	-1065.583	67.72603	0.8336834	0.8729546	1.627767
44910	-1008.318	-1076.195	67.87703	1.67992	0.9261363	0.4057444
44916	-1003.843	-1071.945	68.10115	1.634067	0.7755715	0.5821706
44922	-999.3263	-1067.441	68.1149	1.635335	0.7732223	0.5025423
44928	-1001.926	-1069.901	67.97515	1.635335	0.8928103	0.5369872
44934	-999.8596	-1067.716	67.85654	1.561233	1.046036	0.6514066
44940	-1006.602	-1074.035	67.4327	1.064191	1.340252	1.345311
44946	-1011.359	-1079.056	67.6969	1.124515	0.7159486	1.573166
44952	-1005.239	-1073.222	67.98318	1.093821	0.8834942	1.218539
44958	-996.5494	-1064.583	68.03334	1.09467	0.8834942	1.174725
44964	-997.8439	-1065.783	67.93948	1.165227	0.9640543	1.119578
44970	-996.0943	-1063.487	67.39234	0.8195086	0.6586204	2.047532
44976	-1000.258	-1066.52	66.26232	0.29192	1.263258	2.69568
44982	-1002.173	-1069.227	67.05418	0.5540492	0.8729671	2.269722
44988	-1005.46	-1072.278	66.81809	0.4920053	1.105958	2.30977
44994	-998.1514	-1064.637	66.48565	0.6541439	1.301613	2.30977
45000	-997.5233	-1064.879	67.356	0.7843714	0.9904268	1.835514
45006	-1004.621	-1071.928	67.3074	0.8919448	1.32189	1.582742
45012	-1004.933	-1071.791	66.85826	1.113702	1.937045	1.433361
45018	-1005.294	-1072.697	67.40309	0.9895741	1.59088	1.277895
45024	-1004.949	-1072.188	67.23866	0.8363201	1.620593	1.509753
45030	-1008.55	-1076.797	68.24609	1.434232	0.5359293	1.08579
45036	-1006.561	-1074.103	67.54215	1.223658	1.01113	1.363997
45042	-999.1699	-1067.114	67.94399	1.30307	0.9664887	0.9811682
45048	-996.3647	-1064.233	67.86796	1.089423	1.089744	1.141109
45054	-1000.972	-1067.396	66.42369	0.6510932	1.151066	2.432778
45060	-999.5391	-1066.323	66.78379	0.6077054	1.16435	2.223503
45066	-1000.553	-1067.374	66.82167	0.6077054	1.122436	2.223503
45072	-994.6116	-1062.41	67.79876	0.7526091	0.772031	1.717032
45078	-994.8897	-1062.533	67.64365	0.7958756	0.9489221	1.655592
45084	-1001.906	-1069.455	67.54838	1.046909	0.954113	1.538271
45090	-1005.583	-1073.213	67.62992	0.814846	0.9189498	1.674389
45096	-1002.923	-1069.93	67.00738	0.4883646	1.040902	2.230282
45102	-1004.862	-1071.898	67.03638	0.654652	0.9267359	2.178787
45108	-1004.749	-1071.746	66.99701	0.6440753	1.274388	1.997808
45114	-1005.948	-1073.601	67.65323	0.652324	1.250518	1.548053
45120	-1006.978	-1074.334	67.35575	0.652324	1.245197	1.764468
45126	-1006.901	-1074.108	67.20611	0.7249009	1.375543	1.744057
45132	-999.4652	-1067.347	67.88182	1.032215	0.6236447	1.596179
45138	-1003.196	-1071.319	68.12298	1.04097	0.6236447	1.408772
45144	-999.553	-1067.102	67.54913	0.699268	1.038668	1.72724
45150	-996.7226	-1064.414	67.6914	0.9392112	1.073108	1.422575
45156	-1004.959	-1072.632	67.67289	1.182314	0.7744702	1.494098
45162	-1000.612	-1068.132	67.5197	0.9365977	0.8846693	1.692531
45168	-997.9553	-1065.276	67.32082	0.8173563	1.445783	1.556569
45174	-1009.582	-1076.842	67.26028	0.9254099	1.383929	1.556569
45180	-1018.877	-1086.46	67.58334	0.6099365	1.349072	1.571207
45186	-1001.598	-1069.209	67.61108	0.7719249	1.030752	1.63695
45192	-1010.099	-1077.649	67.54965	1.248059	0.9944439	1.351931
45198	-1006.312	-1073.749	67.43741	1.30012	1.378891	1.116461
45204	-996.8765	-1064.909	68.03234	1.105056	0.8047192	1.242968
45210	-999.6274	-1067.269	67.64192	1.132314	1.160699	1.242968
45216	-1002.255	-1070.143	67.88818	1.132314	0.7007765	1.438757
45222	-1005.88	-1072.882	67.00123	0.9531091	0.9555832	1.985621
45228	-999.52	-1067.254	67.73396	0.9507186	0.7741869	1.619977
45234	-998.8735	-1066.9	68.02658	1.490831	0.9585776	0.6228292
45240	-992.4663	-1060.388	67.9222	1.51839	1.01805	0.6608951
45246	-997.5923	-1065.85	68.25792	1.51839	0.7166644	0.6639196
45252	-1005.64	-1074.057	68.41718	1.270423	0.64103	0.9237714
45258	-1008.785	-1077.309	68.52483	1.525829	0.4582584	0.8321238
45264	-997.508	-1064.778	67.2698	0.9121496	1.155686	1.697052
45270	-999.9927	-1066.888	66.89576	0.5791847	1.135121	2.186553
45276	-1000.311	-1067.712	67.40059	0.9576856	0.8493138	1.788893
45282	-1002.697	-1070.529	67.83181	1.085799	0.9742168	1.271574
45288	-1001.712	-1069.568	67.85631	1.159805	0.6061586	1.539576
45294	-1004.231	-1071.978	67.74627	0.9683699	0.5035834	1.865188
45300	-1008.33	-1075.299	66.96857	1.083361	1.130922	1.803736
45306	-1007.336	-1074.757	67.4211	0.7737235	0.649464	2.067046
45312	-1006.3	-1073.361	67.06119	0.7398773	1.006445	2.05318
45318	-1008.559	-1076.179	67.61969	1.315091	1.311747	0.9789035
45324	-1006.721	-1074.138	67.41664	0.9462706	1.128723	1.584436
45330	-1007.457	-1075.641	68.18424	1.503842	0.789374	0.6608078
45336	-1019.435	-1087.589	68.15458	1.710583	0.6736325	0.5805244
45342	-1001.09	-1069.201	68.11064	1.132885	0.7723153	1.185611
45348	-1004.91	-1073.316	68.40577	0.8298426	0.6439004	1.330019
45354	-996.9656	-1064.748	67.78281	0.9348056	0.9748145	1.429965
45360	-1007.692	-1074.2	66.50736	0.8156612	1.833428	1.941357
45366	-1002.522	-1069.561	67.03869	1.139733	1.11402	1.726299
45372	-998.925	-1066.503	67.57761	0.6809388	0.7833418	1.909836
45378	-1000.479	-1067.834	67.35511	0.605233	1.166073	1.845009
45384	-1003.233	-1070.551	67.31798	0.6631715	1.039178	1.911226
45390	-1004.217	-1071.922	67.70515	1.023034	0.788113	1.576147
45396	-1001.601	-1068.751	67.14986	0.6271037	1.214936	1.940516
45402	-998.1045	-1065.464	67.35939	0.6696646	1.2566	1.743066
45408	-1004.087	-1071.409	67.32228	0.8652006	1.24033	1.640366
45414	-1000.879	-1068.634	67.7548	0.8864131	0.7074104	1.710648
45420	-1001.052	-1068.465	67.4132	0.9312307	1.210262	1.544757
45426	-1000.352	-1067.99	67.63812	0.9949253	1.210262	1.322954
45432	-1000.137	-1068.227	68.09027	0.927313	1.092494	1.084096
45438	-1001.359	-1068.974	67.61539	0.7410784	1.093125	1.613049
45444	-1008.574	-1075.949	67.37417	0.8929159	1.063531	1.697128
45450	-1004.936	-1072.209	67.27299	0.8322359	1.391474	1.611067
45456	-1006.162	-1073.832	67.67033	0.7754527	1.334897	1.38899
45462	-1016.042	-1083.218	67.17529	1.038634	1.561311	1.436054
45468	-1006.225	-1074.151	67.92545	1.028876	1.139178	1.102766
45474	-1005.661	-1073.609	67.94812	0.6191642	0.8889368	1.609578
45480	-1004.259	-1071.687	67.42795	0.5996683	1.088086	1.847754
45486	-999.1947	-1066.759	67.56397	0.6767289	1.088086	1.699353
45492	-1017.963	-1084.904	66.94159	0.9113987	1.622287	1.670859
45498	-1016.395	-1083.459	67.06384	1.143175	1.532496	1.457122
45504	-1009.074	-1076.819	67.74532	1.273428	1.370676	0.8320863
45510	-997.9265	-1064.932	67.00574	0.6273672	0.9211474	2.220105
45516	-995.2416	-1062.207	66.96497	0.7068452	0.9366966	2.184435
45522	-1010.124	-1077.987	67.86211	0.9374502	0.7827805	1.528204
45528	-1002.83	-1070.198	67.36797	1.038861	1.164653	1.528204
45534	-999.2199	-1066.983	67.76364	0.9400761	0.9109176	1.491312
45540	-998.552	-1065.485	66.93312	0.3644273	1.304198	2.207099
45546	-999.7799	-1066.692	66.91185	0.5815132	1.446599	2.005331
45552	-1003.963	-1071.915	67.95231	0.9686137	0.7602195	1.457517
45558	-996.8569	-1064.952	68.09479	1.24288	0.9156242	0.9422464
45564	-1000.427	-1068.717	68.28947	1.376554	0.6391238	0.9497479
45570	-1007.512	-1075.807	68.29476	1.271046	0.5951645	1.10844
45576	-1010.827	-1078.808	67.98061	1.40992	0.9235167	0.8740443
45582	-998.0575	-1066.007	67.94976	1.31802	0.8712879	1.060349
45588	-1008.141	-1075.752	67.61153	1.183502	1.376982	1.064742
45594	-1011.501	-1077.649	66.14804	0.5955473	1.048056	2.698114
45600	-1003.835	-1071.956	68.12072	1.13363	0.8631299	1.081452
45606	-999.5805	-1067.558	67.97726	1.280842	0.6770681	1.275235
45612	-1011.136	-1078.788	67.65146	0.6811658	0.9010611	1.766967
45618	-1008.952	-1076.593	67.64098	0.778778	0.9375494	1.678202
45624	-996.2194	-1064.32	68.1008	1.035622	0.8730535	1.177407
45630	-993.9768	-1061.964	67.98687	1.035622	0.8730535	1.273662
45636	-1001.926	-1070.174	68.24825	1.099453	0.7715931	1.09354
45642	-991.2951	-1059.047	67.75142	1.099453	1.039955	1.272675
45648	-994.2298	-1061.456	67.22657	0.8946827	1.584709	1.493833
45654	-1001.354	-1068.804	67.44944	0.9323659	1.080338	1.603377
45660	-998.2684	-1065.389	67.12039	0.6030331	1.385819	1.881852
45666	-1003.331	-1070.989	67.6583	0.8963621	1.297546	1.32682
45672	-995.0304	-1062.834	67.80399	0.9905225	1.018076	1.335747
45678	-992.9957	-1060.713	67.71747	0.8996352	1.026628	1.467165
45684	-988.3526	-1055.967	67.61452	0.9654059	1.026628	1.495233
45690	-1007.706	-1075.429	67.72384	1.370073	1.352599	0.7491639
45696	-1002.832	-1070.842	68.00957	1.356203	0.9624734	0.8551353
45702	-994.3103	-1062.192	67.88132	1.077793	0.8644507	1.332841
45708	-994.3628	-1061.758	67.39524	1.030961	1.423494	1.349741
45714	-997.9367	-1065.842	67.90527	1.308729	1.146867	0.8233733
45720	-1000.524	-1068.502	67.97717	1.308729	0.9796541	0.9262142
45726	-1003.254	-1070.893	67.63858	1.308729	1.545797	0.7503408
45732	-997.277	-1065.032	67.7547	0.9210374	1.144972	1.334994
45738	-996.8135	-1064.437	67.62331	0.9210374	1.144972	1.437774
45744	-989.3453	-1057.129	67.7836	0.9795654	1.156406	1.255401
45750	-998.2319	-1065.896	67.66363	0.6756882	0.7253531	1.90354
45756	-999.3491	-1066.923	67.57433	0.6539898	1.138002	1.67543
45762	-985.1422	-1053.164	68.02176	1.13357	0.9080926	1.126949
45768	-995.6577	-1063.372	67.71419	1.027085	1.365702	1.122447
45774	-989.8408	-1057.727	67.88642	1.052211	0.8798121	1.335614
45780	-996.2572	-1064.246	67.98912	0.7710833	0.7390609	1.596522
45786	-994.6252	-1061.529	66.90345	0.5692551	1.21303	2.143124
45792	-999.6674	-1067.094	67.42654	0.4685423	0.7935161	2.143124
45798	-992.2914	-1059.305	67.01387	0.582215	1.158509	2.093751
45804	-985.1179	-1052.418	67.29963	0.5880531	0.8585876	2.098874
45810	-991.7232	-1058.61	66.88706	0.4259738	0.8368391	2.482413
45816	-993.3117	-1060.618	67.30666	0.5771322	0.8368391	2.117544
45822	-991.0774	-1058.135	67.05733	0.5810329	1.231227	2.02384
45828	-993.1787	-1060.275	67.09593	0.3804349	1.322595	2.080728
45834	-986.603	-1053.828	67.22543	0.6755507	1.094458	1.929819
45840	-1001.074	-1068.131	67.05736	0.4248343	0.9539277	2.294937
45846	-991.9132	-1058.972	67.05862	0.5470153	1.232738	2.044687
45852	-988.2952	-1055.212	66.91719	0.485417	1.232738	2.177714
45858	-991.7739	-1059.202	67.42766	0.5068137	0.6241415	2.259339
45864	-994.396	-1061.314	66.91816	0.6625239	0.97475	2.217928
45870	-990.9899	-1057.8	66.80976	0.6321652	0.9994652	2.291046
45876	-986.1623	-1053.32	67.15785	0.6134302	1.304537	1.893459
45882	-996.461	-1063.814	67.35331	0.7649754	1.004467	1.841024
45888	-998.9261	-1066.943	68.01672	0.7895364	0.5393563	1.762281
45894	-998.2879	-1065.546	67.2584	0.8928514	0.8727339	1.912798
45900	-993.9241	-1061.252	67.32812	0.7389314	0.8791414	1.964765
45906	-999.3679	-1066.953	67.58486	0.5944176	0.7654389	1.97777
45912	-994.2222	-1061.828	67.60585	0.6833063	0.7654389	1.903761
45918	-993.3896	-1060.446	67.05603	0.3590444	1.435248	2.062934
45924	-992.0376	-1059.835	67.79762	0.8072283	0.9661307	1.521965
45930	-992.1307	-1059.848	67.7175	0.6512594	0.8141548	1.809558
45936	-993.7098	-1061.291	67.58139	0.9855394	1.070147	1.473358
45942	-999.2007	-1066.44	67.2396	0.9409256	1.026078	1.783291
45948	-995.9701	-1063.455	67.48499	0.7301111	0.9912798	1.783291
45954	-990.4531	-1057.465	67.01207	0.7837344	0.9249997	2.111673
45960	-991.634	-1059.599	67.96539	0.8472883	0.7768394	1.523766
45966	-989.9332	-1057.71	67.77672	0.7661618	0.7733162	1.721915
45972	-990.6725	-1058.679	68.00659	0.8560364	0.7788117	1.484574
45978	-990.7695	-1058.25	67.48042	0.5486541	1.099773	1.839266
45984	-1002.278	-1069.903	67.62468	0.8591125	1.021524	1.570293
45990	-1004.353	-1071.512	67.15881	0.8301139	1.021524	1.917644
45996	-1005.229	-1072.106	66.87701	0.6435147	0.7762115	2.396669
46002	-993.5368	-1059.976	66.43868	0.5843009	1.023601	2.54016
46008	-994.0038	-1061.23	67.22659	0.7817826	1.079423	1.866506
46014	-997.2429	-1064.503	67.25957	0.7316954	0.8600233	2.029466
46020	-996.0726	-1063.246	67.17339	0.3805233	0.9881977	2.226398
46026	-998.5607	-1066.378	67.81776	1.048658	0.9881977	1.301842
46032	-1011.322	-1077.944	66.62143	0.4129912	0.9779011	2.561454
46038	-1009.289	-1076.322	67.03264	0.8862362	1.341005	1.77167
46044	-999.8455	-1067.767	67.92105	1.002988	0.7569891	1.458165
46050	-993.0755	-1060.27	67.19443	0.6579106	1.250634	1.868748
46056	-997.2491	-1064.817	67.5679	0.6321881	1.191773	1.661367
46062	-990.5835	-1058.462	67.87857	1.00852	1.120566	1.177781
46068	-990.0732	-1058.212	68.13847	1.081532	0.8274652	1.149235
46074	-998.3181	-1065.345	67.02679	0.7145768	1.066924	2.053728
46080	-991.4963	-1059.302	67.80547	1.337376	1.189672	0.8639892
46086	-995.2085	-1062.923	67.71475	1.239052	0.7650069	1.427878
46092	-997.7189	-1064.241	66.52246	0.4020703	1.189195	2.505747
46098	-999.7983	-1066.624	66.82579	0.5592142	1.309135	2.147715
46104	-994.9305	-1063.039	68.10839	1.359597	0.7742359	0.973834
46110	-1003.728	-1071.141	67.41368	0.7644346	1.109388	1.729525
46116	-999.1865	-1066.685	67.4984	0.8169152	0.9636677	1.732891
46122	-1002.264	-1070.352	68.08878	0.952333	0.6375952	1.487644
46128	-1005.938	-1073.695	67.75741	0.952333	0.8843957	1.508353
46134	-1008.404	-1076.371	67.96633	0.9969908	0.8843957	1.31173
46140	-993.1878	-1060.157	66.96949	0.742584	0.890238	2.190569
46146	-994.6067	-1061.662	67.05506	0.5718214	0.9709333	2.190569
46152	-996.9317	-1064.231	67.29893	0.5662821	0.859195	2.113161
46158	-995.2937	-1062.129	66.83566	0.526198	0.9372355	2.382539
46164	-1000.375	-1068.02	67.64584	0.6259639	1.168193	1.624777
46170	-991.2882	-1058.214	66.92535	0.4885349	1.173725	2.203657
46176	-997.3388	-1064.353	67.01434	0.728583	0.7950547	2.240513
46182	-988.129	-1055.31	67.18122	0.4267439	0.9257766	2.233147
46188	-994.8795	-1062.453	67.5739	0.8614985	0.8383682	1.743768
46194	-995.8461	-1063.529	67.68273	0.9250169	0.8383682	1.621132
46200	-998.2612	-1065.578	67.31716	0.6064163	1.185258	1.858564
46206	-1002.77	-1070.355	67.58451	0.4188572	0.8325384	2.042074
46212	-997.9133	-1064.818	66.90473	0.4620384	1.397197	2.113891
46218	-1000.097	-1066.971	66.8742	0.6125053	0.8154935	2.388624
46224	-992.6953	-1059.928	67.2327	0.7548411	1.051017	1.899127
46230	-1006.212	-1074.309	68.09701	0.9556658	0.7751812	1.340808
46236	-1000.627	-1067.55	66.92334	0.8116578	1.526006	1.801572
46242	-994.8859	-1062.262	67.37627	0.8629881	1.416117	1.498218
46248	-1001.628	-1068.962	67.33413	0.9944153	1.372457	1.456369
46254	-993.6296	-1061.053	67.42348	0.7258748	1.072283	1.77397
46260	-992.5499	-1060.006	67.45574	0.8196613	1.150047	1.633896
46266	-997.2819	-1065.014	67.73203	1.232493	0.9575351	1.246873
46272	-998.4244	-1066.011	67.58678	0.7165293	0.7494796	1.90746
46278	-989.2854	-1056.419	67.13329	0.7165293	1.05664	1.988203
46284	-999.2813	-1065.745	66.46343	0.5963433	1.207323	2.410936
46290	-1003.575	-1070.968	67.39308	0.7439848	1.004506	1.82809
46296	-1000.408	-1067.183	66.77512	0.7389374	1.354437	2.03899
46302	-1001.11	-1068.162	67.05148	0.7849911	0.7467211	2.218001
46308	-1007.33	-1073.926	66.59636	0.9425488	1.27713	2.064073
46314	-1000.903	-1069.07	68.16663	1.331699	0.8481308	0.8438347
46320	-995.8058	-1063.092	67.28599	0.7797321	0.9549029	1.911175
46326	-1002.422	-1068.899	66.47666	0.4589998	1.550635	2.318509
46332	-1005.535	-1073.225	67.68972	1.331699	1.223386	0.9657522
46338	-998.3556	-1066.52	68.16441	1.293083	0.7726491	0.9864961
46344	-995.9323	-1063.199	67.26654	0.755541	1.250721	1.751419
46350	-994.7997	-1062.103	67.30355	0.7807746	0.9545044	1.898843
46356	-998.3484	-1065.997	67.64831	0.6221408	0.8123247	1.878463
46362	-1000.251	-1067.586	67.33562	0.8010055	0.9182234	1.889202
46368	-994.8694	-1062.627	67.75782	0.6779195	0.8520548	1.732638
46374	-995.363	-1062.455	67.09178	0.6569858	1.060303	2.053015
46380	-996.2349	-1063.407	67.17219	0.6538159	1.121907	1.963172
46386	-996.1242	-1062.956	66.83169	0.4033024	1.113967	2.352863
46392	-992.6876	-1059.598	66.90994	0.4213275	1.211377	2.235705
46398	-996.4747	-1063.071	66.59668	0.6279741	1.048265	2.398655
46404	-995.3304	-1063.108	67.77803	1.009448	0.9403795	1.403469
46410	-996.3997	-1063.899	67.49882	1.009448	1.195686	1.430898
46416	-1002.122	-1069.824	67.70178	0.8911165	1.075034	1.450097
46422	-999.1618	-1066.616	67.45445	0.8884407	0.7982866	1.840201
46428	-995.9082	-1062.858	66.95015	0.7400538	1.589442	1.801267
46434	-996.3538	-1064.042	67.68865	0.839694	0.9087305	1.622251
46440	-1005.26	-1072.679	67.41855	0.850599	0.5721882	2.091188
46446	-999.7901	-1067.415	67.6251	0.8896847	0.9434971	1.6054
46452	-994.3339	-1062.137	67.80303	0.7256015	0.7857424	1.721424
46458	-993.3141	-1061.426	68.11221	1.111553	0.7053918	1.272888
46464	-989.5747	-1057.422	67.84775	1.124418	1.022987	1.184356
46470	-996.6841	-1064.428	67.74424	1.030084	0.8667519	1.474435
46476	-1002.967	-1070.481	67.51434	1.019205	1.208307	1.402878
46482	-1006.06	-1073.636	67.57624	0.7393984	0.8162689	1.844435
46488	-1007.833	-1075.689	67.85634	1.313523	0.6810465	1.342358
46494	-1005.654	-1073.751	68.09682	1.033066	0.6785049	1.376644
46500	-1009.947	-1077.915	67.96827	1.033066	0.9189934	1.249884
46506	-1005.44	-1073.39	67.94983	1.032977	0.9189934	1.265266
46512	-1012.129	-1079.011	66.88131	0.8163989	1.382444	1.901119
46518	-1001.28	-1069.137	67.85707	0.9080721	0.7014253	1.627714
46524	-1003.826	-1071.509	67.68318	0.9403778	0.9709108	1.504339
46530	-1003.013	-1070.519	67.50545	0.9103971	1.148224	1.532443
46536	-1000.82	-1068.444	67.62344	0.9724436	1.245593	1.328494
46542	-994.4931	-1062.353	67.86032	1.218854	0.9723856	1.134851
46548	-996.8555	-1064.65	67.79466	1.117752	0.7542649	1.469536
46554	-996.4863	-1063.396	66.90982	0.7288896	1.385585	1.939348
46560	-994.1286	-1061.487	67.35834	0.8761439	0.945491	1.802372
46566	-990.8398	-1058.436	67.59642	0.7411484	1.102424	1.620454
46572	-997.925	-1065.987	68.06203	0.8221546	0.7951728	1.453416
46578	-992.6628	-1060.165	67.50217	0.6220259	0.943194	1.879731
46584	-987.8521	-1055.632	67.77997	0.8091242	1.072415	1.454894
46590	-982.7418	-1050.587	67.84497	0.8729698	0.8662519	1.517202
46596	-993.2687	-1061.402	68.13295	1.049332	0.7845648	1.225333
46602	-992.0477	-1059.757	67.70946	1.049332	0.9341147	1.430715
46608	-994.5835	-1062.599	68.01548	1.301517	0.9798186	0.8914531
46614	-1005.688	-1073.229	67.54045	1.098007	1.193953	1.329992
46620	-1006.34	-1074.055	67.71427	1.707822	1.081569	0.5047759
46626	-1008.394	-1076.174	67.77958	1.633179	1.045008	0.6639352
46632	-1012.129	-1079.905	67.77639	1.040741	1.069535	1.277052
46638	-1005.605	-1073.357	67.75185	0.8666579	0.9472367	1.526332
46644	-994.5554	-1062.417	67.86163	1.620223	1.002743	0.5971193
46650	-1001.279	-1069.559	68.27926	1.435218	0.7679137	0.6596636
46656	-998.7016	-1067.284	68.58281	1.464317	0.4686793	0.8134797
46662	-1000.805	-1068.75	67.94486	0.9634213	1.181767	1.110046
46668	-994.5134	-1062.143	67.6295	1.109476	1.25377	1.20451
46674	-999.1316	-1067.456	68.32392	1.046893	0.6323979	1.232241
46680	-997.1935	-1065.305	68.11128	1.364146	0.7159169	1.038551
46686	-998.3423	-1066.429	68.08702	1.389548	0.5563755	1.236945
46692	-997.5768	-1065.367	67.78991	1.169405	1.106532	1.125379
46698	-996.711	-1064.657	67.94632	1.167782	0.707354	1.359287
46704	-1001.302	-1069.512	68.21028	1.167782	0.7139233	1.131266
46710	-997.9498	-1064.86	66.9106	0.3566552	1.079133	2.353012
46716	-992.2801	-1059.647	67.36741	0.6037093	0.979038	1.95827
46722	-995.8143	-1063.788	67.97408	0.8967961	0.979038	1.305752
46728	-1001.171	-1069.168	67.99735	0.8329436	0.8556538	1.441283
46734	-1000.573	-1068.476	67.90377	1.119952	0.8985466	1.249531
46740	-1001.342	-1069.153	67.81171	1.370065	1.242285	0.7532481
46746	-1001.632	-1069.363	67.73086	1.676972	1.04263	0.678132
46752	-1001.86	-1069.827	67.96711	1.356911	0.996814	0.8633573
46758	-1004.787	-1072.427	67.63942	1.354936	1.313233	0.9144623
46764	-1005.066	-1073.115	68.04928	1.290986	0.9881149	0.854379
46770	-989.9176	-1058.001	68.08335	1.13443	0.7406377	1.24065
46776	-1003.94	-1071.198	67.25831	1.034203	1.066314	1.677168
46782	-1006.82	-1074.425	67.60555	1.093332	1.226664	1.257661
46788	-1010.41	-1078.364	67.95364	1.162237	1.023609	1.053793
46794	-1005.115	-1073.469	68.35422	1.168381	0.6360941	1.094494
46800	-1010.245	-1077.432	67.18706	1.02497	1.098225	1.712925
46806	-1007.963	-1075.933	67.97057	1.141401	0.7603397	1.30768
46812	-1011.238	-1079.223	67.98495	1.168562	0.9320416	1.105518
46818	-999.191	-1066.631	67.4395	0.9511813	1.517766	1.321944
46824	-1006.233	-1073.618	67.38529	1.295983	1.506244	1.079596
46830	-1009.263	-1077.541	68.27851	1.328831	0.666199	0.972285
46836	-1006.393	-1074.53	68.13753	1.216117	0.5161663	1.387487
46842	-1005.1	-1072.9	67.80059	0.8853529	1.102913	1.357512
46848	-1004.395	-1072.092	67.69657	1.005333	1.433653	1.110437
46854	-1000.573	-1068.515	67.94157	1.444301	1.104737	0.5903887
46860	-996.2828	-1064.65	68.367	1.423085	0.6687762	0.7481567
46866	-994.5951	-1062.459	67.86386	1.29447	1.130907	0.9065757
46872	-994.6633	-1062.42	67.7565	1.368049	1.213915	0.8606582
46878	-997.6494	-1065.037	67.38773	1.455295	1.695453	0.7514558
46884	-999.3202	-1067.376	68.05624	1.31919	1.017675	0.7701687
46890	-994.6984	-1062.806	68.10788	1.161456	0.8371693	1.094695
46896	-999.4457	-1067.043	67.59747	0.9120497	1.201841	1.425801
46902	-1006.295	-1073.773	67.47752	1.132199	1.201841	1.347439
46908	-995.368	-1063.372	68.00402	1.051919	1.045653	1.089836
46914	-999.0518	-1066.647	67.59543	1.034103	1.311539	1.25639
46920	-1000.177	-1068.118	67.94069	1.16022	0.7294778	1.34734
46926	-1002.075	-1070.096	68.02057	1.218743	0.7176826	1.246889
46932	-1007.973	-1075.776	67.80337	1.100172	1.187466	1.109797
46938	-1007.288	-1074.889	67.60051	0.8704928	1.187466	1.464857
46944	-1003.766	-1071.491	67.72518	1.04573	0.9203979	1.432552
46950	-1001.873	-1069.925	68.05149	1.201523	0.6499518	1.309303
46956	-998.8632	-1067.069	68.20607	1.202231	0.4947099	1.372244
46962	-1000.437	-1068.821	68.38435	1.225087	0.7406687	0.8637457
46968	-1002.365	-1070.155	67.79001	1.344354	1.212093	0.8507468
46974	-1008.538	-1076.349	67.81109	1.35826	1.282648	0.7199079
46980	-1010.242	-1078.579	68.33687	1.35826	0.6510297	0.9001682
46986	-1011.765	-1079.41	67.64488	1.442706	1.450153	0.6197812
46992	-1005.009	-1072.782	67.77306	1.633069	1.090658	0.5636466
46998	-1010.717	-1078.853	68.13615	1.633069	0.7545554	0.5449752
47004	-1009.264	-1076.993	67.72953	1.775814	0.9708242	0.6215064
47010	-1008.254	-1075.98	67.7266	1.703108	1.073321	0.4893615
47016	-1010.102	-1077.521	67.41961	1.531489	1.572115	0.7148123
47022	-1014.455	-1082.626	68.17146	1.225439	0.8263078	0.9836703
47028	-999.8499	-1068.007	68.15732	1.12798	0.7139336	1.212182
47034	-994.6017	-1062.358	67.75648	1.097846	1.241243	1.112322
47040	-990.9054	-1058.855	67.94964	1.256357	0.8192334	1.16991
47046	-997.215	-1065.173	67.95754	1.152544	0.7852275	1.28469
47052	-996.8497	-1064.422	67.57277	0.9253715	1.108132	1.49835
47058	-1004.414	-1071.953	67.53924	0.7850304	0.6584319	1.972878
47064	-1011.988	-1079.756	67.76762	0.6774179	0.8613474	1.718754
47070	-994.2712	-1061.477	67.20606	2.211512	0.800851	0.205672
47076	-999.4018	-1066.699	67.29765	2.211512	0.8193657	0.2534097
47082	-1019.55	-1086.823	67.27369	0.6981074	1.181312	1.827862
47088	-1011.146	-1077.994	66.84782	0.8460363	1.007547	2.122948
47094	-994.8581	-1060.964	66.10596	2.492458	1.443938	0.1468985
47100	-994.8213	-1061.418	66.59719	2.558191	0.8147821	0.141456
47106	-993.0328	-1059.439	66.40619	2.470256	1.015009	0.1294949
47112	-996.8813	-1063.604	66.72249	2.470256	0.713686	0.1257741
47118	-999.2229	-1065.54	66.31674	2.470256	1.085261	0.1257741
47124	-1001.062	-1067.485	66.42309	2.271716	1.298337	0.1431711
47130	-1008.153	-1074.878	66.72481	2.271716	1.291998	0.2283615
47136	-1006.584	-1073.819	67.2343	2.240358	0.8351644	0.2452968
47142	-1006.912	-1074.707	67.79487	2.273923	0.4484985	0.2712839
47148	-1003.477	-1070.364	66.88722	2.288308	1.012886	0.2011129
47154	-1003.192	-1070.451	67.25998	2.32019	0.6573412	0.1992001
47160	-1005.963	-1073.191	67.22771	1.988431	0.9545043	0.1950444
47166	-1002.102	-1069.05	66.94784	2.127066	1.098394	0.1950444
47172	-998.2759	-1065.491	67.21557	2.127066	0.922191	0.2290083
47178	-993.0851	-1060.403	67.31773	2.127066	0.86297	0.2460449
47184	-993.861	-1061.148	67.28695	2.127066	0.8910156	0.2461186
47190	-985.5623	-1052.59	67.02804	2.127066	1.094431	0.2223878
47196	-989.2409	-1056.673	67.43251	2.127066	0.7266829	0.2250974
47202	-1009.159	-1076.186	67.02734	0.7431739	1.276336	1.909746
47208	-1012.283	-1079.984	67.70122	1.007981	0.6036228	1.762466
47214	-993.1055	-1060.221	67.11546	2.160035	0.9907675	0.2306131
47220	-1003.913	-1071.506	67.59323	1.966699	0.8121511	0.2773376
47226	-993.3863	-1060.934	67.54818	1.966699	0.8438351	0.2721
47232	-1005.765	-1072.779	67.014	0.51924	0.7882826	2.379467
47238	-1000.339	-1066.912	66.5739	0.3731307	1.136928	2.52082
47244	-1002.286	-1069.091	66.80464	2.015107	1.49838	0.2216738
47250	-1002.579	-1069.95	67.37148	2.066718	0.8740972	0.2488677
47256	-1004.184	-1071.122	66.93788	2.066718	1.285991	0.229675
47262	-991.6461	-1058.684	67.03759	0.6373002	1.182128	2.027879
47268	-996.4651	-1064.022	67.55655	0.9872066	0.7785314	1.716861
47274	-990.0132	-1057.483	67.47028	0.8723805	1.009021	1.681149
47280	-988.7877	-1055.613	66.82508	2.362062	0.8989873	0.1698869
47286	-992.8478	-1059.956	67.10836	2.165673	0.8989873	0.194761
47292	-1000.26	-1067.013	66.75293	2.165673	1.438372	0.2453193
47298	-1002.361	-1069.481	67.11964	2.140855	1.022339	0.2378458
47304	-995.1785	-1062.039	66.86065	2.140855	1.220543	0.2071173
47310	-997.1106	-1063.982	66.87152	1.97474	1.571174	0.2579583
47316	-999.012	-1065.969	66.95716	2.240598	1.010881	0.2081216
47322	-1006.504	-1074.484	67.98	1.05953	1.160005	1.00376
47328	-1009.412	-1077.648	68.23598	1.168448	0.7441302	1.072178
47334	-1015.049	-1082.912	67.86261	1.22999	0.8619028	1.225558
47340	-1010.129	-1077.683	67.55324	1.13846	0.8506916	1.549603
47346	-1005.773	-1073.452	67.67913	0.9171383	1.139609	1.401443
47352	-1002.411	-1069.422	67.01049	0.7217699	0.9917642	2.108137
47358	-1009.668	-1076.871	67.20297	0.6392795	1.069747	1.984901
47364	-1009.508	-1076.281	66.77266	0.424292	1.069747	2.403153
47370	-1007.576	-1073.509	65.93286	0.2058959	1.196678	2.982439
47376	-1003.351	-1069.938	66.58713	0.7150303	1.108648	2.313244
47382	-997.2423	-1064.543	67.30058	0.9648304	1.307904	1.542523
47388	-1002.106	-1069.744	67.63799	0.8316416	1.13233	1.50307
47394	-994.6148	-1062.337	67.72247	1.480187	1.278909	0.6655525
47400	-1000.756	-1068.673	67.91745	1.543427	1.033756	0.5620381
47406	-995.961	-1064.149	68.18803	1.488849	0.8129168	0.6233827
47412	-995.7795	-1063.393	67.61325	1.400983	1.515753	0.6743467
47418	-997.5833	-1065.441	67.85738	1.55376	1.031385	0.6922446
47424	-1002.326	-1070.119	67.79344	1.55376	1.081965	0.7187099
47430	-995.0159	-1063.025	68.00934	1.285016	0.9855241	0.910397
47436	-992.3239	-1060.055	67.73062	1.231951	1.400825	0.8716088
47442	-993.1626	-1061.348	68.18538	1.218159	0.8401829	0.9604703
47448	-996.7467	-1064.466	67.71938	1.28186	1.391517	0.8335818
47454	-997.7079	-1065.379	67.67139	1.134258	1.127592	1.241711
47460	-992.568	-1060.564	67.9963	1.049541	0.8868217	1.241711
47466	-1007.978	-1075.888	67.9095	1.049541	1.021067	1.1973
47472	-1005.604	-1073.227	67.62286	1.126349	1.406165	1.086341
47478	-1009.52	-1077.265	67.74469	1.121319	1.009628	1.284695
47484	-1002.147	-1070.713	68.56529	1.421742	0.4934948	0.8362597
47490	-1007.719	-1075.38	67.66042	1.257933	1.103228	1.164467
47496	-994.154	-1062.09	67.93629	1.384343	1.026511	0.8315725
47502	-998.2345	-1065.89	67.65541	1.31154	1.497511	0.7727921
47508	-994.5723	-1062.448	67.8756	1.31154	0.9166772	1.089594
47514	-994.3594	-1062.765	68.40594	1.21208	0.65649	0.9748401
47520	-996.1701	-1064.132	67.96183	1.383213	0.7157658	1.158483
47526	-996.1541	-1064.435	68.28128	1.282925	0.7711213	0.8728953
47532	-993.1509	-1060.254	67.10331	0.7752005	0.9422752	2.045247
47538	-993.7488	-1060.203	66.45439	0.5366253	1.037396	2.551658
47544	-986.5991	-1053.972	67.37322	0.6628575	0.9449481	1.938188
47550	-988.0766	-1054.955	66.87813	0.5622347	1.140309	2.205893
47556	-990.2682	-1056.471	66.2032	0.2250954	1.233493	2.78809
47562	-992.6995	-1059.923	67.2234	0.3450039	1.216061	2.078707
47568	-990.8835	-1057.691	66.80788	0.4539254	0.8306712	2.518841
47574	-992.9213	-1059.747	66.8254	0.4785126	0.7945878	2.518841
47580	-998.7868	-1065.403	66.61607	0.5312641	0.9348973	2.518841
47586	-998.2349	-1065.037	66.80178	0.3065749	1.125492	2.426244
47592	-1000.843	-1067.463	66.6197	0.7300182	1.38883	2.129297
47598	-996.8689	-1063.999	67.12981	0.387966	1.428606	1.998159
47604	-1008.902	-1076.712	67.81068	1.50939	1.191463	0.5341497
47610	-997.4	-1064.606	67.20628	0.5605882	0.9189521	2.134805
47616	-994.8799	-1062.044	67.16432	0.5605882	1.098171	2.045142
47622	-996.269	-1062.993	66.72448	0.557308	1.327808	2.204894
47628	-986.8632	-1054.004	67.14101	0.6151849	0.9830166	2.098234
47634	-992.3686	-1059.905	67.53663	0.5882361	0.6824502	2.083809
47640	-990.5143	-1057.931	67.41696	0.8333723	0.5678987	2.107785
47646	-1003.281	-1070.252	66.97145	0.8234781	1.885776	1.589008
47652	-995.4663	-1062.481	67.01433	0.8080269	1.868054	1.57695
47658	-997.2585	-1064.584	67.32518	0.5217503	1.222068	1.889012
47664	-989.2359	-1056.288	67.05183	0.5933124	1.140758	2.071989
47670	-990.9622	-1058.116	67.1537	0.5491694	1.171939	2.015273
47676	-994.8243	-1061.994	67.16987	0.4515482	1.171939	2.069208
47682	-996.1522	-1063.888	67.73583	0.8818616	0.9038424	1.560945
47688	-998.3832	-1066.414	68.03089	1.068311	0.6402978	1.440683
47694	-996.345	-1064.071	67.72558	0.9809725	0.8212758	1.563424
47700	-1004.554	-1072.407	67.85324	0.9809725	0.9385602	1.368407
47706	-1004.01	-1071.585	67.57509	0.9471918	1.025942	1.538727
47712	-994.9593	-1062.007	67.04809	0.7373115	1.230087	1.926048
47718	-998.559	-1065.804	67.24543	0.9540309	1.179813	1.669327
47724	-1005.463	-1072.789	67.3263	0.8320942	0.8009243	1.963253
47730	-1010.737	-1077.225	66.48794	0.4236789	0.7290031	2.809773
47736	-1019.342	-1087.003	67.66029	0.686509	0.5621475	2.05002
47742	-1000.116	-1067.005	66.8888	0.4769126	0.9407132	2.377787
47748	-997.2604	-1063.514	66.25408	0.4089113	1.122503	2.704603
47754	-998.7667	-1065.693	66.92627	0.555897	0.6664217	2.508644
47760	-998.3154	-1065.155	66.83959	0.4636858	1.164911	2.279882
47766	-1000.822	-1067.363	66.54127	0.1620159	1.186699	2.644392
47772	-1005.112	-1071.655	66.54259	0.777949	1.11701	2.296581
47778	-997.986	-1064.457	66.47144	0.5767898	1.142709	2.454209
47784	-1004.425	-1071.356	66.93152	0.7720702	0.9639486	2.145368
47790	-1002.916	-1070.677	67.76159	0.9253839	0.7968462	1.598652
47796	-1008.702	-1076.543	67.8416	1.140326	0.7950514	1.377961
47802	-998.6157	-1066.385	67.76963	1.140326	0.7153637	1.508177
47808	-988.277	-1055.819	67.54202	0.970203	0.9494897	1.602723
47814	-994.1494	-1061.375	67.22509	0.5783927	0.9609159	2.081992
47820	-1012.714	-1080.328	67.61403	1.445506	1.070185	1.064527
47826	-1012.642	-1080.397	67.75495	1.243475	0.9567481	1.219039
47832	-1012.431	-1080.601	68.1706	1.083136	0.731473	1.22005
47838	-1009.941	-1077.97	68.02867	1.254977	1.074073	0.820354
47844	-1003.144	-1071.56	68.41566	1.453724	0.5351144	0.8956291
47850	-995.4159	-1063.387	67.97159	1.26898	0.959221	0.9953113
47856	-996.6867	-1064.141	67.45408	1.071556	1.638023	1.136373
47862	-996.9376	-1063.558	66.62019	0.6549019	1.137161	2.313845
47868	-998.9163	-1065.668	66.75217	0.6885793	0.9741516	2.308132
47874	-991.2651	-1058.079	66.81404	0.5401367	1.666455	1.993421
47880	-993.9447	-1061.849	67.9039	0.75805	0.9210072	1.514534
47886	-996.3793	-1062.85	66.47082	0.7073486	1.731931	2.081137
47892	-994.6087	-1062.077	67.46866	0.7163237	0.8992155	1.870171
47898	-999.1198	-1066.524	67.40425	0.4818281	1.046493	1.970482
47904	-994.228	-1061.827	67.59928	0.7769691	0.8224883	1.797685
47910	-1004.408	-1071.526	67.11816	0.3839876	1.171635	2.147557
47916	-1009.12	-1075.933	66.81279	0.6315577	1.02687	2.272114
47922	-996.7765	-1064.238	67.46109	0.8659492	1.235844	1.541375
47928	-1001.186	-1068.809	67.62298	0.7091258	1.070604	1.645934
47934	-1001.847	-1069.306	67.45883	0.8701388	0.7427549	1.895714
47940	-1001.737	-1069.004	67.2669	0.8518448	1.360489	1.61889
47946	-998.2682	-1065.964	67.69587	1.23888	1.028951	1.21145
47952	-1003.557	-1071.583	68.02603	0.8793415	0.844254	1.393214
47958	-1005.379	-1073.291	67.91177	0.7471722	0.6209559	1.780176
47964	-1003.994	-1072.444	68.44994	1.350438	0.6223765	0.822227
47970	-999.1415	-1066.893	67.75156	1.290834	1.285951	0.8855828
47976	-1001.085	-1069.081	67.9956	1.444393	0.974585	0.738501
47982	-1001.137	-1069.512	68.37492	1.568415	0.5922143	0.6704652
47988	-1006.021	-1074.469	68.44834	1.824779	0.4156192	0.5734471
47994	-1004.699	-1072.535	67.83606	1.336819	1.104295	0.9175601
48000	-995.2194	-1062.969	67.7496	1.724086	1.02574	0.5334841
48006	-994.5034	-1062.308	67.80465	1.726478	0.96618	0.5486773
48012	-995.1329	-1063.225	68.09229	1.526656	0.882636	0.5531018
48018	-997.6237	-1065.194	67.57027	1.652911	1.307921	0.5188476
48024	-1000.86	-1068.426	67.56619	1.514763	1.416777	0.6879913
48030	-998.806	-1066.989	68.18252	1.672118	0.6855198	0.5589324
48036	-997.7041	-1065.8	68.09544	1.589794	0.80587	0.6230875
48042	-1003.744	-1071.238	67.49367	1.578366	1.503828	0.515375
48048	-995.0601	-1062.781	67.7211	1.776651	1.002097	0.5277144
48054	-1007.532	-1074.94	67.4086	1.733712	1.38331	0.4036295
48060	-998.8492	-1066.636	67.78701	1.770449	0.9428349	0.4668727
48066	-1002.344	-1070.052	67.70835	1.998495	0.8077399	0.4668727
48072	-999.4291	-1067.265	67.83585	1.674059	0.9874616	0.5461288
48078	-1006.821	-1074.81	67.98894	1.486829	1.020099	0.5547998
48084	-1001.969	-1070.135	68.16573	1.037905	0.8661041	1.124807
48090	-1000.657	-1068.357	67.69992	1.136836	1.256437	1.116611
48096	-1001.715	-1069.543	67.8273	1.245043	0.8282237	1.274261
48102	-1005.106	-1072.17	67.06364	1.155345	1.203463	1.640499
48108	-1000.8	-1068.27	67.4697	0.9434081	1.078654	1.581726
48114	-1001.501	-1068.947	67.44623	0.5669535	1.329965	1.711738
48120	-1002.238	-1070.007	67.76976	0.9523355	1.12143	1.31497
48126	-997.5356	-1065.438	67.90227	1.114943	0.7682535	1.37552
48132	-995.3772	-1062.907	67.52947	1.114943	1.247783	1.287717
48138	-995.6199	-1063.903	68.28344	1.306358	0.6008866	1.078654
48144	-1000.256	-1067.422	67.16664	0.7387248	1.450948	1.721338
48150	-998.3746	-1065.247	66.87216	0.7824923	0.9214133	2.206003
48156	-1003.053	-1071.133	68.0797	1.125169	0.6561281	1.341175
48162	-1002.737	-1071.058	68.32155	1.02249	0.8573707	1.001351
48168	-1010.185	-1077.902	67.71643	1.02249	0.8805764	1.489612
48174	-1004.797	-1072.18	67.38268	1.074411	0.9819338	1.618547
48180	-999.5926	-1066.978	67.38542	0.8207147	0.9403404	1.825656
48186	-996.7678	-1064.671	67.90283	1.243921	0.917793	1.125333
48192	-991.8865	-1060.187	68.3003	1.024082	0.7827732	1.102576
48198	-990.099	-1058.007	67.9083	1.356047	0.7827732	1.156447
48204	-996.8697	-1064.473	67.60341	1.337169	1.288583	0.9922826
48210	-1006.266	-1074.21	67.94367	1.302058	0.9571377	0.9922826
48216	-1004.005	-1072.174	68.16837	1.567705	0.7437733	0.6758127
48222	-1007.025	-1074.729	67.70409	1.550765	1.162699	0.7475147
48228	-1010.304	-1078.344	68.04003	1.497917	0.8931667	0.7190289
48234	-1007.161	-1075.205	68.04422	1.437493	0.9187781	0.7631043
48240	-1001.661	-1069.903	68.24163	1.486297	0.7647091	0.6389123
48246	-1005.765	-1073.809	68.04359	1.486297	0.9621594	0.573404
48252	-999.1285	-1067.404	68.2754	1.401074	0.6675742	0.8958626
48258	-999.5144	-1067.552	68.03734	1.382785	0.8963277	0.8735527
48264	-1006.094	-1073.609	67.51466	1.498513	1.333587	0.8744544
48270	-998.699	-1066.915	68.21605	1.498513	0.7887726	0.5979393
48276	-993.7575	-1061.567	67.80913	1.553399	1.140674	0.5517319
48282	-1000.703	-1068.587	67.88447	1.352284	0.9978638	0.9589871
48288	-999.5655	-1067.341	67.77569	1.381076	1.285874	0.7357422
48294	-998.408	-1066.042	67.63432	1.330373	1.437981	0.8346541
48300	-1003.509	-1071.305	67.79673	1.195222	0.9613972	1.220455
48306	-1005.338	-1073.12	67.78135	1.143679	1.082677	1.175421
48312	-1006.398	-1074.15	67.75199	1.183041	1.26635	1.016198
48318	-1005.94	-1073.779	67.83892	1.196785	0.9415081	1.200775
48324	-999.5122	-1067.335	67.82239	1.150085	1.001057	1.20279
48330	-997.7563	-1065.899	68.14244	0.9796527	0.7479321	1.311864
48336	-996.409	-1064.485	68.07585	0.9881366	0.8323715	1.27722
48342	-995.9981	-1064.339	68.34073	1.289967	0.6430324	0.9807761
48348	-991.3724	-1059.43	68.05772	1.289967	0.9738769	0.8627935
48354	-999.449	-1067.539	68.09015	1.346416	0.9222839	0.8194066
48360	-1006.971	-1074.541	67.56956	0.7724977	0.9763807	1.704862
48366	-1010.478	-1077.953	67.47475	0.767735	1.43051	1.48752
48372	-1000.398	-1067.205	66.80744	0.3477822	1.278936	2.31185
48378	-997.5761	-1064.297	66.72091	0.3750747	1.351846	2.31185
48384	-1001.991	-1069.525	67.53415	0.807739	1.117058	1.60752
48390	-999.7606	-1067.176	67.41575	0.6847764	1.021234	1.841812
48396	-998.4096	-1065.421	67.01166	0.728396	1.149505	2.003865
48402	-996.1764	-1063.561	67.38477	0.7199166	1.313026	1.65642
48408	-996.4223	-1062.704	66.28185	0.437521	1.397776	2.526518
48414	-996.1794	-1063.345	67.16584	0.5986482	0.9267821	2.130925
48420	-993.2228	-1060.244	67.02106	0.5406351	1.125593	2.135771
48426	-996.6693	-1063.323	66.65395	0.4952217	1.262937	2.324217
48432	-1006.386	-1073.911	67.52522	0.5141875	1.205404	1.76642
48438	-998.2906	-1066.096	67.80581	0.5323486	0.8966795	1.76642
48444	-1001.455	-1068.565	67.10952	0.7754138	1.240606	1.852268
48450	-998.3245	-1065.674	67.34946	0.7297281	1.432357	1.60714
48456	-999.2501	-1066.918	67.66759	0.7501104	1.022404	1.617816
48462	-1006.974	-1074.669	67.69541	0.7906652	0.7908403	1.747047
48468	-1018.031	-1085.243	67.21158	0.6480142	1.421564	1.769047
48474	-998.5241	-1066.317	67.79302	0.806579	0.7323901	1.717542
48480	-1003.683	-1070.977	67.29401	1.733741	1.565801	0.4953163
48486	-1000.186	-1068.076	67.89078	1.752696	0.845724	0.4025209
48492	-1005.481	-1072.894	67.41312	0.527632	0.6679546	2.21639
48498	-1000.757	-1068.035	67.27732	0.4779849	0.9853234	2.097286
48504	-1006.172	-1074.066	67.89377	1.66182	0.9169192	0.6362765
48510	-1001.928	-1069.029	67.10104	0.4413205	1.148096	2.135054
48516	-1000.596	-1067.613	67.01716	0.5911727	1.076635	2.135054
48522	-1010.176	-1078.17	67.99389	1.569281	0.9344724	0.5535167
48528	-1004.648	-1072.665	68.01698	1.425358	0.9352331	0.7938104
48534	-999.9791	-1067.635	67.65544	0.6386791	1.056662	1.682597
48540	-1005.007	-1072.779	67.77161	0.8553744	0.6601817	1.76453
48546	-1008.317	-1075.775	67.45787	0.5639786	0.7196423	2.119677
48552	-999.3704	-1066.633	67.26303	0.4592173	1.073826	2.062022
48558	-1001.679	-1069.302	67.62279	0.6579573	1.105164	1.659497
48564	-1002.234	-1069.258	67.02379	0.4659838	1.215714	2.130469
48570	-996.9547	-1063.56	66.60559	0.4707132	1.112905	2.453677
48576	-1001.22	-1068.38	67.16016	0.4239362	0.9903314	2.205518
48582	-1003.876	-1071.416	67.54048	1.311189	1.361204	1.022301
48588	-995.638	-1063.708	68.06978	1.249369	0.8511994	1.032667
48594	-994.4884	-1062.642	68.15346	1.249369	0.8685234	0.9273461
48600	-999.2576	-1066.421	67.1634	0.7353525	1.347564	1.782022
48606	-994.9571	-1062.694	67.73731	0.8358692	0.8069697	1.672023
48612	-1002.641	-1070.75	68.10851	0.8541375	0.7099659	1.473754
48618	-1002.632	-1070.153	67.52149	0.7527404	1.404702	1.478507
48624	-1016.75	-1085.08	68.32994	1.542555	0.6762673	0.4793885
48630	-992.9704	-1060.671	67.70021	0.8904389	0.8062061	1.660181
48636	-997.8076	-1065.32	67.51234	0.8544407	1.127807	1.582217
48642	-994.6875	-1062.492	67.80497	0.9120097	0.8902456	1.498143
48648	-996.1407	-1064.25	68.10889	1.048602	0.5250659	1.525982
48654	-1002.907	-1071.148	68.24096	1.136514	0.4887034	1.404188
48660	-996.7277	-1063.972	67.24468	0.7437417	1.458951	1.658078
48666	-995.2972	-1062.628	67.33076	0.7920978	0.9621856	1.867211
48672	-1023.7	-1090.771	67.0707	1.558578	2.195256	0.5678845
48678	-1014.954	-1082.525	67.5707	1.558578	1.414376	0.575361
48684	-997.3476	-1064.238	66.89086	0.5805825	1.539103	1.974432
48690	-996.4527	-1064.366	67.91361	0.968753	0.7659111	1.481467
48696	-995.7523	-1062.887	67.13456	1.146577	1.689521	1.31366
48702	-996.9602	-1064.189	67.22908	0.8312554	1.278249	1.708304
48708	-1003.29	-1070.542	67.25244	0.9632244	1.278249	1.596933
48714	-1004.477	-1071.919	67.44187	0.9250619	1.160743	1.560286
48720	-1001.94	-1069.327	67.38709	0.6250127	0.7799421	2.077069
48726	-1000.054	-1067.318	67.26479	0.5678377	1.210668	1.905393
48732	-993.1589	-1060.503	67.34396	0.7604762	1.407793	1.602463
48738	-999.3713	-1066.186	66.81473	0.5035542	0.8022012	2.504251
48744	-1000.834	-1068.278	67.44355	0.8257138	0.8444365	1.854043
48750	-1004.002	-1071.12	67.11811	0.3612337	1.010681	2.259906
48756	-1001.566	-1068.15	66.58315	0.26624	1.214243	2.539009
48762	-1000.207	-1067.276	67.06955	0.151347	0.9392399	2.469992
48768	-998.7762	-1065.619	66.84294	0.7695742	1.161535	2.081168
48774	-997.7754	-1064.68	66.90449	0.6016661	1.556753	1.942634
48780	-997.4237	-1065.597	68.17364	1.03466	0.6972487	1.294214
48786	-997.4029	-1065.301	67.89835	1.138222	0.8946581	1.242325
48792	-1000.753	-1068.002	67.24856	0.704991	0.9226644	2.009159
48798	-997.3954	-1064.544	67.14858	0.5906283	0.9226644	2.150266
48804	-1003.117	-1070.777	67.66004	0.7963882	0.8100874	1.751907
48810	-1005.926	-1073.587	67.66119	0.5716963	1.305999	1.567642
48816	-991.667	-1059.189	67.5215	0.7213183	0.8669736	1.854817
48822	-991.5967	-1058.87	67.27382	0.7091359	0.9894056	1.943258
48828	-993.6902	-1061.307	67.61708	0.9936266	0.8759614	1.588349
48834	-1003.298	-1070.779	67.48092	0.9936266	0.5074582	2.022551
48840	-1006.885	-1073.457	66.5718	0.4897706	1.045885	2.502545
48846	-999.8049	-1066.799	66.99425	0.6902917	1.21171	2.004286
48852	-1003.312	-1071.543	68.23052	0.9522248	0.6230249	1.394846
48858	-995.2765	-1063.062	67.78526	0.8250217	0.7465089	1.697504
48864	-999.7886	-1068.019	68.22997	1.315509	0.7739345	0.89059
48870	-998.3366	-1065.815	67.47792	0.9297546	1.286524	1.44884
48876	-1003.028	-1070.596	67.56793	0.9429834	0.79251	1.728221
48882	-998.3819	-1066.476	68.09444	1.022697	1.126608	0.955316
48888	-991.1423	-1058.703	67.56036	0.8864331	1.125171	1.524996
48894	-991.421	-1059.253	67.83205	0.9282402	0.7588834	1.578533
48900	-996.5784	-1063.419	66.84067	0.5089418	1.146253	2.260894
48906	-994.7481	-1062.051	67.30279	0.4891916	1.016143	2.052833
48912	-992.8615	-1060.574	67.71279	0.7916381	0.9611353	1.59963
48918	-991.9328	-1059.855	67.92217	0.8466351	0.9325543	1.424276
48924	-995.3606	-1063.07	67.70966	0.7445022	0.6018098	1.939039
48930	-993.8581	-1060.49	66.63219	0.6669361	0.9142505	2.43748
48936	-996.6653	-1063.73	67.06451	0.4615756	0.7852517	2.386283
48942	-994.2355	-1061.344	67.10804	0.4877913	1.152441	2.097491
48948	-992.1961	-1059.211	67.01531	0.5220529	1.088868	2.173763
48954	-999.1058	-1066.725	67.61912	0.7005837	1.06724	1.65712
48960	-991.5339	-1058.819	67.28554	0.3149228	1.014698	2.179164
48966	-993.2487	-1060.018	66.76972	0.2807861	1.157898	2.444195
48972	-990.6041	-1057.371	66.76703	0.2791315	1.162755	2.444195
48978	-985.3041	-1051.784	66.4802	0.2731804	0.9825654	2.7318
48984	-994.2036	-1060.016	65.81221	0.1853839	1.074214	3.133379
48990	-993.365	-1059.979	66.61428	0.514622	1.35632	2.28855
48996	-990.8559	-1057.656	66.8005	0.6246744	0.8742295	2.38541
49002	-1006.171	-1074.283	68.11266	1.1978	0.9674791	0.9129118
49008	-1001.084	-1068.737	67.65352	1.329758	1.204477	1.020608
49014	-1001.97	-1069.037	67.06704	0.4137233	1.31128	2.083879
49020	-999.4603	-1067.498	68.03729	1.065328	0.7191415	1.356396
49026	-994.2961	-1062.169	67.87284	1.065328	0.9640089	1.263229
49032	-994.6167	-1061.729	67.11256	0.4836056	1.187242	2.076941
49038	-995.1884	-1062.667	67.47806	0.778404	0.5953579	2.076941
49044	-992.2824	-1059.858	67.57532	0.6891934	0.8667022	1.840156
49050	-993.6152	-1061.013	67.39749	0.7922282	1.017182	1.782986
49056	-994.3077	-1062.033	67.72491	0.8862609	0.9875425	1.500962
49062	-993.2621	-1060.258	66.99559	0.6964517	1.559301	1.814727
49068	-995.3456	-1062.199	66.85298	0.4578387	1.36808	2.165249
49074	-999.0642	-1065.914	66.84959	0.219861	0.9242407	2.574301
49080	-997.8283	-1064.742	66.91319	0.3954115	0.7918445	2.517947
49086	-1004.914	-1072.115	67.20111	0.7732992	0.9501434	1.975968
49092	-995.6967	-1063.074	67.37764	0.7696941	0.7128824	2.042783
49098	-999.1304	-1066.629	67.4989	0.7705943	0.778627	1.906255
49104	-1007.046	-1074.75	67.70428	0.6750954	0.9951556	1.664838
49110	-996.3768	-1064.437	68.06059	1.001408	0.6935069	1.414113
49116	-1000.224	-1067.93	67.70597	1.044937	0.9598364	1.416141
49122	-1001.028	-1069.035	68.00707	1.646165	0.8564897	0.4983852
49128	-998.2113	-1065.857	67.64557	1.654651	1.215619	0.5235867
49134	-1002.568	-1070.571	68.00282	0.882909	0.8475575	1.405589
49140	-1005.898	-1073.78	67.88158	0.6164724	0.6996363	1.817585
49146	-997.3435	-1064.874	67.53013	0.6446816	0.9194867	1.862251
49152	-1001.267	-1069.197	67.93075	0.8181308	0.8475575	1.509759
49158	-996.9047	-1064.898	67.99356	0.9722294	0.871353	1.321326
49164	-998.8219	-1066.317	67.49521	0.8712707	1.003736	1.667919
49170	-997.9309	-1065.356	67.42541	0.8712707	0.7579039	1.904909
49176	-993.7774	-1062.042	68.26432	1.353651	0.766829	0.8132048
49182	-1002.17	-1070.489	68.31909	1.412515	0.766829	0.6238536
49188	-1000.625	-1068.519	67.89431	1.288987	1.196652	0.8059321
49194	-996.5069	-1064.508	68.00146	1.276694	0.9820358	0.931977
49200	-993.0034	-1061.122	68.11834	1.039419	0.9106112	1.122333
49206	-991.0722	-1058.92	67.8478	0.9784589	1.232447	1.144247
49212	-1001.334	-1069.118	67.78333	0.9995346	1.052571	1.318124
49218	-998.2109	-1066.04	67.82947	0.9995346	0.63061	1.65053
49224	-998.8274	-1066.423	67.59566	0.9375695	0.8868282	1.635851
49230	-990.8015	-1057.077	66.27585	0.5705477	1.283354	2.504443
49236	-988.9718	-1055.577	66.60526	0.4134259	1.283354	2.396205
49242	-991.8266	-1058.612	66.78561	0.5756343	1.269032	2.184671
49248	-993.4718	-1060.035	66.56277	0.3942681	0.7088263	2.797806
49254	-991.9395	-1059.558	67.61865	0.7452453	1.140467	1.575903
49260	-987.7546	-1055.28	67.5255	0.7209479	0.6434347	2.038413
49266	-994.6533	-1061.938	67.28514	0.90744	0.6434347	2.074002
49272	-997.7049	-1065.213	67.50782	0.6350722	0.7477243	2.016567
49278	-998.4899	-1065.237	66.74748	0.3419461	0.7535444	2.682347
49284	-993.2319	-1060.046	66.81385	0.5659762	1.014391	2.321209
49290	-995.7762	-1063.082	67.30554	0.6614104	0.8416946	2.059238
49296	-1002.653	-1069.932	67.27831	0.3861287	0.8951314	2.217927
49302	-1004.053	-1071.322	67.26914	0.4593429	0.9800194	2.118389
49308	-1003.487	-1069.971	66.48404	0.2200573	0.9800194	2.763503
49314	-1004.826	-1072.596	67.76996	0.6338782	0.8442665	1.761152
49320	-1006.404	-1073.844	67.4398	0.6686848	0.9912117	1.856842
49326	-998.3178	-1065.697	67.37899	0.8014942	1.203204	1.668247
49332	-1001.641	-1068.627	66.98589	0.6826702	1.203204	2.019829
49338	-1002.222	-1069.556	67.33435	0.6045514	0.8864366	2.044798
49344	-1004.162	-1071.555	67.39298	0.7989381	1.089605	1.732766
49350	-1001.534	-1069.377	67.84306	1.599974	0.9240897	0.8085394
49356	-997.9723	-1066.109	68.13655	1.272575	0.8822045	0.9037618
49362	-1002.084	-1069.984	67.90006	1.272575	0.9035784	1.115718
49368	-1008.126	-1076.533	68.4066	1.111594	0.6034588	1.140444
49374	-998.9844	-1067.178	68.19326	1.126868	0.7499647	1.142449
49380	-998.0964	-1065.96	67.86366	0.9660729	0.7545043	1.531324
49386	-1001.266	-1068.798	67.5328	0.9660729	1.286121	1.37854
49392	-997.5265	-1064.785	67.25871	0.5413915	1.465677	1.787223
49398	-996.3183	-1063.649	67.3311	0.4231501	0.7629879	2.258043
49404	-991.2937	-1057.783	66.48883	0.5393991	0.793385	2.690327
49410	-986.333	-1053.364	67.03099	0.6982464	0.9476699	2.13963
49416	-986.4351	-1053.405	66.96976	0.7178372	1.420127	1.888183
49422	-993.0884	-1059.565	66.47686	0.5657053	0.7944065	2.680773
49428	-986.5344	-1054.491	67.95657	0.7555985	0.7995483	1.577936
49434	-989.5945	-1057.415	67.82058	1.142163	0.9683356	1.239066
49440	-1000.768	-1068.486	67.71855	1.517279	1.273135	0.5971056
49446	-1008.76	-1076.833	68.07266	1.586832	0.8259843	0.6289036
49452	-996.3793	-1063.821	67.44166	1.239233	1.379879	1.166173
49458	-995.2384	-1062.689	67.45105	0.9737433	1.51163	1.297982
49464	-991.4654	-1059.159	67.69408	1.059429	1.047848	1.345275
49470	-988.0502	-1056.018	67.96803	1.020506	1.047848	1.148836
49476	-990.2854	-1058.448	68.16289	1.239902	0.7555057	1.060466
49482	-1008.729	-1075.822	67.0931	1.757355	1.702557	0.322653
49488	-1000.778	-1068.162	67.38378	1.757355	1.397507	0.4279758
49494	-1002.986	-1070.644	67.65764	1.796737	1.022218	0.3965311
49500	-997.2693	-1065.208	67.93856	1.177083	1.059968	1.01997
49506	-996.9416	-1065.084	68.14212	1.25277	0.8474982	0.9608346
49512	-1004.75	-1072.904	68.15373	1.10789	0.9100779	1.025642
49518	-1002.925	-1070.61	67.68519	1.000032	1.098212	1.361547
49524	-990.686	-1058.839	68.15278	1.13583	0.9268985	0.9808706
49530	-1002.071	-1069.236	67.16436	0.8528634	1.213168	1.777186
49536	-1004.597	-1072.272	67.67467	0.7534663	1.181167	1.501376
49542	-995.389	-1063.446	68.05686	1.452896	0.9909735	0.4825833
49548	-993.6298	-1061.505	67.87515	1.526132	1.056687	0.6644022
49554	-996.5513	-1064.418	67.86627	1.492342	1.062665	0.7298496
49560	-999.6285	-1067.4	67.77199	1.55516	1.185415	0.5153029
49566	-1004.703	-1072.468	67.76414	1.550243	1.200537	0.5000278
49572	-1011.677	-1079.627	67.94999	1.530399	0.9965644	0.6186528
49578	-1007.868	-1075.831	67.96292	1.489157	0.9965644	0.6803231
49584	-1009.547	-1077.471	67.92419	1.489157	0.9965644	0.7452908
49590	-997.6488	-1065.525	67.87576	1.103507	0.6990194	1.471904
49596	-985.3178	-1052.263	66.94491	0.7243346	0.9705218	2.163345
49602	-1004.627	-1072.672	68.0449	1.578226	0.8824251	0.5261707
49608	-1000.109	-1068.348	68.23901	1.578226	0.6961723	0.6323158
49614	-1000.218	-1067.638	67.4195	1.578226	1.597758	0.5639845
49620	-994.6067	-1062.715	68.10878	1.578226	0.7627398	0.7210341
49626	-991.4328	-1059.567	68.13384	1.47439	0.8292087	0.7210341
49632	-993.0635	-1060.942	67.87815	1.47439	1.130441	0.6184646
49638	-1001.24	-1068.867	67.6269	1.744793	1.133025	0.4635969
49644	-993.8225	-1060.96	67.13768	0.7167521	1.064822	1.97989
49650	-998.1063	-1065.728	67.62169	1.947869	0.8931896	0.3671649
49656	-1002.603	-1070.512	67.9092	1.751173	0.8357398	0.4149223
49662	-1000.8	-1068.076	67.27572	1.751173	1.489212	0.3503717
49668	-1009.332	-1076.919	67.58732	1.563701	1.34402	0.6627503
49674	-997.6712	-1064.653	66.98139	0.1336579	0.8493053	2.596867
49680	-992.4806	-1059.388	66.90728	0.3063489	1.103688	2.372445
49686	-999.116	-1066.409	67.293	0.5415407	0.6387228	2.31022
49692	-1006.201	-1073.775	67.57422	1.492042	1.489939	0.5962609
49698	-999.0841	-1067.007	67.92282	1.398745	1.053921	0.7958458
49704	-1011.335	-1078.35	67.01472	0.4533536	0.9274508	2.321639
49710	-998.6553	-1066.654	67.99856	1.503307	0.896971	0.7678419
49716	-1002.125	-1070.213	68.08835	1.169347	1.024223	0.9082828
49722	-998.5015	-1066.76	68.25847	1.163364	0.8008677	0.9884642
49728	-1001.102	-1069.129	68.02786	1.294374	0.8091838	1.075634
49734	-1003.836	-1071.44	67.60385	0.9269203	1.589898	1.161388
49740	-994.0532	-1061.694	67.64076	0.8527245	1.077335	1.523361
49746	-996.2914	-1063.322	67.03114	0.7637661	0.7574405	2.23627
49752	-996.8897	-1063.085	66.19488	0.5720226	1.249251	2.571698
49758	-1003.814	-1070.157	66.34269	0.624533	1.249251	2.446607
49764	-998.3809	-1066.275	67.89367	0.9530427	0.7173141	1.553284
49770	-996.6391	-1064.412	67.77302	1.167395	1.094094	1.152547
49776	-1000.775	-1068.278	67.50365	1.003659	1.400812	1.298592
49782	-1008.44	-1076.33	67.89085	1.072837	0.7776784	1.408384
49788	-1005.016	-1072.552	67.53516	1.072837	1.507517	1.145317
49794	-1002.633	-1070.483	67.84915	1.09869	1.047079	1.185093
49800	-1018.286	-1086.221	67.93537	1.01498	0.7639549	1.431522
49806	-1009.704	-1077.821	68.11706	1.01498	0.7812097	1.270606
49812	-1006.176	-1073.881	67.7053	1.01836	1.141259	1.299074
49818	-1009.447	-1076.61	67.16295	0.6829476	1.09202	1.968399
49824	-1002.495	-1070.201	67.70573	0.9483062	1.2875	1.252411
49830	-1002.089	-1068.931	66.84174	0.4890831	1.039157	2.33695
49836	-1002.226	-1068.373	66.14631	0.3424493	1.039157	2.858748
49842	-999.6089	-1067.091	67.48169	0.7532194	1.172125	1.648828
49848	-999.2631	-1066.873	67.60994	0.98841	1.091688	1.433926
49854	-999.0886	-1066.258	67.16985	0.03727421	1.09304	2.382847
49860	-999.1601	-1066.51	67.35015	1.112469	1.649427	1.184879
49866	-1001.675	-1069.858	68.1832	1.041155	0.8977771	1.073894
49872	-1010.138	-1077.049	66.91107	0.0835928	0.841465	2.676628
49878	-1009.882	-1076.871	66.98912	0.05589977	1.024678	2.525772
49884	-1005.51	-1072.502	66.99231	0.6659733	1.377104	1.930623
49890	-1004.583	-1071.742	67.15924	0.6272926	1.023806	2.051443
49896	-1002.485	-1069.862	67.37657	0.5422637	1.023806	1.963343
49902	-997.5805	-1064.635	67.05474	0.707841	1.375295	1.860756
49908	-999.5579	-1066.179	66.6211	0.5383244	0.8864506	2.543687
49914	-998.9059	-1066.422	67.51566	1.027936	0.9622808	1.570156
49920	-999.0339	-1067.165	68.13058	1.103575	0.8088058	1.155865
49926	-1004.218	-1072.019	67.80138	1.113779	0.5331489	1.692516
49932	-1013.837	-1080.185	66.3473	2.452802	1.174999	0.1432122
49938	-1007	-1073.362	66.36188	2.452802	1.080541	0.1297616
49944	-1003.766	-1070.663	66.897	0.77703	1.403088	1.906295
49950	-1002.325	-1069.177	66.85274	2.240623	0.9423575	0.1582589
49956	-993.6455	-1060.773	67.1271	2.158717	0.9072437	0.2015516
49962	-999.2056	-1067.095	67.88934	1.040702	0.8466513	1.371762
49968	-1001.637	-1069.552	67.9155	0.9939996	0.7770795	1.450605
49974	-995.0926	-1063.037	67.94407	0.9549263	0.8764143	1.370021
49980	-995.4915	-1063.727	68.2354	1.170106	0.6803096	1.145911
49986	-998.9602	-1067.111	68.15108	1.086917	0.8603702	1.099404
49992	-993.7708	-1061.629	67.85821	1.021235	0.9245432	1.344288
49998	-996.8339	-1064.198	67.36424	0.9432366	1.455733	1.423481
50004	-1002.368	-1068.966	66.59788	2.491236	0.8015389	0.1265087
50010	-999.8522	-1066.205	66.35282	2.491236	1.066931	0.1326925
50016	-997.0566	-1063.597	66.54069	2.4836	0.8691853	0.1286562
50022	-1000.224	-1066.481	66.257	2.4836	1.215152	0.1384303
50028	-998.4764	-1065.142	66.6653	2.521346	0.7226909	0.1266868
50034	-1002.256	-1068.184	65.92783	2.50667	1.381541	0.1105036
50040	-1010.131	-1075.932	65.80068	2.604769	1.381541	0.1064785
50046	-1008.761	-1074.532	65.77163	2.616303	1.381541	0.1041426
50052	-996.9516	-1063.415	66.46307	2.611952	0.8614114	0.1362334
50058	-995.7561	-1061.954	66.19778	2.611952	0.9784518	0.1129856
50064	-1009.645	-1077.43	67.78458	1.275543	0.7834795	1.326866
50070	-999.2229	-1065.777	66.55414	2.464985	0.9474327	0.1433866
50076	-1001.266	-1067.742	66.47622	2.464985	1.054274	0.1493715
50082	-989.654	-1056.224	66.56961	2.464985	0.8898135	0.1345504
50088	-994.0378	-1060.343	66.30499	2.464985	1.24583	0.1496724
50094	-996.2967	-1062.034	65.73697	2.869053	0.9563714	0.0852356
50100	-996.5396	-1061.808	65.26826	2.869053	1.305059	0.07141726
50106	-998.5397	-1064.595	66.05548	2.713495	0.7773905	0.08157489
50112	-991.1087	-1056.904	65.79569	2.698986	1.176551	0.09617921
50118	-984.7406	-1050.528	65.78697	2.698986	1.043318	0.08191695
50124	-988.513	-1053.963	65.44946	2.788637	1.121268	0.06675238
50130	-994.6032	-1060.352	65.74876	2.860382	0.7977534	0.06954217
50136	-994.6919	-1060.092	65.40037	2.81	1.191665	0.06954217
50142	-997.9916	-1066.072	68.08046	1.065669	0.7748098	1.265339
50148	-996.7771	-1064.35	67.57301	0.809738	0.8829785	1.745699
50154	-994.3822	-1062.084	67.70135	0.8685122	1.071769	1.469969
50160	-997.9867	-1064.892	66.90495	0.8685122	1.690715	1.694341
50166	-993.6813	-1060.944	67.26299	1.079094	1.639178	1.291878
50172	-1002.291	-1068.519	66.22826	2.604517	0.9587475	0.1134054
50178	-988.7936	-1055.01	66.21611	2.710797	0.8032369	0.1027869
50184	-988.9271	-1054.816	65.88843	2.721466	0.9187372	0.08166765
50190	-988.8075	-1054.821	66.01346	2.721466	1.002262	0.1058697
50196	-991.0731	-1056.978	65.90492	2.721466	1.022203	0.09474423
50202	-988.7946	-1054.707	65.91221	2.848551	0.7943485	0.08276123
50208	-993.7525	-1059.311	65.5586	2.848551	1.201719	0.08875886
50214	-1002.604	-1070.979	68.37588	1.318017	0.6262189	0.9393287
50220	-994.0733	-1062.497	68.4242	1.368924	0.552292	0.9496548
50226	-1001.484	-1069.671	68.18686	1.398442	0.7462721	0.8838068
50232	-1001.131	-1067.424	66.29239	2.664669	0.8364833	0.1121858
50238	-990.2924	-1056.29	65.99788	2.565023	1.163032	0.1031745
50244	-992.7365	-1058.487	65.75042	2.568053	1.639782	0.1214971
50250	-988.7649	-1055.204	66.43955	2.443078	1.071062	0.1406848
50256	-990.1216	-1057.165	67.04385	2.443078	0.5536114	0.1382622
50262	-1005.941	-1073.617	67.67507	1.124611	0.9025973	1.425099
50268	-1005.479	-1072.731	67.25177	1.124611	1.634436	1.266398
50274	-1006.328	-1072.505	66.1766	2.504361	1.01813	0.10089
50280	-997.7444	-1063.808	66.06396	2.567718	1.083045	0.1025871
50286	-998.6367	-1064.792	66.15544	2.567718	1.022187	0.1069475
50292	-996.2856	-1064.322	68.03669	1.271662	1.020692	0.8537109
50298	-1000.255	-1068.609	68.35433	1.223653	0.7625836	0.8689202
50304	-999.9823	-1066.357	66.37479	2.574569	0.9376625	0.1284773
50310	-1001.559	-1069.591	68.03205	1.189331	1.085061	0.8832146
50316	-1002.422	-1070.401	67.97899	1.226492	1.085061	0.9013047
50322	-993.2895	-1059.268	65.97894	2.643468	1.081668	0.1012339
50328	-997.3168	-1063.337	66.01981	2.689605	0.9546626	0.096503
50334	-995.5383	-1061.048	65.50996	2.743914	1.346139	0.08528613
50340	-1003.168	-1068.724	65.55669	2.684342	1.394733	0.08794842
50346	-999.8165	-1065.418	65.60199	2.684342	1.376303	0.09132478
50352	-1001.112	-1067.197	66.08513	2.56923	1.180853	0.1184111
50358	-1008.28	-1074.185	65.90521	2.56923	1.168286	0.09296377
50364	-1010.79	-1078.112	67.32215	0.9785946	1.151568	1.614602
50370	-1006.096	-1072.48	66.38429	2.533515	0.8535236	0.1093479
50376	-1001.04	-1067.404	66.36385	2.453379	0.9024813	0.1030646
50382	-1003.059	-1069.04	65.98062	2.453379	1.473251	0.1209575
50388	-997.6706	-1064.25	66.57983	2.425293	0.8848258	0.128324
50394	-999.4003	-1066.992	67.59201	1.067337	1.16873	1.331078
50400	-1002.557	-1070.557	67.99961	1.185268	1.021357	0.9883387
50406	-1009.128	-1076.831	67.70247	1.185268	1.277117	1.05328
50412	-998.1601	-1066.456	68.29619	1.185268	0.8056849	0.919848
50418	-998.3314	-1066.561	68.22933	1.312335	0.8138204	0.8389709
50424	-1002.617	-1070.448	67.83093	1.312335	1.096909	0.9566708
50430	-997.678	-1065.006	67.32811	2.041303	1.051479	0.324433
50436	-997.3667	-1064.516	67.1493	2.07291	1.045567	0.2309503
50442	-990.9897	-1058.565	67.57535	2.077633	0.7177321	0.264227
50448	-990.2955	-1057.498	67.20294	2.048935	1.042289	0.2428746
50454	-989.5765	-1056.355	66.77863	2.193139	1.240148	0.2026157
50460	-987.3061	-1054.64	67.33415	2.143078	0.8564396	0.258846
50466	-998.4924	-1065.099	66.6061	2.326078	1.072876	0.1512473
50472	-992.7875	-1059.529	66.74169	2.525656	0.7011088	0.1361201
50478	-990.6524	-1056.955	66.30294	2.525656	0.971933	0.1147882
50484	-998.5262	-1064.198	65.67134	2.579022	1.549232	0.1025647
50490	-1002.526	-1068.821	66.29557	2.695665	0.7667136	0.1054982
50496	-998.4502	-1063.991	65.5405	2.695665	1.485027	0.09506439
50502	-992.633	-1058.788	66.15464	2.580817	1.080806	0.1168513
50508	-1008.893	-1074.555	65.66164	2.897977	0.8090684	0.06668772
50514	-994.23	-1062.231	68.00113	1.226304	1.145191	0.8079656
50520	-996.9083	-1065.041	68.13284	1.146567	0.9473437	0.9682769
50526	-1004.756	-1072.945	68.18858	1.128755	0.9393013	0.9372073
50532	-994.6843	-1060.04	65.35563	2.835395	1.212587	0.06945036
50538	-999.948	-1065.262	65.31381	2.835395	1.084711	0.05801214
50544	-997.8009	-1063.627	65.82621	2.835395	0.7856956	0.07270274
50550	-1003.875	-1071.547	67.67165	1.195866	1.127858	1.188949
50556	-999.8639	-1067.664	67.80057	1.014339	0.9024266	1.413483
50562	-994.0716	-1061.492	67.42035	1.087576	1.171618	1.447397
50568	-999.6772	-1067.326	67.64906	0.9308353	1.318247	1.292751
50574	-990.5411	-1056.487	65.94636	2.830294	0.7245264	0.07617447
50580	-993.4071	-1058.829	65.42187	2.830294	1.27689	0.07955546
50586	-992.0697	-1057.493	65.42369	2.823491	1.158056	0.07011409
50592	-1001.245	-1068.688	67.44305	1.827206	1.251963	0.4955812
50598	-999.3705	-1067.015	67.6441	1.827206	1.024776	0.4495181
50604	-999.2548	-1064.782	65.52691	2.909637	0.9792169	0.07168306
50610	-1005.945	-1071.793	65.84785	2.909637	0.7803758	0.08080988
50616	-1009.765	-1075.217	65.4529	2.999354	0.7847608	0.05709348
50622	-994.4576	-1062.237	67.77973	1.838474	0.8841168	0.4546193
50628	-1003.619	-1071.075	67.45596	1.941094	0.9538535	0.2729406
50634	-994.9794	-1061.638	66.65839	2.457356	0.8774126	0.1478279
50640	-990.2604	-1056.411	66.15034	2.626196	0.9725931	0.1074502
50646	-995.6265	-1061.973	66.34637	2.480238	1.069449	0.1300121
50652	-991.0508	-1057.379	66.32788	2.480238	1.093999	0.130833
50658	-999.9239	-1065.927	66.00327	2.606752	1.150035	0.1079191
50664	-1000.071	-1066.012	65.94103	2.552995	1.295136	0.1091304
50670	-1002.224	-1068.817	66.59279	2.552995	0.8249738	0.1418952
50676	-1000.229	-1066.531	66.30196	2.359174	1.321735	0.1402816
50682	-994.6163	-1061.341	66.72469	2.359174	0.9411282	0.1557919
50688	-993.7671	-1060.286	66.51913	2.359174	1.208556	0.1673789
50694	-996.0789	-1063.091	67.01256	2.359174	0.7446697	0.1713668
50700	-998.2581	-1065.009	66.75114	2.359174	1.064988	0.1963041
50706	-1003.826	-1069.821	65.9946	2.359174	1.719731	0.1369981
50712	-1004.945	-1072.527	67.58212	0.8793241	0.7861557	1.768168
50718	-995.075	-1062.584	67.50882	0.8461521	0.879	1.768168
50724	-988.0485	-1055.932	67.88367	0.8561233	1.046917	1.356872
50730	-997.9337	-1066.016	68.08273	0.6306699	0.6675082	1.6968
50736	-998.2636	-1065.866	67.60282	0.7169424	1.04542	1.672044
50742	-994.2434	-1061.328	67.08504	2.128924	0.9414065	0.1900911
50748	-999.3086	-1065.981	66.67271	2.151889	1.358254	0.1866117
50754	-994.0906	-1061.064	66.97381	2.151889	0.9386192	0.1650472
50760	-1000.99	-1067.731	66.74144	2.151889	1.397851	0.2207679
50766	-999.7738	-1066.736	66.96237	2.039742	1.397851	0.2735301
50772	-1003.469	-1070.452	66.98311	2.117761	1.137235	0.2165881
50778	-1000.865	-1067.918	67.05317	2.155779	0.9691088	0.197577
50784	-1003.005	-1070.258	67.2535	2.008976	1.023946	0.2394736
50790	-1001.348	-1068.522	67.17382	2.132057	0.9804835	0.2394736
50796	-1001.617	-1068.846	67.22883	2.132057	0.8715575	0.2144052
50802	-1007.454	-1075.225	67.77133	1.263015	1.260092	0.9187742
50808	-1005.923	-1074.213	68.28986	1.386792	0.6054638	0.9880398
50814	-999.008	-1066.607	67.59854	1.886947	0.9483407	0.3369938
50820	-1006.334	-1073.727	67.39375	1.853103	1.224932	0.3626877
50826	-1003.487	-1071.446	67.95948	1.845111	0.7162876	0.4146201
50832	-1000.475	-1068.115	67.64018	1.794358	0.9661593	0.3075564
50838	-995.2995	-1062.778	67.47811	1.794358	1.132662	0.3065319
50844	-1001.337	-1068.73	67.39313	1.945676	0.9799166	0.2553091
50850	-998.7787	-1065.988	67.20943	2.102639	0.9612124	0.2334175
50856	-1000.318	-1067.848	67.52996	2.102639	0.7239034	0.2574016
50862	-997.8487	-1065.121	67.27258	0.3960583	1.221022	2.009528
50868	-997.8986	-1064.988	67.08939	0.6330722	0.8269997	2.229646
50874	-998.0903	-1065.212	67.12192	0.3397577	1.26598	2.120925
50880	-995.6813	-1063.047	67.36532	0.5737139	0.9842578	1.97623
50886	-1002.013	-1069.898	67.88453	0.9522292	0.8066644	1.479119
50892	-1001.333	-1069.446	68.11331	1.436929	0.8494649	0.7738155
50898	-997.7566	-1065.856	68.09899	1.436929	0.8622165	0.7738155
50904	-1009.436	-1077.277	67.84053	1.349638	1.228024	0.7588045
50910	-1007.606	-1075.6	67.99397	1.535336	0.9085251	0.7056766
50916	-998.8622	-1066.706	67.84411	1.566445	1.078673	0.5894543
50922	-992.3812	-1059.757	67.37606	0.7785528	1.054307	1.782248
50928	-995.5746	-1063.218	67.64317	0.7750976	1.026279	1.614648
50934	-993.1636	-1060.853	67.68947	0.829019	1.026279	1.541288
50940	-1001.664	-1069.07	67.40573	0.8970708	1.359835	1.483426
50946	-1000.003	-1067.869	67.8661	1.015987	0.8868917	1.374268
50952	-1003.07	-1070.606	67.53592	0.9948534	0.8868917	1.637572
50958	-1000.689	-1068.826	68.13709	1.067363	0.8868917	1.103256
50964	-999.8432	-1067.237	67.39393	1.186767	1.450692	1.205777
50970	-1007.966	-1075.388	67.42205	1.563087	1.625135	0.4767112
50976	-999.5193	-1067.007	67.48787	1.563087	1.522702	0.5649803
50982	-1000.236	-1068.091	67.85466	1.59486	0.9905036	0.6961336
50988	-996.5397	-1064.779	68.23914	1.344245	0.8227162	0.7701541
50994	-1000.818	-1068.667	67.8491	1.400229	1.186689	0.7229359
51000	-997.9922	-1065.82	67.82748	1.540247	1.135292	0.550041
51006	-1000.708	-1068.834	68.12574	1.581427	0.8091685	0.4879486
51012	-998.6883	-1066.873	68.18489	1.727527	0.6473791	0.5070513
51018	-999.0834	-1067.297	68.21317	1.332476	0.8269471	0.8146854
51024	-996.2418	-1064.07	67.82806	1.021539	1.044199	1.270335
51030	-1002.676	-1070.726	68.05027	0.9995252	0.9505493	1.180507
51036	-1000.507	-1068.573	68.06642	1.250522	0.9325216	0.9452224
51042	-987.9944	-1056.037	68.04228	1.362732	0.9057236	0.8793252
51048	-991.6233	-1059.705	68.08192	1.150422	0.950223	1.01278
51054	-992.7972	-1060.277	67.48004	1.087583	1.50414	1.182871
51060	-991.6125	-1058.574	66.96162	2.315432	0.7673116	0.1551831
51066	-995.7363	-1061.855	66.11858	2.511723	1.33981	0.1371569
51072	-988.5693	-1056.4	67.83046	1.293465	1.096772	0.9768355
51078	-993.7897	-1061.547	67.75766	1.00454	1.499724	1.00644
51084	-996.5218	-1063.058	66.53587	2.372355	1.224847	0.1790228
51090	-994.4743	-1062.3	67.82597	1.136996	1.087961	1.137626
51096	-993.878	-1061.561	67.68272	1.254362	1.115813	1.137626
51102	-990.0171	-1057.784	67.76696	1.254362	0.9490833	1.206322
51108	-1000.62	-1068.471	67.85172	1.357698	1.031163	0.9531166
51114	-995.6162	-1063.702	68.08583	1.265201	0.7516567	1.112806
51120	-999.0226	-1067.304	68.28115	1.179697	0.7345647	1.029767
51126	-994.113	-1062.04	67.92706	1.179697	0.9036072	1.174178
51132	-995.5318	-1063.541	68.00892	1.07966	0.7631234	1.323801
51138	-995.1511	-1062.828	67.6769	1.135227	1.152261	1.217419
51144	-992.1797	-1059.71	67.5299	0.7791045	0.9409657	1.753825
51150	-994.6404	-1062.813	68.17258	0.8429101	0.7114531	1.432009
51156	-994.808	-1062.065	67.25685	0.5479082	0.9508086	2.088028
51162	-994.4264	-1061.632	67.20532	0.7268472	0.9508086	2.003716
51168	-991.684	-1058.86	67.17593	0.7402223	1.137382	1.892783
51174	-999.9447	-1066.531	66.58593	0.2857161	1.135968	2.568269
51180	-1008.306	-1074.66	66.35402	0.2359892	0.914768	2.874158
51186	-1006.346	-1073.57	67.22333	0.1610326	0.955258	2.356371
51192	-1001.68	-1069.148	67.46829	0.7744097	1.072389	1.708419
51198	-1005.478	-1072.178	66.69975	0.6293839	1.725611	1.983777
51204	-997.1308	-1063.98	66.84903	0.5080458	1.270728	2.186455
51210	-997.7206	-1065.245	67.52421	0.3967543	0.753609	2.157717
51216	-1003.319	-1070.551	67.23277	0.6599087	0.7768077	2.157717
51222	-1000.316	-1067.217	66.90128	0.7789418	1.166549	2.033495
51228	-1005.828	-1073.366	67.53791	0.4686678	0.8410683	2.033495
51234	-994.831	-1062.447	67.61613	0.7846141	1.131825	1.554594
51240	-998.052	-1065.154	67.10163	1.027435	1.657273	1.449921
51246	-989.9302	-1057.587	67.65641	0.9551639	1.22755	1.328241
51252	-994.913	-1062.504	67.59131	0.7180035	1.032195	1.68863
51258	-993.7192	-1061.501	67.78137	0.7180035	1.079563	1.517402
51264	-989.5013	-1056.783	67.28129	0.9669593	1.25653	1.586413
51270	-994.5365	-1062.177	67.64071	1.044131	1.05426	1.394485
51276	-990.1359	-1058.076	67.93982	0.9886613	0.7314045	1.478933
51282	-989.8129	-1058.038	68.22503	1.139206	0.705286	1.153458
51288	-991.7647	-1059.941	68.17601	1.139206	0.9714115	0.9031316
51294	-994.2953	-1062.325	68.02928	1.105235	0.9550328	1.100922
51300	-991.653	-1059.649	67.9961	1.189725	1.033906	0.9748396
51306	-995.3394	-1062.993	67.65367	1.213317	1.179128	1.14918
51312	-998.197	-1066.126	67.92855	1.31338	0.9923383	0.9593724
51318	-998.7511	-1066.996	68.24518	1.221866	0.7200267	1.041566
51324	-993.3456	-1061.11	67.764	1.210317	1.08432	1.130534
51330	-996.4661	-1064.485	68.01921	1.235507	0.7917839	1.155446
51336	-1003.262	-1071.393	68.13095	1.342967	0.8825636	0.8264609
51342	-1005.332	-1072.665	67.33357	1.341508	1.864089	0.8322706
51348	-991.1986	-1059.336	68.13737	1.282213	0.7330948	1.070915
51354	-990.4656	-1058.219	67.75351	1.282213	1.245782	0.9304099
51360	-994.1399	-1061.262	67.12218	1.282213	2.008535	1.031392
51366	-990.8923	-1059.031	68.13912	1.244086	0.7305064	1.107555
51372	-992.1895	-1060.182	67.99235	0.9329641	0.8811776	1.345037
51378	-989.9743	-1057.087	67.11229	0.9804794	1.479448	1.571417
51384	-997.0402	-1064.659	67.61861	0.9243315	1.166172	1.424242
51390	-998.3354	-1065.398	67.06231	0.7740305	1.166172	1.929305
51396	-998.6902	-1065.676	66.98562	0.4494592	0.9578953	2.322386
51402	-998.3313	-1066.325	67.99382	1.262197	1.156743	0.7537458
51408	-1003.137	-1071.589	68.45196	1.107742	0.8516199	0.7566604
51414	-1016.398	-1084.275	67.87662	1.414102	1.197548	0.6235128
51420	-997.5436	-1063.891	66.34784	0.7165041	1.95428	2.064421
51426	-995.5093	-1062.625	67.11568	0.6874671	1.012325	2.047944
51432	-997.2169	-1064.376	67.15933	0.5194024	1.145874	2.046754
51438	-997.5553	-1065.239	67.68418	0.9355208	1.167642	1.363373
51444	-994.7672	-1062.588	67.82069	0.9355208	1.064669	1.330225
51450	-996.1278	-1063.446	67.31818	0.7246323	1.24022	1.743126
51456	-995.3132	-1062.677	67.36354	0.7709028	1.222703	1.689036
51462	-996.6614	-1064.257	67.59558	0.687539	0.7682106	1.905563
51468	-1002.082	-1069.4	67.31807	0.7543464	0.7682106	2.046622
51474	-997.8148	-1064.529	66.71449	0.7027186	1.346877	2.10677
51480	-997.9216	-1064.966	67.04469	0.2487656	1.346877	2.187439
51486	-995.8507	-1062.836	66.98542	0.6372351	0.7301811	2.367978
51492	-1001.741	-1069.168	67.42689	0.9417772	0.9046475	1.739046
51498	-1000.896	-1068.692	67.79599	0.8683996	0.7282446	1.675317
51504	-1003.532	-1070.62	67.08714	2.174392	1.000379	0.2287779
51510	-1006.348	-1073.375	67.0263	2.217973	0.9181315	0.1918619
51516	-1006.27	-1073.627	67.3576	2.118829	0.7773442	0.2169503
51522	-1004.048	-1071.77	67.72201	0.9347873	0.9265639	1.513983
51528	-1000.742	-1067.746	67.00477	0.7039399	1.628092	1.769746
51534	-1001.083	-1068.103	67.01972	0.7836299	1.040065	2.029787
51540	-1010.716	-1077.919	67.20327	2.165224	0.8354154	0.2025853
51546	-1020.142	-1087.012	66.8696	2.165224	1.157764	0.1996553
51552	-1015.039	-1081.598	66.55863	2.165224	1.485438	0.1856089
51558	-1011.916	-1078.713	66.7968	2.099553	1.295341	0.1930298
51564	-1004.306	-1071.703	67.3963	0.8405636	1.171821	1.647615
51570	-1004.809	-1071.887	67.07806	2.155986	0.9380346	0.1952786
51576	-1008.146	-1075.509	67.36278	1.902997	1.15271	0.3159653
51582	-1010.431	-1077.742	67.31124	0.8259401	1.032356	1.809067
51588	-1007.74	-1075.282	67.54233	0.9637063	1.032356	1.546103
51594	-1000.856	-1067.588	66.73186	0.706501	1.180198	2.184099
51600	-1002.874	-1069.496	66.6224	0.469881	1.518538	2.232981
51606	-1004.402	-1072.011	67.6086	0.5651213	1.003602	1.803417
51612	-1002.589	-1069.666	67.07716	0.7623367	1.003602	2.029608
51618	-1000.347	-1067.827	67.48002	1.004604	1.29535	1.38374
51624	-1002.531	-1070.485	67.95352	0.9473951	0.7671697	1.46627
51630	-1004.282	-1071.946	67.66411	0.7929616	1.131571	1.51298
51636	-1000.826	-1068.951	68.12586	0.8708888	0.5801822	1.581839
51642	-1006.981	-1074.825	67.84392	1.15298	0.6832472	1.474238
51648	-1001.583	-1069.263	67.67988	0.8703979	0.9177368	1.599361
51654	-1004.647	-1072.22	67.57305	1.334408	1.058771	1.210098
51660	-994.362	-1062.52	68.15822	1.02013	0.7322893	1.281988
51666	-1000.891	-1068.907	68.01543	1.04347	0.8177278	1.2952
51672	-996.6204	-1064.396	67.77517	1.166439	0.9973395	1.232135
51678	-996.3817	-1064.404	68.02263	1.086251	1.038141	1.046918
51684	-1000.111	-1067.405	67.29354	1.118662	1.546156	1.287877
51690	-997.6029	-1065.259	67.65636	0.8980823	0.9093384	1.602862
51696	-1007.921	-1074.902	66.98102	0.5664962	0.9854894	2.232287
51702	-999.8739	-1066.025	66.15137	0.3991963	1.275413	2.691707
51708	-996.6953	-1063.599	66.90356	0.2191083	1.084006	2.441463
51714	-1001.608	-1069.448	67.84071	1.024232	1.180537	1.149888
51720	-1005.489	-1073.024	67.53517	1.043085	0.8681249	1.618234
51726	-1004.152	-1071.713	67.56121	1.005476	0.9824764	1.537931
51732	-991.0595	-1057.85	66.79093	0.5712213	1.449894	2.090487
51738	-998.1644	-1065.029	66.865	0.6543838	1.252533	2.090487
51744	-1000.815	-1067.619	66.80449	0.5902685	1.090417	2.264862
51750	-1003.416	-1070.799	67.38334	0.8048252	1.120067	1.715513
51756	-1005.183	-1071.88	66.69667	0.6607681	1.305686	2.167489
51762	-1001.132	-1067.9	66.76858	0.6038472	1.76134	1.939058
51768	-1005.442	-1072.514	67.07194	0.754831	1.277365	1.870919
51774	-1010.916	-1078.501	67.58507	0.70395	0.9327467	1.773791
51780	-1002.997	-1070.438	67.44163	0.9118908	1.266454	1.502416
51786	-993.247	-1060.299	67.05176	0.6339514	1.266454	1.972407
51792	-999.0414	-1066.434	67.39256	0.7662231	1.033275	1.793489
51798	-997.5897	-1064.735	67.14548	0.6074741	1.326514	1.893777
51804	-1005.913	-1072.005	66.09194	0.3732232	0.9794496	2.908897
51810	-999.1396	-1065.21	66.07016	0.06783958	1.660324	2.767664
51816	-1006.934	-1073.547	66.61318	0.06096108	1.003008	2.767664
51822	-999.8947	-1066.35	66.45545	0.4223292	1.339196	2.456306
51828	-1001.609	-1068.154	66.54552	0.3326816	0.9784522	2.657734
51834	-991.8548	-1058.634	66.7792	0.0151927	1.158939	2.603322
51840	-997.1327	-1064.038	66.90505	0.04814826	0.9914447	2.603322
51846	-1000.889	-1067.866	66.977	0.09699027	0.8767492	2.603322
51852	-998.1006	-1065.179	67.07842	0.02389305	0.8903378	2.576535
51858	-1003.917	-1070.287	66.37036	0.2171433	0.96466	2.843996
51864	-998.6124	-1065.794	67.18186	0.4184618	0.96466	2.21191
51870	-987.7607	-1055.351	67.59061	0.6630339	0.7342534	1.953784
51876	-985.5345	-1052.742	67.20758	0.532157	1.056768	2.061216
51882	-989.5606	-1057.138	67.57741	0.8190733	0.9986001	1.650115
51888	-991.4903	-1059.053	67.56263	0.5646452	0.9421843	1.878351
51894	-998.4242	-1064.856	66.43165	0.6331263	0.8501846	2.627337
51900	-997.6703	-1064.654	66.98404	0.48515	1.136768	2.189312
51906	-999.1427	-1065.892	66.74916	0.6100055	1.418766	2.107976
51912	-990.7694	-1057.894	67.12465	0.6973257	0.8259116	2.166048
51918	-996.4286	-1063.465	67.03642	0.41804	1.064137	2.242471
51924	-1009.028	-1075.696	66.66804	0.4228275	1.144051	2.426635
51930	-1003.183	-1070.045	66.8615	0.5844382	1.042413	2.261376
51936	-1001.959	-1069.682	67.72368	0.7170393	0.9575247	1.648344
51942	-998.8221	-1065.34	66.5177	0.05429813	0.9908086	2.837269
51948	-1001.18	-1067.978	66.79852	0.106532	1.447971	2.385839
51954	-997.573	-1065.221	67.64842	0.7311434	1.101355	1.590684
51960	-1004.752	-1072.051	67.29891	0.4091246	0.8133152	2.249144
51966	-997.4487	-1064.213	66.76415	0.220225	0.8808457	2.655864
51972	-997.5495	-1064.489	66.93959	1.145295	1.792319	1.415501
51978	-996.9825	-1063.975	66.99227	0.7972633	1.252157	1.910579
51984	-996.3969	-1063.31	66.91327	0.5978105	0.7517819	2.421444
51990	-1003.793	-1071.076	67.28338	0.4353388	1.134291	2.027212
51996	-997.4407	-1065.174	67.7337	0.7105619	0.8205352	1.751912
52002	-999.2966	-1066.734	67.43755	0.7555517	1.134708	1.702567
52008	-994.91	-1062.413	67.50316	0.8285223	1.212196	1.552939
52014	-996.1625	-1063.593	67.43072	0.8520035	1.234422	1.574897
52020	-1010.219	-1077.865	67.64649	0.7419442	0.9316111	1.704865
52026	-1004.3	-1071.997	67.69753	0.6731512	0.9485684	1.704865
52032	-995.4776	-1062.844	67.36665	0.8877096	1.052334	1.713723
52038	-1002.475	-1069.394	66.91944	0.6713873	0.8160231	2.32214
52044	-996.5204	-1063.607	67.08627	0.906453	0.9494927	1.964151
52050	-996.9683	-1064.63	67.66127	0.8619943	1.307041	1.345694
52056	-995.8913	-1063.394	67.50301	0.7274043	1.001038	1.765818
52062	-1003.962	-1072.087	68.12555	1.526411	0.747824	0.7991936
52068	-1000.498	-1068.72	68.22184	1.52934	0.5764715	0.9551547
52074	-1001.309	-1068.907	67.5972	1.28827	1.464337	0.9045449
52080	-992.5809	-1060.318	67.73725	0.8369286	0.7018943	1.762732
52086	-997.3688	-1065.203	67.83395	0.8510249	0.9303696	1.489841
52092	-996.7521	-1064.021	67.26854	0.8115127	1.38068	1.635347
52098	-998.3614	-1065.925	67.56409	0.8767106	0.8538915	1.727626
52104	-1001.944	-1069.817	67.87307	1.764408	0.805879	0.3316301
52110	-998.8215	-1066.082	67.26019	1.898601	1.297187	0.3316072
52116	-1007.242	-1075.205	67.9632	1.856753	0.7171507	0.4967422
52122	-1003.953	-1072.185	68.23206	1.708611	0.6182339	0.4246618
52128	-1008.861	-1076.273	67.41196	1.773574	1.313197	0.3806291
52134	-1003.107	-1070.694	67.58722	1.906913	0.9344561	0.331079
52140	-1002.016	-1069.379	67.36302	1.832306	1.196541	0.291518
52146	-1003.904	-1071.544	67.6401	1.751674	1.044079	0.3394519
52152	-995.2165	-1062.091	66.87444	0.3661008	1.036086	2.396078
52158	-998.7149	-1065.426	66.71077	0.6390475	0.9283378	2.396078
52164	-995.9285	-1062.656	66.72727	0.6562416	1.130931	2.248042
52170	-997.2174	-1064.077	66.85979	0.6610735	0.9876435	2.248042
52176	-990.8748	-1056.903	66.02849	0.6610735	0.9345663	2.80099
52182	-996.1175	-1063.761	67.64373	0.7694161	1.101117	1.566266
52188	-997.6101	-1065.378	67.76822	1.044009	1.101117	1.256574
52194	-1000.011	-1067.329	67.31775	2.160089	0.8381343	0.2485031
52200	-1004.814	-1072.324	67.50959	0.7002301	0.7609163	1.961003
52206	-997.2569	-1064.768	67.51126	0.8297246	0.5421979	2.074166
52212	-994.5608	-1062.077	67.51664	0.8297246	0.6412871	1.97385
52218	-999.1407	-1066.213	67.0722	0.8226753	1.059047	1.956478
52224	-1008.052	-1075.331	67.27902	0.7258689	1.060391	1.881215
52230	-1000.516	-1066.75	66.23353	2.460607	1.266559	0.1378961
52236	-1005.748	-1071.965	66.21713	2.539094	1.082172	0.1202801
52242	-1017.412	-1083.451	66.03945	2.539094	1.082172	0.09590906
52248	-1014.654	-1080.448	65.7944	2.594297	1.299077	0.09598178
52254	-1004.482	-1070.67	66.18804	0.5020313	0.8480185	2.857983
52260	-994.198	-1061.12	66.9224	0.6676777	1.262679	2.038218
52266	-1008.123	-1074.859	66.73661	0.4316595	0.9625894	2.487767
52272	-999.886	-1065.466	65.58025	2.764646	1.083582	0.07255743
52278	-999.7683	-1065.271	65.50265	2.764646	1.284085	0.08158196
52284	-997.9775	-1064.16	66.18263	2.841436	0.5752392	0.08005473
52290	-1004.079	-1071.431	67.35151	0.6999569	1.005333	1.886093
52296	-1006.734	-1073.767	67.03262	0.556156	0.9655371	2.218785
52302	-999.4336	-1066.069	66.63545	0.5792705	1.558291	2.135017
52308	-996.9755	-1063.759	66.78397	0.4639595	0.7310618	2.601884
52314	-1001.393	-1066.292	64.89889	2.97251	1.392287	0.05701725
52320	-1007.052	-1073.37	66.31873	0.3679901	1.423961	2.534304
52326	-999.4511	-1066.022	66.57101	0.3644915	1.007966	2.604047
52332	-1002.806	-1069.267	66.46041	0.62443	1.153078	2.425307
52338	-1004.961	-1072.905	67.9436	0.9903955	0.8032015	1.407835
52344	-1006.432	-1074.357	67.92516	0.8740072	0.8353651	1.482406
52350	-1004.155	-1069.331	65.17587	3.14544	0.7564812	0.04747484
52356	-1006.546	-1072.2	65.65428	2.989799	0.8203512	0.07471388
52362	-999.0703	-1066.416	67.34563	0.6704522	1.052493	1.878757
52368	-987.5447	-1055.158	67.61373	0.7518124	1.009427	1.66454
52374	-991.62	-1059.458	67.83753	0.8485523	1.038557	1.405323
52380	-993.5615	-1060.919	67.35772	0.9677131	1.201509	1.56436
52386	-999.3311	-1066.78	67.44917	0.9165954	1.498052	1.353354
52392	-987.0097	-1054.646	67.63619	0.9165954	1.056082	1.49415
52398	-985.1679	-1052.849	67.68126	0.7601733	1.061699	1.57278
52404	-993.778	-1061.566	67.78814	1.05561	0.6014168	1.669779
52410	-994.8151	-1062.14	67.32484	0.8757943	1.177768	1.669779
52416	-996.9575	-1064.614	67.65604	1.024752	0.7332604	1.659082
52422	-993.8589	-1061.324	67.46512	0.8337918	1.024053	1.701663
52428	-999.4672	-1066.679	67.2119	0.6784493	1.241165	1.848231
52434	-1005.66	-1072.951	67.2905	0.6895734	1.241165	1.786337
52440	-1001.111	-1068.311	67.19959	0.4661031	0.8798568	2.227893
52446	-995.4643	-1062.736	67.27148	0.672424	0.8798568	2.046267
52452	-997.3244	-1064.096	66.77205	0.4380095	1.214338	2.311753
52458	-1001.453	-1068.349	66.89612	0.3893583	1.214338	2.263497
52464	-998.5987	-1065.122	66.52369	0.4579022	1.214338	2.456312
52470	-1002.564	-1070.074	67.51053	0.8715865	0.5790299	2.009712
52476	-1003.903	-1071.67	67.76727	0.9778152	0.778167	1.572502
52482	-994.3083	-1061.891	67.58264	0.9778152	1.140164	1.428747
52488	-999.8276	-1068.198	68.37076	0.8442822	0.6656571	1.322684
52494	-992.1743	-1059.649	67.47494	0.9168373	0.9517466	1.687564
52500	-995.5929	-1063.321	67.72834	0.8988584	1.096731	1.408032
52506	-995.7741	-1063.488	67.71363	0.9553968	1.223445	1.28455
52512	-998.351	-1066.023	67.6717	0.7311525	0.7360007	1.851087
52518	-1001.455	-1068.93	67.47505	0.7795843	1.159227	1.642909
52524	-997.6767	-1064.728	67.05146	0.6450511	1.139248	2.038954
52530	-994.3679	-1060.966	66.59842	0.4577204	1.180183	2.428185
52536	-997.3967	-1064.942	67.54509	0.5437943	1.159434	1.760164
52542	-998.1895	-1064.48	66.29033	0.3419424	1.03918	2.771484
52548	-997.2089	-1064.179	66.97005	0.3331619	1.063465	2.33962
52554	-995.7111	-1062.758	67.0465	0.9390665	1.65254	1.559802
52560	-992.8831	-1059.749	66.86575	0.7800752	1.329337	1.96455
52566	-997.9395	-1065.035	67.09565	0.7008914	1.12946	1.97828
52572	-993.8224	-1060.842	67.01993	0.570521	1.44622	1.940498
52578	-986.0111	-1053.374	67.36325	0.3463906	1.08458	2.063645
52584	-984.2865	-1051.367	67.08026	0.4676037	0.9735485	2.239872
52590	-984.3788	-1052.245	67.86613	0.8464249	0.7769685	1.597322
52596	-1000.439	-1067.093	66.65384	0.637533	0.9926779	2.391094
52602	-998.8473	-1065.696	66.8491	0.5050383	1.423491	2.108899
52608	-999.0219	-1065.413	66.39117	0.4429107	1.659436	2.334912
52614	-1004.873	-1072.532	67.65867	0.5071829	1.028152	1.792066
52620	-995.9133	-1062.968	67.05486	0.7809693	1.028152	2.015934
52626	-990.5493	-1057.602	67.05278	0.5147481	1.331011	2.015934
52632	-992.409	-1059.644	67.23509	0.6882112	1.016886	1.964922
52638	-1004.087	-1071.085	66.99808	0.7829999	0.9764449	2.086266
52644	-1000.585	-1067.863	67.27836	0.746952	0.6974334	2.13614
52650	-998.6624	-1065.32	66.65802	0.5894968	1.274528	2.255112
52656	-993.536	-1060.949	67.41289	0.4286096	0.7281287	2.229784
52662	-998.7871	-1065.847	67.06036	0.8222819	0.6961145	2.229784
52668	-990.4886	-1058.1	67.61167	0.6051583	0.7938725	1.92955
52674	-992.1598	-1059.981	67.82078	0.8903403	0.8522156	1.533962
52680	-995.738	-1063.314	67.5764	0.8003473	1.000868	1.662627
52686	-996.4659	-1064.013	67.5468	0.6892667	1.026004	1.74458
52692	-992.3359	-1059.241	66.90492	0.8530378	0.9269867	2.135052
52698	-988.0433	-1055.901	67.85807	0.8474712	0.7822996	1.597755
52704	-987.8589	-1055.389	67.52973	0.8030092	0.8171372	1.831995
52710	-988.4904	-1055.586	67.09561	0.8145075	1.140218	1.895138
52716	-998.2089	-1064.698	66.48928	0.7566952	1.142345	2.329408
52722	-996.6682	-1064.018	67.34979	0.5862381	0.8959422	2.039844
52728	-998.4472	-1065.759	67.31192	0.7893487	1.068831	1.809593
52734	-994.5846	-1062.355	67.77012	0.8572857	0.8587419	1.590133
52740	-994.1669	-1061.898	67.73065	0.7210521	0.8340362	1.735802
52746	-998.4541	-1065.682	67.22844	0.8344652	0.9127198	1.943058
52752	-998.678	-1066.201	67.52315	0.8872364	0.9127198	1.703541
52758	-993.486	-1060.746	67.25972	0.677846	0.8172723	2.097067
52764	-1007.961	-1075.993	68.03194	1.038753	0.7192821	1.3814
52770	-994.3445	-1061.797	67.45246	0.9025484	1.016839	1.666823
52776	-991.666	-1058.707	67.04094	0.7201251	1.050254	2.051266
52782	-997.1001	-1064.437	67.33728	0.7487994	0.9915018	1.871946
52788	-1000.791	-1067.742	66.95097	0.7624383	1.417551	1.871946
52794	-998.7059	-1065.747	67.04118	0.3605478	0.948523	2.349784
52800	-1013.105	-1079.793	66.68741	2.697253	0.6043985	0.1333202
52806	-1006.392	-1072.69	66.29865	2.697253	0.7881811	0.1096845
52812	-1001.007	-1067.475	66.46843	0.4946525	1.241571	2.453293
52818	-995.3419	-1062.218	66.87596	0.4633332	1.007382	2.351418
52824	-990.5576	-1057.677	67.11964	0.700162	1.453897	1.779673
52830	-988.8626	-1056.245	67.38215	0.5269362	1.03094	1.965194
52836	-992.7193	-1060.335	67.61536	0.8418881	1.03094	1.582972
52842	-1004.583	-1072.516	67.93309	0.7041463	1.125773	1.379289
52848	-992.923	-1060.393	67.46966	0.808635	0.5929173	2.064905
52854	-996.1445	-1063.342	67.19784	0.7050732	1.369271	1.767148
52860	-1002.397	-1069.44	67.04327	0.6433594	0.9805682	2.145362
52866	-998.4968	-1066.177	67.68007	0.6427545	0.6450016	1.986156
52872	-1000.159	-1067.526	67.36745	0.3455542	1.210226	1.986156
52878	-1003.643	-1071.252	67.60889	0.9074367	0.8091326	1.710579
52884	-999.5728	-1066.826	67.2533	0.9745802	1.265937	1.595508
52890	-988.6104	-1055.636	67.0257	0.6169637	1.265937	2.001459
52896	-990.7324	-1058.719	67.98659	0.7450008	0.8719306	1.502284
52902	-991.261	-1059.047	67.78606	0.7376814	0.7471109	1.757879
52908	-994.2703	-1061.676	67.40611	0.7786527	1.229552	1.648918
52914	-995.9392	-1063.804	67.86434	0.9847573	0.6554962	1.61121
52920	-998.5595	-1066.644	68.0847	0.9847573	0.9051451	1.204922
52926	-997.2762	-1065.326	68.04934	1.085959	0.9553429	1.099915
52932	-992.8712	-1060.549	67.67799	0.9652148	1.230476	1.300696
52938	-990.3224	-1057.928	67.60546	0.8851753	1.181565	1.45387
52944	-993.0419	-1061.285	68.24304	1.025671	0.7405496	1.197572
52950	-1001.606	-1069.948	68.34197	1.41391	0.7123997	0.7114103
52956	-1003.567	-1071.909	68.34195	1.343087	0.7308767	0.7830474
52962	-998.8042	-1066.007	67.2023	0.62587	1.140392	1.950406
52968	-1001.917	-1069.182	67.26463	0.864294	1.292662	1.650994
52974	-1004.716	-1072.301	67.58422	1.022782	1.294872	1.2862
52980	-992.6271	-1060.055	67.42805	0.7812826	1.110834	1.706563
52986	-991.4164	-1059.148	67.73119	0.7812826	0.8248679	1.700372
52992	-996.4609	-1063.913	67.45209	0.8846646	0.9878774	1.700372
52998	-1006.189	-1073.911	67.72214	0.6153733	0.9878774	1.69983
53004	-996.867	-1064.869	68.00191	1.273184	0.7474894	1.184627
53010	-999.3506	-1067.805	68.45407	1.273184	0.5955044	0.9507168
53016	-1005.094	-1072.954	67.86001	1.131587	0.7961379	1.369346
53022	-999.9856	-1068.02	68.03492	1.081713	1.000351	1.074817
53028	-998.3825	-1066.593	68.2108	1.063691	0.5889127	1.361499
53034	-996.5827	-1064.374	67.79152	1.35483	1.155593	0.8949582
53040	-996.918	-1064.877	67.95942	1.342629	0.8563692	1.043545
53046	-996.9003	-1065.262	68.36141	1.342629	0.6159754	0.9440033
53052	-992.995	-1060.966	67.97137	1.342629	1.03432	0.8303179
53058	-1000.036	-1068	67.96394	1.373041	1.047176	0.7837024
53064	-992.542	-1060.681	68.13896	1.314921	0.9366689	0.7758201
53070	-995.0267	-1062.969	67.9424	1.314921	1.083126	0.8426415
53076	-994.1102	-1062.327	68.21708	1.314921	0.6651965	1.048243
53082	-991.0281	-1058.851	67.82303	1.407095	1.158504	0.7883393
53088	-993.8194	-1061.775	67.95606	1.639281	0.9077607	0.4723527
53094	-996.1655	-1064.023	67.85795	1.711483	0.9077607	0.3917309
53100	-1001.877	-1068.8	66.92234	0.6771777	0.9789005	2.203027
53106	-1006.922	-1074.427	67.50478	0.6483943	1.438543	1.549551
53112	-1002.387	-1070.192	67.80527	1.693433	0.9931852	0.4343786
53118	-996.5323	-1064.476	67.94345	1.748783	0.8165676	0.559699
53124	-993.6198	-1061.49	67.87047	1.698593	0.9339294	0.4958695
53130	-991.5975	-1059.46	67.86217	1.630402	1.005688	0.5402652
53136	-999.5494	-1067.656	68.10695	1.630402	0.7649727	0.6148221
53142	-1002.688	-1070.438	67.74934	1.592101	1.152708	0.5924671
53148	-998.0822	-1065.837	67.75513	1.644256	1.079086	0.396181
53154	-997.5888	-1065.537	67.94838	1.644256	0.9117325	0.5035612
53160	-999.1054	-1067.075	67.96961	1.644256	0.8920653	0.5048442
53166	-996.9431	-1064.606	67.66273	1.644256	1.200852	0.4426723
53172	-997.1667	-1065.337	68.16992	1.605294	0.7457244	0.5690856
53178	-1002.788	-1070.669	67.8814	1.36636	1.268397	0.5690856
53184	-1004.632	-1072.069	67.43706	1.495096	1.583429	0.7325449
53190	-1001.015	-1068.215	67.19973	1.716329	1.697036	0.4035356
53196	-1001.285	-1068.416	67.13107	1.749103	1.697036	0.3492755
53202	-1002.124	-1069.97	67.8463	0.8817571	0.6976948	1.657858
53208	-999.9208	-1067.451	67.53042	0.605613	1.05899	1.792027
53214	-997.5932	-1065.55	67.95645	0.9959075	0.967358	1.248584
53220	-998.0983	-1065.328	67.2294	1.886064	1.286412	0.2890715
53226	-996.6231	-1063.885	67.2617	1.886064	1.326277	0.3448314
53232	-1004.979	-1072.695	67.7157	1.820509	0.9072974	0.3448314
53238	-998.0154	-1065.41	67.3948	1.971796	1.07557	0.3448314
53244	-997.3696	-1065.013	67.64317	1.971796	0.836445	0.3451056
53250	-1007.685	-1075.158	67.47397	1.516848	1.591795	0.6028376
53256	-999.0241	-1067.21	68.1861	1.721717	0.6423127	0.5804133
53262	-993.7342	-1060.751	67.01716	2.026946	1.23846	0.22953
53268	-994.5235	-1061.86	67.33701	2.026946	0.9634338	0.2597214
53274	-995.3782	-1063.377	67.99866	1.721717	0.7862821	0.420499
53280	-990.8839	-1057.695	66.81059	2.301059	0.8845764	0.1486235
53286	-992.9707	-1060.045	67.07387	2.227373	0.8845764	0.1984904
53292	-992.2003	-1059.07	66.86938	2.227373	0.920816	0.1538759
53298	-998.8068	-1065.471	66.66461	2.227373	1.224111	0.1744111
53304	-991.7415	-1059.617	67.87552	1.288216	1.168489	0.8613897
53310	-1002.006	-1068.584	66.57722	2.212381	1.433012	0.1936797
53316	-993.8431	-1060.371	66.52821	2.305784	1.325259	0.1816548
53322	-1005.506	-1073.507	68.00063	1.294875	1.038079	0.8486652
53328	-999.1086	-1067.178	68.06892	1.25896	0.6845883	1.208466
53334	-996.1667	-1064.275	68.10819	1.067076	0.7630924	1.252988
53340	-989.996	-1057.735	67.73943	0.8715584	0.7282947	1.713149
53346	-992.8748	-1060.612	67.73713	0.7756792	0.6171949	1.884353
53352	-991.1932	-1058.472	67.2789	0.7756792	0.9892764	1.89492
53358	-993.9077	-1061.643	67.73569	0.9305399	0.7832929	1.625388
53364	-993.4413	-1061.211	67.77021	0.9305399	0.9450454	1.466289
53370	-996.1074	-1063.556	67.44846	1.058044	1.000834	1.568687
53376	-994.6144	-1061.423	66.80828	0.5794498	1.493875	2.052031
53382	-989.5282	-1056.439	66.9111	0.4245406	1.035184	2.336346
53388	-995.644	-1062.046	66.40224	0.846678	1.433579	2.172526
53394	-1000.855	-1067.216	66.36081	0.5106405	1.356335	2.451699
53400	-999.6665	-1066.367	66.70011	0.4118307	1.124144	2.424765
53406	-1010.812	-1078.219	67.40699	0.3793071	0.8435428	2.17612
53412	-1010.41	-1077.63	67.22023	0.7592791	0.5794745	2.272025
53418	-1004.907	-1071.715	66.80775	0.9868606	1.222356	1.924299
53424	-992.8609	-1059.788	66.92702	0.4610162	1.200538	2.205141
53430	-997.8471	-1065.08	67.23305	0.5232954	0.7899675	2.235762
53436	-992.8582	-1060.374	67.51581	0.6679359	0.8671215	1.894988
53442	-990.6647	-1057.91	67.24512	0.6859922	1.117454	1.894988
53448	-991.41	-1058.598	67.18807	0.7321271	1.298426	1.794723
53454	-997.325	-1064.033	66.70814	0.7355495	1.362124	2.081427
53460	-995.957	-1063.923	67.96598	1.220772	0.8789052	1.127241
53466	-1001.813	-1069.593	67.78003	1.220772	0.9760608	1.200124
53472	-992.2692	-1060.159	67.88986	1.390611	1.146802	0.7299538
53478	-998.045	-1065.917	67.87223	0.9627101	1.208827	1.154546
53484	-992.6703	-1060.446	67.77613	0.9533598	0.9857997	1.412203
53490	-994.0227	-1061.076	67.05298	0.8729112	1.603711	1.627801
53496	-997.0497	-1064.163	67.11312	1.102013	1.228359	1.627801
53502	-991.9302	-1059.61	67.68003	0.8764646	0.8906655	1.616033
53508	-996.0187	-1063.184	67.16497	0.7683016	1.037781	1.944465
53514	-991.8762	-1058.679	66.80286	0.6446241	1.037781	2.263268
53520	-993.2881	-1061.041	67.75329	0.934728	0.6360521	1.74506
53526	-992.3971	-1059.717	67.31995	0.4535861	0.7037964	2.293406
53532	-1005.083	-1072.027	66.94382	0.5475389	1.062392	2.219767
53538	-1005.817	-1073.105	67.28842	0.5404466	1.016213	2.028356
53544	-996.7028	-1063.867	67.16423	0.6770154	1.216374	1.896203
53550	-989.6085	-1056.23	66.62138	0.6531112	1.536242	2.106255
53556	-994.2888	-1061.16	66.87106	0.5225984	1.031122	2.301887
53562	-993.2951	-1060.45	67.15487	0.435325	1.096924	2.134451
53568	-996.0021	-1063.126	67.12351	0.8452122	1.072902	1.897703
53574	-995.3618	-1062.437	67.07555	0.6930052	1.325626	1.883655
53580	-999.7463	-1066.235	66.48868	0.7253259	0.7607245	2.600067
53586	-1003.661	-1069.876	66.21472	0.4687971	1.032997	2.74386
53592	-995.0049	-1062.528	67.52348	0.7264274	0.7752652	1.922259
53598	-999.3783	-1067.173	67.7948	0.7663287	1.035669	1.502704
53604	-1007.274	-1074.915	67.64132	1.085507	1.035669	1.375703
53610	-1005.971	-1073.752	67.78128	0.8751181	0.7157906	1.692266
53616	-1004.45	-1072.015	67.56566	0.9078063	0.916729	1.655578
53622	-1002.083	-1069.66	67.57639	0.6961119	1.25747	1.568076
53628	-1001.122	-1068.651	67.52902	0.5712109	0.7577668	2.036658
53634	-992.3994	-1059.735	67.33556	0.8576161	1.354189	1.568294
53640	-995.7576	-1063.338	67.58006	0.7907609	0.9486475	1.704704
53646	-992.7811	-1060.224	67.4428	0.7464925	0.9486475	1.831283
53652	-993.6934	-1061.036	67.34236	0.7187961	0.9266797	1.934221
53658	-997.8603	-1065.535	67.67425	0.6616989	1.037721	1.665819
53664	-995.2169	-1062.683	67.4663	0.7157501	1.135961	1.709577
53670	-990.3234	-1057.483	67.15912	0.6588397	1.348206	1.837488
53676	-989.1132	-1056.359	67.24553	0.5204322	1.074238	2.032846
53682	-995.097	-1062.129	67.03219	0.4717598	0.9706608	2.269979
53688	-995.4754	-1062.05	66.57508	0.6926189	0.8267158	2.518004
53694	-987.8931	-1054.556	66.66334	0.3497095	1.010271	2.554527
53700	-990.2209	-1058.005	67.78381	0.7822082	0.9951797	1.528925
53706	-987.7353	-1055.728	67.99264	0.945975	0.9128885	1.306749
53712	-987.7358	-1055.59	67.85394	1.183786	0.8237344	1.306749
53718	-999.6242	-1067.864	68.2397	1.268156	0.669252	1.065966
53724	-990.8453	-1058.017	67.17216	0.7247766	0.9460117	2.030456
53730	-995.7125	-1062.468	66.7555	0.5907152	0.9771986	2.366289
53736	-992.2076	-1059.187	66.97934	0.4160784	1.433468	2.076786
53742	-1003.411	-1070.653	67.24149	0.6659426	0.8359483	2.102726
53748	-999.7159	-1066.167	66.45081	0.682963	1.111568	2.418294
53754	-993.9128	-1060.625	66.71177	0.5279168	1.093053	2.362206
53760	-994.2599	-1061.285	67.02475	0.8726814	1.030572	1.973247
53766	-987.1732	-1053.971	66.79739	0.301322	1.030796	2.488493
53772	-993.3385	-1059.327	65.98844	0.4348778	0.8328249	3.02908
53778	-992.9322	-1059.802	66.87019	0.7346275	1.272525	2.022977
53784	-992.0079	-1059.761	67.75272	0.9869859	0.9109965	1.46405
53790	-1000.072	-1068.465	68.39284	1.180197	0.6658777	1.007381
53796	-1000.582	-1068.203	67.62125	1.394288	1.340712	0.8649486
53802	-999.8928	-1067.641	67.74792	1.122835	1.010519	1.280081
53808	-997.6909	-1065.136	67.44548	1.057471	0.9965532	1.574434
53814	-995.4674	-1063.14	67.67243	0.9743802	1.01312	1.4547
53820	-996.804	-1064.917	68.11346	1.204794	0.7390453	1.156129
53826	-1002.848	-1070.434	67.58602	1.204936	1.340014	1.095811
53832	-997.086	-1064.873	67.78705	1.344367	0.9345276	1.123179
53838	-993.6761	-1061.188	67.51161	0.937933	0.8548398	1.720716
53844	-997.0263	-1064.027	67.00026	0.5090617	0.9550032	2.27686
53850	-994.6899	-1061.97	67.28048	0.6780331	0.8881766	2.030541
53856	-998.543	-1065.922	67.37917	0.6176867	0.7643309	2.099527
53862	-987.8719	-1055.312	67.44048	0.4052942	0.8858967	2.106527
53868	-991.678	-1058.654	66.97623	0.6739492	0.9286148	2.20396
53874	-996.7854	-1063.988	67.2029	0.6597372	1.26043	1.856077
53880	-996.9685	-1064.253	67.28409	0.594666	1.208965	1.875039
53886	-996.973	-1064.018	67.04505	0.6072582	1.028725	2.136441
53892	-999.7404	-1066.591	66.85053	0.5043198	0.9983503	2.347263
53898	-996.3095	-1063.539	67.22975	0.444279	0.980862	2.153378
53904	-986.7746	-1053.196	66.42115	0.3991774	1.033446	2.659655
53910	-1002.333	-1069.918	67.58531	0.9639099	0.869368	1.638188
53916	-1012.528	-1079.801	67.27352	0.9278244	0.7494365	1.976155
53922	-1009.291	-1076.561	67.26993	0.8602717	1.027513	1.817155
53928	-1003.636	-1071.034	67.39744	0.8887668	1.381861	1.482866
53934	-998.5873	-1066.383	67.7953	0.8597882	0.7752257	1.640414
53940	-998.1807	-1065.628	67.44716	0.8181621	0.8637166	1.841884
53946	-994.5203	-1062.137	67.61674	0.8419646	0.9730838	1.623891
53952	-1002.441	-1070.087	67.64635	1.074245	1.283185	1.199211
53958	-995.8909	-1063.723	67.83257	1.01077	1.159429	1.185179
53964	-997.317	-1064.939	67.62158	0.9212473	0.7256519	1.763344
53970	-994.179	-1060.359	66.18024	0.6408555	1.127747	2.604245
53976	-992.8675	-1059.731	66.86369	0.7344466	0.8183826	2.315734
53982	-997.9435	-1065.316	67.37232	0.853189	0.9795553	1.784291
53988	-988.487	-1055.831	67.34395	0.949232	1.083576	1.665027
53994	-988.6436	-1055.937	67.29356	0.9347488	1.311939	1.567445
54000	-994.6614	-1062.227	67.56545	0.7120049	0.932385	1.782105
54006	-987.8362	-1055.613	67.77701	0.7960871	0.6815305	1.782105
54012	-999.8231	-1067.437	67.61396	0.6850318	0.8653293	1.817479
54018	-999.1981	-1066.179	66.981	0.5248123	1.266696	2.091595
54024	-995.8193	-1063.07	67.25031	0.6170119	1.104381	1.946272
54030	-998.0702	-1064.72	66.65016	0.4907398	1.032943	2.460745
54036	-990.2727	-1057.532	67.25937	0.6003605	1.005605	2.014842
54042	-999.0204	-1065.574	66.55367	0.7016435	1.325257	2.22332
54048	-996.5389	-1063.747	67.20824	0.5565791	0.9971417	2.08321
54054	-993.5608	-1061.139	67.57847	0.9743135	1.115172	1.452101
54060	-1001.404	-1068.66	67.25622	0.4306299	1.07726	2.08321
54066	-1004.074	-1071.513	67.43868	0.9996191	0.8077928	1.766446
54072	-1002.374	-1069.561	67.1871	1.060544	1.050381	1.719783
54078	-1002.02	-1069.891	67.87101	1.138287	1.135417	1.054716
54084	-1003.875	-1071.56	67.68408	0.9370373	0.8090029	1.635962
54090	-992.5734	-1060.401	67.82793	1.020628	1.221379	1.13282
54096	-997.6692	-1065.952	68.28274	1.318871	0.5776824	1.099319
54102	-992.3424	-1059.558	67.21601	0.6267362	0.8030594	2.169847
54108	-992.9886	-1060.768	67.77928	1.021915	0.7480812	1.55829
54114	-986.2678	-1053.992	67.72393	0.9651803	0.93882	1.480026
54120	-991.5459	-1059.064	67.51779	0.8751229	0.9228012	1.70829
54126	-1003.764	-1071.929	68.16503	0.8654185	0.7931493	1.341374
54132	-1002.917	-1069.911	66.9943	2.619357	0.502433	0.1472996
54138	-1004.175	-1071.008	66.83291	2.619357	0.5222399	0.1234074
54144	-1003.455	-1070.252	66.7968	2.619357	0.5140717	0.1156684
54150	-998.1466	-1064.849	66.70214	2.481298	0.7658671	0.1356665
54156	-995.4557	-1061.787	66.33093	2.481298	1.018182	0.1193831
54162	-989.8822	-1056.21	66.32815	2.481298	1.087612	0.1300107
54168	-989.0733	-1055.573	66.49946	2.536609	0.7409364	0.1072619
54174	-1004.671	-1071.615	66.94406	0.4191618	0.8591954	2.43505
54180	-990.6632	-1056.971	66.30761	2.536609	1.017479	0.1244282
54186	-992.1627	-1058.254	66.09179	2.536609	1.064447	0.09993177
54192	-991.3289	-1057.224	65.89485	2.54339	1.161964	0.08833338
54198	-990.1167	-1056.707	66.59028	2.54339	0.743768	0.1223003
54204	-988.9422	-1055.138	66.19552	2.54339	0.9308739	0.09705936
54210	-990.1837	-1056.219	66.03555	2.54339	1.138743	0.1024222
54216	-993.3183	-1059.7	66.38141	2.54339	0.8467549	0.1092583
54222	-1005.501	-1071.392	65.891	2.568552	1.214972	0.09599441
54228	-1003.836	-1069.638	65.80223	2.579402	1.264214	0.09182591
54234	-993.6417	-1061.747	68.10521	1.145546	0.9356309	1.009649
54240	-996.0807	-1064.144	68.06341	1.154628	0.9356309	1.041574
54246	-992.9951	-1060.742	67.74672	0.9622016	0.9694819	1.440813
54252	-1018.894	-1084.696	65.80199	2.681621	1.060986	0.08336821
54258	-1002.581	-1067.847	65.26585	2.681621	1.706515	0.08085206
54264	-997.1751	-1063.403	66.22777	2.725097	0.6690216	0.08621449
54270	-992.8413	-1058.585	65.74364	2.696153	1.137969	0.08621449
54276	-991.2264	-1057.151	65.92438	2.696153	1.058676	0.09827826
54282	-991.5018	-1057.517	66.01515	2.696153	0.8764048	0.08730911
54288	-987.8564	-1053.831	65.97508	2.696153	0.9132832	0.08730911
54294	-988.4082	-1054.29	65.88212	2.696153	1.05575	0.09295171
54300	-996.6638	-1062.025	65.36124	2.991342	1.099538	0.0745076
54306	-990.8383	-1056.747	65.90891	2.991342	0.6184687	0.0745076
54312	-995.5787	-1060.627	65.04851	2.991342	1.179295	0.05651381
54318	-992.9411	-1058.356	65.41447	2.991342	0.8940882	0.06239629
54324	-997.2881	-1062.679	65.39113	2.841543	1.164317	0.06939181
54330	-997.9014	-1063.964	66.06219	2.819102	0.7963858	0.09612325
54336	-1003.287	-1069.514	66.22664	2.703323	0.7563399	0.09616445
54342	-997.8963	-1065.086	67.18971	0.6659424	1.263938	1.85884
54348	-991.7107	-1058.943	67.23276	0.8033333	1.176082	1.786607
54354	-991.7928	-1058.857	67.06454	0.4481873	1.039583	2.220157
54360	-1001.739	-1067.788	66.04867	0.5651465	1.04264	2.78069
54366	-997.04	-1064.103	67.06265	0.6256221	1.210234	2.002653
54372	-987.2333	-1054.576	67.34294	0.714356	0.9499916	1.92032
54378	-991.2999	-1058.643	67.34294	0.714356	0.9499916	1.92032
54384	-992.9148	-1059.775	66.86042	0.4096001	0.8823221	2.477462
54390	-992.6187	-1059.592	66.97286	0.2613797	1.156257	2.328902
54396	-987.3476	-1053.761	66.4132	0.3827283	0.9382232	2.733738
54402	-991.2484	-1057.896	66.64758	0.3827283	0.9867388	2.558443
54408	-999.1287	-1065.936	66.80718	0.3230714	0.9867388	2.496146
54414	-997.038	-1064.54	67.5016	0.7281581	0.7310945	1.972478
54420	-1000.791	-1068.268	67.47697	0.9463102	0.8363585	1.753855
54426	-1001.175	-1068.469	67.29395	0.6805289	0.9333134	1.987695
54432	-993.1266	-1060.573	67.44602	0.6920064	1.071208	1.782561
54438	-1000.335	-1067.228	66.89257	0.6920064	1.440646	1.947289
54444	-993.526	-1059.322	65.79597	2.567861	1.525878	0.1160624
54450	-994.0163	-1060.513	66.49657	2.567861	0.8219284	0.1263611
54456	-988.57	-1054.842	66.27202	2.585494	0.9259328	0.1120125
54462	-989.0781	-1055.251	66.17239	2.67185	0.8037548	0.09282029
54468	-993.3266	-1059.341	66.01428	2.67185	1.127036	0.1158794
54474	-997.8155	-1065.15	67.33486	0.6821514	1.10777	1.842448
54480	-1004.729	-1071.356	66.62637	2.379044	1.123639	0.1811348
54486	-998.9229	-1065.922	66.99914	2.379044	0.7686247	0.1811348
54492	-991.5022	-1058.497	66.99454	2.379044	0.7686247	0.1798348
54498	-1001.55	-1068.096	66.54554	2.325579	1.213871	0.1667282
54504	-999.9388	-1066.75	66.81071	0.5008672	0.8899917	2.446123
54510	-998.4551	-1065.035	66.58006	0.3225808	0.939125	2.667673
54516	-995.1148	-1062.281	67.16583	0.5601762	0.7527773	2.284188
54522	-1000.432	-1067.064	66.63213	2.246323	1.379027	0.2096097
54528	-994.1351	-1061.236	67.10048	2.246323	0.9213532	0.2304001
54534	-1000.448	-1067.92	67.47216	2.246323	0.5956153	0.2174871
54540	-997.6119	-1065.107	67.49476	1.035817	0.9142848	1.61633
54546	-992.9931	-1059.535	66.54198	0.7913694	0.8392017	2.467994
54552	-989.7683	-1056.617	66.8491	0.4719803	0.7899913	2.511536
54558	-992.7215	-1059.53	66.80853	0.6331663	0.8257817	2.409525
54564	-1004.657	-1071.582	66.92476	0.6495761	0.7164983	2.409525
54570	-996.6367	-1063.786	67.14977	0.6122666	0.7026498	2.30171
54576	-996.9536	-1064.089	67.13516	0.667404	0.9473265	2.091852
54582	-997.3448	-1064.136	66.79114	0.7688532	0.764619	2.380603
54588	-1000.289	-1067.236	66.9474	0.5572438	1.027578	2.232917
54594	-1000.288	-1066.603	66.31527	0.4596162	1.026573	2.691729
54600	-999.9874	-1067.167	67.17917	0.3689799	0.8925927	2.294402
54606	-998.6537	-1065.748	67.09447	0.6588917	1.311827	1.901581
54612	-1003.064	-1070.483	67.41888	0.4671579	1.225595	1.860282
54618	-998.7968	-1065.426	66.62919	0.3737655	1.627936	2.240642
54624	-1000.621	-1068.305	67.68462	0.5968814	1.061692	1.688142
54630	-993.0874	-1060.84	67.75286	0.5914012	0.997557	1.688142
54636	-995.1579	-1061.886	66.72799	0.7133424	1.29627	2.117808
54642	-1004.36	-1071.859	67.49942	0.4982678	1.118171	1.849117
54648	-1002.591	-1070.252	67.6605	0.8389228	0.6581833	1.854546
54654	-1001.027	-1068.98	67.95299	1.343692	1.04406	0.8401015
54660	-998.5584	-1066.52	67.96208	0.804695	0.973942	1.392584
54666	-999.1181	-1067.066	67.94818	0.9113765	0.8078262	1.460808
54672	-997.2805	-1064.928	67.64709	0.855515	0.8837057	1.660288
54678	-999.697	-1067.017	67.3201	0.7960672	1.01091	1.83808
54684	-995.8046	-1063.584	67.77925	0.8376241	0.9756824	1.505696
54690	-1001.482	-1069.853	68.37065	1.224831	0.6854248	0.9579599
54696	-995.2843	-1063.658	68.37413	1.210006	0.6940531	0.9579599
54702	-1002.333	-1070.448	68.1149	1.148492	0.8137656	1.124675
54708	-998.8545	-1067.149	68.29476	1.248063	0.7321255	0.9500106
54714	-1000.717	-1068.247	67.52971	0.8101125	1.339282	1.46781
54720	-1002.456	-1070.268	67.81245	1.037316	0.8342029	1.44499
54726	-999.7389	-1066.904	67.16473	0.8746722	1.183491	1.779768
54732	-1000.445	-1068.003	67.55778	1.887325	0.9668002	0.3168888
54738	-1004.088	-1072.211	68.12268	1.887325	0.559393	0.3872434
54744	-1003.622	-1072.014	68.39196	1.536411	0.6341422	0.536171
54750	-997.2966	-1064.777	67.48062	1.707359	1.308386	0.3783052
54756	-1001.95	-1069.572	67.62165	1.919568	0.9065394	0.3495977
54762	-1000.885	-1068.364	67.47891	1.919568	0.9644368	0.2805932
54768	-1000.173	-1067.756	67.58305	1.919568	0.9583022	0.3700527
54774	-1002.116	-1069.473	67.35718	1.85029	1.211406	0.3104613
54780	-1005.069	-1072.11	67.0408	0.6946975	0.9191011	2.155153
54786	-998.457	-1065.266	66.80932	0.4461682	0.8277676	2.524862
54792	-996.8386	-1064.013	67.17396	0.6661439	0.9610309	2.057767
54798	-998.2072	-1065.781	67.57342	0.8766139	0.7930135	1.77042
54804	-997.7594	-1065.584	67.82456	0.9681131	0.7622452	1.551717
54810	-991.1883	-1058.821	67.6323	0.9253263	0.9136747	1.597168
54816	-985.0457	-1052.85	67.80445	0.9253263	0.7039966	1.650756
54822	-988.0803	-1055.728	67.64793	0.8609597	0.6225615	1.881832
54828	-993.2475	-1060.362	67.11445	0.7971601	1.1603	1.881832
54834	-990.9172	-1058.045	67.1281	0.6322221	0.6862831	2.31647
54840	-989.4024	-1056.834	67.43168	0.8614646	0.9904282	1.729333
54846	-989.431	-1057.1	67.66949	1.084713	1.491064	1.02062
54852	-1001.654	-1068.761	67.10741	0.5181593	0.9997106	2.172542
54858	-1000.227	-1067.147	66.9198	0.4848873	0.8906162	2.386988
54864	-992.2389	-1060.165	67.92641	1.017382	0.9290025	1.288599
54870	-996.6989	-1064.314	67.61507	0.9864057	1.159594	1.383341
54876	-998.8374	-1066.332	67.49429	0.9737329	0.8778931	1.689494
54882	-999.5894	-1067.516	67.92638	1.248481	0.8798925	1.136918
54888	-997.4515	-1065.773	68.32138	1.279434	0.7162303	0.9090847
54894	-992.3181	-1059.614	67.29629	0.8530089	1.211355	1.685428
54900	-997.1499	-1064.517	67.36726	0.7204064	1.211355	1.72901
54906	-995.7208	-1062.941	67.22012	0.6714149	1.386212	1.76582
54912	-990.6543	-1057.411	66.75708	0.6349118	1.179171	2.214691
54918	-994.5957	-1061.204	66.60813	0.3035726	1.040085	2.599247
54924	-1004.862	-1072.659	67.79704	1.930542	0.7353677	0.3361835
54930	-999.3409	-1065.679	66.33831	0.2605051	1.257646	2.671185
54936	-991.0975	-1057.558	66.46065	0.5097636	1.389287	2.372942
54942	-993.1599	-1060.256	67.09632	0.6669611	0.9823256	2.094035
54948	-992.7879	-1059.962	67.17426	0.9219725	0.7184808	2.071804
54954	-1003.239	-1070.803	67.56447	1.91544	1.001076	0.4058203
54960	-1005.242	-1073.066	67.82391	0.9185111	0.7937788	1.560752
54966	-1000.292	-1067.894	67.60196	1.005492	0.8652732	1.599359
54972	-1001.317	-1069.291	67.97446	1.073272	0.7779977	1.342046
54978	-1001.834	-1068.6	66.76606	0.5391259	0.7779977	2.530408
54984	-1012.75	-1080.352	67.60254	2.153759	0.6539699	0.2754047
54990	-1000.991	-1067.634	66.64288	0.7076327	0.8878205	2.423114
54996	-1002.298	-1069.627	67.32859	0.4227254	0.8878205	2.166817
55002	-995.31	-1062.672	67.36176	0.5252442	0.803509	2.140691
55008	-992.4114	-1059.462	67.05049	0.668535	0.803509	2.249461
55014	-988.3523	-1055.648	67.29558	0.6321066	1.213038	1.83915
55020	-994.3463	-1061.788	67.44209	0.5928067	0.7659861	2.073185
55026	-1000.151	-1067.559	67.40787	0.7331038	1.258579	1.662663
55032	-1001.36	-1068.592	67.23265	0.501942	0.9567468	2.129982
55038	-1000.391	-1067.833	67.44289	0.7091011	0.9567468	1.851121
55044	-997.5559	-1064.839	67.2827	0.8632453	0.9293236	1.874836
55050	-1007.08	-1074.53	67.44983	1.734248	1.343908	0.4302463
55056	-1000.338	-1068.254	67.9159	1.633013	0.9490615	0.4547814
55062	-1005.393	-1073.075	67.68249	1.74133	1.079459	0.4876489
55068	-1001.672	-1069.898	68.22565	1.74133	0.6018041	0.5738155
55074	-1000.095	-1068.221	68.12609	1.74133	0.6667012	0.4092774
55080	-999.2586	-1066.988	67.7291	0.7106774	0.6468772	1.905718
55086	-1009.36	-1076.789	67.42868	0.8325995	1.474421	1.448204
55092	-1002.065	-1068.878	66.8131	0.7150424	1.476573	1.967089
55098	-1000.485	-1067.792	67.30688	0.6755314	0.9070599	2.00104
55104	-1004.712	-1072.129	67.41718	0.9100265	0.9070599	1.766238
55110	-996.4543	-1063.09	66.63584	0.5554557	1.108186	2.383946
55116	-995.9458	-1062.246	66.30057	0.6222278	1.108186	2.552316
55122	-992.1389	-1058.728	66.58908	0.5082537	1.314824	2.329963
55128	-999.8007	-1066.315	66.514	0.3854512	1.320498	2.452156
55134	-997.8027	-1065.201	67.39786	2.097039	0.8147475	0.2437071
55140	-994.1985	-1061.795	67.59603	0.7183066	1.160358	1.599013
55146	-999.2875	-1066.52	67.23272	0.2643165	1.117211	2.182845
55152	-990.9609	-1058.079	67.11817	0.665477	0.9673125	2.090713
55158	-993.8557	-1060.908	67.05268	0.5438322	1.101293	2.127668
55164	-993.6643	-1060.731	67.06706	0.6400166	0.8839561	2.198251
55170	-995.3601	-1062.146	66.78582	0.3193883	1.364525	2.299546
55176	-1000.188	-1066.769	66.58115	0.6334768	1.081338	2.38505
55182	-989.6197	-1056.783	67.16317	0.7535785	0.7373034	2.173632
55188	-990.6252	-1058.239	67.61339	0.8476019	1.256022	1.427465
55194	-1001.284	-1069.03	67.74595	0.8019104	1.35223	1.296613
55200	-995.7558	-1063.056	67.30035	0.6407938	1.194227	1.841134
55206	-995.4505	-1063.146	67.69569	0.4960225	1.097803	1.727523
55212	-997.0487	-1064.289	67.24049	0.8983234	1.352548	1.608916
55218	-1003.95	-1071.963	68.01339	0.9449255	0.6844708	1.502073
55224	-998.3416	-1066.442	68.10069	0.8519354	0.6844708	1.506332
55230	-1000.875	-1067.525	66.65021	0.3881863	0.9969495	2.547025
55236	-998.5598	-1065.518	66.95799	0.2001484	1.422232	2.236827
55242	-1001.428	-1068.529	67.1009	0.1456657	1.422232	2.179671
55248	-997.3623	-1064.792	67.42992	0.4089071	1.044037	2.003639
55254	-996.6491	-1063.888	67.23916	0.738832	1.167497	1.832017
55260	-996.5402	-1064.319	67.77883	0.609923	0.8311505	1.782083
55266	-991.3388	-1058.676	67.33771	0.6254136	1.268568	1.782083
55272	-992.6379	-1059.101	66.46272	0.2654513	0.9942803	2.739994
55278	-1000.85	-1067.172	66.32245	0.4890734	1.257954	2.539403
55284	-994.5936	-1061.921	67.32742	0.382379	0.9474705	2.152432
55290	-995.1334	-1062.374	67.24064	0.5295549	1.077507	2.027986
55296	-993.3401	-1060.568	67.22741	0.8134105	1.246357	1.740875
55302	-1002.637	-1070.134	67.49666	0.8298918	1.195839	1.567176
55308	-1010.092	-1078.085	67.99226	0.9429439	1.088254	1.161948
55314	-1014.487	-1081.526	67.03907	1.036467	1.65206	1.493149
55320	-1000.235	-1068.348	68.11337	1.269021	0.8346372	0.9886915
55326	-1001.616	-1069.525	67.90841	1.307342	0.8144206	1.166272
55332	-1002.459	-1070.37	67.91075	0.9319434	1.024727	1.291564
55338	-999.8326	-1067.599	67.76627	1.210191	1.304175	0.9418691
55344	-996.6266	-1064.731	68.1041	1.210191	0.846394	1.042591
55350	-992.3169	-1060.172	67.85541	1.084666	1.043871	1.194459
55356	-995.8982	-1063.503	67.60483	0.997767	1.215177	1.34391
55362	-1000.397	-1068.024	67.62691	0.9637184	1.010353	1.499243
55368	-998.754	-1066.186	67.43165	0.9224644	1.151696	1.57565
55374	-1011.08	-1078.986	67.90623	1.438176	1.046792	0.7738453
55380	-1001.228	-1069.031	67.80238	1.08139	0.9745247	1.299014
55386	-1004.347	-1071.755	67.40841	1.127825	1.735141	1.067038
55392	-1005.313	-1072.916	67.60326	1.412632	1.51188	0.6765916
55398	-1000.48	-1068.819	68.33909	1.397726	0.4819275	1.114882
55404	-999.6365	-1067.478	67.84161	1.028951	0.9561467	1.324932
55410	-1015.674	-1082.4	66.72641	2.047634	1.462565	0.1958318
55416	-1003.463	-1070.216	66.75285	2.146363	1.376535	0.2165911
55422	-999.3281	-1066.453	67.12464	2.095758	1.037735	0.2269778
55428	-994.7941	-1062.404	67.60997	2.080568	0.6675451	0.2493148
55434	-994.2084	-1061.744	67.53592	1.932553	0.878656	0.2677101
55440	-997.7093	-1065.386	67.67667	1.932553	0.878656	0.4079324
55446	-995.8552	-1063.343	67.48761	1.932553	1.019409	0.3440827
55452	-1000.076	-1067.038	66.96167	2.079762	1.282709	0.2450881
55458	-1001.375	-1068.628	67.25361	1.983522	1.090529	0.2585676
55464	-1006.556	-1073.638	67.08197	1.983522	1.248316	0.2428387
55470	-987.7904	-1055.397	67.60689	1.091639	0.8093733	1.579465
55476	-989.7676	-1056.563	66.7952	0.5688809	1.300605	2.165874
55482	-996.6273	-1063.302	66.67501	0.5204674	0.7978695	2.583858
55488	-997.3219	-1064.121	66.79903	0.592104	0.6845301	2.550306
55494	-1000.059	-1067.44	67.38098	0.7221777	0.6845301	2.096271
55500	-996.9116	-1063.431	66.51967	0.5474552	1.327361	2.342719
55506	-992.1147	-1058.882	66.76758	0.2562629	0.8573741	2.6476
55512	-992.4889	-1059.501	67.01187	0.2330281	0.9757831	2.431199
55518	-991.0543	-1057.974	66.92015	0.4906062	0.9757831	2.326194
55524	-1001.367	-1069.705	68.33837	1.374906	0.642532	0.8928926
55530	-999.059	-1066.516	67.45731	0.3769617	1.174169	1.925905
55536	-1008.733	-1076.047	67.31403	0.6721052	1.004301	1.93105
55542	-997.807	-1065.553	67.74607	1.679424	1.064538	0.5843316
55548	-1006.159	-1073.97	67.81047	1.600663	1.090593	0.4652877
55554	-1001.433	-1069.553	68.12005	0.9797245	0.7801111	1.298109
55560	-1003.594	-1071.29	67.69584	1.00833	0.9788026	1.43717
55566	-1007.375	-1075.136	67.76064	1.08145	1.260537	1.108638
55572	-1010.95	-1077.216	66.26558	2.461967	1.228725	0.1381645
55578	-1005.192	-1071.861	66.66916	2.524845	0.7553723	0.135243
55584	-997.0522	-1065.054	68.00221	1.718447	0.7978319	0.4913318
55590	-1006.387	-1073.889	67.50197	1.718447	1.301658	0.5683685
55596	-1007.078	-1074.148	67.07007	1.725278	1.907749	0.5654961
55602	-1000.248	-1067.414	67.16571	2.140292	0.9874471	0.242816
55608	-1002.117	-1069.006	66.88933	2.140292	1.316504	0.2529715
55614	-999.966	-1067.286	67.32033	0.8902169	1.070891	1.732084
55620	-1003.16	-1070.139	66.97821	2.071952	1.252605	0.2374301
55626	-995.1512	-1062.538	67.38634	2.050923	0.8899492	0.2573066
55632	-1002.032	-1068.81	66.77803	2.050923	1.56049	0.2453546
55638	-1002.599	-1069.377	66.77797	2.050923	1.639719	0.2753078
55644	-998.8857	-1065.588	66.70277	0.4979559	0.9801017	2.456207
55650	-1005.084	-1072.254	67.16949	0.522294	0.969562	2.149315
55656	-1002.987	-1070.736	67.74976	0.8445949	0.7992334	1.663405
55662	-999.1472	-1067.129	67.98199	0.9019552	0.719031	1.524084
55668	-993.5747	-1060.977	67.40242	0.8346994	1.073643	1.711522
55674	-1000.743	-1068.076	67.33367	0.8346994	1.31335	1.610339
55680	-1002.383	-1070.016	67.63316	1.114816	0.9867988	1.397071
55686	-1004.29	-1071.681	67.39083	1.114816	1.441167	1.274692
55692	-1004.85	-1073.195	68.34524	1.41372	0.3415965	1.322453
55698	-999.4069	-1067.352	67.94536	1.331739	1.014393	0.8974065
55704	-1001.063	-1069.146	68.08296	1.391491	0.5772003	1.212085
55710	-1004.258	-1071.512	67.25461	0.9988352	0.7526492	1.9385
55716	-999.2373	-1066.564	67.32637	0.7764035	0.7526492	2.039144
55722	-999.2578	-1066.9	67.64255	1.099309	1.187557	1.250134
55728	-996.1856	-1064.426	68.23999	1.205003	0.6267908	1.175529
55734	-1021.553	-1088.455	66.90193	0.3176365	1.253482	2.28434
55740	-1020.327	-1087.889	67.56171	0.719486	0.6791751	1.983033
55746	-1013.425	-1081.24	67.81487	0.6778441	0.790575	1.742619
55752	-1004.119	-1071.027	66.90827	0.3933774	1.077872	2.331906
55758	-1003.577	-1071.341	67.76345	0.7959135	0.8050814	1.683439
55764	-1008.023	-1075.63	67.60728	0.9784573	1.163634	1.392822
55770	-1009.977	-1077.673	67.69575	0.9235557	0.7519564	1.686312
55776	-1008.044	-1075.395	67.35148	0.8832708	1.158176	1.657847
55782	-1004.905	-1072.225	67.3199	0.6607574	0.7530783	2.119191
55788	-1006.034	-1073.264	67.22986	0.7463139	1.216378	1.803743
55794	-1009.484	-1077.751	68.26672	1.087876	0.7503236	1.111066
55800	-1007.829	-1074.476	66.64684	2.040438	1.994155	0.3414819
55806	-1004.519	-1072.053	67.53357	2.03684	0.8617823	0.3286621
55812	-1011.504	-1079.281	67.77664	1.188615	0.8979268	1.298211
55818	-1010.178	-1077.842	67.66459	0.8483586	0.766959	1.74836
55824	-1000.693	-1068.475	67.78157	1.905985	0.7649309	0.3327067
55830	-1005.591	-1073.067	67.47604	0.5546465	1.052211	1.868978
55836	-992.6506	-1059.561	66.91029	0.5308178	0.9681637	2.311806
55842	-994.2309	-1060.985	66.75379	0.3524259	1.339114	2.311806
55848	-993.5971	-1060.045	66.44743	0.4004519	1.25273	2.519489
55854	-998.8051	-1064.901	66.09574	0.25326	0.9846294	2.975705
55860	-997.0239	-1063.615	66.59099	0.3676855	1.044059	2.567738
55866	-990.466	-1057.681	67.21539	0.5907922	1.093527	1.994018
55872	-991.7693	-1058.696	66.92671	0.5317212	1.259704	2.126482
55878	-989.4716	-1056.522	67.05059	0.3813753	1.041126	2.271143
55884	-988.4511	-1055.254	66.80307	0.5712397	0.9655818	2.355998
55890	-992.2039	-1059.361	67.15722	0.3870503	1.143135	2.136732
55896	-993.4196	-1060.851	67.43107	0.8242766	1.232744	1.595932
55902	-1000.814	-1068.269	67.4545	0.7428137	0.9831229	1.801334
55908	-993.8467	-1060.664	66.81731	0.8469554	1.16943	2.042367
55914	-993.5378	-1060.491	66.95334	0.2849769	0.8982082	2.486466
55920	-1002.582	-1069.501	66.91837	0.6435469	1.438773	1.963468
55926	-998.9949	-1066.195	67.20033	0.6828941	0.761318	2.176095
55932	-999.8667	-1067.655	67.78835	0.9877603	1.303962	1.135699
55938	-999.5445	-1067.629	68.08424	1.176604	0.8601086	1.078549
55944	-1009.813	-1076.066	66.25232	0.9673913	1.357532	2.229622
55950	-1005.784	-1072.6	66.81651	0.6943505	0.9258729	2.295394
55956	-1003.125	-1070.862	67.73646	0.7168284	1.160458	1.496296
55962	-1004.524	-1072.064	67.53973	0.6978466	0.7853884	1.922366
55968	-1003.65	-1070.668	67.01823	0.7964353	1.299909	1.866483
55974	-999.533	-1067.172	67.63884	0.9549418	0.9899199	1.512176
55980	-1000.071	-1068.088	68.01682	0.7972602	0.7393732	1.556784
55986	-1007.355	-1074.778	67.42277	0.802751	1.366939	1.536999
55992	-1006.262	-1074.12	67.8574	0.8956484	1.036603	1.354296
55998	-992.6898	-1060.446	67.75614	1.142393	0.9828346	1.280059
56004	-996.1857	-1064.275	68.08907	1.174415	0.6301428	1.323027
56010	-997.4648	-1065.347	67.88199	1.029678	0.8801689	1.356751
56016	-996.5064	-1064.249	67.74225	1.100903	0.7680419	1.508974
56022	-998.821	-1066.712	67.89128	0.7980675	0.8587729	1.544631
56028	-997.0244	-1064.397	67.3727	0.8464314	1.069643	1.726886
56034	-986.572	-1054.046	67.47434	0.7429057	1.069643	1.728207
56040	-996.438	-1063.992	67.55447	0.7275808	1.028799	1.710294
56046	-998.295	-1066.143	67.84838	0.8816138	0.7028219	1.65169
56052	-1000.329	-1067.602	67.27351	0.6609782	1.544612	1.65169
56058	-1000.153	-1067.741	67.58733	0.5911557	1.232378	1.65169
56064	-999.1786	-1066.682	67.50295	0.8937594	0.9018955	1.721415
56070	-1003.063	-1070.136	67.07338	0.3891447	0.7402461	2.460988
56076	-1002.478	-1069.126	66.64797	0.3788212	1.115361	2.483297
56082	-998.2667	-1064.897	66.62979	0.6665446	1.010094	2.376951
56088	-996.8884	-1064.36	67.47118	0.8644997	0.9765495	1.709255
56094	-989.6665	-1056.906	67.23918	0.9094429	0.9641226	1.848223
56100	-986.9279	-1054.875	67.94729	0.9274823	0.8694234	1.395054
56106	-987.6072	-1055.718	68.11114	0.9279907	0.7303936	1.395054
56112	-986.494	-1054.124	67.63039	0.8083916	0.9166101	1.680436
56118	-989.1958	-1056.627	67.43097	0.727703	0.9429502	1.856361
56124	-1000.372	-1067.535	67.1626	0.5286825	0.7220861	2.330898
56130	-999.8543	-1067.222	67.36728	0.8001534	0.8655567	1.907236
56136	-996.3537	-1064.351	67.99733	0.804291	0.6437007	1.657084
56142	-1002.993	-1071.129	68.13646	1.433519	0.589109	1.112723
56148	-1000.761	-1069.222	68.46045	1.322179	0.4795867	1.076393
56154	-998.855	-1066.573	67.71756	1.064812	1.234825	1.180975
56160	-999.0886	-1066.923	67.83483	0.9648076	0.9425868	1.392208
56166	-995.9532	-1063.986	68.03319	0.846713	0.649294	1.594996
56172	-1004.487	-1071.122	66.63508	0.7621958	0.7002278	2.533673
56178	-995.966	-1063.018	67.05214	0.5832009	0.9880197	2.173825
56184	-996.6074	-1063.644	67.03693	0.5981665	0.8911706	2.239617
56190	-998.2857	-1064.961	66.67575	0.4199191	1.056159	2.475021
56196	-999.618	-1066.806	67.18768	0.628656	1.028163	2.028874
56202	-999.1058	-1066.967	67.86103	1.416788	1.129034	0.7585503
56208	-997.7631	-1065.866	68.10319	1.285806	0.9006195	0.9038331
56214	-998.0858	-1064.804	66.71821	0.3211492	0.9669937	2.565306
56220	-1005.963	-1074.194	68.23149	1.592025	0.7005494	0.600565
56226	-1011.719	-1079.717	67.99873	1.592025	0.8551944	0.7007135
56232	-1016.18	-1083.388	67.20803	1.592025	1.906707	0.5450397
56238	-1013.679	-1081.393	67.71395	1.672299	1.080049	0.6493207
56244	-1007.831	-1075.44	67.60908	1.803033	1.066296	0.3973252
56250	-1013.393	-1080.394	67.00108	0.1101686	1.163896	2.402552
56256	-1007.662	-1073.705	66.04338	0.1153259	1.132391	3.004865
56262	-1006.364	-1073.554	67.19049	0.1597288	0.8848556	2.425341
56268	-1009.264	-1075.547	66.28264	0.1874164	0.9697887	2.911887
56274	-1011.015	-1077.917	66.90205	0.4094461	1.119201	2.301077
56280	-1004.153	-1070.644	66.49126	0.4296388	1.518845	2.342504
56286	-1001.617	-1067.848	66.23159	0.2528278	1.216677	2.762659
56292	-1000.868	-1067.952	67.08423	0.4846024	0.9985506	2.210052
56298	-994.5943	-1062.639	68.0446	1.080049	0.9576651	1.107453
56304	-994.8674	-1062.921	68.05319	1.243413	0.586798	1.346441
56310	-994.2941	-1061.784	67.49009	0.9006689	1.057167	1.612879
56316	-996.824	-1064.884	68.0602	0.9163459	0.8389447	1.341874
56322	-1000.775	-1068.65	67.8758	0.7193478	0.869927	1.604538
56328	-997.7439	-1064.964	67.2203	0.6557852	1.409206	1.764162
56334	-992.6906	-1060.594	67.90332	0.9760756	1.19671	1.124323
56340	-1002.578	-1070.099	67.52136	1.09637	0.9961244	1.489545
56346	-1010.337	-1077.956	67.61867	0.8484406	1.155048	1.489545
56352	-999.5688	-1067.089	67.51982	0.8294804	1.016943	1.670823
56358	-997.2395	-1064.418	67.17891	0.8294804	0.9255834	1.970467
56364	-995.609	-1062.597	66.98782	0.8925891	1.177779	1.892491
56370	-994.2455	-1061.673	67.42766	0.9351195	0.7197039	1.892491
56376	-998.6641	-1066.023	67.3588	0.699168	1.31406	1.689134
56382	-1007.159	-1074.502	67.34325	0.6371748	0.7074387	2.156933
56388	-1003.498	-1071.136	67.63839	0.7517913	0.8794579	1.743198
56394	-1007.186	-1074.246	67.06063	0.5719028	1.412927	1.929228
56400	-1003.009	-1070.049	67.03984	0.8995263	1.301343	1.779758
56406	-1009.774	-1076.996	67.22113	0.4292372	0.7942079	2.300501
56412	-997.3746	-1064.661	67.28649	0.5014131	1.117024	1.991674
56418	-1010.057	-1077.409	67.35224	0.6539936	0.9585469	1.948777
56424	-1021.016	-1088.766	67.74934	0.8876799	0.9589261	1.503475
56430	-1012.194	-1079.901	67.70765	1.125958	0.9589261	1.35213
56436	-1015.839	-1083.033	67.19417	0.8159301	1.314117	1.722963
56442	-1002.056	-1068.993	66.93681	0.8064372	1.354752	1.885003
56448	-1002.033	-1068.996	66.96222	0.6966753	1.330589	1.955097
56454	-1009.242	-1075.663	66.4209	0.627542	1.009292	2.533106
56460	-998.8361	-1065.724	66.88761	0.684952	0.9357935	2.249134
56466	-1005.281	-1071.184	65.90347	0.5256335	0.7252486	3.103049
56472	-994.4187	-1061.936	67.51711	0.9341049	0.73545	1.818322
56478	-993.7099	-1061.086	67.37618	0.7295551	0.8297908	1.976026
56484	-996.3665	-1064.18	67.81302	1.156368	0.7930407	1.389643
56490	-993.827	-1061.022	67.19468	0.6422979	1.153366	1.936596
56496	-994.1257	-1061.878	67.75213	0.8005817	0.8162102	1.678921
56502	-1000.203	-1067.867	67.66351	1.051568	1.333254	1.168629
56508	-1000.63	-1067.934	67.30321	0.7929762	1.079259	1.806274
56514	-1004.053	-1072.204	68.15151	1.036281	0.922481	1.083266
56520	-992.7268	-1060.848	68.12136	1.113185	0.922481	1.039056
56526	-995.2105	-1063.33	68.11939	1.231748	0.9242571	0.9177432
56532	-997.6785	-1065.943	68.26399	1.4211	0.6449955	0.9205198
56538	-1000.233	-1068.158	67.92471	1.237663	1.271043	0.7460626
56544	-1000.504	-1068.763	68.25949	1.260813	0.8936077	0.7460626
56550	-999.3731	-1066.728	67.35505	0.815539	1.307045	1.612457
56556	-992.7037	-1060.615	67.91088	0.927229	0.9460009	1.359189
56562	-985.8874	-1052.839	66.95201	0.2985629	1.123671	2.337293
56568	-992.7091	-1059.202	66.49283	0.2694072	1.123671	2.642908
56574	-992.9667	-1059.931	66.96468	0.1790527	1.123671	2.404992
56580	-988.5205	-1055.073	66.55201	0.1194686	1.070889	2.728912
56586	-994.4728	-1060.986	66.51276	0.07656264	1.373734	2.618877
56592	-986.1575	-1053.047	66.88931	0.05476929	0.9756053	2.618877
56598	-987.7549	-1054.333	66.57833	0.05848192	1.414693	2.569759
56604	-990.1137	-1056.968	66.854	0.1391091	1.451161	2.328428
56610	-994.0817	-1060.518	66.4362	0.4197752	0.9417679	2.694657
56616	-999.9375	-1066.267	66.32937	0.526606	0.9417679	2.694657
56622	-1007.221	-1073.57	66.34917	0.5998732	1.454423	2.354884
56628	-1005.487	-1072.197	66.71008	0.2904104	1.387238	2.354884
56634	-1003.175	-1070.655	67.47948	0.7701118	1.23357	1.599606
56640	-1001.79	-1069.055	67.26526	0.7701118	0.8386001	2.016243
56646	-1003.695	-1071.253	67.55806	0.6591529	0.578028	2.119509
56652	-1005.024	-1072.224	67.19984	0.5620604	0.765231	2.25137
56658	-999.5335	-1066.296	66.7627	0.6087597	1.156281	2.241058
56664	-995.8916	-1062.778	66.88596	0.6124991	0.9710643	2.273234
56670	-996.5911	-1063.073	66.48218	0.3830527	1.094379	2.596006
56676	-995.7029	-1062.164	66.46073	0.4137735	1.09654	2.589011
56682	-997.2478	-1063.808	66.56011	0.6760701	1.304706	2.246398
56688	-1005.514	-1072.186	66.6713	0.304268	1.426689	2.351382
56694	-1004.991	-1071.762	66.7716	0.4049976	1.193273	2.344715
56700	-1003.157	-1068.764	65.60779	0.5846298	1.193273	2.951957
56706	-1005.572	-1071.95	66.37819	0.6098186	1.373354	2.369695
56712	-998.818	-1065.741	66.92274	0.45454	0.9418695	2.369695
56718	-992.2828	-1059.076	66.79293	0.5152141	1.251284	2.228633
56724	-995.5381	-1062.715	67.17673	0.3555585	0.6592118	2.483407
56730	-988.5813	-1055.589	67.00776	0.524528	0.6592118	2.483407
56736	-989.0164	-1056.149	67.13293	0.6201486	1.161041	1.988278
56742	-1004.279	-1071.424	67.14494	0.4616802	1.427311	1.939272
56748	-1005.168	-1072.463	67.29547	0.645942	1.096375	1.901254
56754	-991.6125	-1058.382	66.76926	0.5357112	0.962789	2.401709
56760	-995.0768	-1062.156	67.07903	0.6496957	1.325381	1.910833
56766	-992.1582	-1059.281	67.12322	0.6424372	0.9991365	2.081343
56772	-994.5215	-1061.804	67.28229	0.4226109	0.9991365	2.121208
56778	-997.9048	-1065.157	67.25185	0.7462697	1.174544	1.813839
56784	-995.8128	-1063.284	67.47123	0.8005545	1.04482	1.70653
56790	-995.6808	-1063.686	68.00503	0.7051502	0.798062	1.580675
56796	-986.5948	-1053.675	67.08047	0.5574001	1.066859	2.121817
56802	-993.1282	-1059.874	66.74575	0.3024359	0.9937754	2.542916
56808	-995.681	-1062.231	66.54974	0.5310459	1.186148	2.409345
56814	-994.2801	-1060.8	66.5199	0.5480075	1.186148	2.417464
56820	-1005.926	-1073.625	67.69893	0.9697692	1.095985	1.376194
56826	-1003.66	-1071.672	68.01233	0.9942133	0.8945168	1.267407
56832	-988.9444	-1056.128	67.18309	0.8128483	0.9543529	1.958606
56838	-990.6946	-1056.922	66.22739	0.5884437	1.169691	2.584101
56844	-987.4914	-1054.624	67.13237	0.4170745	1.169691	2.117797
56850	-999.3732	-1065.895	66.52161	0.5074854	1.104483	2.488154
56856	-1004.996	-1071.588	66.59214	0.414601	1.128771	2.488154
56862	-997.8065	-1064.404	66.59721	0.4279991	1.022847	2.539234
56868	-996.1791	-1062.784	66.60517	0.5185952	0.8874533	2.565176
56874	-996.7046	-1063.491	66.78677	0.3369948	0.8874533	2.565176
56880	-1005.862	-1073.151	67.28921	0.4666672	0.8074963	2.222709
56886	-1008.685	-1075.639	66.95404	0.4979528	1.468341	2.021992
56892	-1005.307	-1072.346	67.03943	0.5957971	1.308404	1.983012
56898	-996.1632	-1063.43	67.26692	0.7417738	1.112108	1.845405
56904	-992.1987	-1059.468	67.26972	0.7417738	1.008931	1.910797
56910	-1006.14	-1073.724	67.58418	1.238629	1.263734	1.123671
56916	-1009.054	-1077.164	68.1095	1.252803	0.8401527	1.002549
56922	-1005.589	-1073.247	67.65803	0.9451165	0.5984764	1.84104
56928	-1007.998	-1075.406	67.40765	0.7067648	0.7185565	2.059746
56934	-1010.601	-1077.952	67.35114	0.09596047	1.189201	2.173285
56940	-1006.267	-1073.336	67.06973	0.3978252	1.037913	2.250295
56946	-999.6565	-1066.749	67.09294	0.496231	0.7889219	2.343502
56952	-991.1418	-1058.392	67.25007	0.6099823	0.7638153	2.18914
56958	-989.6485	-1057.508	67.85935	0.8102988	0.9476408	1.487752
56964	-997.8739	-1065.283	67.40861	0.6085918	1.07739	1.861783
56970	-1007.677	-1075.298	67.62132	0.5847209	1.096133	1.718528
56976	-1007.343	-1074.308	66.96579	0.6042748	1.094396	2.149125
56982	-993.7654	-1062.113	68.34736	1.274419	0.6858117	0.9294508
56988	-991.8203	-1059.687	67.86685	1.122742	0.927763	1.251917
56994	-992.9094	-1060.206	67.29652	1.037138	1.374082	1.451499
57000	-993.9638	-1061.554	67.59026	1.037138	1.206565	1.330051
57006	-999.1164	-1067.037	67.92022	0.8582942	1.118162	1.271423
57012	-995.6523	-1063.322	67.66939	1.0247	1.049608	1.390761
57018	-1000.323	-1068.19	67.86648	0.9906334	1.049608	1.2598
57024	-995.6087	-1063.243	67.63398	0.8759697	0.6907005	1.817439
57030	-998.5452	-1066.012	67.46647	0.4681596	1.169009	1.86083
57036	-992.9492	-1060.006	67.05703	0.3900402	1.385853	2.066913
57042	-992.6212	-1059.031	66.40987	0.1962115	1.154578	2.721655
57048	-994.0985	-1060.679	66.58082	0.2205084	1.014637	2.682707
57054	-996.2073	-1063.343	67.136	0.6214368	1.162105	1.984728
57060	-1000.135	-1066.776	66.64101	0.5275131	1.24765	2.320088
57066	-995.167	-1062.018	66.85066	0.4156487	1.055998	2.367588
57072	-995.3022	-1061.62	66.3174	0.5736996	1.146253	2.550393
57078	-993.1226	-1059.759	66.63596	0.2453152	1.146253	2.556502
57084	-990.5202	-1056.905	66.38521	0.6536837	0.8251438	2.660914
57090	-994.4455	-1061.732	67.28636	0.6976601	0.8251438	2.060484
57096	-993.4055	-1060.3	66.89465	0.7487555	1.307186	1.978201
57102	-991.6505	-1058.492	66.84129	0.4299238	0.9927699	2.403772
57108	-989.1639	-1056.214	67.05033	0.6868499	0.9927699	2.104251
57114	-988.4838	-1055.611	67.1276	0.7366662	0.8895896	2.091741
57120	-999.8466	-1067.565	67.71815	0.8975088	1.212836	1.335103
57126	-1001.224	-1069.03	67.80559	1.028862	0.5630932	1.716772
57132	-1001.771	-1069.354	67.58278	0.9921801	1.279584	1.322417
57138	-1003.697	-1072.006	68.30955	0.9895925	0.540815	1.399414
57144	-1000.465	-1066.507	66.04242	0.4134967	0.9334769	2.943136
57150	-996.9103	-1063.763	66.85225	0.608696	0.9421628	2.316319
57156	-999.9538	-1067.668	67.71384	1.106975	1.013008	1.318665
57162	-1002.383	-1070.532	68.14874	0.8397352	0.8788322	1.296288
57168	-996.6744	-1064.082	67.40712	0.8397352	1.247045	1.593267
57174	-1001.493	-1069.339	67.84582	1.133198	0.7261611	1.44557
57180	-1000.94	-1068.522	67.58216	1.041406	0.8392082	1.608984
57186	-1000.826	-1067.679	66.85314	0.8126075	1.432329	1.896697
57192	-1001.881	-1069.785	67.9035	0.9522148	0.9779683	1.318872
57198	-1000.324	-1068.048	67.72455	1.017676	0.6438624	1.699229
57204	-999.2504	-1066.841	67.59073	0.963437	1.122982	1.445568
57210	-998.4012	-1066.407	68.00613	1.219296	0.7318848	1.243439
57216	-1001.499	-1069.671	68.17202	1.023344	0.6204304	1.387864
57222	-1001.018	-1069.314	68.29544	1.328828	0.4956332	1.193868
57228	-1004.857	-1072.935	68.07772	1.187181	0.394899	1.615089
57234	-1004.53	-1072.399	67.8695	0.8356343	0.7276263	1.646728
57240	-1007.395	-1074.629	67.23466	0.6604253	1.000168	1.994911
57246	-1002.838	-1070.044	67.20604	0.753968	0.888185	2.029546
57252	-1010.072	-1078.244	68.1724	0.8514206	0.8427334	1.300376
57258	-1009.249	-1077.114	67.86443	0.6384128	0.7426767	1.776291
57264	-999.711	-1066.446	66.73489	0.5022515	1.007339	2.41608
57270	-1000.388	-1067.871	67.48315	0.8827575	1.08523	1.611574
57276	-998.6306	-1065.385	66.75397	0.6430744	1.057378	2.283474
57282	-1007.318	-1074.571	67.25312	0.6884102	1.090658	1.904795
57288	-1003.939	-1071.412	67.47381	0.8733201	0.6223592	1.991068
57294	-1001.196	-1067.899	66.70237	0.6901085	1.159539	2.225634
57300	-1012.324	-1078.706	66.38227	0.6251623	1.33346	2.377475
57306	-1014.459	-1081.074	66.6143	0.6900141	1.739778	1.994138
57312	-1005.882	-1072.545	66.66317	0.6973039	0.8927459	2.413448
57318	-1002.732	-1070.152	67.41994	0.7649022	0.8960811	1.872586
57324	-999.0476	-1066.034	66.98607	0.3933326	0.6604387	2.57764
57330	-999.752	-1067.127	67.37466	0.7674423	0.908714	1.892394
57336	-1005.81	-1073.127	67.31747	0.5397767	1.204375	1.892394
57342	-999.9935	-1067.36	67.36619	0.7095901	0.8345148	1.992429
57348	-1000.596	-1068.046	67.45019	0.526374	1.076413	1.890116
57354	-997.5001	-1064.663	67.163	0.6646959	1.231682	1.896484
57360	-1008.277	-1076.445	68.16798	1.575712	0.7605493	0.6122914
57366	-1001.403	-1069.696	68.29222	1.395863	0.7396328	0.7631754
57372	-1005.106	-1072.546	67.43923	1.337289	1.8279	0.7213105
57378	-1009.188	-1076.285	67.09629	1.543878	2.113375	0.661051
57384	-995.6611	-1062.775	67.11382	0.5633993	0.8374887	2.251024
57390	-1002.03	-1068.899	66.86945	0.5822648	1.531836	1.991126
57396	-999.8715	-1066.76	66.88833	0.5584929	1.222916	2.154439
57402	-999.8269	-1067.81	67.9835	1.458988	1.012701	0.6677402
57408	-997.5394	-1065.716	68.17677	1.357749	0.8461692	0.8004812
57414	-999.0054	-1067.125	68.11917	1.250436	0.9523577	0.8630516
57420	-995.0086	-1062.712	67.70388	1.166422	0.9523577	1.32829
57426	-1008.728	-1076.215	67.48724	0.799177	1.362969	1.493895
57432	-998.1675	-1065.465	67.29788	0.7161919	0.6758475	2.162024
57438	-997.191	-1064.373	67.18173	0.5602927	0.9031593	2.162024
57444	-998.538	-1065.015	66.47742	0.7388954	0.910663	2.491831
57450	-1000.818	-1067.263	66.44526	0.518834	1.085576	2.539743
57456	-999.7963	-1066.604	66.80724	0.5822996	1.292032	2.153891
57462	-999.4723	-1065.833	66.36077	0.6521026	1.110524	2.494803
57468	-993.6495	-1060.134	66.48468	0.294104	1.328215	2.523764
57474	-996.3776	-1063.919	67.54185	0.6396352	0.9891529	1.808066
57480	-997.7305	-1064.896	67.16546	0.5306248	1.083055	2.073526
57486	-999.7035	-1066.739	67.03587	0.5178514	1.278418	2.053588
57492	-992.597	-1059.423	66.82608	0.6338102	1.0635	2.239367
57498	-991.5645	-1058.907	67.34227	0.7941769	1.0635	1.78875
57504	-991.4914	-1058.217	66.72541	0.5264887	0.9798013	2.424217
57510	-993.3278	-1060.058	66.72982	0.6522877	0.857694	2.424217
57516	-988.4853	-1055.116	66.63079	0.541121	0.9231842	2.511232
57522	-991.0168	-1057.088	66.07139	0.5280949	0.94067	2.851819
57528	-990.1627	-1056.917	66.75421	0.7095721	0.94067	2.315505
57534	-992.6066	-1059.875	67.26824	0.7257533	0.7724486	2.094926
57540	-996.4973	-1063.362	66.86508	0.5386284	1.445818	2.065152
57546	-995.3871	-1062.655	67.26757	0.6318264	0.9362856	2.035569
57552	-993.8302	-1061.282	67.45179	0.7025151	1.302378	1.626989
57558	-988.3783	-1056.018	67.63959	0.7174087	0.9689566	1.699653
57564	-986.2993	-1053.464	67.16502	0.523095	1.018429	2.119655
57570	-995.9687	-1062.856	66.88707	0.504085	1.338847	2.128029
57576	-1006.116	-1072.923	66.80693	0.8101809	1.178259	2.068357
57582	-999.3098	-1066.962	67.65269	0.8978498	1.00012	1.536739
57588	-1000.428	-1067.579	67.15066	0.8670141	1.243554	1.758744
57594	-994.1993	-1061.203	67.00373	0.6398426	0.8924279	2.233282
57600	-996.1475	-1063.043	66.89567	0.588	0.8921481	2.335833
57606	-1006.283	-1073.764	67.48123	0.4884312	0.8802383	2.028919
57612	-1006.969	-1074.105	67.13582	0.6096162	0.8257418	2.215762
57618	-996.6096	-1063.391	66.78155	0.5475177	0.8257418	2.480347
57624	-997.5278	-1064.266	66.73778	0.3373777	1.06872	2.480347
57630	-997.2807	-1064.816	67.53534	0.2695811	1.093976	1.994579
57636	-994.1674	-1060.671	66.50359	0.3928523	1.10429	2.570929
57642	-1001.368	-1067.876	66.50847	0.313611	1.186651	2.570929
57648	-1005.138	-1071.806	66.66829	0.4164894	1.008108	2.511179
57654	-994.9746	-1062.261	67.28627	0.8083608	1.084343	1.804039
57660	-1002.31	-1069.604	67.29407	0.8647139	0.7135871	2.0346
57666	-992.6326	-1059.538	66.9058	0.6194956	0.8861664	2.313476
57672	-993.3845	-1060.157	66.77249	0.4549999	0.8861664	2.501435
57678	-990.3066	-1056.827	66.52035	0.6241315	1.196788	2.363159
57684	-1006.527	-1074.046	67.51892	1.02457	1.149758	1.435125
57690	-1009.728	-1077.399	67.67141	0.9324446	1.09212	1.429381
57696	-1009.794	-1077.368	67.57441	0.9099159	0.9639804	1.6121
57702	-997.4252	-1065.364	67.9387	0.9857567	0.9639804	1.274568
57708	-1003.837	-1071.971	68.13339	1.090771	0.8141061	1.159214
57714	-1012.88	-1080.651	67.77041	1.264298	1.198976	0.9738248
57720	-1005.447	-1072.865	67.41734	0.7031133	0.959314	1.870868
57726	-1008.135	-1075.99	67.85566	0.9699346	1.204503	1.16605
57732	-1015.156	-1082.838	67.68278	1.133421	1.283448	1.114805
57738	-1016.904	-1085.111	68.20713	1.173039	0.8132091	1.015605
57744	-1009.997	-1078.351	68.35358	1.193502	0.6546247	1.047543
57750	-997.7866	-1064.828	67.04092	0.668421	1.063404	2.07707
57756	-999.1067	-1066.405	67.29788	0.495862	0.6661472	2.31229
57762	-997.0219	-1064.144	67.12244	0.5496351	0.7545089	2.317281
57768	-1002.629	-1069	66.37084	0.6159967	0.7765794	2.728039
57774	-1011.192	-1078.734	67.54164	1.232383	1.486213	1.00458
57780	-1002.15	-1068.789	66.63862	0.7472809	0.8392346	2.434964
57786	-1004.361	-1071.509	67.14783	0.7472809	1.118174	1.91894
57792	-1004.561	-1071.994	67.43335	0.9949836	0.9772697	1.6427
57798	-999.9869	-1067.627	67.64036	0.8823642	0.9772697	1.574214
57804	-1001.328	-1069.139	67.81149	0.6830901	1.097933	1.508117
57810	-996.5633	-1064.537	67.97333	0.8630304	0.7551249	1.52583
57816	-997.4319	-1064.713	67.28074	0.9055847	1.703859	1.381442
57822	-994.413	-1061.41	66.9975	0.4370662	1.077973	2.246814
57828	-1004.739	-1071.717	66.97791	0.8314942	1.123437	1.973356
57834	-991.9703	-1059.878	67.90817	0.9066153	0.8594472	1.449885
57840	-992.8633	-1060.654	67.79112	0.8317357	1.305475	1.266024
57846	-1000.639	-1067.668	67.02856	0.7986978	1.369933	1.819246
57852	-994.0669	-1061.148	67.08119	0.7794187	1.128132	1.93607
57858	-994.0906	-1061.615	67.52474	0.7024299	1.128132	1.682645
57864	-991.4544	-1059.265	67.81032	1.54477	1.15335	0.4778264
57870	-992.549	-1060.513	67.96436	0.8958746	0.8159943	1.453036
57876	-998.9345	-1066.364	67.42959	0.5890618	1.360605	1.69054
57882	-994.3616	-1062.115	67.75309	1.418204	1.269287	0.7345775
57888	-992.9519	-1060.742	67.78967	1.345478	1.225261	0.8358592
57894	-1004.98	-1073.063	68.08282	1.039862	0.9759643	1.092052
57900	-1002.894	-1070.865	67.97124	0.8716266	0.9438535	1.357195
57906	-999.7805	-1067.993	68.21273	1.207582	0.5712498	1.264977
57912	-988.6527	-1056.952	68.29918	1.072802	0.570672	1.305245
57918	-989.0761	-1057.045	67.96908	1.144959	0.8868849	1.183629
57924	-992.0569	-1059.909	67.85259	1.068792	1.168576	1.108747
57930	-996.052	-1063.489	67.43706	0.6615651	0.9380891	1.900749
57936	-996.8489	-1064.466	67.61738	0.9121502	1.16163	1.437663
57942	-1001.562	-1068.81	67.2481	0.9121502	1.086941	1.756715
57948	-995.5392	-1062.717	67.17792	0.956695	1.086941	1.774594
57954	-1003.972	-1071.449	67.47788	0.5699013	1.140565	1.800547
57960	-1001.616	-1068.921	67.30528	0.8581783	1.364779	1.583914
57966	-997.1748	-1064.225	67.0504	0.5770733	1.029186	2.152339
57972	-1002.41	-1068.929	66.51883	0.5249525	1.088597	2.488235
57978	-998.7853	-1066.6	67.81505	0.8048664	0.7947288	1.648911
57984	-987.3825	-1054.393	67.01042	0.4743554	0.9427398	2.300724
57990	-1003.83	-1071.469	67.6397	0.6732201	1.176088	1.589853
57996	-1001.336	-1068.323	66.98692	0.5933827	1.176088	2.093844
58002	-999.6948	-1066.87	67.17532	0.7193566	0.9147348	2.053812
58008	-999.6116	-1066.948	67.33616	0.7252874	0.8656264	1.978538
58014	-1001.843	-1068.222	66.37979	0.762763	1.23424	2.343865
58020	-1000.778	-1067.403	66.6253	0.6553624	1.065478	2.352727
58026	-1002.358	-1069.419	67.06181	0.5942602	1.206301	2.02634
58032	-999.0893	-1066.812	67.72309	0.683194	0.8839891	1.728395
58038	-1000.709	-1068.057	67.34841	0.8431308	1.299087	1.601975
58044	-998.0612	-1065.422	67.36042	0.7834684	1.184554	1.705844
58050	-1003.637	-1070.626	66.98896	0.2200022	1.00459	2.435551
58056	-999.8758	-1066.503	66.62709	0.626386	0.9606629	2.435551
58062	-1000.526	-1068.431	67.9049	0.8541592	1.052118	1.337568
58068	-1007.133	-1074.818	67.685	0.8360166	1.117897	1.474328
58074	-1004.378	-1071.545	67.16775	0.4308227	1.114369	2.118401
58080	-1005.889	-1073.06	67.17068	0.356219	1.061208	2.19753
58086	-1015.494	-1082.469	66.97479	0.2397752	0.8446933	2.538314
58092	-997.3963	-1064.295	66.89828	0.3278284	1.220614	2.298053
58098	-1003.405	-1070.214	66.80918	0.1611521	1.182232	2.480932
58104	-1018.84	-1085.824	66.9839	0.2480212	0.823167	2.542848
58110	-1001.713	-1067.903	66.18991	0.413698	1.197035	2.700137
58116	-998.7295	-1065.471	66.74163	0.3539116	1.59776	2.19439
58122	-1013.169	-1079.585	66.41581	0.425186	1.147129	2.581021
58128	-1006.248	-1073.418	67.17039	0.8818717	1.133423	1.801931
58134	-1009.282	-1076.973	67.69103	1.11804	1.133423	1.234388
58140	-1005.213	-1072.029	66.81587	0.7964928	1.483056	1.90708
58146	-1004.339	-1072.092	67.7534	0.7964928	0.9966625	1.539782
58152	-1008.463	-1076.743	68.28028	1.153505	0.6241702	1.188446
58158	-1005.535	-1073.133	67.59738	1.090433	0.9094448	1.504437
58164	-1010.018	-1077.059	67.04135	0.7912783	0.7419431	2.224322
58170	-999.0626	-1066.38	67.31758	0.6622805	0.8597987	2.037193
58176	-1006.764	-1073.941	67.17686	0.802075	0.9336126	1.984506
58182	-1002.92	-1069.956	67.03592	0.5109931	0.9336126	2.267074
58188	-1006.016	-1073.569	67.55309	0.6050222	0.90235	1.886173
58194	-995.3399	-1063.125	67.78503	0.6541598	0.9986944	1.619285
58200	-997.8299	-1065.072	67.24222	0.8433067	0.7505403	2.05228
58206	-998.228	-1065.774	67.54564	0.811992	0.7580478	1.863305
58212	-1004.582	-1071.681	67.09882	0.5590665	0.9516097	2.183377
58218	-1001.983	-1069.47	67.4863	0.7567003	1.240539	1.60009
58224	-995.1671	-1062.803	67.63623	0.8638613	0.6949941	1.820358
58230	-1001.827	-1069.519	67.69171	0.8751765	0.9563449	1.55754
58236	-993.4464	-1061.254	67.80795	0.8642843	0.9783534	1.461897
58242	-997.5305	-1065.629	68.09804	1.050857	0.687466	1.352278
58248	-991.4192	-1059.37	67.95108	1.016401	0.8167788	1.369262
58254	-997.534	-1065.256	67.72197	1.082324	0.9663611	1.369262
58260	-1004.427	-1071.269	66.84224	0.6779358	1.288687	2.070117
58266	-992.1297	-1059.023	66.89317	0.7231591	1.22104	2.04424
58272	-996.7103	-1064.002	67.2918	0.5278197	1.041806	2.017864
58278	-1000.424	-1067.422	66.99857	0.6301358	1.253212	2.017864
58284	-998.7127	-1065.824	67.11154	0.5637004	0.8197552	2.265396
58290	-1001.385	-1068.202	66.81684	0.7011009	0.9925258	2.246753
58296	-996.8936	-1064.126	67.23206	0.6666449	1.033514	1.970471
58302	-994.6732	-1062.455	67.78174	0.7645505	0.8605208	1.647383
58308	-1005.267	-1071.871	66.60426	0.6532212	1.116832	2.336894
58314	-1002.188	-1069.049	66.86085	0.5192609	1.170141	2.227521
58320	-1002.372	-1068.423	66.05115	0.3692606	1.203287	2.808729
58326	-1006.817	-1073.477	66.65968	0.5367258	0.9332286	2.489283
58332	-1002.273	-1069.15	66.87678	0.3014262	1.030435	2.438846
58338	-999.6352	-1066.651	67.01608	0.4838983	1.11775	2.180619
58344	-1005.537	-1072.857	67.32002	0.7926271	0.8605745	1.947975
58350	-1002.139	-1069.177	67.03815	0.464169	1.181231	2.141911
58356	-997.8507	-1063.94	66.08913	0.5558557	1.005402	2.783988
58362	-1005.198	-1072.976	67.7774	0.9785825	1.028061	1.358577
58368	-993.2586	-1060.54	67.28095	0.8924826	1.123192	1.723876
58374	-992.4855	-1059.678	67.19297	0.5385772	1.232478	1.960925
58380	-994.6872	-1061.799	67.1119	0.6329261	1.40206	1.858633
58386	-1001.877	-1068.917	67.04006	0.7499532	1.344578	1.858633
58392	-1007.548	-1075.221	67.6731	0.8414126	0.6005625	1.899461
58398	-995.9507	-1063.452	67.50146	0.9457696	0.8217291	1.748866
58404	-994.0562	-1061.653	67.59649	0.8613742	0.8432253	1.724097
58410	-985.7455	-1052.767	67.02173	0.4440902	1.089726	2.21955
58416	-992.3683	-1059.045	66.67718	0.7541139	1.127032	2.21955
58422	-988.787	-1055.903	67.11559	0.7162747	1.132681	1.952623
58428	-992.0715	-1059.002	66.931	0.4235282	1.015238	2.336784
58434	-986.4258	-1053.374	66.94824	0.4105427	1.010944	2.336784
58440	-1009.543	-1077.147	67.60454	0.9209096	1.142446	1.453965
58446	-1009.025	-1076.385	67.36033	0.9216587	1.309171	1.529467
58452	-995.1512	-1062.592	67.44063	0.6362801	1.059836	1.832295
58458	-997.7629	-1064.535	66.77244	0.6241715	1.524235	2.031458
58464	-1002.637	-1070.247	67.61042	0.8283392	1.284317	1.426411
58470	-993.1038	-1060.466	67.36231	0.8719666	1.015086	1.753363
58476	-994.6972	-1061.963	67.26605	0.9491478	0.9322011	1.825308
58482	-992.8352	-1060.836	68.00073	0.9491478	0.7724459	1.423941
58488	-987.9718	-1055.734	67.76202	0.9726975	0.9524074	1.434523
58494	-989.9397	-1057.499	67.55943	0.8967873	1.077057	1.551168
58500	-989.0822	-1056.889	67.80692	0.8320296	0.7003316	1.718719
58506	-993.7115	-1061.536	67.82474	0.8353659	0.5351135	1.867751
58512	-998.5354	-1065.965	67.42976	0.8353659	0.8706931	1.83669
58518	-983.8023	-1051.364	67.56206	0.8682496	0.8899722	1.706833
58524	-995.8217	-1063.139	67.31745	0.9267474	1.073177	1.706833
58530	-989.5755	-1056.778	67.20287	0.6232185	1.052237	2.006856
58536	-994.2041	-1060.811	66.60642	0.4030218	1.052237	2.531247
58542	-1002.117	-1068.996	66.87927	0.7793232	1.555773	1.839489
58548	-1002.531	-1070.002	67.47017	0.7684506	0.8973584	1.834811
58554	-996.003	-1062.892	66.8886	0.1432208	0.9172093	2.602257
58560	-999.9864	-1067.182	67.1958	0.6671088	1.437127	1.758454
58566	-1001.675	-1069.286	67.61154	0.8251761	1.199858	1.482599
58572	-989.6711	-1057.414	67.74279	0.6231201	0.7881638	1.832644
58578	-993.6713	-1060.048	66.37709	0.2778635	1.441194	2.545921
58584	-993.4631	-1060.006	66.54286	0.6142338	0.94563	2.505736
58590	-1007.05	-1074.165	67.11578	0.5280625	1.135038	2.076264
58596	-1002.194	-1069.021	66.82717	0.5137061	1.334189	2.163244
58602	-1001.501	-1069.118	67.61698	0.6081935	0.943235	1.810437
58608	-1009.173	-1076.788	67.61516	0.7987102	0.9794682	1.651482
58614	-1009.092	-1076.784	67.69232	0.8275786	0.74527	1.762154
58620	-1007.571	-1074.812	67.24113	0.861734	0.909271	1.918591
58626	-994.8323	-1062.503	67.67042	1.010156	1.091898	1.369859
58632	-996.9145	-1064.956	68.04138	0.835923	1.016537	1.269796
58638	-1006.984	-1074.429	67.44554	0.868251	1.016537	1.696363
58644	-1011.203	-1079.096	67.89307	0.9080963	0.9368424	1.39571
58650	-1010.203	-1076.718	66.51547	0.4386973	1.47428	2.342196
58656	-1005.28	-1072.24	66.96043	0.2882208	1.261	2.261644
58662	-1005.069	-1072.136	67.06688	0.3185051	1.311185	2.146378
58668	-1008.454	-1075.65	67.19605	0.469674	0.9997737	2.146378
58674	-1007.891	-1075.074	67.18353	0.5111646	0.8027462	2.26566
58680	-1000.277	-1067.854	67.5772	1.152505	1.076701	1.342269
58686	-992.2093	-1059.969	67.75993	1.152505	1.306427	1.00579
58692	-990.6507	-1058.285	67.63448	1.152505	1.306427	1.124141
58698	-992.191	-1060.177	67.98643	1.081865	0.6760851	1.427023
58704	-994.9896	-1063.051	68.06118	0.9666529	0.7397002	1.394747
58710	-1002.906	-1069.309	66.40295	0.5089895	1.551525	2.333213
58716	-999.6531	-1066.635	66.98198	0.6352105	1.283251	2.008833
58722	-1004.432	-1071.346	66.91397	0.6537526	1.011818	2.202227
58728	-1003.117	-1070.62	67.50301	0.4801664	0.9338349	1.981515
58734	-989.6607	-1056.561	66.90011	0.4693572	0.6863068	2.562315
58740	-988.0483	-1054.247	66.19889	0.4177614	1.12866	2.729546
58746	-993.6075	-1060.182	66.57415	0.3354451	0.9474305	2.658055
58752	-994.1822	-1061.254	67.07188	0.5325773	0.9202832	2.239165
58758	-998.1868	-1064.71	66.52359	0.160568	1.144225	2.67947
58764	-993.3201	-1060.471	67.15116	0.6332415	0.9032402	2.134351
58770	-997.5025	-1064.997	67.49418	0.2476506	0.7798947	2.252856
58776	-994.1973	-1060.914	66.71669	0.4405476	0.9657168	2.492655
58782	-990.0666	-1057.479	67.41285	0.6247294	0.9256828	1.950803
58788	-988.5736	-1056.439	67.86535	0.9266413	0.9497842	1.392321
58794	-989.606	-1057.041	67.43492	0.7355159	1.000361	1.807924
58800	-992.1099	-1059.521	67.41087	0.9977321	1.441503	1.352835
58806	-987.3957	-1054.209	66.81373	0.5271933	1.131358	2.275128
58812	-990.9751	-1057.287	66.31226	0.7121339	1.295986	2.386013
58818	-989.7145	-1056.92	67.20558	0.4339987	0.9510222	2.195635
58824	-988.2888	-1055.252	66.9637	0.5470596	1.141277	2.159666
58830	-993.1422	-1060.675	67.53257	0.5691356	0.6149875	2.159666
58836	-995.3767	-1062.255	66.87802	0.4946303	1.152769	2.242318
58842	-998.9649	-1066.061	67.09563	0.3978083	0.9952256	2.260754
58848	-1000.651	-1067.184	66.53291	0.314002	1.211146	2.542222
58854	-1000.465	-1066.878	66.41333	0.4744289	0.8581572	2.730648
58860	-999.0175	-1065.953	66.93513	0.3197937	0.8766254	2.490838
58866	-999.6748	-1067.055	67.37988	0.8122091	0.5320636	2.181903
58872	-995.0025	-1061.871	66.86881	0.5831676	1.019715	2.271732
58878	-993.7205	-1060.695	66.97457	0.586166	0.7587192	2.384699
58884	-992.8026	-1060.209	67.40607	0.6864487	0.803304	2.005414
58890	-1000.425	-1067.338	66.91355	0.7719078	0.7688555	2.297531
58896	-999.6495	-1067.148	67.49866	0.6540944	0.6115023	2.12963
58902	-996.0324	-1063.435	67.40229	0.4612885	0.970623	2.035723
58908	-996.1677	-1063.025	66.85746	0.4100057	1.071716	2.357336
58914	-999.7104	-1067.344	67.63381	1.392344	1.285352	0.9045368
58920	-992.8531	-1060.794	67.94118	1.310854	1.146166	0.7732942
58926	-991.4034	-1059.654	68.25035	1.238496	0.7921064	0.9292673
58932	-992.5714	-1059.145	66.57374	0.380146	1.103233	2.535824
58938	-1001.634	-1068.753	67.1183	0.5595855	1.159016	2.039501
58944	-987.5924	-1055.384	67.79196	1.042813	1.279677	1.100727
58950	-995.7958	-1063.043	67.24721	1.040247	1.279677	1.543397
58956	-991.0506	-1058.93	67.87908	0.9175542	0.7106229	1.596267
58962	-989.6326	-1057.533	67.90051	0.829524	0.7106229	1.644429
58968	-996.384	-1063.065	66.68135	0.7920164	1.167995	2.168397
58974	-991.9881	-1059.366	67.37795	0.5977518	0.8898258	2.017935
58980	-996.0437	-1063.257	67.21363	1.014311	0.9643267	1.793399
58986	-990.4578	-1057.012	66.55371	0.4857858	1.056165	2.510147
58992	-1008.836	-1074.655	65.81909	0.3832954	1.013296	3.04641
58998	-1003.173	-1068.935	65.76225	0.440132	1.013296	3.04641
59004	-994.1007	-1060.287	66.18671	0.2289891	1.047695	2.897955
59010	-1012.973	-1079.997	67.02332	1.001753	1.452501	1.635243
59016	-1008.519	-1076.073	67.5545	0.8643294	0.8817427	1.721296
59022	-1006.849	-1074.671	67.82185	0.7594697	0.7812856	1.687922
59028	-1014.656	-1081.893	67.23712	0.6848016	0.7812856	2.135142
59034	-1012.434	-1079.515	67.08082	0.5703179	1.031959	2.135142
59040	-998.337	-1065.467	67.12985	0.8473213	1.530385	1.628361
59046	-1001.041	-1068.92	67.87864	0.8615394	0.5493889	1.79736
59052	-994.2006	-1061.85	67.64923	0.9142581	0.8403364	1.651385
59058	-994.8839	-1062.479	67.59485	0.8402847	0.9439768	1.662426
59064	-990.879	-1058.057	67.17849	0.7391434	1.251663	1.823381
59070	-999.5016	-1067.378	67.87622	1.154444	0.9847952	1.166593
59076	-1000.13	-1068.253	68.1229	1.154444	0.9410957	0.9771119
59082	-1004.168	-1071.18	67.01175	1.165656	1.356541	1.57848
59088	-1000.343	-1067.771	67.4281	0.8926089	1.235982	1.545969
59094	-997.6929	-1065.242	67.54868	0.9194506	1.380737	1.342699
59100	-995.3409	-1063.037	67.69645	0.9475362	0.8883479	1.553968
59106	-995.3256	-1062.787	67.46145	0.7240797	1.196133	1.669043
59112	-996.4084	-1063.346	66.93737	0.8171199	1.196133	1.966589
59118	-999.2731	-1066.904	67.63063	0.8493998	0.6933545	1.835641
59124	-995.8962	-1063.549	67.65258	0.8493998	0.9490537	1.610491
59130	-1005.421	-1073.503	68.08183	1.269693	0.85131	1.000684
59136	-1003.017	-1070.824	67.80644	1.440719	1.271309	0.5611438
59142	-989.4006	-1056.995	67.59404	0.7170133	0.9782423	1.725412
59148	-993.0898	-1060.455	67.36501	0.816979	1.11152	1.725412
59154	-1000.156	-1068.075	67.91888	1.663973	0.9195859	0.4737473
59160	-994.427	-1061.944	67.51671	0.6963153	0.9097301	1.843227
59166	-1000.845	-1068.146	67.30144	0.4588952	0.8971424	2.154345
59172	-995.8972	-1063.151	67.25406	0.4698669	0.8083151	2.242678
59178	-988.4503	-1055.704	67.25347	0.6534213	0.8021207	2.128771
59184	-985.83	-1053.427	67.59686	0.7429077	0.9950827	1.693091
59190	-993.2111	-1060.357	67.14578	0.885256	1.467364	1.622903
59196	-990.0181	-1057.533	67.51503	0.949216	0.8215012	1.73712
59202	-993.7949	-1061.499	67.70462	0.9204911	0.6909159	1.73712
59208	-1000.378	-1067.74	67.36206	0.988054	1.503537	1.36255
59214	-1005.049	-1073.084	68.03558	1.247931	0.782476	1.139783
59220	-1004.626	-1072.937	68.31157	1.247931	0.8098184	0.8224306
59226	-1004.781	-1072.872	68.09052	0.8974871	1.196961	1.022386
59232	-993.7488	-1061.671	67.92195	1.161325	1.023176	1.084815
59238	-993.0187	-1061.253	68.23402	1.10529	0.8424332	1.022692
59244	-992.3183	-1059.374	67.05572	0.9874833	1.179907	1.779319
59250	-1004.502	-1070.769	66.26626	0.7325437	2.128205	2.041349
59256	-998.2784	-1065.685	67.40618	0.7589793	1.01642	1.800542
59262	-1001.878	-1069.996	68.11812	1.178269	0.6073237	1.322674
59268	-999.7799	-1067.822	68.04161	1.065445	0.8590706	1.216004
59274	-996.1339	-1064.141	68.00661	1.077163	0.9874646	1.116948
59280	-998.7448	-1066.296	67.55172	1.009611	1.428107	1.236668
59286	-1000.128	-1068.237	68.10879	0.914421	0.7052024	1.432275
59292	-999.043	-1066.254	67.2107	1.004456	1.603889	1.411997
59298	-997.2231	-1065.498	68.27442	1.206525	0.8277458	0.8917885
59304	-995.4972	-1063.498	68.00094	1.177757	1.111731	0.9034672
59310	-1003.763	-1071.509	67.74626	1.066713	1.149693	1.218666
59316	-1006.44	-1074.481	68.04077	1.066713	0.6971776	1.374913
59322	-1000.939	-1068.931	67.99168	1.087196	0.9569785	1.149194
59328	-1005.007	-1072.925	67.91793	1.13702	0.5470892	1.576061
59334	-1007.732	-1075.74	68.00752	0.8804856	0.8202825	1.427957
59340	-1012.966	-1080.723	67.7569	1.129369	1.076255	1.213967
59346	-1002.255	-1069.882	67.62643	1.08547	1.076255	1.356749
59352	-1001.748	-1069.302	67.55344	0.5884516	1.051395	1.793027
59358	-1005.434	-1072.277	66.84253	0.2842103	1.117237	2.419437
59364	-1003.438	-1070.756	67.31803	0.7053966	1.621185	1.547754
59370	-999.8868	-1066.928	67.04149	0.8329797	1.115193	1.93473
59376	-999.6064	-1066.686	67.07973	0.5584608	1.115193	2.091922
59382	-1007.339	-1074.859	67.52001	0.6609139	0.929411	1.850865
59388	-1001.254	-1068.743	67.48866	0.6922636	0.929411	1.850865
59394	-1002.452	-1069.945	67.49223	1.633619	1.341289	0.7129064
59400	-997.774	-1065.625	67.85143	0.848289	0.9537031	1.460235
59406	-997.928	-1064.683	66.75453	0.7273157	1.00846	2.259713
59412	-997.0222	-1064.451	67.42846	0.6236426	0.9979216	1.890698
59418	-1012.1	-1078.044	65.94393	0.5596729	1.513589	2.606449
59424	-1008.538	-1075.389	66.85096	0.4863465	1.593634	2.037977
59430	-998.8194	-1066.82	68.00083	1.75328	0.7623396	0.4346279
59436	-1002.722	-1070.592	67.86977	1.725262	0.8935098	0.5988824
59442	-1000.352	-1067.464	67.11254	0.6804572	0.8934088	2.135695
59448	-1000.947	-1068.227	67.27967	0.6804572	1.137417	1.862793
59454	-995.4366	-1063.645	68.20816	1.185562	0.6544867	1.186675
59460	-996.7694	-1064.58	67.81016	1.235394	1.147164	1.009229
59466	-994.6652	-1062.839	68.17373	1.235394	0.7940842	1.009229
59472	-999.8744	-1067.801	67.92618	1.337688	0.9739915	0.9558619
59478	-994.648	-1063.033	68.38497	1.440573	0.5841452	0.8595039
59484	-999.4171	-1067.141	67.72346	1.555536	1.175516	0.6889671
59490	-995.5632	-1063.453	67.88939	1.440464	1.143879	0.6437276
59496	-994.9199	-1062.922	68.0017	1.572531	0.920823	0.5690114
59502	-1002.022	-1069.194	67.17224	1.443606	2.107476	0.7119818
59508	-1005.675	-1073.816	68.14078	1.443606	0.902242	0.6023914
59514	-1000.18	-1068.337	68.15665	1.637246	0.7245598	0.5968503
59520	-999.3273	-1067.408	68.0803	1.637246	0.800349	0.4881559
59526	-1002.977	-1070.583	67.60529	1.637246	1.258322	0.6134534
59532	-996.685	-1064.742	68.0572	1.637246	0.7979713	0.6233419
59538	-1000.127	-1068.051	67.92374	1.637246	0.9343052	0.5647074
59544	-995.5791	-1063.363	67.78351	1.610771	1.100733	0.4328527
59550	-994.3914	-1062.484	68.09245	1.610771	0.811636	0.5265309
59556	-995.2741	-1063.347	68.07255	1.698639	0.7560167	0.504623
59562	-1002.916	-1071.068	68.15193	1.146863	0.8983828	1.001396
59568	-1002.072	-1070.258	68.18591	0.9532144	0.7672642	1.278655
59574	-1002.959	-1071.16	68.20121	1.190682	0.8027641	1.016116
59580	-1004.889	-1072.786	67.89708	1.32603	1.235155	0.696325
59586	-1001.21	-1069.126	67.91586	1.503333	1.053316	0.6323081
59592	-1010.299	-1077.963	67.66385	1.589527	1.221644	0.660757
59598	-1001.709	-1069.478	67.76891	1.589527	1.129444	0.6048009
59604	-994.2509	-1061.849	67.59856	1.459092	1.51978	0.541141
59610	-1003.086	-1071.326	68.2407	1.459092	0.7890449	0.6360978
59616	-1001.796	-1069.712	67.91627	1.459092	1.085287	0.6618701
59622	-1008.369	-1076.358	67.98945	1.312613	0.8350614	1.066485
59628	-1014.359	-1081.91	67.5503	1.063582	1.182159	1.357806
59634	-1002.694	-1070.839	68.14478	1.349207	0.6349222	1.122049
59640	-1005.318	-1073.514	68.19634	1.191295	0.5647321	1.299828
59646	-1004.686	-1072.468	67.78162	1.333061	0.869968	1.199133
59652	-998.7767	-1066.198	67.42123	0.9462231	0.9937034	1.67439
59658	-1003.38	-1070.723	67.34346	0.9249473	1.308825	1.539751
59664	-1004.85	-1072.82	67.97031	1.336246	0.8545491	1.04118
59670	-1007.505	-1075.634	68.12851	1.532113	0.7147475	0.8415032
59676	-1002.165	-1070.39	68.22501	1.337705	0.8791729	0.7031056
59682	-1009.194	-1076.624	67.42957	1.444965	1.693481	0.7031056
59688	-1012.283	-1079.768	67.48524	1.438176	1.490095	0.8374982
59694	-1003.17	-1070.911	67.7411	0.8313947	0.7813288	1.694151
59700	-1003.272	-1070.409	67.1368	0.7802827	1.421018	1.729089
59706	-1002.629	-1069.682	67.05339	0.6248121	1.052986	2.104097
59712	-992.6191	-1059.915	67.29561	0.7494131	0.8716607	1.98504
59718	-997.347	-1064.122	66.7748	0.6450642	1.445748	2.054515
59724	-1006.426	-1073.927	67.50124	0.6664599	0.8131063	1.947407
59730	-996.0542	-1063.176	67.12156	0.6078254	0.9164214	2.160989
59736	-997.16	-1064.566	67.40577	0.3924787	0.8478131	2.165217
59742	-1001.852	-1068.91	67.05892	0.3424723	0.9952822	2.319597
59748	-997.2808	-1064.741	67.46025	0.6736425	0.9750985	1.850617
59754	-1002.694	-1069.436	66.74193	0.6475491	1.132151	2.24349
59760	-1005.81	-1073.286	67.47669	1.206049	0.9771506	1.454833
59766	-999.9398	-1067.917	67.97747	0.9701151	1.048367	1.184236
59772	-1002.808	-1070.272	67.46467	0.9185839	0.9088642	1.725608
59778	-996.0178	-1063.54	67.52245	1.082337	0.9088642	1.566461
59784	-997.1829	-1064.829	67.64622	0.903575	0.8256084	1.67324
59790	-1007.143	-1075.324	68.18079	1.533557	0.6092291	0.9433129
59796	-1010.627	-1078.402	67.7752	1.364684	0.9828917	1.069497
59802	-1006.506	-1074.106	67.60059	1.448823	1.408481	0.7503042
59808	-1000.627	-1068.723	68.09569	1.479124	0.9016266	0.6295918
59814	-1001.29	-1068.846	67.55578	1.385032	1.221398	1.047565
59820	-997.6145	-1064.926	67.31135	0.7315998	0.9155654	1.954428
59826	-992.3711	-1059.702	67.33134	0.8228764	0.9155654	1.87916
59832	-996.3503	-1063.302	66.95142	0.5170848	1.097107	2.213368
59838	-995.024	-1061.305	66.28093	0.5364134	0.9498808	2.713166
59844	-995.3349	-1063.724	68.38909	1.217501	0.7680658	0.8258695
59850	-993.1438	-1061.278	68.13413	1.334977	0.9143822	0.7874666
59856	-995.0181	-1062.903	67.88443	1.278229	1.220077	0.8063668
59862	-998.9387	-1066.582	67.64303	1.307733	1.452794	0.838058
59868	-997.9214	-1066.412	68.49049	1.308377	0.5876875	0.8846294
59874	-990.3164	-1057.038	66.72138	0.5460473	1.008151	2.396456
59880	-1000.472	-1067.852	67.38016	0.7529678	1.012231	1.825513
59886	-1001.096	-1068.714	67.61789	0.6317934	0.8996234	1.825513
59892	-1003.246	-1071.072	67.82597	0.8835996	0.7398796	1.632455
59898	-994.9828	-1062.736	67.75333	0.8558426	1.030397	1.47038
59904	-996.5595	-1064.079	67.51998	0.9346112	0.9893115	1.61496
59910	-1005.218	-1073.077	67.8594	0.8823297	0.8454379	1.516893
59916	-997.0392	-1064.868	67.82893	0.9033877	0.8454379	1.523901
59922	-997.6022	-1065.289	67.68629	0.8695966	1.031332	1.50979
59928	-995.0794	-1063.2	68.12007	1.055805	0.8924946	1.123643
59934	-1008.601	-1076.841	68.24032	1.637796	0.6483013	0.6399639
59940	-997.6916	-1065.463	67.77121	1.585061	1.149548	0.541446
59946	-1003.618	-1071.433	67.8155	1.585061	1.062185	0.6550098
59952	-992.2378	-1059.918	67.6797	1.100101	1.014715	1.350109
59958	-995.5882	-1063.157	67.56838	1.057884	1.207883	1.330045
59964	-995.0172	-1062.601	67.58352	0.9815415	1.136368	1.427851
59970	-993.1972	-1060.929	67.73182	1.193416	1.084265	1.173942
59976	-997.9512	-1065.961	68.00988	1.133411	0.8515621	1.192229
59982	-990.5297	-1058.609	68.07912	1.035799	0.8478463	1.220042
59988	-993.9993	-1061.74	67.74057	1.093926	1.210882	1.153366
59994	-995.9734	-1063.892	67.91887	1.077329	0.8591457	1.30776
60000	-995.2791	-1063.368	68.08866	1.014181	0.8598687	1.218819
60006	-994.5358	-1062.314	67.77787	1.014181	0.946818	1.39468
60012	-1002.515	-1070.298	67.78299	0.9464738	1.038836	1.371212
60018	-998.0335	-1065.284	67.25038	0.8330374	0.6759929	2.116648
60024	-994.49	-1062.227	67.73647	1.314585	1.339195	0.8228482
60030	-1009.231	-1076.275	67.044	0.5786675	1.300795	1.995552
60036	-997.7459	-1065.266	67.52062	0.9281993	0.8855604	1.697146
60042	-996.8504	-1064.614	67.76334	0.8268303	0.7772669	1.685071
60048	-993.9892	-1061.698	67.70897	0.7866143	0.8406102	1.699553
60054	-993.2706	-1060.958	67.68728	0.8388707	0.79271	1.717316
60060	-992.3322	-1059.924	67.59203	0.9499233	0.7794945	1.717316
60066	-996.1225	-1064.003	67.88053	0.6961553	0.8383145	1.643561
60072	-996.4196	-1063.821	67.40176	0.6903852	1.393446	1.619432
60078	-1008.384	-1075.48	67.09562	0.8298879	1.527535	1.666926
60084	-1011.7	-1079.715	68.01432	1.339504	1.06611	0.7322254
60090	-1002.759	-1069.997	67.23832	0.8142046	0.5968175	2.208568
60096	-991.5284	-1058.896	67.36761	0.6304377	1.094689	1.863764
60102	-992.6426	-1060.141	67.49839	1.156756	1.38569	1.184626
60108	-994.0654	-1062.052	67.98629	1.156756	0.9572499	1.090971
60114	-997.5261	-1065.281	67.75479	1.063279	0.79583	1.502788
60120	-995.1477	-1063.208	68.06055	1.190283	0.9038811	1.042537
60126	-990.1691	-1058.257	68.08744	1.190283	0.6339319	1.307267
60132	-993.3491	-1061.271	67.92212	1.026334	1.045427	1.185939
60138	-994.9055	-1062.72	67.81409	0.7521281	1.210455	1.375906
60144	-985.7831	-1053.676	67.89322	0.9124368	0.9308167	1.39715
60150	-990.0545	-1058.075	68.02028	1.05478	0.8606565	1.241483
60156	-988.373	-1056.355	67.98233	1.05478	0.7729858	1.355289
60162	-991.5321	-1059.551	68.01856	1.05478	0.743478	1.355289
60168	-993.1531	-1060.742	67.58843	0.83216	1.014789	1.621157
60174	-1001.226	-1069.31	68.08409	0.7052331	0.605919	1.70383
60180	-997.5249	-1064.855	67.32984	0.8327764	0.8352096	1.933639
60186	-995.6738	-1063.794	68.12027	1.026077	0.8123703	1.227922
60192	-987.5612	-1055.218	67.65667	1.205354	1.061405	1.246287
60198	-988.4731	-1056.384	67.91093	0.7950912	0.8380909	1.549579
60204	-991.8321	-1059.564	67.73151	0.8708733	0.958899	1.529332
60210	-997.7929	-1065.751	67.9585	1.018237	0.958899	1.235465
60216	-996.183	-1064.317	68.13363	1.018237	0.778511	1.256893
60222	-998.3491	-1066.414	68.06476	1.242529	0.8546876	1.040327
60228	-998.8148	-1067	68.18506	1.242529	0.8254307	0.9529883
60234	-1005.308	-1072.79	67.48271	1.448385	1.294082	0.9972606
60240	-1002.034	-1070.154	68.11991	1.215181	0.8453376	1.023596
60246	-1011.286	-1079.07	67.7835	1.170289	0.914086	1.293379
60252	-992.4909	-1060.524	68.03351	0.973506	0.5947713	1.558505
60258	-995.2763	-1063.475	68.19873	1.075358	0.5950959	1.354634
60264	-1000.095	-1068.232	68.13703	1.093798	0.6551448	1.32146
60270	-995.7103	-1063.653	67.94245	1.037027	0.7307645	1.440766
60276	-1002.896	-1071.14	68.2444	1.046156	0.6989194	1.224184
60282	-1003.985	-1072.487	68.50248	0.8960448	0.601392	1.24606
60288	-998.7511	-1066.521	67.77019	0.9220033	0.8984531	1.510022
60294	-1005.392	-1072.724	67.33258	1.012832	1.114794	1.606483
60300	-997.6209	-1065.457	67.83594	0.9130916	0.8772955	1.484716
60306	-996.0044	-1064.233	68.22851	1.005186	0.8770416	1.086302
60312	-998.7199	-1066.055	67.33495	0.7507481	0.9674583	1.888841
60318	-1000.93	-1068.708	67.77788	0.9513633	1.188914	1.259632
60324	-1000.919	-1068.337	67.41832	1.032299	1.198907	1.472719
60330	-999.215	-1066.909	67.69439	0.880162	1.063027	1.472719
60336	-1008.762	-1076.418	67.65577	0.7071345	1.373919	1.429198
60342	-999.3394	-1067.011	67.67137	1.17298	1.422889	0.9817142
60348	-995.3437	-1063.314	67.9703	1.204029	1.100153	0.920193
60354	-1011.833	-1079.53	67.69703	0.8766819	1.009007	1.512906
60360	-1002.735	-1070.585	67.84964	1.177201	1.062653	1.101569
60366	-997.3782	-1065.583	68.20492	1.221397	0.6091871	1.213147
60372	-998.298	-1066.286	67.98806	1.36444	0.9567393	0.8778173
60378	-1001.903	-1069.868	67.96483	1.478841	0.8715167	0.8778173
60384	-998.6203	-1066.404	67.78389	0.9424739	0.7219007	1.636684
60390	-1001.283	-1069.215	67.93194	1.41338	0.7168224	1.157046
60396	-997.2612	-1065.129	67.86738	1.223757	1.007273	1.092082
60402	-996.8398	-1064.292	67.45208	1.238236	1.03974	1.401142
60408	-992.0772	-1059.91	67.8333	1.238236	1.075803	1.048082
60414	-991.317	-1059.54	68.22275	1.363222	0.6866511	0.9661762
60420	-990.59	-1058.401	67.81058	1.371051	1.110202	0.9017665
60426	-998.8705	-1067.12	68.24922	1.415556	0.7340138	0.805072
60432	-1002.174	-1070.051	67.87699	1.107251	1.059955	1.142317
60438	-1003.512	-1071.326	67.81409	0.9657593	1.059955	1.314845
60444	-997.599	-1065.801	68.20182	1.462657	0.7348363	0.8041052
60450	-1001.732	-1069.776	68.04377	0.9657593	0.8581946	1.297809
60456	-999.7643	-1067.355	67.59061	0.9657593	1.016435	1.520358
60462	-1005.95	-1074.043	68.09323	1.315138	0.7098039	1.108676
60468	-998.1078	-1065.832	67.72374	1.175393	1.046091	1.227507
60474	-1003.635	-1071.227	67.59261	1.140475	1.228814	1.227507
60480	-1004.601	-1071.841	67.23955	1.979564	1.165389	0.2889665
60486	-1003.199	-1070.625	67.42616	1.979564	0.9627875	0.2841937
60492	-998.3063	-1066.208	67.90144	2.016774	0.6032035	0.3500077
60498	-995.8418	-1063.558	67.71664	2.005715	0.7612541	0.3680948
60504	-999.1525	-1067.216	68.06351	1.147841	0.886831	1.096994
60510	-994.4564	-1061.558	67.10182	2.057865	1.220638	0.2816147
60516	-996.9429	-1063.681	66.7383	2.253295	1.220638	0.2036899
60522	-999.429	-1067.444	68.01518	1.400169	0.8539852	0.9313842
60528	-997.5637	-1065.814	68.25025	1.400169	0.7152838	0.8531218
60534	-1004.989	-1072.854	67.86498	1.454687	1.027654	0.831386
60540	-1002.79	-1069.098	66.30759	2.355782	1.320406	0.1405096
60546	-997.9447	-1064.491	66.54653	2.353686	1.109289	0.1517136
60552	-1006.707	-1072.859	66.15151	2.353686	1.66101	0.1606877
60558	-999.7288	-1066.059	66.33003	2.353686	1.233976	0.1309235
60564	-1004.158	-1072.152	67.99351	1.388666	0.9403632	0.8629637
60570	-999.656	-1067.655	67.99857	1.196039	1.023374	0.9764058
60576	-1003.09	-1070.835	67.74445	1.065207	0.8674901	1.446947
60582	-997.4941	-1065.12	67.62587	0.9753257	1.413347	1.212534
60588	-1005.347	-1072.738	67.39114	0.9753257	0.9261568	1.72444
60594	-998.2812	-1066.19	67.90892	0.8795142	0.9107588	1.426996
60600	-996.8726	-1063	66.12779	2.450892	1.418362	0.1390511
60606	-995.623	-1061.336	65.71252	2.702961	1.24373	0.09371503
60612	-993.4137	-1059.39	65.9759	2.702961	1.053944	0.1051424
60618	-989.5056	-1055.866	66.35996	2.474887	1.024263	0.1239834
60624	-992.8986	-1058.939	66.04013	2.559442	1.152284	0.1067675
60630	-999.9693	-1066.15	66.18069	2.522166	1.152284	0.1220616
60636	-1001.202	-1067.452	66.25045	2.481899	1.142578	0.1254725
60642	-1007.293	-1073.88	66.58713	0.8327054	1.383702	2.085958
60648	-1005.938	-1073.25	67.31165	0.8026555	1.251747	1.685775
60654	-1009.385	-1076.205	66.81989	0.6259203	1.06632	2.246696
60660	-1005.209	-1071.544	66.33511	0.76165	1.300958	2.337525
60666	-1008.957	-1075.936	66.9787	0.4757322	1.16081	2.184841
60672	-1002.205	-1069.196	66.99044	2.098095	1.102937	0.2008977
60678	-1003.199	-1070.957	67.7584	2.098095	0.6007186	0.2919013
60684	-1000.656	-1067.533	66.87735	2.095956	1.303025	0.2225435
60690	-994.6843	-1061.768	67.08404	2.095956	1.190812	0.2780672
60696	-1000.554	-1067.335	66.78155	2.095956	1.439012	0.227148
60702	-1002.402	-1069.397	66.99529	1.981121	1.439012	0.2771217
60708	-1002.975	-1069.658	66.68318	2.015297	1.735153	0.2400852
60714	-1001.355	-1068.515	67.16026	2.084469	1.09953	0.2674418
60720	-999.1961	-1066.343	67.14724	2.02753	1.139023	0.2494413
60726	-995.4446	-1062.822	67.37743	1.931527	1.139023	0.3461074
60732	-988.7434	-1055.878	67.13455	1.931527	1.446104	0.358894
60738	-989.5165	-1057.132	67.61525	1.931527	0.8567427	0.3035367
60744	-992.6772	-1060.349	67.67127	1.814132	0.926314	0.3152573
60750	-993.7109	-1061.503	67.79193	1.853192	0.8280467	0.3709504
60756	-992.1224	-1059.585	67.46229	1.853192	1.152331	0.3693795
60762	-993.9936	-1061.897	67.90388	1.72343	0.8789005	0.5228835
60768	-993.8441	-1061.616	67.77211	1.901849	0.7918859	0.353294
60774	-997.1328	-1064.79	67.65707	1.812455	1.029926	0.4675387
60780	-999.4421	-1066.893	67.45081	1.812455	1.223748	0.385533
60786	-998.6661	-1066.321	67.65478	1.828891	0.9508673	0.3378398
60792	-996.556	-1064.032	67.47645	1.775386	1.204648	0.3473581
60798	-998.8558	-1066.242	67.38618	1.8391	1.204648	0.3206797
60804	-997.6012	-1065.336	67.73515	1.686263	1.008425	0.3339513
60810	-999.3361	-1067.172	67.83615	0.8614209	1.073131	1.3704
60816	-996.6818	-1063.988	67.30595	0.8682497	1.160937	1.69921
60822	-1008.49	-1076.665	68.17505	1.552195	0.7920671	0.486164
60828	-1002.258	-1070.331	68.07363	1.552195	0.8718405	0.5752286
60834	-999.2212	-1067.24	68.01845	1.354366	1.103408	0.6300071
60840	-1000.69	-1068.448	67.75763	0.9628138	0.8438252	1.534085
60846	-1003.59	-1070.329	66.73944	0.4193905	0.8438252	2.573567
60852	-1003.97	-1072.05	68.08004	1.519455	0.8604486	0.673858
60858	-1005.073	-1073.173	68.09956	1.519455	0.8772055	0.5785136
60864	-1002.918	-1070.879	67.96134	1.458222	1.063039	0.6072451
60870	-999.2974	-1067.264	67.96622	1.458222	1.063039	0.5925844
60876	-995.5967	-1063.252	67.65528	1.458222	1.343061	0.7306848
60882	-1000.183	-1067.841	67.65831	1.458222	1.392825	0.6544941
60888	-999.0836	-1067.274	68.19087	1.308496	0.8260107	0.8728384
60894	-1008.146	-1075.417	67.2713	1.003515	0.9835033	1.747106
60900	-1002.477	-1070.116	67.6392	1.514256	1.392978	0.5375649
60906	-997.2322	-1065.474	68.24129	1.469485	0.7522035	0.7028467
60912	-995.0178	-1063.117	68.09909	1.173126	0.6715483	1.269685
60918	-996.8556	-1065.126	68.27033	1.001892	0.6715483	1.269685
60924	-998.1915	-1066.462	68.27033	1.001892	0.6715483	1.269685
60930	-992.5277	-1059.899	67.3715	1.077329	1.155744	1.502805
60936	-992.7669	-1060.673	67.90646	1.08004	0.559926	1.611535
60942	-989.1457	-1057.361	68.21491	1.108979	0.640914	1.261505
60948	-1000.744	-1068.407	67.66331	1.091157	1.144869	1.271192
60954	-998.5044	-1066.566	68.06156	1.121056	0.8627273	1.146944
60960	-994.8433	-1062.526	67.68313	0.7685233	0.9872542	1.618591
60966	-988.209	-1055.461	67.25233	0.7685233	1.211423	1.775711
60972	-995.7716	-1063.935	68.1632	0.9454021	0.6673247	1.404945
60978	-997.5621	-1065.909	68.34714	1.230556	0.5836683	1.113014
60984	-994.0239	-1062.012	67.98764	0.8976527	0.838251	1.414114
60990	-991.3442	-1058.405	67.06067	0.7276534	1.093041	2.006225
60996	-991.7832	-1059.296	67.51327	0.7630412	0.8853298	1.817886
61002	-991.9188	-1059.281	67.36231	0.3287012	0.8853298	2.20767
61008	-993.0012	-1058.902	65.90095	0.6453367	1.722596	2.489792
61014	-985.1132	-1052.06	66.9465	0.4864372	0.950774	2.328447
61020	-997.7655	-1064.713	66.94753	0.9043531	1.291378	1.845808
61026	-996.6114	-1063.498	66.8869	0.6857906	1.267105	2.047278
61032	-989.6502	-1057.045	67.39463	0.6538479	1.03556	1.86784
61038	-999.2729	-1066.467	67.19364	0.8159881	1.223301	1.776402
61044	-1001.141	-1068.916	67.77499	1.044066	1.292152	1.105677
61050	-1000.32	-1068.057	67.73702	1.156232	1.196083	1.112291
61056	-999.0891	-1066.972	67.88256	1.433352	0.8296912	1.059218
61062	-1004.391	-1071.887	67.49574	1.232846	1.520312	1.024737
61068	-1002.26	-1069.715	67.45496	1.182219	1.520312	1.110725
61074	-1003.982	-1071.425	67.44313	0.5850831	1.25342	1.745532
61080	-998.7654	-1066.933	68.16709	1.305128	0.9787248	0.6762554
61086	-1006.317	-1074.76	68.44298	1.443294	0.5072014	0.9266047
61092	-995.5027	-1062.328	66.82521	0.4872849	0.921176	2.424413
61098	-998.8739	-1065.963	67.08897	0.7388201	0.921176	2.093352
61104	-998.2725	-1065.163	66.88997	0.9113978	1.965519	1.548905
61110	-996.0682	-1062.683	66.61506	0.9630367	1.954473	1.714674
61116	-995.5083	-1062.957	67.44839	0.8200352	0.80296	1.887315
61122	-995.7609	-1063.687	67.9258	0.8940708	0.9365672	1.381317
61128	-1004.339	-1071.902	67.56214	1.11355	1.607961	1.015494
61134	-1011.662	-1079.73	68.06791	0.9224511	0.933375	1.246334
61140	-1000.231	-1068.183	67.95212	1.022036	1.020801	1.184499
61146	-997.1373	-1064.9	67.76256	0.9905501	1.116694	1.29335
61152	-994.9398	-1062.959	68.01943	0.9905501	0.8626854	1.29335
61158	-1000.104	-1067.397	67.29262	1.065636	1.605766	1.297517
61164	-1001.202	-1068.58	67.37836	2.044464	0.9290932	0.2728623
61170	-996.7109	-1064.05	67.33888	2.044464	0.9290932	0.2511535
61176	-1005.65	-1072.856	67.20566	1.814177	1.49757	0.349324
61182	-1005.59	-1072.318	66.72821	2.006528	1.866	0.3132169
61188	-998.7528	-1066.578	67.8255	2.025594	0.6295123	0.3200232
61194	-1003.585	-1071.384	67.79898	1.990417	0.7370347	0.4497913
61200	-999.3969	-1066.718	67.32086	1.990417	1.115213	0.326188
61206	-993.1341	-1060.724	67.58981	1.813345	1.052803	0.362762
61212	-1005.529	-1073.159	67.62999	1.768252	1.052803	0.3564719
61218	-1011.89	-1080.029	68.13898	1.615496	0.7642296	0.5601234
61224	-1005.667	-1073.529	67.86154	1.246285	1.208513	0.8856913
61230	-1001.87	-1069.482	67.6124	1.732162	1.096225	0.3419607
61236	-993.3883	-1061.421	68.03274	1.732162	0.7610325	0.4906706
61242	-994.6631	-1063.239	68.57634	1.482445	0.5153989	0.6760497
61248	-1001.703	-1070.25	68.5466	1.536744	0.4964076	0.6883711
61254	-1009.491	-1077.425	67.93344	1.266378	1.107256	0.884201
61260	-998.6135	-1066.338	67.72413	1.540113	1.258941	0.5095193
61266	-999.3892	-1067.399	68.00991	1.355477	1.061915	0.7200942
61272	-1003.637	-1071.101	67.46348	1.345802	1.623231	0.8607378
61278	-1001.412	-1069.331	67.91953	1.345718	1.103062	0.808966
61284	-1002.445	-1070.076	67.63089	0.665351	1.231035	1.567099
61290	-1007.331	-1074.585	67.25458	0.5139435	1.213746	1.946886
61296	-1005.793	-1073.137	67.34413	0.6322824	0.9905506	1.946886
61302	-1017.924	-1086.101	68.1776	1.9884	0.4588078	0.3736811
61308	-1007.134	-1074.527	67.39277	1.820814	1.265525	0.3641735
61314	-1006.401	-1074.372	67.97089	1.264	1.265525	0.617728
61320	-996.3244	-1063.266	66.94204	0.06619509	0.8822908	2.640175
61326	-998.2005	-1065.518	67.31776	0.1002947	1.097088	2.245896
61332	-998.4345	-1064.789	66.3541	0.4523876	1.302827	2.519352
61338	-1004.387	-1071.081	66.69421	0.195847	1.203407	2.519517
61344	-1001.123	-1067.96	66.83631	0.4929124	0.9607236	2.387727
61350	-1013.08	-1080.952	67.8715	1.047665	0.706256	1.510058
61356	-996.7951	-1064.793	67.99831	0.9428362	0.7788453	1.424717
61362	-1004.532	-1071.188	66.6567	0.5600705	1.554079	2.135643
61368	-1001.097	-1067.845	66.74868	0.5626648	1.220664	2.243367
61374	-994.6688	-1061.81	67.14121	0.9148788	0.943055	1.926019
61380	-993.2568	-1060.944	67.68706	0.6482206	0.943055	1.733873
61386	-994.0693	-1061.759	67.69014	0.842696	0.9161934	1.613219
61392	-993.6288	-1061.408	67.77918	0.87401	0.7360572	1.676284
61398	-993.0703	-1060.523	67.45251	0.769742	0.9904913	1.778869
61404	-989.0592	-1056.631	67.57195	0.8058416	1.050923	1.626594
61410	-993.4794	-1061.12	67.64039	1.040352	0.5948652	1.791139
61416	-995.1185	-1061.934	66.81587	0.592913	0.7842746	2.46092
61422	-1000.961	-1068.707	67.74609	1.192329	1.263972	1.014825
61428	-988.9523	-1056.863	67.91044	1.306905	0.9503272	1.027382
61434	-998.1861	-1066.689	68.50248	1.368197	0.4848025	0.9821226
61440	-1000.02	-1067.889	67.86875	1.31601	0.9441002	1.064806
61446	-998.5014	-1066.187	67.68521	1.128207	1.26213	1.133306
61452	-998.3368	-1066.265	67.92865	1.156166	0.9743039	1.128043
61458	-1007.705	-1075.837	68.13236	1.341066	0.8822265	0.8275524
61464	-995.2277	-1061.574	66.34684	0.03777152	1.131293	2.869339
61470	-1006.923	-1072.805	65.88191	0.05749577	1.131293	3.136443
61476	-1000.332	-1066.603	66.27106	0.5177104	0.7574566	2.862829
61482	-1000.221	-1066.171	65.94977	0.4896599	1.083699	2.862829
61488	-1000.505	-1067.547	67.0413	0.63634	1.060893	2.09949
61494	-997.0676	-1064.596	67.52845	0.8381446	0.8728124	1.764823
61500	-993.867	-1061.771	67.90434	0.7056156	0.6724977	1.764823
61506	-997.035	-1064.73	67.69494	0.7866712	0.9188217	1.648138
61512	-997.7939	-1065.535	67.74152	0.7330741	1.028483	1.572028
61518	-997.875	-1065.121	67.24551	0.8293515	0.9207558	1.929215
61524	-997.2918	-1064.278	66.98642	0.4860271	1.250068	2.122624
61530	-999.4695	-1066.959	67.48982	0.5722199	0.7531612	2.065652
61536	-1003.17	-1069.996	66.8263	0.4948908	1.55722	2.065652
61542	-996.2758	-1063.54	67.26379	0.6615598	0.9911253	1.980747
61548	-998.4035	-1065.694	67.29036	0.5354742	1.103934	1.974397
61554	-999.7797	-1066.836	67.05613	0.9281392	1.460831	1.660039
61560	-1004.763	-1071.721	66.9574	1.045763	1.647485	1.54938
61566	-999.7647	-1067.465	67.70071	0.6709803	0.862888	1.768964
61572	-1002.648	-1069.751	67.10239	0.6005593	1.065319	2.080074
61578	-1001.909	-1069.406	67.49747	0.899836	0.9962072	1.651249
61584	-1000.721	-1068.072	67.35151	0.8421161	1.203818	1.658467
61590	-999.5065	-1067.05	67.54361	0.8421161	1.203818	1.518255
61596	-990.7229	-1058.182	67.45946	0.752773	1.10422	1.708845
61602	-995.9598	-1063.582	67.62189	0.8330956	0.7233992	1.826208
61608	-993.3719	-1060.718	67.34646	0.3797032	0.8518457	2.208986
61614	-998.3	-1065.594	67.29448	0.7217126	0.934028	1.959253
61620	-999.6037	-1067.108	67.50462	0.708668	1.250122	1.61576
61626	-1007.475	-1074.819	67.34409	0.6803544	0.9665551	1.930957
61632	-1000.34	-1068.045	67.70514	0.6409949	0.8698262	1.781378
61638	-998.0363	-1065.513	67.4768	0.5594672	0.9368265	1.943785
61644	-1005.056	-1072.729	67.67262	0.7898989	0.9368265	1.648168
61650	-998.4388	-1066.104	67.66563	0.6065036	1.107896	1.66385
61656	-1007.14	-1074.845	67.70458	0.5443791	0.8309169	1.878449
61662	-1011.625	-1079.072	67.4472	0.7196939	1.033804	1.787507
61668	-1009.336	-1076.863	67.52629	0.2612271	1.033804	2.044316
61674	-1007.177	-1073.606	66.42954	0.4434612	1.146408	2.561558
61680	-1003.575	-1070.329	66.75405	0.529345	1.081057	2.341606
61686	-1006.253	-1073.386	67.13263	0.3497842	0.8191471	2.388651
61692	-1007.673	-1074.626	66.95301	0.1738305	1.431867	2.252235
61698	-1004.411	-1071.216	66.80482	0.485336	1.30413	2.21191
61704	-1008.871	-1076.29	67.41949	0.6618418	1.010727	1.862074
61710	-1005.571	-1072.835	67.26432	0.8880138	1.095385	1.756724
61716	-1002.794	-1069.686	66.89203	0.7225887	1.180101	2.06893
61722	-1004.825	-1072.959	68.13445	1.366757	0.889753	0.7798676
61728	-1000.735	-1068.362	67.62703	1.366757	1.522213	0.7030954
61734	-1003.282	-1070.344	67.06148	0.4586008	1.208347	2.11481
61740	-1001.869	-1068.387	66.5181	0.4857179	1.161775	2.471325
61746	-997.6424	-1063.931	66.28888	0.5628813	1.161775	2.566187
61752	-1004.538	-1070.917	66.37889	0.3828	1.341613	2.527715
61758	-1006.35	-1073.373	67.02287	0.7732153	1.178107	1.949289
61764	-995.9939	-1063.389	67.3956	0.8852003	1.007282	1.726152
61770	-993.1042	-1060.639	67.53513	0.8763329	1.220165	1.488378
61776	-994.2395	-1062.066	67.82645	0.7790151	0.9693575	1.519042
61782	-999.1738	-1066.346	67.17219	0.6310411	1.579174	1.727443
61788	-999.0304	-1066.341	67.31079	0.7435077	1.007944	1.882398
61794	-987.0614	-1054.459	67.39806	0.7173802	1.007944	1.840603
61800	-997.1891	-1065.449	68.26029	1.302288	0.7222961	0.9422491
61806	-1002.004	-1070.263	68.25911	1.302288	0.7646429	0.8852919
61812	-991.818	-1058.912	67.09414	0.7444949	0.9450091	2.0697
61818	-991.1055	-1058.269	67.16327	0.7921451	1.034098	1.931963
61824	-998.6285	-1066.377	67.74868	0.8106455	0.9999681	1.530333
61830	-1005.851	-1073.455	67.60378	1.22893	0.8190075	1.471288
61836	-995.187	-1063.005	67.81841	1.119774	0.9062534	1.312861
61842	-1000.097	-1067.189	67.09251	0.8953239	1.430329	1.673953
61848	-993.0332	-1060.68	67.64698	0.9459233	0.989657	1.513032
61854	-992.0169	-1059.559	67.54222	0.7973926	1.111681	1.612766
61860	-995.9795	-1063.362	67.38237	0.7749707	0.9449655	1.855834
61866	-993.9185	-1061.415	67.4961	0.7026874	1.088085	1.728944
61872	-1003.671	-1070.238	66.56665	0.7362697	1.054863	2.345046
61878	-996.6844	-1063.531	66.84609	0.4642583	1.047142	2.345046
61884	-986.8832	-1053.952	67.06859	0.6317777	1.040381	2.097545
61890	-995.0297	-1062.251	67.22089	0.8348179	1.186552	1.766539
61896	-1002.289	-1069.415	67.12666	0.5473848	1.145757	2.049927
61902	-1005.606	-1072.614	67.00771	0.6654689	1.145757	2.050497
61908	-1004.052	-1071.321	67.26928	0.8541932	0.9179899	1.898307
61914	-999.7801	-1067.211	67.43136	0.7781697	1.112988	1.705017
61920	-997.4578	-1064.94	67.48184	0.9078748	0.8280416	1.783897
61926	-992.6493	-1059.97	67.32049	0.6785382	1.194636	1.800995
61932	-1003.133	-1069.551	66.41759	0.4450069	1.297025	2.487265
61938	-997.3504	-1064.138	66.78753	0.4309822	0.9154258	2.487265
61944	-997.7009	-1064.504	66.80332	0.1553705	1.079056	2.54693
61950	-1002.001	-1068.679	66.67819	0.1024776	1.292498	2.540726
61956	-1000.55	-1067.492	66.94138	0.2675884	1.02206	2.424653
61962	-1012.504	-1079.051	66.54673	2.491739	1.105265	0.1858056
61968	-1014.267	-1081.048	66.78149	2.491739	0.7804519	0.1579355
61974	-1009.898	-1076.898	66.99951	2.429093	0.770525	0.1971615
61980	-1011.536	-1078.258	66.72186	2.361109	1.035725	0.1795937
61986	-1005.799	-1072.498	66.6992	2.361109	1.009377	0.1667365
61992	-1005.821	-1072.766	66.94469	0.766389	0.9701972	2.136304
61998	-990.4067	-1057.881	67.47387	0.7324378	1.018389	1.77061
62004	-994.6696	-1061.612	66.9428	0.4146205	0.9085535	2.404594
62010	-997.5841	-1065.39	67.80556	0.5442916	0.6867262	1.930204
62016	-994.6867	-1061.63	66.94359	0.5868233	0.7686394	2.396214
62022	-1007.884	-1075.529	67.64464	1.194585	1.056208	1.269341
62028	-1004.389	-1072.01	67.62073	1.054277	1.101765	1.366998
62034	-993.7032	-1061.192	67.48841	0.8045498	0.9112985	1.786902
62040	-997.2911	-1065.063	67.77234	1.018845	1.210072	1.191734
62046	-1002.383	-1070.471	68.08751	1.279755	0.7874199	1.057473
62052	-991.7306	-1058.661	66.93013	0.6179384	1.131833	2.14095
62058	-993.6924	-1061.2	67.50771	0.6574216	0.7276849	2.018465
62064	-988.0948	-1054.958	66.86324	0.5923275	1.258733	2.128891
62070	-993.8544	-1061.564	67.71009	0.7006725	0.7968655	1.794541
62076	-1000.703	-1067.149	66.44606	0.4479291	1.258656	2.487563
62082	-996.8864	-1063.727	66.84107	0.4044592	1.208459	2.292341
62088	-995.6116	-1062.556	66.944	0.5867555	1.129084	2.153863
62094	-995.2855	-1062.05	66.7644	0.6693691	1.239231	2.153863
62100	-992.3278	-1059.074	66.74646	0.407796	0.9778142	2.486787
62106	-994.8436	-1061.022	66.17793	0.5082584	1.214755	2.639871
62112	-990.6403	-1057.351	66.71057	0.4511646	1.00314	2.466123
62118	-998.2525	-1065.732	67.47936	0.7274788	1.00314	1.780769
62124	-998.3637	-1064.727	66.36291	0.5598144	1.065418	2.577309
62130	-1003.743	-1071.591	67.84814	0.6817111	1.00314	1.549804
62136	-998.8105	-1066.384	67.573	0.858334	0.8564751	1.732243
62142	-1003.738	-1070.559	66.82069	2.367189	0.8838849	0.1659143
62148	-1001.532	-1067.844	66.31167	2.367189	1.427074	0.1619967
62154	-990.3193	-1057.416	67.0964	0.4545082	1.125472	2.14288
62160	-995.082	-1061.46	66.37767	0.2951809	0.901166	2.8328
62166	-997.1452	-1064.174	67.02918	0.2978491	0.9563291	2.391985
62172	-994.6293	-1061.544	66.91429	0.1953652	1.134677	2.420154
62178	-988.0502	-1054.369	66.31921	0.4017289	1.205293	2.623474
62184	-992.3548	-1058.893	66.53776	0.2036978	1.181842	2.623474
62190	-992.8169	-1060.032	67.21491	0.426637	1.027743	2.14409
62196	-996.5698	-1064.207	67.63746	0.7276293	0.9016631	1.743815
62202	-989.9418	-1056.715	66.77361	0.2878559	1.391165	2.314137
62208	-996.2335	-1063.096	66.86261	0.1965591	1.394117	2.314137
62214	-1004.065	-1070.846	66.78056	0.5021424	1.095354	2.333512
62220	-1006.324	-1074.038	67.71326	0.4470483	0.9396045	1.857638
62226	-1004.396	-1071.198	66.80176	0.5577185	1.499602	2.067902
62232	-1005.943	-1073.279	67.336	0.8961344	1.310052	1.565762
62238	-1013.558	-1081.512	67.9532	0.8859374	0.673125	1.601147
62244	-1006.783	-1073.963	67.17935	2.084571	0.9134213	0.1965033
62250	-1003.082	-1069.967	66.88453	2.077432	1.241916	0.1998178
62256	-1012.847	-1080.095	67.24762	2.077432	0.9404682	0.229724
62262	-1012.897	-1079.751	66.85366	2.077432	1.362512	0.2248214
62268	-1014.011	-1080.814	66.80284	2.077432	1.374869	0.209089
62274	-994.9428	-1062.552	67.60947	1.002909	0.6785562	1.757479
62280	-992.552	-1060.477	67.92467	0.9746704	0.9742453	1.286554
62286	-998.1829	-1066.307	68.12447	1.319934	0.9607776	0.7532756
62292	-994.8886	-1062.624	67.73589	1.441734	1.339297	0.6092763
62298	-1002.671	-1070.691	68.01936	1.386085	1.043049	0.6818771
62304	-997.4661	-1065.519	68.05282	1.386085	0.9892091	0.7165354
62310	-1011.032	-1078.366	67.33369	0.9064733	0.8927809	1.837171
62316	-1013.654	-1081.275	67.62099	0.9025684	1.218814	1.403582
62322	-1004.114	-1071.474	67.36003	1.04451	0.8934741	1.722329
62328	-1002.758	-1070.093	67.33548	1.04451	1.037743	1.634213
62334	-1002.367	-1070.338	67.97136	0.8835404	0.5365727	1.731263
62340	-1009.652	-1077.01	67.35868	1.053336	1.046824	1.604675
62346	-1016.201	-1083.237	67.03665	0.8530029	1.046824	1.967877
62352	-1002.982	-1070.413	67.43059	0.8985954	0.9762343	1.714067
62358	-1003.447	-1071.045	67.59838	0.9160868	1.234599	1.400136
62364	-1000.18	-1068.44	68.26034	1.164142	0.8191576	0.9638173
62370	-1000.025	-1067.898	67.87302	1.323391	1.148245	0.8437942
62376	-1008.641	-1075.851	67.20949	1.014701	1.442249	1.494581
62382	-1002.564	-1069.646	67.08174	0.594019	1.45039	1.880591
62388	-998.7161	-1066.064	67.34837	0.8972671	0.9050626	1.824255
62394	-998.0537	-1065.649	67.59483	0.8659038	1.200233	1.46417
62400	-993.462	-1061.118	67.65637	1.045309	1.258355	1.232858
62406	-991.079	-1058.912	67.83342	1.104193	1.012121	1.223083
62412	-988.9689	-1056.391	67.42213	0.7198239	0.9293415	1.877546
62418	-994.5181	-1062.201	67.68296	1.041237	0.9489847	1.445309
62424	-996.9847	-1064.62	67.63548	0.7382408	0.8970735	1.741246
62430	-1007.902	-1075.378	67.47638	0.7592456	0.8618362	1.863657
62436	-1015.404	-1082.557	67.1528	0.5287166	0.680248	2.37164
62442	-1005.274	-1072.143	66.86884	0.9445996	1.263879	1.887667
62448	-999.9582	-1067.139	67.18123	0.7373709	0.9994618	1.979667
62454	-1000.751	-1068.211	67.46015	0.7288737	0.9019412	1.865401
62460	-1014.831	-1081.598	66.76661	0.5917545	0.8956881	2.412759
62466	-1016.976	-1083.906	66.92959	0.698938	0.8047673	2.306484
62472	-1005.193	-1073.107	67.91363	0.7663882	0.8459572	1.562155
62478	-1011.26	-1078.758	67.49789	0.5335075	1.216514	1.765302
62484	-1008.341	-1075.548	67.20679	0.7662032	1.45272	1.67245
62490	-1005.961	-1073.592	67.63043	0.7919535	0.9427447	1.67245
62496	-1003.316	-1070.655	67.33955	0.6922768	1.282495	1.72593
62502	-998.4366	-1065.502	67.06519	0.362907	1.07482	2.252891
62508	-989.9491	-1057.401	67.45151	0.6831599	0.915856	1.89225
62514	-996.3421	-1063.836	67.49348	0.8760197	1.086284	1.608246
62520	-998.5316	-1066.348	67.81675	0.8760197	0.9997158	1.429738
62526	-1000.678	-1068.384	67.70583	0.9989065	1.168402	1.294657
62532	-1009.447	-1077.339	67.89186	1.309371	1.044891	0.9476637
62538	-1004.495	-1072.16	67.66487	1.176555	1.470199	0.9476637
62544	-999.856	-1067.19	67.33434	0.5347563	1.460542	1.741763
62550	-1000.589	-1068.107	67.51811	0.8653197	1.361114	1.421164
62556	-1000.165	-1068.101	67.93653	0.8784938	0.6590945	1.6323
62562	-997.9837	-1065.544	67.56066	0.8248881	0.7463786	1.854064
62568	-995.6605	-1062.739	67.07857	0.6085412	1.234985	1.989246
62574	-1006.62	-1074.945	68.32497	1.403731	0.5728029	0.9840424
62580	-1005.651	-1073.59	67.93917	1.313861	1.097316	0.8314574
62586	-1005.114	-1073.294	68.18045	1.313861	0.8306009	0.8725789
62592	-1003.886	-1072.178	68.29207	1.285496	0.8306009	0.7654735
62598	-1001.019	-1068.715	67.69619	1.27523	1.383482	0.8770368
62604	-995.85	-1063.704	67.85367	1.2003	0.9220579	1.202692
62610	-995.0382	-1063.012	67.97354	1.2003	0.9845811	1.03552
62616	-997.9799	-1065.874	67.89412	1.248452	0.997835	1.052725
62622	-995.7127	-1063.548	67.83553	1.196511	1.323352	0.8619363
62628	-993.3639	-1061.112	67.74853	1.294664	1.371981	0.7991664
62634	-994.4975	-1062.786	68.28819	1.012711	0.4530167	1.509353
62640	-991.9851	-1059.62	67.63498	0.747311	1.032891	1.635955
62646	-1001.114	-1068.792	67.67817	0.962799	1.032891	1.444323
62652	-1012.194	-1079.284	67.08942	0.5626491	1.166364	2.052239
62658	-1006.816	-1074.314	67.49855	0.880238	1.032428	1.638807
62664	-996.0576	-1063.038	66.98042	0.5583669	1.135981	2.144542
62670	-993.6181	-1061.227	67.60885	0.7667387	1.170935	1.547209
62676	-995.8667	-1063.264	67.39772	0.606528	1.05225	1.886967
62682	-995.6152	-1063.119	67.5038	0.6715857	1.172379	1.691148
62688	-997.876	-1064.937	67.06093	0.6256528	1.001251	2.1318
62694	-1009.907	-1076.926	67.01932	0.8496746	1.519486	1.711212
62700	-997.9519	-1065.762	67.8104	0.7880591	0.9970283	1.503337
62706	-998.1253	-1065.37	67.24454	0.8522008	0.981808	1.871352
62712	-1001.4	-1069.026	67.62591	0.9922207	1.076823	1.429474
62718	-1006.328	-1074.283	67.95568	0.9508564	0.8027202	1.429474
62724	-1002.221	-1069.865	67.64377	0.7560963	0.8208782	1.782592
62730	-999.6269	-1067.448	67.8212	1.004777	0.8824056	1.421769
62736	-1006.664	-1074.606	67.94144	1.339372	0.5897691	1.355505
62742	-1002.469	-1070.386	67.91784	1.168485	0.7328861	1.355505
62748	-1005.077	-1072.604	67.52712	0.8088285	0.9992857	1.692813
62754	-1009.117	-1077.022	67.90529	0.9921502	0.9992857	1.267326
62760	-1010.617	-1078.626	68.00979	1.268096	0.8242004	1.100516
62766	-1008.904	-1076.676	67.77247	1.237152	1.082012	1.100516
62772	-1007.27	-1074.854	67.58337	1.49636	1.37246	0.7468753
62778	-1005.269	-1073.008	67.739	1.286766	1.442418	0.7468753
62784	-1004.071	-1071.124	67.05338	1.004771	1.26956	1.714957
62790	-1003.443	-1071.322	67.8787	1.181675	1.023532	1.105558
62796	-1006.046	-1073.624	67.57892	1.155677	1.609226	0.9547782
62802	-996.8557	-1064.466	67.61072	0.9994226	0.8814976	1.58431
62808	-1002.293	-1069.383	67.09007	0.7871084	1.174495	1.896655
62814	-1005.546	-1073.78	68.23338	1.1408	0.7473066	1.096581
62820	-1007.209	-1074.418	67.20888	0.8613762	1.222874	1.73427
62826	-1013.146	-1081.02	67.87413	1.070668	0.7396441	1.458724
62832	-1002.751	-1070.117	67.3661	0.7973046	0.919444	1.870071
62838	-1003.021	-1069.348	66.32766	0.7532862	1.126787	2.442747
62844	-1015.148	-1082.532	67.38361	0.6683401	1.25753	1.726434
62850	-998.6828	-1065.205	66.5218	0.7747742	1.175681	2.278044
62856	-997.9914	-1064.842	66.85055	0.5155068	1.273006	2.179397
62862	-1001.093	-1069.04	67.94787	0.8087575	0.8390629	1.511174
62868	-999.9646	-1067.375	67.41015	0.8087575	0.7914092	1.930122
62874	-1004.656	-1072.256	67.60066	0.7593274	0.9540683	1.708391
62880	-1001.849	-1069.205	67.35564	0.6602265	0.9942665	1.917749
62886	-1000.827	-1067.965	67.13808	0.598763	0.9303055	2.146538
62892	-1001.573	-1069.692	68.11847	0.9893164	0.9303055	1.148261
62898	-999.2771	-1067.1	67.82284	1.09729	0.9405412	1.297998
62904	-1009.526	-1077.65	68.12342	1.55824	0.7646601	0.7258904
62910	-1008.786	-1076.977	68.19069	1.313399	0.8019408	0.899602
62916	-1003.664	-1071.831	68.16741	1.515413	0.7431575	0.7644214
62922	-1003.08	-1070.786	67.70612	1.523325	1.262773	0.6368237
62928	-1008.193	-1076.278	68.08544	1.403574	0.974138	0.6517091
62934	-1001.467	-1069.792	68.32491	1.462066	0.6496784	0.7897208
62940	-1000.61	-1068.782	68.1718	1.462066	0.8523723	0.6176852
62946	-1003.596	-1071.826	68.23034	1.503971	0.7078213	0.7546444
62952	-1007.613	-1075.008	67.39535	2.151444	0.8427098	0.2918944
62958	-1008.055	-1075.309	67.25358	2.151444	0.9957545	0.3079693
62964	-1002.828	-1070.71	67.88209	1.443335	1.114045	0.7050502
62970	-1004.145	-1072.158	68.01306	1.566399	0.9180773	0.558818
62976	-999.6278	-1067.325	67.69682	1.566399	1.248154	0.575213
62982	-996.1729	-1064.105	67.93172	1.54274	1.022965	0.5466161
62988	-997.9273	-1065.872	67.94503	1.519599	0.9566247	0.7287776
62994	-1012.578	-1079.958	67.38008	1.890272	1.108318	0.2885707
63000	-1008.985	-1076.017	67.03164	1.890272	1.594878	0.3208115
63006	-1002.695	-1069.78	67.08549	1.920039	1.525264	0.3564037
63012	-1006.293	-1073.844	67.55131	1.920039	0.9712147	0.3472412
63018	-1009.955	-1077.192	67.2365	1.985134	1.132239	0.2715475
63024	-1000.15	-1067.357	67.20671	1.657855	1.797129	0.5642908
63030	-1002.049	-1069.986	67.93742	1.648048	0.9013773	0.601961
63036	-1003.871	-1071.59	67.71903	1.681317	1.076441	0.6244405
63042	-1004.139	-1072.097	67.95884	1.703271	0.8323395	0.409848
63048	-1011.077	-1078.911	67.83361	1.962672	0.7018429	0.3667594
63054	-1010.232	-1077.964	67.73223	2.043724	0.6557758	0.2897762
63060	-1005.261	-1072.72	67.45862	2.043724	0.8592584	0.2750268
63066	-1005.624	-1073.451	67.82731	2.043724	0.5744666	0.276009
63072	-1011.749	-1079.207	67.45856	2.043724	0.9122979	0.3169418
63078	-1009.557	-1077.19	67.63301	2.061507	0.7004352	0.2755016
63084	-1013.061	-1080.49	67.42957	2.061507	0.8900061	0.2897618
63090	-999.4891	-1066.941	67.45197	2.132574	0.7267685	0.2358141
63096	-1003.349	-1070.755	67.40526	1.918715	1.057412	0.2925099
63102	-1001.926	-1070.04	68.11398	1.014913	0.7359138	1.318471
63108	-999.5756	-1067.553	67.97702	1.089269	0.7876623	1.317888
63114	-1010.157	-1077.403	67.24626	1.812945	1.513981	0.4477254
63120	-1001.597	-1069.627	68.03009	1.815946	0.6945096	0.4609242
63126	-1002.06	-1070.253	68.19388	1.815946	0.5501339	0.365346
63132	-1007.917	-1076.003	68.0865	1.882803	0.6069563	0.4910834
63138	-1002.747	-1070.45	67.70303	1.756202	1.028433	0.4210491
63144	-997.9681	-1065.967	67.99921	1.912117	0.6466748	0.4678711
63150	-998.5352	-1066.73	68.19499	1.714622	0.6409056	0.5809642
63156	-1001.725	-1069.972	68.24665	1.78123	0.5217155	0.7130603
63162	-994.537	-1062.849	68.31216	1.297902	0.7443269	0.8575641
63168	-998.2321	-1066.279	68.04658	1.297902	0.9852887	0.8527399
63174	-1003.188	-1070.73	67.54244	0.9564395	1.220279	1.421712
63180	-1005.241	-1072.938	67.69726	1.397576	1.250072	0.859258
63186	-1000.452	-1068.201	67.74828	1.373549	1.176578	0.9015372
63192	-1000.384	-1068.753	68.36853	1.269032	0.6930729	0.9015372
63198	-1000.25	-1068.279	68.02921	1.173179	0.9403202	1.051841
63204	-998.7182	-1066.406	67.68826	0.8736412	1.493788	1.194368
63210	-1006.496	-1072.938	66.44268	0.3709666	1.164906	2.588097
63216	-1003.735	-1070.173	66.43779	0.5517739	0.9797881	2.588097
63222	-1004.045	-1070.916	66.8714	0.8390405	1.269002	1.954395
63228	-1005.8	-1073.345	67.54516	0.7869253	1.316173	1.487744
63234	-1009.207	-1076.25	67.04325	0.5181025	1.217027	2.082798
63240	-1001.309	-1069.387	68.07778	0.8123252	1.083833	1.2046
63246	-1000.542	-1068.257	67.71528	1.049111	0.9026214	1.452125
63252	-1004.342	-1071.212	66.86993	0.5415388	0.8581401	2.405386
63258	-1003.145	-1070.195	67.05013	0.3120574	0.988547	2.348854
63264	-1003.095	-1070.349	67.25392	0.8585363	0.9808407	1.861288
63270	-999.6115	-1067.686	68.07465	1.109122	0.7962843	1.212245
63276	-1003.672	-1070.736	67.06385	0.9055302	1.265327	1.77962
63282	-998.0899	-1066.378	68.28849	1.686408	0.5387992	0.7537339
63288	-1005.042	-1072.427	67.3853	1.56825	1.603622	0.6705792
63294	-1001.31	-1069.18	67.86992	0.8772718	1.200847	1.235954
63300	-1001.383	-1069.146	67.76271	0.9590585	0.907187	1.480726
63306	-999.0474	-1066.846	67.79899	1.10834	1.140431	1.144096
63312	-1001.575	-1069.253	67.67788	0.885159	1.255802	1.347839
63318	-997.9418	-1065.751	67.80875	0.9384506	0.8689457	1.49305
63324	-1009.95	-1077.661	67.71132	0.9384506	0.9023212	1.538482
63330	-1002.089	-1069.982	67.89229	1.49451	1.113901	0.5527459
63336	-1002.547	-1070.498	67.95079	1.733306	0.8285122	0.5218776
63342	-1001.087	-1068.882	67.79572	1.517834	1.188122	0.5803643
63348	-1000.33	-1068.256	67.92628	1.517834	0.9964141	0.6951826
63354	-999.3137	-1067.156	67.84282	1.155259	1.148403	1.054211
63360	-994.5766	-1062.821	68.24425	1.245665	0.6422791	1.11649
63366	-996.0701	-1064.184	68.11409	1.032113	0.7594765	1.280651
63372	-1013.488	-1081.178	67.68997	1.445724	0.9825509	1.07375
63378	-1006.702	-1074.649	67.94644	1.157282	1.137016	0.959435
63384	-998.6296	-1066.216	67.58609	0.8445511	0.9293475	1.676598
63390	-998.3106	-1065.697	67.38685	0.923045	1.488451	1.402751
63396	-996.759	-1063.728	66.96912	0.8711614	1.206919	1.902412
63402	-996.3194	-1063.545	67.22506	0.8567823	1.183814	1.749958
63408	-1003.026	-1070.36	67.33368	0.8567823	0.8786082	1.881773
63414	-1002.217	-1069.602	67.38426	0.9157848	0.7831961	1.881773
63420	-1017.129	-1084.363	67.23365	0.645009	1.198544	1.881276
63426	-1009.334	-1076.46	67.12621	0.8010659	1.081603	1.92021
63432	-1003.054	-1069.944	66.89007	0.5569315	0.995051	2.290624
63438	-1014.673	-1082.164	67.49126	0.4970823	0.7808278	2.091998
63444	-1004.905	-1072.663	67.75827	0.8500645	0.9699739	1.516437
63450	-1012.387	-1079.678	67.29032	1.004105	1.282085	1.536756
63456	-1011.633	-1079.384	67.75092	0.9265753	0.9850341	1.452735
63462	-1002.19	-1069.799	67.60895	0.9955139	1.444755	1.189221
63468	-999.0353	-1066.657	67.62194	1.512424	1.188288	0.8753952
63474	-1007.248	-1074.395	67.14671	0.5639158	1.083059	2.063939
63480	-1000.095	-1068.427	68.33227	1.586357	0.6402078	0.4576808
63486	-995.2955	-1063.137	67.84135	1.672932	0.9833471	0.4576808
63492	-998.6645	-1066.672	68.00768	1.565988	0.9230917	0.5609695
63498	-997.9087	-1065.872	67.96345	1.615772	0.9230917	0.5261797
63504	-996.8676	-1064.966	68.09841	1.204345	0.9477988	0.9432982
63510	-1002.65	-1070.64	67.98973	1.204345	0.9758547	1.024466
63516	-1006.057	-1073.86	67.80305	1.339328	1.105223	0.9494732
63522	-1011.02	-1078.265	67.2451	0.951447	1.84664	1.299911
63528	-1002.626	-1070.496	67.86998	0.9849624	0.9471072	1.344915
63534	-1014.99	-1082.739	67.74917	1.563697	1.197349	0.5477682
63540	-1007.015	-1074.922	67.90686	1.099735	1.298505	0.9142317
63546	-1000.669	-1068.173	67.50449	1.247508	1.373736	1.10699
63552	-994.6103	-1062.199	67.58911	1.060659	1.110737	1.380298
63558	-996.0937	-1063.575	67.48173	1.153876	0.6531178	1.765227
63564	-1003.701	-1070.391	66.69004	0.6457217	0.8706101	2.44432
63570	-1001.776	-1069.361	67.58533	0.832904	1.116649	1.551946
63576	-1004.459	-1071.966	67.50752	0.7327521	0.8429419	1.875011
63582	-997.3531	-1065.019	67.66623	0.8265542	0.9724663	1.599644
63588	-1001.888	-1069.672	67.78357	0.8275384	0.9009638	1.568067
63594	-1004.997	-1071.842	66.84491	0.8130083	0.7585537	2.323131
63600	-999.0371	-1067.043	68.00631	1.182422	1.042477	0.963231
63606	-1006.779	-1074.706	67.92689	0.9171303	1.413986	0.9889735
63612	-999.25	-1067.559	68.3086	0.9760185	0.9231304	0.9889735
63618	-1003.918	-1071.896	67.97802	0.8771414	0.6921291	1.571054
63624	-1006.48	-1074.269	67.78888	1.005544	0.8762231	1.45119
63630	-1002.545	-1070.066	67.5209	0.8636889	0.8245857	1.790226
63636	-999.2903	-1067.167	67.87654	0.9873074	0.9558504	1.330563
63642	-1001.969	-1069.725	67.75549	1.068366	1.322577	1.078344
63648	-1001.531	-1069.348	67.81744	1.0479	0.911469	1.366502
63654	-1002.573	-1070.747	68.17332	1.0479	0.9446742	1.029341
63660	-1016.006	-1082.427	66.42073	0.7547174	1.120925	2.386544
63666	-1013.873	-1080.617	66.74366	0.581269	0.952409	2.395879
63672	-1010.566	-1077.33	66.76395	0.4100634	1.27335	2.302818
63678	-1010.68	-1077.478	66.798	0.6604763	1.708392	1.904372
63684	-1013.6	-1081.516	67.9154	1.767747	0.8226144	0.5687844
63690	-1000.941	-1069.306	68.3655	1.190334	0.7423078	0.9223447
63696	-1006.6	-1074.913	68.31251	1.502356	0.6291938	0.7904959
63702	-1003.451	-1071.855	68.40393	1.539156	0.5842496	0.6929712
63708	-1001.322	-1069.249	67.92769	1.539156	0.9763079	0.6908472
63714	-1002.338	-1070.168	67.83057	1.485492	1.159694	0.6427679
63720	-1003.402	-1071.122	67.72035	1.485492	1.30501	0.607954
63726	-1000.019	-1067.811	67.79145	1.504702	1.210298	0.5730983
63732	-1002.05	-1069.233	67.18294	0.4031848	0.8662903	2.288632
63738	-997.1784	-1063.97	66.79187	0.3458159	1.124068	2.408581
63744	-1005.115	-1072.293	67.17833	0.2919135	0.9492654	2.305663
63750	-1001.714	-1068.411	66.69692	0.3695456	0.9492654	2.559837
63756	-998.0746	-1064.868	66.79375	0.4551738	0.7531041	2.584243
63762	-1001.144	-1068.114	66.96972	0.5958517	1.042855	2.183921
63768	-1007.966	-1074.893	66.92694	0.4287344	1.401087	2.119178
63774	-990.5181	-1057.935	67.41686	0.8816118	0.7170425	1.938298
63780	-988.9163	-1056.191	67.27449	0.6039591	0.8071227	2.143498
63786	-997.7935	-1065.147	67.35397	0.7087677	1.042477	1.853492
63792	-999.4691	-1067.107	67.63742	0.6558698	0.6490769	2.002122
63798	-997.38	-1064.89	67.50961	0.6994024	1.096979	1.715876
63804	-995.1633	-1062.673	67.50973	0.6994024	0.9364848	1.826379
63810	-998.0442	-1065.363	67.31871	0.6009929	1.327012	1.778918
63816	-995.0217	-1062.547	67.52549	0.6792545	0.8448272	1.897723
63822	-997.4016	-1064.882	67.47991	0.6180967	1.105415	1.788056
63828	-1001.302	-1068.145	66.84246	0.5200506	1.105415	2.276581
63834	-997.9755	-1065.377	67.40162	0.7056596	1.208594	1.716876
63840	-998.6255	-1066.057	67.43102	0.4013993	0.6648568	2.288694
63846	-996.0215	-1062.936	66.91449	0.4965576	0.9880166	2.318108
63852	-1008.874	-1075.952	67.07821	0.4127484	1.109663	2.191295
63858	-1005.897	-1073.046	67.1492	0.6132885	1.312806	1.894844
63864	-996.7284	-1064.02	67.29204	0.692426	0.7286725	2.136617
63870	-997.7557	-1065.113	67.35717	0.8123352	1.124206	1.725987
63876	-990.6762	-1057.964	67.28786	0.8367626	1.160546	1.734432
63882	-986.9456	-1053.746	66.80057	0.6719247	1.122494	2.195606
63888	-993.2104	-1060.636	67.42568	0.8202455	1.330667	1.543291
63894	-997.1303	-1064.665	67.53451	0.9445555	1.004043	1.586426
63900	-994.8924	-1062.217	67.32485	0.7848962	1.261805	1.682997
63906	-995.375	-1062.764	67.38911	0.6990728	0.6521132	2.134639
63912	-1001.475	-1068.876	67.40094	0.9108439	0.6945942	1.948887
63918	-998.7439	-1065.241	66.49726	0.7614412	0.5426276	2.757321
63924	-1003.312	-1069.172	65.85965	0.4753034	0.8786553	3.051156
63930	-1004.033	-1071.974	67.94109	1.084819	1.124633	1.048251
63936	-1003.272	-1071.461	68.18905	1.249786	0.8161022	0.9525233
63942	-1000.428	-1068.242	67.81437	1.228204	1.050815	1.097555
63948	-998.9067	-1066.783	67.87636	0.999645	0.9016792	1.366404
63954	-999.3296	-1067.266	67.93634	0.9334832	0.8643271	1.403317
63960	-1001.421	-1069.101	67.68045	1.070937	1.012479	1.374304
63966	-1001.531	-1069.864	68.33256	1.205356	0.6384748	1.077224
63972	-1000.085	-1068.291	68.20624	1.205356	0.8641539	0.9230918
63978	-995.9555	-1064	68.04485	1.205356	1.03302	0.9070414
63984	-999.5576	-1067.152	67.59474	1.008544	1.380321	1.232441
63990	-1003.518	-1071.008	67.48987	0.3990619	0.8000996	2.142051
63996	-999.2791	-1066.19	66.9114	0.295807	1.204501	2.319006
64002	-992.8943	-1059.848	66.95351	0.5999559	1.260435	2.063668
64008	-1003.819	-1070.746	66.92685	0.6160552	1.273069	2.063668
64014	-1005.023	-1072.77	67.74665	1.195736	0.9767987	1.248861
64020	-1017.608	-1085.307	67.69962	2.148415	0.6267397	0.3139897
64026	-1012.947	-1080.211	67.26381	2.195167	0.8040329	0.2225664
64032	-999.9893	-1066.989	66.99973	0.6511708	0.9669168	2.177662
64038	-1003.937	-1070.794	66.85642	0.4989818	1.017233	2.33497
64044	-1007.441	-1075.284	67.8436	1.011883	0.748042	1.518109
64050	-1001.595	-1069.353	67.75804	0.9694154	1.136215	1.299703
64056	-1010.347	-1077.161	66.81364	0.8942525	1.826989	1.678078
64062	-1003.212	-1070.994	67.78244	0.8487969	0.7566509	1.673704
64068	-996.7611	-1064.309	67.54805	1.005241	0.9791028	1.55037
64074	-997.0652	-1064.917	67.85228	1.023503	1.225675	1.104877
64080	-999.3133	-1067.285	67.97177	1.160083	1.076039	0.9885968
64086	-997.9488	-1065.881	67.93191	1.176991	1.027128	1.057137
64092	-996.7808	-1064.624	67.84274	1.387456	0.8668863	1.099894
64098	-1001.933	-1069.786	67.85301	1.387456	1.03017	0.9208674
64104	-1007.054	-1074.614	67.56009	1.32346	1.641939	0.7449058
64110	-1010.733	-1078.856	68.12316	1.387456	0.8502347	0.8255483
64116	-1001.348	-1069.306	67.95823	1.514243	1.003719	0.6206348
64122	-995.6943	-1063.651	67.95641	1.583884	0.9176885	0.6673695
64128	-996.4738	-1064.657	68.18283	1.585131	0.7321738	0.6395755
64134	-1002.824	-1071.3	68.47579	1.585131	0.4503436	0.8367613
64140	-996.8539	-1065.49	68.63649	1.367697	0.4503436	0.9034943
64146	-997.2351	-1064.968	67.73339	1.298704	1.261404	0.9200315
64152	-1004.85	-1073.425	68.57495	1.288997	0.5469821	0.8806078
64158	-1000.057	-1067.906	67.84903	1.231855	0.9908598	1.11646
64164	-992.4226	-1060.029	67.60597	1.158113	1.162137	1.250371
64170	-996.3516	-1064.197	67.84505	1.158113	1.031798	1.149684
64176	-990.8351	-1058.812	67.97677	1.149586	0.9113348	1.149684
64182	-999.846	-1067.407	67.56106	1.183422	1.572369	0.9713804
64188	-991.2957	-1058.971	67.67577	1.103111	1.148315	1.248376
64194	-1002.866	-1070.27	67.404	1.103111	1.13292	1.474452
64200	-998.4875	-1066.401	67.914	1.103111	1.000831	1.164345
64206	-994.9634	-1062.639	67.67551	1.125423	1.009425	1.337456
64212	-991.1008	-1059.11	68.00966	1.261721	0.8765069	1.051449
64218	-988.6851	-1056.308	67.62252	1.278592	1.368386	0.9668653
64224	-1000.811	-1069.036	68.22476	1.329334	0.8205169	0.8133679
64230	-1006.79	-1073.642	66.85173	0.829157	1.406544	1.899833
64236	-1001.298	-1068.813	67.51468	0.9621688	1.0774	1.535669
64242	-1002.307	-1069.899	67.59235	1.001921	1.242528	1.331871
64248	-1008.613	-1076.142	67.52893	0.9399563	1.277415	1.407548
64254	-1002.101	-1069.836	67.73425	1.120731	1.053202	1.258695
64260	-1004.896	-1072.362	67.4651	0.8252599	0.6791144	1.976958
64266	-995.4146	-1062.901	67.4866	0.8185465	0.8537432	1.822178
64272	-1001.815	-1069.257	67.44198	0.7691066	0.8737786	1.871347
64278	-998.5664	-1065.438	66.87149	0.6099821	0.8883451	2.33987
64284	-989.9046	-1057.395	67.49055	0.6429094	0.9329761	1.880722
64290	-1011.005	-1078.447	67.44221	1.294544	1.180409	1.259612
64296	-1008.984	-1076.952	67.96839	1.294544	1.052268	0.87118
64302	-989.0507	-1056.313	67.26251	0.7721154	1.520377	1.591954
64308	-996.302	-1063.595	67.29333	0.4756636	0.8910576	2.153018
64314	-1001.725	-1069.465	67.73974	0.9249019	0.7282526	1.675128
64320	-997.9624	-1065.465	67.50278	0.7562847	0.9566254	1.7773
64326	-997.2967	-1064.645	67.34823	0.6750096	0.9775467	1.924192
64332	-1011.99	-1079.375	67.38497	0.9764151	0.9645013	1.699781
64338	-1006.522	-1074.122	67.60001	0.9382994	0.6185155	1.865688
64344	-988.9608	-1055.881	66.92006	0.7647051	1.224949	1.996536
64350	-1010.052	-1077.988	67.93688	0.7570215	0.7077128	1.672974
64356	-1007.383	-1075.368	67.98465	0.9089402	0.7759276	1.463774
64362	-1001.684	-1069.823	68.13858	1.170566	0.7759276	1.123886
64368	-1002.136	-1070.2	68.06332	1.265635	0.9246053	0.9413502
64374	-1003.53	-1071.777	68.24708	1.514989	0.7512331	0.5918803
64380	-1005.267	-1072.814	67.54706	0.7031648	0.6624872	2.018604
64386	-1007.939	-1075.186	67.24677	0.7597543	0.9446775	1.958251
64392	-1015.227	-1082.728	67.50117	0.357842	0.9377783	2.061247
64398	-1003.79	-1071.075	67.28493	0.4484844	1.023253	2.086821
64404	-999.3551	-1066.852	67.49675	0.7171173	1.015746	1.767162
64410	-999.037	-1066.188	67.15078	0.1981285	0.8998391	2.415891
64416	-1002.427	-1069.299	66.8722	0.2789869	1.178412	2.369136
64422	-1001.954	-1068.867	66.91326	0.423412	1.267821	2.201237
64428	-995.7216	-1062.957	67.23494	0.3775923	0.8927402	2.253035
64434	-998.0664	-1064.665	66.59861	0.4120213	1.270415	2.40808
64440	-1005.572	-1072.159	66.58718	0.55222	1.438752	2.240789
64446	-1006.609	-1073.558	66.94913	0.3451374	1.153631	2.292106
64452	-1005.412	-1072.446	67.03334	0.5764697	1.495005	1.902832
64458	-1004.587	-1071.804	67.21743	0.5985375	1.379887	1.821641
64464	-1009.638	-1076.829	67.19153	0.4223771	1.340096	1.980138
64470	-1003.617	-1071.593	67.97591	1.151565	0.6334958	1.426249
64476	-997.9229	-1065.109	67.18609	0.8940522	0.967235	1.892772
64482	-995.2377	-1062.775	67.53719	0.7284168	0.7458854	1.935949
64488	-997.396	-1065.303	67.90745	0.7284168	0.8635387	1.580042
64494	-997.8259	-1065.388	67.56177	0.6881508	0.8495922	1.863286
64500	-997.0386	-1064.602	67.56358	0.8953298	0.8900623	1.686489
64506	-991.0955	-1058.159	67.06332	0.8411403	1.179331	1.875186
64512	-988.7703	-1056.181	67.41031	0.8300471	0.8115098	1.899577
64518	-995.3113	-1062.366	67.05468	0.8757415	1.25622	1.811907
64524	-1000.299	-1067.942	67.64298	1.379654	1.218158	0.9691464
64530	-992.4048	-1060.466	68.06117	1.176235	1.068018	0.883336
64536	-988.1028	-1056.573	68.47056	1.257818	0.6468188	0.8685725
64542	-991.8005	-1059.979	68.17839	1.327053	0.8801871	0.7884805
64548	-992.614	-1060.824	68.2101	1.327053	0.8181236	0.8383596
64554	-998.3891	-1065.584	67.1947	0.5660684	0.8730325	2.171242
64560	-992.484	-1060.579	68.09485	1.3833	0.9543898	0.710404
64566	-988.2976	-1056.293	67.99545	1.3833	1.026779	0.752277
64572	-991.3514	-1058.89	67.53884	0.762444	0.9841861	1.728043
64578	-999.9556	-1067.194	67.23798	0.8076556	0.7299985	2.09547
64584	-1000.976	-1068.475	67.4989	1.559921	1.499283	0.5980011
64590	-993.7941	-1060.877	67.08297	0.7422039	0.9940901	2.045409
64596	-997.6864	-1065.39	67.7037	0.7682298	0.9521529	1.629892
64602	-1004.394	-1072.723	68.32885	1.631253	0.5895678	0.6435062
64608	-1003.59	-1071.529	67.93885	1.631253	0.930617	0.5360596
64614	-996.2733	-1063.323	67.05013	0.6034045	1.095643	2.093758
64620	-994.7218	-1061.505	66.78329	0.6311958	0.9221474	2.359284
64626	-991.0833	-1057.557	66.47377	0.2428182	1.137655	2.663179
64632	-994.6152	-1060.702	66.0865	0.4450416	1.355947	2.663179
64638	-998.7951	-1065.943	67.14825	0.4546481	0.9764862	2.202427
64644	-1002.787	-1070.477	67.69074	1.982218	0.7794166	0.335683
64650	-995.3116	-1062.47	67.1588	0.3611803	0.9764862	2.255874
64656	-993.4758	-1060.405	66.92929	0.3018701	1.213955	2.298492
64662	-997.5425	-1064.953	67.41069	0.2362377	0.9096628	2.219102
64668	-1005.04	-1071.511	66.47138	0.294525	1.031217	2.69445
64674	-997.1338	-1063.543	66.40959	0.2119925	1.087463	2.749857
64680	-1000.257	-1066.868	66.61125	0.5040748	0.757986	2.663054
64686	-997.0545	-1064.543	67.48823	0.6750074	0.8948303	1.888226
64692	-993.3873	-1060.479	67.09173	0.7077308	1.058395	2.020633
64698	-998.6609	-1065.62	66.9591	0.7686202	1.140618	2.017417
64704	-1004.261	-1070.88	66.61838	0.9836613	0.9784109	2.201718
64710	-996.244	-1063.246	67.00194	2.389014	0.8651398	0.223332
64716	-998.6505	-1065.624	66.97303	2.151985	1.026229	0.1891601
64722	-995.6882	-1062.502	66.81372	2.151985	1.412072	0.2590566
64728	-994.5513	-1061.508	66.95702	2.003279	1.445935	0.2705377
64734	-990.3174	-1057.563	67.24598	2.003279	1.07212	0.2557939
64740	-1000.736	-1068.25	67.51315	1.864028	1.038965	0.3204899
64746	-995.5358	-1063.306	67.7698	1.969407	0.7061667	0.3125904
64752	-1013.102	-1079.742	66.63991	0.5227135	2.094901	1.944493
64758	-1009.786	-1077.254	67.46824	0.8084363	0.9750598	1.75181
64764	-1005.149	-1072.819	67.66971	0.8645527	1.238433	1.382135
64770	-993.2615	-1060.692	67.43066	2.044904	0.8574556	0.2585669
64776	-996.7572	-1063.793	67.03566	2.113707	1.13145	0.2343266
64782	-992.6605	-1059.886	67.22558	2.113707	0.9713844	0.2510954
64788	-992.6635	-1059.457	66.79319	2.054082	1.551142	0.2510954
64794	-996.9154	-1064.041	67.12594	2.130795	0.9858897	0.2208716
64800	-997.648	-1064.764	67.11591	2.130795	0.9858897	0.2169651
64806	-998.6561	-1065.678	67.02236	2.274697	0.926027	0.2126045
64812	-1002.537	-1068.879	66.34226	0.5453392	0.9856499	2.647446
64818	-1006.109	-1072.8	66.69094	0.4638806	1.429686	2.235299
64824	-999.1415	-1066.389	67.24788	0.6970223	1.016801	1.95047
64830	-1007.257	-1073.356	66.0987	2.570458	1.184514	0.1212515
64836	-1003.114	-1070.099	66.98501	2.117782	1.09574	0.2034593
64842	-1001.698	-1068.706	67.00794	2.117782	1.09574	0.2115954
64848	-1002.944	-1069.983	67.03961	2.117782	1.101126	0.2258489
64854	-1003.57	-1071.173	67.60249	1.076429	0.8969962	1.521108
64860	-1001.961	-1070.135	68.17418	1.073565	0.7371591	1.219073
64866	-1004.192	-1071.966	67.77398	1.031881	0.921885	1.404342
64872	-994.7516	-1061.818	67.06634	2.109388	1.083336	0.2265465
64878	-995.0503	-1062.016	66.96572	2.123434	1.083336	0.1950923
64884	-990.2305	-1057.041	66.81043	2.350227	0.9582311	0.1795926
64890	-994.0052	-1060.834	66.82829	2.350227	0.9410555	0.1795926
64896	-994.8006	-1061.206	66.40523	2.350227	1.133904	0.1280608
64902	-990.9866	-1057.788	66.8018	2.350227	0.8668337	0.1531137
64908	-989.6862	-1055.972	66.28577	2.350227	1.423383	0.1515677
64914	-991.8376	-1058.873	67.03557	2.350227	0.7130803	0.1648204
64920	-998.6639	-1065.797	67.13336	0.5595744	1.18112	2.016481
64926	-993.6192	-1060.662	67.04304	0.622909	1.212028	2.016481
64932	-989.9794	-1056.409	66.42934	2.229568	1.463512	0.1638289
64938	-992.4347	-1059.055	66.61982	2.229568	1.281737	0.1760298
64944	-997.0391	-1064.415	67.37586	1.008962	0.8483564	1.771188
64950	-993.9055	-1061.966	68.06028	1.020822	0.9670955	1.13796
64956	-989.1198	-1056.546	67.42602	0.8218407	0.8689818	1.849835
64962	-989.0225	-1055.851	66.82856	0.733719	1.178898	2.104043
64968	-986.7835	-1054.239	67.45527	0.7325467	0.7113508	2.017237
64974	-986.1257	-1053.688	67.56232	0.6565276	0.8370649	1.894146
64980	-1006.279	-1072.715	66.43632	2.589127	0.7814967	0.1127664
64986	-1006.235	-1072.705	66.47013	2.540337	0.7849408	0.1111999
64992	-998.3552	-1065.154	66.79841	0.6065401	1.526584	2.024795
64998	-993.4459	-1060.71	67.26406	0.5874243	0.9988617	2.024795
65004	-993.7065	-1060.853	67.14695	0.8519053	1.046259	1.894561
65010	-994.2539	-1062.107	67.85359	1.772726	0.8156741	0.3319179
65016	-993.6474	-1061.177	67.52931	1.772726	1.136916	0.3366004
65022	-991.3141	-1059.132	67.81754	1.809782	0.8222702	0.3408142
65028	-989.3924	-1057.195	67.80219	1.809782	0.8757256	0.4068801
65034	-988.2692	-1055.596	67.32731	0.747695	1.095959	1.81008
65040	-997.6886	-1065.096	67.40752	0.6908944	1.110457	1.784537
65046	-1001.001	-1067.879	66.87787	0.6717928	1.110457	2.15269
65052	-999.6776	-1066.351	66.67339	0.7127799	0.8111671	2.455148
65058	-993.3617	-1060.067	66.70526	0.6674082	1.660833	1.983614
65064	-986.5936	-1054.061	67.46763	0.8747181	1.186108	1.561834
65070	-991.6357	-1058.384	66.74806	0.7073743	1.128	2.203388
65076	-985.828	-1053.09	67.26162	0.669874	0.9163785	2.028267
65082	-995.2477	-1063.285	68.03765	1.375091	0.9073359	0.8682691
65088	-994.1178	-1061.97	67.8519	1.199585	1.214098	0.9425609
65094	-998.3517	-1065.539	67.18771	0.707448	1.126169	1.913944
65100	-1004.245	-1071.832	67.58721	0.9173902	1.398254	1.302406
65106	-1000.904	-1068.785	67.88082	0.9149246	0.7390335	1.57057
65112	-1001.166	-1068.529	67.36287	1.082944	0.9203225	1.672607
65118	-991.0581	-1058.816	67.75757	0.9387969	0.9627691	1.455661
65124	-996.0334	-1063.92	67.88627	1.259815	1.000716	1.046615
65130	-1004.449	-1070.983	66.53374	0.5114658	1.299748	2.370885
65136	-1011.381	-1078.412	67.03088	0.2822487	1.115028	2.302483
65142	-998.5905	-1066.138	67.54788	0.9295889	0.8524603	1.702881
65148	-995.8781	-1062.734	66.85593	0.7126749	1.282086	2.041728
65154	-987.0956	-1054.17	67.074	0.5699312	1.271866	1.997315
65160	-994.8903	-1061.878	66.98776	0.9224608	1.527651	1.677773
65166	-995.7772	-1063.007	67.22974	0.8459757	1.011768	1.865205
65172	-991.0751	-1058.334	67.25887	0.6746305	1.011768	1.961476
65178	-997.1155	-1064.465	67.34932	0.8919703	0.8611212	1.86033
65184	-995.4175	-1062.529	67.11131	0.7872805	0.9788495	2.006897
65190	-987.3054	-1054.716	67.41088	0.7652751	0.9788495	1.818945
65196	-989.9181	-1056.365	66.44681	0.5002727	1.221435	2.474121
65202	-996.324	-1062.718	66.39428	0.7188541	1.153679	2.407131
65208	-1001.85	-1068.988	67.13783	0.7735946	1.17577	1.872584
65214	-1002.663	-1070.835	68.1722	0.9456166	0.6520174	1.413923
65220	-1011.176	-1079.24	68.06367	0.7413679	0.7963849	1.512041
65226	-1005.821	-1073.661	67.84004	0.9424469	0.886437	1.451734
65232	-997.7859	-1065.295	67.5093	0.645497	0.8626847	1.917956
65238	-990.3833	-1057.472	67.08903	0.540212	1.242717	2.023402
65244	-993.539	-1061.306	67.76751	0.85021	0.9650241	1.513219
65250	-994.7944	-1062.31	67.51577	0.935452	1.425741	1.328407
65256	-994.7491	-1062.887	68.13742	1.123285	0.9119101	1.024614
65262	-992.7939	-1060.361	67.56689	1.123285	1.530336	1.054737
65268	-995.9693	-1064.055	68.08571	1.248642	0.9490161	0.9075509
65274	-996.5948	-1064.384	67.78905	1.248642	0.9137857	1.224035
65280	-999.0789	-1067.173	68.09405	1.141553	0.8280583	1.134751
65286	-997.1366	-1065.215	68.07866	1.05239	0.8257086	1.227777
65292	-990.8636	-1058.833	67.9693	1.05239	0.8257086	1.317861
65298	-994.1833	-1062.091	67.90775	0.9662111	0.8171472	1.441525
65304	-992.1433	-1059.694	67.55034	0.4476901	1.032563	1.90415
65310	-1001.309	-1069.532	68.22237	1.351624	0.6734112	0.9963258
65316	-991.6856	-1059.567	67.88112	1.23313	1.086572	0.9963258
65322	-992.7291	-1059.875	67.14591	0.7868276	1.441829	1.70687
65328	-993.3726	-1060.523	67.15005	0.7868276	1.430113	1.710233
65334	-993.1563	-1061	67.84385	0.945588	0.952149	1.392399
65340	-992.6849	-1060.502	67.81688	1.234985	1.137511	1.011619
65346	-992.436	-1060.26	67.82405	1.268322	0.7257197	1.357885
65352	-993.3713	-1061.939	68.5676	1.270257	0.6037	0.8083471
65358	-987.8557	-1056.012	68.1562	1.32729	0.7264004	1.017707
65364	-994.2663	-1061.801	67.53484	0.9640076	0.7917485	1.737338
65370	-997.3714	-1064.438	67.06651	0.7214664	1.004042	2.063411
65376	-998.9897	-1065.707	66.71699	0.4858964	1.004042	2.439715
65382	-1009.281	-1076.875	67.59431	1.170684	1.433641	1.051746
65388	-1003.124	-1071.189	68.0656	0.9897155	0.7533216	1.3599
65394	-1012.068	-1078.748	66.68025	2.397047	0.8865563	0.1420301
65400	-1017.213	-1085.143	67.92956	1.070133	1.138956	1.060776
65406	-1008.093	-1076.063	67.97002	1.091928	0.8247461	1.286084
65412	-1003.596	-1071.263	67.66697	0.9391563	1.066502	1.446186
65418	-1014.829	-1082.461	67.63235	0.7041635	0.8812122	1.779327
65424	-1002.336	-1069.991	67.65455	0.77306	0.6355825	1.924543
65430	-1005.654	-1073.082	67.42871	0.8231599	0.5914428	2.083737
65436	-1010.227	-1077.977	67.75057	0.8366605	0.6994632	1.755828
65442	-997.474	-1065.754	68.27997	1.690015	0.5997744	0.5735996
65448	-998.8721	-1066.475	67.60249	1.690015	1.206201	0.4135062
65454	-1014.376	-1082.348	67.9714	1.203713	0.9246061	1.092912
65460	-997.7751	-1065.558	67.78252	1.663285	1.056679	0.5013165
65466	-1011.998	-1079.931	67.93279	1.691532	0.8278572	0.34457
65472	-1007.984	-1075.402	67.41814	0.7012134	1.247918	1.684482
65478	-998.6271	-1066.2	67.57252	0.7100698	1.036257	1.704767
65484	-994.1291	-1060.941	66.8118	2.157775	1.258117	0.2071244
65490	-997.2627	-1063.214	65.95104	2.523091	1.380753	0.1162218
65496	-1004.513	-1070.56	66.04685	2.523091	1.336943	0.1259787
65502	-1008.006	-1075.65	67.64405	1.15081	1.319017	1.107719
65508	-998.7769	-1066.329	67.5522	1.271776	1.442283	0.9874183
65514	-997.9337	-1065.817	67.88293	1.42033	1.071231	0.7982154
65520	-1005.049	-1070.303	65.25397	2.783676	1.652175	0.08622729
65526	-1005.587	-1071.648	66.06055	2.550882	1.235388	0.1190887
65532	-999.5354	-1067.729	68.1938	1.105641	0.6312186	1.292705
65538	-1002.806	-1070.338	67.53192	0.9327816	1.22662	1.443778
65544	-1004.696	-1072.239	67.54301	1.224185	1.223237	1.202588
65550	-997.2968	-1065.533	68.23609	1.314506	0.7186859	0.9597333
65556	-997.2525	-1065.346	68.09353	1.25671	1.038093	0.7774949
65562	-996.5744	-1064.593	68.01853	1.239958	0.9628837	0.9732669
65568	-993.2807	-1061.285	68.00402	1.249204	0.8548538	1.091084
65574	-999.6696	-1067.068	67.39791	1.178814	1.730358	1.031353
65580	-1002.532	-1070.099	67.56691	0.9619329	1.436239	1.258611
65586	-1003.392	-1071.017	67.62518	0.88381	0.9356129	1.615591
65592	-1009.168	-1076.184	67.01519	0.9099156	1.396433	1.736766
65598	-1006.669	-1074.246	67.57609	0.8878436	1.284572	1.406789
65604	-1000.208	-1068.273	68.06565	1.232812	0.8627938	1.040082
65610	-1011.561	-1078.179	66.6177	2.428048	0.9096514	0.1407449
65616	-1006.178	-1072.995	66.81736	2.385698	0.841167	0.1581206
65622	-1004.27	-1071.154	66.88354	2.364331	0.837886	0.1680577
65628	-1014.576	-1081.274	66.69777	2.364331	0.9922688	0.1629718
65634	-1009.251	-1077.283	68.0322	1.145393	1.059324	0.9579188
65640	-996.7777	-1063.889	67.111	2.264572	0.848554	0.2103267
65646	-990.2501	-1057.304	67.05372	2.264572	0.8722977	0.1996568
65652	-1006.282	-1074.24	67.95868	1.468811	1.037432	0.6484356
65658	-1006.119	-1074.275	68.15615	1.431024	0.7747612	0.8400042
65664	-1001.979	-1069.636	67.65628	2.126287	0.6325697	0.2733797
65670	-1011.025	-1077.884	66.85895	2.126287	1.312879	0.230824
65676	-1010.544	-1077.389	66.84486	2.126287	1.37668	0.2477326
65682	-1003.07	-1069.81	66.74067	2.264232	1.128373	0.182224
65688	-998.4033	-1065.453	67.0495	2.185648	0.9776141	0.2095492
65694	-1004.801	-1071.29	66.48815	2.185648	1.567344	0.188381
65700	-1000.25	-1067.135	66.88564	2.185648	1.091683	0.191926
65706	-1005.649	-1072.941	67.2915	2.016275	1.091683	0.3045538
65712	-999.3942	-1066.957	67.56265	1.445072	1.217439	0.9850468
65718	-1000.744	-1067.971	67.22753	1.347534	1.889166	0.9301275
65724	-1002.029	-1070.019	67.99006	1.347534	0.9741175	0.8743958
65730	-1000.621	-1067.782	67.16067	2.086578	0.98551	0.217027
65736	-1003.551	-1070.448	66.89682	2.086578	1.273755	0.217027
65742	-1002.656	-1069.949	67.29222	1.140076	1.73841	1.159477
65748	-992.7491	-1060.698	67.94872	1.164108	0.9538889	1.121718
65754	-998.9011	-1066.662	67.76099	1.164108	1.067146	1.188107
65760	-999.0604	-1067.121	68.06073	1.333651	0.6402741	1.202932
65766	-995.8587	-1064.149	68.29072	1.333651	0.5045064	1.181108
65772	-996.4123	-1064.421	68.00869	1.160835	0.6913811	1.331734
65778	-1001.138	-1069.18	68.04216	1.085552	0.8626173	1.194964
65784	-999.5873	-1066.347	66.75936	2.385395	0.8921605	0.1577615
65790	-998.1434	-1065.376	67.2323	0.5413319	0.9779133	2.090178
65796	-993.4157	-1060.887	67.47163	0.7957714	0.9768725	1.757006
65802	-997.1903	-1064.684	67.49411	0.7585958	1.118238	1.670907
65808	-1002.01	-1069.747	67.73722	1.00299	1.070625	1.338485
65814	-1007.94	-1075.581	67.6407	0.9993246	0.9097454	1.539777
65820	-1007.92	-1075.334	67.41366	2.074227	0.7708526	0.2183409
65826	-1003.825	-1070.939	67.11422	1.993426	1.134786	0.2183409
65832	-1001.742	-1069.46	67.71735	1.884302	0.8092464	0.3038899
65838	-1006.299	-1073.972	67.67316	1.884302	0.9223809	0.3986075
65844	-998.4766	-1066.283	67.8063	1.884302	0.7909285	0.3739472
65850	-997.133	-1064.675	67.54168	1.81162	1.129304	0.3971983
65856	-997.2252	-1064.731	67.50575	1.780912	1.224549	0.4433114
65862	-998.4848	-1066.274	67.78926	1.679717	1.023841	0.5689672
65868	-992.4408	-1060.194	67.75341	1.545044	1.21343	0.5502847
65874	-1001.987	-1069.413	67.42628	1.542095	1.63434	0.5798882
65880	-1000.925	-1068.776	67.85087	1.542095	1.108408	0.4560358
65886	-1004.113	-1072.441	68.3281	1.551684	0.6707976	0.4791403
65892	-1004.596	-1072.924	68.32846	1.551684	0.6216213	0.7083104
65898	-1002.356	-1070.538	68.18183	1.514025	0.7460904	0.7395351
65904	-1004.109	-1072.131	68.02168	1.514025	0.9288536	0.6523722
65910	-1005.218	-1071.875	66.65771	0.6490147	1.339604	2.182603
65916	-1006.444	-1074.237	67.79229	0.6793064	0.93114	1.645953
65922	-1000.887	-1068.743	67.85624	1.303767	0.8065475	1.22214
65928	-993.687	-1061.229	67.5419	0.89314	1.011227	1.613251
65934	-999.9651	-1067.337	67.37216	0.9116401	0.7252095	1.94118
65940	-999.0941	-1066.769	67.67541	1.23141	1.132254	1.151124
65946	-997.4478	-1065.49	68.04177	1.125897	1.039305	0.9879879
65952	-1001.974	-1070.208	68.23463	1.125897	0.8545293	0.9879879
65958	-1007.732	-1075.714	67.98181	1.009985	0.6812612	1.480088
65964	-1011.774	-1079.1	67.32538	0.786494	1.041378	1.820469
65970	-1001.886	-1069.363	67.47704	0.8051293	0.9377759	1.774879
65976	-996.9165	-1064.062	67.14596	0.7359435	1.161835	1.901091
65982	-1007.544	-1074.111	66.567	0.2628702	0.8921428	2.743096
65988	-1004.988	-1071.6	66.6121	0.4881438	1.020735	2.493712
65994	-999.2393	-1067.335	68.09567	1.114645	1.006268	0.9776511
66000	-1006.505	-1074.012	67.5067	0.7185506	0.7561632	1.954557
66006	-1001.004	-1068.023	67.01898	0.5538547	1.177404	2.097982
66012	-997.9992	-1065.631	67.63157	1.204236	1.1992	1.161142
66018	-995.5585	-1063.026	67.46791	0.8824218	1.1992	1.547502
66024	-994.6339	-1062.701	68.06693	0.7998725	0.7883902	1.472745
66030	-1005.204	-1072.332	67.12788	0.7383872	1.07179	1.967524
66036	-1001.274	-1068.828	67.55427	0.8263776	1.047592	1.626852
66042	-1005.369	-1072.735	67.3666	0.9680094	1.408909	1.430021
66048	-1003.812	-1071.447	67.6346	1.06727	1.082005	1.360385
66054	-998.6323	-1066.025	67.39257	0.884224	0.9391208	1.77764
66060	-999.7419	-1066.674	66.93171	0.6332535	1.829273	1.77764
66066	-1001.071	-1068.335	67.26467	0.66444	1.317654	1.77764
66072	-995.0693	-1061.941	66.87192	0.4996467	1.216931	2.206603
66078	-993.0268	-1060.005	66.97812	0.660218	1.456643	1.902826
66084	-991.2378	-1058.233	66.99504	0.4198513	1.464507	2.048482
66090	-987.9022	-1054.767	66.86474	0.567939	1.527585	2.005868
66096	-991.0617	-1058.444	67.38206	0.5467577	0.952147	2.005024
66102	-994.7657	-1061.492	66.72629	0.9037981	1.274603	2.005024
66108	-999.8641	-1066.798	66.93378	0.7375209	1.101912	2.078229
66114	-998.374	-1065.194	66.82036	0.8104887	1.369067	1.953349
66120	-990.7799	-1058.472	67.69199	0.95566	1.04649	1.429076
66126	-995.2371	-1063.114	67.87705	0.9551582	0.8148409	1.475337
66132	-996.6869	-1063.587	66.89998	0.8432186	1.125065	2.016536
66138	-998.9548	-1066.75	67.7949	0.9146767	0.8713514	1.519214
66144	-994.8697	-1063.039	68.16969	1.217472	0.8946504	0.9130642
66150	-1000.176	-1068.184	68.00725	1.30951	0.9329658	0.9449235
66156	-997.6257	-1065.987	68.361	1.30951	0.6328325	0.9542615
66162	-998.0005	-1065.981	67.981	1.32728	1.083432	0.7755103
66168	-998.6196	-1066.544	67.92421	1.19745	1.083432	0.9918355
66174	-1001.466	-1069.566	68.09978	1.190355	0.8378602	1.074672
66180	-997.3405	-1065.603	68.26254	1.133179	0.7611184	1.060634
66186	-1004.384	-1072.647	68.26281	1.155522	0.9679166	0.7802116
66192	-1001.001	-1069.017	68.01621	1.493016	0.8432525	0.8372035
66198	-1000.605	-1068.842	68.23666	1.34238	0.7833992	0.8372035
66204	-998.6354	-1066.949	68.31407	1.119095	0.6660667	1.138272
66210	-1004.931	-1073.312	68.38126	1.134597	0.5499786	1.21207
66216	-998.0509	-1066.032	67.9814	1.266441	0.6919332	1.267487
66222	-1003.178	-1071.298	68.11957	1.595592	0.7626639	0.6711724
66228	-993.0399	-1061.49	68.45003	1.595592	0.5296116	0.6567714
66234	-991.2643	-1059.399	68.13507	1.482366	0.7900639	0.7761843
66240	-1000.664	-1068.921	68.25666	1.777864	0.5608822	0.4607929
66246	-1002.03	-1069.743	67.71264	1.777864	0.9542397	0.3491761
66252	-995.4365	-1063.619	68.18235	1.509372	0.8173748	0.55765
66258	-995.9573	-1063.947	67.98998	1.585102	0.9224241	0.55765
66264	-1003.423	-1070.949	67.52612	1.585102	1.441646	0.5641511
66270	-1004.602	-1072.177	67.57526	1.497817	1.441646	0.666838
66276	-1003.197	-1071.23	68.03298	1.276309	0.8636549	1.028673
66282	-1004.618	-1072.391	67.77245	1.408607	0.9473537	1.065095
66288	-1008.293	-1076.219	67.92648	1.251599	0.9848214	1.031177
66294	-1007.506	-1075.264	67.75716	1.100548	1.276737	1.081818
66300	-1004.954	-1072.838	67.88409	0.9695135	0.8134399	1.460349
66306	-1002.539	-1070.221	67.68154	1.192979	0.9572611	1.320825
66312	-1000.772	-1068.675	67.90316	0.9010904	0.9592787	1.375025
66318	-1004.571	-1072.481	67.90987	0.8077422	0.9719373	1.432225
66324	-1002.571	-1069.889	67.3181	0.9767433	1.005695	1.717371
66330	-1009.69	-1076.751	67.0609	0.9219919	1.387273	1.701043
66336	-1002.87	-1070.092	67.22209	0.8464483	1.236791	1.727109
66342	-1006.074	-1073.053	66.97887	0.8464483	1.811595	1.600589
66348	-1006.546	-1074.352	67.80669	0.8359996	0.6119547	1.800358
66354	-1002.334	-1069.827	67.49315	1.141077	1.419745	1.179933
66360	-991.8181	-1059.778	67.96011	1.120596	0.8708585	1.227186
66366	-994.7509	-1062.302	67.55107	1.153336	1.209502	1.265336
66372	-1005.531	-1073.639	68.10784	1.302599	0.6411441	1.188094
66378	-996.0073	-1063.895	67.88736	1.035129	1.048196	1.205955
66384	-997.7182	-1065.186	67.46744	1.023806	1.460599	1.27449
66390	-1007.925	-1075.485	67.56025	1.05673	0.660398	1.7713
66396	-1006.149	-1073.93	67.78123	0.7869756	0.9142275	1.589027
66402	-1003.709	-1071.891	68.18276	1.577953	0.6563606	0.8124984
66408	-1001.519	-1070.036	68.51698	1.620347	0.4572185	0.7111713
66414	-997.9255	-1065.884	67.95867	1.620347	0.9192197	0.5550242
66420	-1009.375	-1077.345	67.96929	1.168946	0.9223357	1.128641
66426	-1004.127	-1072.278	68.15154	1.393104	0.8192894	0.8272877
66432	-1001.357	-1069.245	67.88793	1.393104	0.9261253	0.9893942
66438	-1002.137	-1070.275	68.13829	1.537266	0.6121261	0.9793999
66444	-1014.502	-1082.83	68.32879	1.60168	0.5840232	0.7153067
66450	-1022.393	-1089.495	67.10207	0.301857	1.301373	2.139513
66456	-1022.815	-1090.068	67.2533	0.1815057	1.32335	2.107626
66462	-1006.283	-1074.47	68.18715	1.881459	0.5376475	0.4510505
66468	-1009.369	-1077.282	67.91255	1.881459	0.7367554	0.5243907
66474	-1013.092	-1081.269	68.17694	1.450986	0.7608729	0.8097083
66480	-1009.444	-1077.154	67.71013	1.770234	0.9837826	0.3756125
66486	-1008.484	-1076.592	68.10743	1.765427	0.6693157	0.4331693
66492	-1011.925	-1080.529	68.60467	1.288918	0.5889826	0.7611356
66498	-1005.069	-1073.12	68.05094	1.357436	1.056176	0.6506164
66504	-1005.115	-1073.042	67.92756	1.399822	1.14315	0.6506164
66510	-1010.599	-1078.511	67.91166	1.189973	1.2251	0.8763213
66516	-1010.622	-1078.564	67.9428	1.272868	1.2251	0.7234557
66522	-1009.735	-1077.052	67.31613	0.1428199	0.9369517	2.321072
66528	-1005.777	-1072.278	66.50116	0.4939312	1.139316	2.48944
66534	-1008.021	-1075.777	67.75628	1.126584	1.006365	1.273522
66540	-996.9285	-1063.569	66.64064	0.6263988	1.070712	2.358215
66546	-1001.377	-1068.194	66.81717	0.4866295	1.115004	2.308453
66552	-1006.556	-1073.963	67.40665	0.8568425	0.909081	1.80896
66558	-1003.436	-1070.934	67.49805	0.936589	0.9337724	1.670421
66564	-999.5591	-1067.256	67.69713	1.018537	1.125915	1.316847
66570	-1002.164	-1069.93	67.76603	1.060565	0.8577175	1.442338
66576	-1004.785	-1072.398	67.61344	0.7557225	1.053902	1.630752
66582	-1002.157	-1069.946	67.78923	0.7557225	0.882589	1.630752
66588	-997.3668	-1065.323	67.95579	1.176735	0.9157473	1.140015
66594	-989.9466	-1057.85	67.9034	1.09771	1.045119	1.140015
66600	-994.3526	-1062.198	67.84548	1.15841	0.7527665	1.400754
66606	-998.8426	-1066.792	67.94902	1.163386	0.9865612	1.091611
66612	-998.1253	-1066.122	67.997	1.381509	0.8589418	0.9644803
66618	-1007.314	-1075.391	68.07712	1.216355	1.042828	0.8455167
66624	-997.6299	-1064.452	66.8223	0.6903377	1.413573	2.009251
66630	-1010.451	-1078.743	68.29176	0.8067046	0.5448795	1.54658
66636	-1000.76	-1068.041	67.28068	0.9101916	1.096376	1.729052
66642	-994.3934	-1061.432	67.03871	0.6904978	0.6413613	2.37485
66648	-989.656	-1056.879	67.22342	0.666919	1.378337	1.77095
66654	-992.7568	-1060.153	67.39621	0.6420207	1.199284	1.77095
66660	-1009.33	-1076.705	67.37504	0.7549447	1.411407	1.581818
66666	-1003.079	-1070.339	67.25938	1.001184	1.602495	1.377357
66672	-994.3487	-1061.523	67.17483	0.505983	1.074197	2.089086
66678	-997.3367	-1064.591	67.25468	0.3548292	1.041989	2.155919
66684	-995.3366	-1061.647	66.31	0.2476065	1.370892	2.639842
66690	-995.4795	-1062.287	66.80709	0.3440049	1.002688	2.473079
66696	-993.8372	-1060.701	66.86381	0.632933	1.170815	2.151556
66702	-992.2857	-1059.409	67.12301	0.4852206	1.339621	1.984187
66708	-992.5456	-1060.242	67.69634	0.5817169	0.8986612	1.806659
66714	-989.6933	-1057.196	67.50303	0.7687076	0.9917895	1.743406
66720	-988.4402	-1055.601	67.16106	0.6560071	1.092094	1.98764
66726	-989.3133	-1056.256	66.94239	0.8122248	1.403037	1.851414
66732	-995.366	-1063.015	67.64879	0.8971199	0.7301036	1.757257
66738	-999.3402	-1066.635	67.29486	0.6124693	1.103424	1.919891
66744	-1001.12	-1067.548	66.42836	0.4610975	1.285138	2.476579
66750	-998.2653	-1065.687	67.42162	0.8474523	0.9067571	1.806829
66756	-999.0956	-1066.171	67.07585	0.7394927	1.071996	2.00143
66762	-995.2455	-1062.409	67.16387	0.9050284	1.011332	1.870153
66768	-998.6573	-1065.693	67.03609	0.7424048	0.872319	2.16023
66774	-1001.699	-1069.15	67.45139	0.7652383	1.056289	1.737607
66780	-998.7811	-1066.678	67.89654	0.9684043	1.056289	1.24794
66786	-998.4254	-1066.514	68.08816	1.06	0.7905859	1.24794
66792	-988.2356	-1055.764	67.52832	0.976105	0.9706844	1.592497
66798	-991.4919	-1058.954	67.46163	0.7365503	1.021807	1.773927
66804	-994.4812	-1062.037	67.55616	0.9877077	0.7910916	1.706163
66810	-993.1674	-1060.522	67.35418	0.9877077	1.426051	1.414274
66816	-995.7472	-1063.703	67.9561	0.9624936	0.8553623	1.37304
66822	-1003.84	-1071.546	67.70557	0.9539845	0.8545234	1.570082
66828	-997.5741	-1065.007	67.43327	0.9356723	1.450617	1.378687
66834	-993.0717	-1060.693	67.62144	0.9729684	0.9661182	1.529743
66840	-995.1809	-1063.169	67.98857	1.134728	0.8044724	1.25497
66846	-991.7288	-1059.693	67.96383	1.08858	1.088689	1.05474
66852	-991.9147	-1059.791	67.87627	1.203102	0.654206	1.441204
66858	-996.2726	-1064.659	68.38682	1.203102	0.466185	1.264994
66864	-1002.879	-1070.427	67.54815	1.171199	1.053951	1.36767
66870	-1006.374	-1073.626	67.25231	0.8490045	1.099986	1.789261
66876	-1005.108	-1072.861	67.75267	1.034775	0.687708	1.624566
66882	-1004.903	-1072.571	67.66798	1.270056	1.299193	0.9860331
66888	-1003.631	-1071.75	68.11881	1.288145	0.8156201	0.9860331
66894	-996.9274	-1065.09	68.16301	1.288145	0.6751026	1.111153
66900	-997.7556	-1065.295	67.53972	0.9332023	1.249223	1.422696
66906	-1002.515	-1069.83	67.31416	0.8135805	1.018667	1.824844
66912	-1006.862	-1074.108	67.24561	0.7910359	0.910439	1.962349
66918	-1021.612	-1088.668	67.05551	1.108418	1.07739	1.760432
66924	-1002.06	-1070.033	67.97274	1.177014	0.606463	1.43863
66930	-1005.842	-1073.627	67.78562	1.156986	0.7627142	1.43863
66936	-998.1863	-1065.748	67.56137	1.025482	1.042278	1.47852
66942	-1001.351	-1068.918	67.56706	0.9504879	1.112404	1.480769
66948	-994.9101	-1062.648	67.73816	0.8848907	0.8363993	1.611679
66954	-996.8759	-1064.218	67.34258	0.9328339	0.6568487	2.006945
66960	-1001.829	-1069.449	67.62062	0.8007905	0.7986838	1.785663
66966	-993.7314	-1060.7	66.96906	0.4914082	0.9329205	2.322806
66972	-996.5222	-1063.744	67.22143	0.4468073	1.105957	2.077776
66978	-1000.005	-1067.084	67.07893	0.7405052	1.158806	1.945127
66984	-1002.474	-1069.473	66.99911	0.1750946	1.112426	2.392271
66990	-998.942	-1065.461	66.51868	0.4370766	1.200799	2.479873
66996	-997.3423	-1064.133	66.79031	0.3239328	1.01976	2.485551
67002	-1000.042	-1067.053	67.0113	0.2340167	0.8976477	2.482465
67008	-1006.376	-1072.801	66.42493	0.1509443	0.9789208	2.842216
67014	-1005.045	-1071.944	66.89914	0.4038425	0.9789208	2.392548
67020	-999.9686	-1067.827	67.85817	1.073085	0.9839886	1.252055
67026	-1004.557	-1072.722	68.16536	1.139399	0.9663755	0.9204273
67032	-997.5406	-1065.031	67.49051	0.8398915	0.9110674	1.761001
67038	-992.258	-1059.738	67.4803	0.7567057	1.149062	1.662092
67044	-1004.222	-1071.552	67.32977	0.8511696	1.415256	1.542163
67050	-1003.17	-1071.521	68.35077	0.8511696	0.749401	1.244789
67056	-1002.541	-1070.105	67.56411	0.7694713	0.9611506	1.721863
67062	-1001.369	-1068.396	67.02736	0.7551825	1.220251	1.933671
67068	-999.4881	-1065.656	66.16783	0.3971459	1.05975	2.800404
67074	-999.138	-1066.038	66.90047	0.4599729	0.7643188	2.506286
67080	-991.0963	-1058.116	67.02008	0.7709552	1.093459	2.004158
67086	-992.9344	-1060.105	67.1708	0.6152037	1.060012	2.028537
67092	-995.8745	-1062.604	66.72917	0.675405	1.537752	2.019683
67098	-996.6938	-1064.082	67.38828	1.130127	1.301545	1.353124
67104	-1006.947	-1074.39	67.44311	0.7853132	1.145903	1.670255
67110	-1004.783	-1071.745	66.96199	0.8711433	1.155613	1.93783
67116	-994.5927	-1061.723	67.13035	0.9814222	1.451017	1.573071
67122	-992.4471	-1059.706	67.25904	0.703456	1.448503	1.682187
67128	-989.4642	-1056.834	67.36944	0.8107491	1.1812	1.682187
67134	-990.3237	-1057.894	67.56986	0.7967822	1.038941	1.642975
67140	-996.6482	-1063.765	67.11731	0.7967822	1.038941	1.9566
67146	-989.2816	-1056.096	66.81445	0.5405895	1.19268	2.230868
67152	-993.4993	-1060.276	66.77676	0.6406725	1.313407	2.124277
67158	-996.0931	-1063.319	67.22586	0.7066196	1.09632	1.907342
67164	-1005.366	-1072.322	66.95603	0.743545	1.260938	1.966214
67170	-997.7769	-1064.83	67.05334	0.736789	1.221505	1.927823
67176	-998.9306	-1066.765	67.83404	0.7172992	0.8390416	1.661144
67182	-998.6518	-1065.883	67.2312	1.013875	0.9920795	1.761851
67188	-993.408	-1060.97	67.56233	0.8992039	1.157713	1.491945
67194	-991.3756	-1058.674	67.29821	0.8211353	1.220707	1.700954
67200	-997.1396	-1064.719	67.57967	0.8935073	0.9861009	1.603829
67206	-998.0195	-1065.527	67.50798	0.8935073	1.21865	1.49686
67212	-1003.977	-1071.581	67.60385	0.8923025	1.112437	1.49686
67218	-996.3682	-1063.512	67.14399	0.9241022	1.415749	1.624361
67224	-996.7751	-1064.354	67.57907	0.9182367	0.9801168	1.59068
67230	-1003.813	-1070.41	66.59708	0.5306771	1.533782	2.202951
67236	-1000.247	-1067.326	67.07967	0.6808816	0.9468141	2.119747
67242	-1002.873	-1070.011	67.13754	0.8425032	0.8592548	2.037478
67248	-1003.611	-1071.197	67.58547	0.7844188	1.080252	1.612082
67254	-995.513	-1063.487	67.9739	0.9012176	0.8172392	1.440559
67260	-996.3847	-1063.828	67.44333	0.7663501	0.9501109	1.816188
67266	-998.0695	-1065.995	67.92549	0.8587869	1.061112	1.310377
67272	-992.0499	-1059.618	67.56827	1.062443	0.9855843	1.48776
67278	-993.1078	-1060.145	67.0372	0.6809153	1.592853	1.780244
67284	-999.4617	-1067.121	67.65916	0.9829033	1.113079	1.384643
67290	-997.8784	-1065.328	67.44959	0.7609936	0.7336971	1.983113
67296	-996.0242	-1064	67.97569	0.9933539	0.994668	1.211181
67302	-990.9357	-1058.523	67.5872	0.9969266	1.220824	1.354718
67308	-992.1729	-1059.609	67.43561	0.6577738	0.7699348	2.031343
67314	-995.7261	-1063.108	67.38177	0.721559	0.7738054	2.021628
67320	-999.4235	-1066.956	67.53302	0.738763	0.8087936	1.880372
67326	-990.0377	-1057.168	67.13023	0.4873364	1.001538	2.176555
67332	-990.5657	-1056.756	66.19001	0.3589118	1.001538	2.844741
67338	-991.5926	-1058.51	66.91743	0.5630839	0.7161326	2.46883
67344	-986.4267	-1053.497	67.06987	0.5611235	0.7557447	2.342466
67350	-989.444	-1057.527	68.08303	1.180136	0.8290746	1.108833
67356	-990.7584	-1058.499	67.74054	1.079973	1.011012	1.320499
67362	-995.3322	-1062.718	67.3861	1.079973	1.021095	1.583578
67368	-989.6753	-1057.586	67.91084	0.9080933	0.940451	1.37886
67374	-994.9299	-1062.247	67.31754	0.6630524	1.111662	1.864917
67380	-992.9139	-1060.367	67.45336	0.8401471	0.6702057	1.98282
67386	-995.1251	-1062.153	67.02751	0.7264533	1.169217	1.98282
67392	-993.3769	-1060.743	67.3665	0.6725748	1.255197	1.736863
67398	-989.2483	-1056.127	66.87846	0.7632683	1.227594	2.023671
67404	-988.9281	-1056.949	68.02051	0.9178972	0.8186588	1.390354
67410	-982.4564	-1050.509	68.05281	1.293686	0.9534961	0.8885983
67416	-994.0437	-1061.759	67.71552	1.293686	1.323326	0.8885983
67422	-994.4354	-1062.622	68.18619	1.3533	0.7835619	0.8841765
67428	-994.6556	-1062.312	67.65609	1.3533	1.326569	0.8853846
67434	-989.6107	-1057.729	68.11875	1.3533	0.9464106	0.7338037
67440	-994.954	-1062.346	67.39206	0.77415	1.002472	1.809389
67446	-996.3608	-1063.448	67.08688	0.8109653	1.314498	1.801117
67452	-995.4714	-1063.474	68.00274	1.33948	1.013561	0.8203918
67458	-993.3357	-1061.492	68.15659	1.428165	0.8849057	0.6485589
67464	-991.2991	-1058.027	66.72752	0.5428541	1.091505	2.343645
67470	-991.212	-1058.637	67.42478	0.5467119	0.7817774	2.102316
67476	-1006.158	-1073.479	67.32045	0.4738925	0.8759746	2.147276
67482	-1002.889	-1070.819	67.92946	0.9399237	0.5150349	1.745229
67488	-1002.824	-1070.214	67.38997	0.7909648	1.105321	1.73019
67494	-1000.081	-1068.453	68.37243	1.331609	0.6699363	0.8601477
67500	-996.2232	-1063.006	66.78231	0.6610906	0.9911522	2.295433
67506	-1003.285	-1069.718	66.43309	0.4543481	1.004002	2.636184
67512	-998.4044	-1066.479	68.07415	1.266982	0.9807662	0.8622503
67518	-1005.928	-1073.893	67.96508	1.203729	1.215232	0.8037604
67524	-998.4015	-1066.325	67.92395	1.244859	1.215232	0.8037604
67530	-997.8182	-1065.747	67.9291	1.239963	1.029254	0.9964635
67536	-1002.169	-1070.169	68.00007	1.226156	0.7918093	1.18033
67542	-1001.543	-1069.401	67.85733	1.34352	1.087861	0.90355
67548	-999.6807	-1067.624	67.94356	1.523636	1.013829	0.6078218
67554	-1006.852	-1073.683	66.83184	0.549255	1.054313	2.295553
67560	-999.4373	-1067.344	67.90657	0.872922	0.7687503	1.55559
67566	-1006.849	-1074.579	67.72994	0.9905021	1.242573	1.228284
67572	-1006.534	-1074.246	67.71213	1.144178	0.989384	1.309069
67578	-1003.251	-1070.929	67.67814	1.144178	1.098134	1.250492
67584	-1011.429	-1079.309	67.88011	1.173406	0.6975132	1.416623
67590	-998.8661	-1066.62	67.75425	1.079161	1.349475	1.048951
67596	-996.438	-1063.626	67.18768	0.8168762	1.349475	1.706793
67602	-1001.101	-1068.854	67.753	1.028739	0.7343628	1.585113
67608	-996.5865	-1063.798	67.21108	0.5419512	0.7343628	2.281567
67614	-993.3013	-1061.356	68.05448	1.13106	0.6377128	1.376537
67620	-988.5013	-1056.317	67.81607	0.7001081	0.9819425	1.575534
67626	-990.054	-1058.054	67.99961	1.037518	0.7207226	1.406142
67632	-996.6284	-1064.123	67.49425	1.037518	1.111685	1.470522
67638	-997.0301	-1065.095	68.06474	0.8164488	0.7642025	1.483932
67644	-996.8617	-1064.6	67.73815	0.6765861	0.8701511	1.733183
67650	-998.1534	-1065.829	67.67512	0.8040571	0.9541604	1.62316
67656	-1002.294	-1069.629	67.33523	0.6893459	1.0856	1.851444
67662	-1007.212	-1074.94	67.72818	0.741761	0.858885	1.703105
67668	-992.983	-1060.317	67.33379	0.8825248	0.7151786	1.994985
67674	-992.5184	-1059.348	66.82978	0.5953677	1.214273	2.173376
67680	-990.3866	-1057.897	67.51031	0.642559	0.9256163	1.872789
67686	-989.1181	-1055.709	66.5911	0.5580603	1.237997	2.337626
67692	-989.9045	-1056.869	66.96494	0.6438205	1.086313	2.128817
67698	-998.4153	-1064.967	66.55188	0.6047468	1.127585	2.394587
67704	-997.9424	-1065.142	67.19977	0.8728509	1.603864	1.520183
67710	-994.509	-1061.495	66.98629	0.6809899	1.066513	2.102766
67716	-995.3242	-1062.865	67.54053	0.8790135	0.9942617	1.636669
67722	-994.2658	-1061.827	67.56096	1.006948	1.306868	1.310002
67728	-994.1882	-1062.169	67.98091	0.9475144	0.9831515	1.255111
67734	-997.806	-1065.793	67.98661	1.135401	0.752106	1.30775
67740	-993.7903	-1062.027	68.23685	1.093611	0.845822	1.027579
67746	-994.4227	-1061.919	67.49621	1.170421	1.502814	1.095474
67752	-992.492	-1058.92	66.42761	0.3570678	1.047242	2.673351
67758	-987.6898	-1054.053	66.36303	0.3959541	0.9249047	2.764896
67764	-998.3736	-1065.856	67.48196	0.4513316	1.033402	1.947322
67770	-996.9711	-1064.152	67.18094	0.591994	1.162168	1.974326
67776	-994.5721	-1061.633	67.06053	0.6088442	1.096322	2.082928
67782	-1001.432	-1069.453	68.02092	1.044906	0.6223437	1.485155
67788	-997.0614	-1064.844	67.7831	0.9682531	0.9269661	1.442205
67794	-987.6885	-1054.586	66.89771	0.5643285	0.9449569	2.313762
67800	-991.8271	-1058.433	66.60595	0.5154459	1.173425	2.390784
67806	-989.7001	-1056.102	66.40137	0.5530441	0.8580117	2.68988
67812	-989.9217	-1056.958	67.03585	0.711369	0.8034159	2.231386
67818	-994.7311	-1061.056	66.32474	0.3744877	0.8221389	2.870365
67824	-1001.853	-1068.776	66.92323	0.6796379	1.217893	2.05493
67830	-1004.444	-1071.245	66.8011	0.6205559	0.96732	2.324758
67836	-1002.339	-1070.03	67.69152	0.7570634	0.96732	1.635444
67842	-995.9775	-1063.553	67.57579	0.7916207	0.9064482	1.738566
67848	-994.0058	-1062.023	68.01739	0.8108473	0.9204393	1.388113
67854	-989.3573	-1057.058	67.70035	0.9789718	0.8795215	1.534998
67860	-996.7082	-1064.689	67.98051	1.010603	0.9110946	1.265375
67866	-996.0233	-1063.706	67.68244	1.010603	1.017418	1.415965
67872	-1006.84	-1074.165	67.3248	2.078771	0.8353437	0.2151341
67878	-1005.226	-1072.768	67.54182	1.963936	0.8965507	0.3057966
67884	-1007.981	-1076.197	68.21629	1.063964	0.9581035	0.955783
67890	-995.4364	-1063.642	68.20588	1.112979	0.84645	1.038131
67896	-996.8521	-1064.509	67.65657	1.142361	1.143454	1.235262
67902	-1004.379	-1071.981	67.60179	1.104169	1.673764	0.9382836
67908	-1000.611	-1068.678	68.06705	1.15606	1.096324	0.868917
67914	-999.3255	-1067.026	67.70094	1.158773	1.226942	1.11849
67920	-1001.339	-1068.758	67.41961	0.4166663	0.9817235	2.046323
67926	-1003.602	-1070.69	67.08841	0.5957076	1.289567	1.960606
67932	-993.7014	-1061.62	67.91881	1.197874	0.9364222	1.134612
67938	-997.7458	-1065.79	68.04456	1.210072	0.569061	1.400275
67944	-998.7105	-1066.934	68.22313	1.210072	0.787484	0.9930244
67950	-995.8195	-1064.176	68.35655	1.178746	0.7684703	0.9095003
67956	-989.0864	-1057.03	67.94313	1.290327	1.031949	0.9266052
67962	-990.593	-1058.05	67.45677	0.605137	1.105285	1.813134
67968	-989.9803	-1057.055	67.07472	0.5469237	0.8866022	2.251483
67974	-991.5204	-1058.508	66.98738	0.5381462	1.1286	2.157553
67980	-989.6671	-1056.537	66.86951	0.4611632	1.357928	2.157553
67986	-993.2159	-1060.262	67.04593	0.4611632	0.9862916	2.257766
67992	-996.4408	-1063.577	67.13626	0.6101544	0.9862916	2.102473
67998	-992.574	-1060.205	67.63129	0.5957056	0.8877214	1.849991
68004	-1004.813	-1072.323	67.50971	0.8410683	1.138606	1.586726
68010	-1005.439	-1073.358	67.91904	1.033101	0.7600601	1.433803
68016	-1002.46	-1069.795	67.33538	0.7227723	1.050897	1.851065
68022	-998.0959	-1065.59	67.49437	0.9860034	1.142988	1.48774
68028	-993.2896	-1061.235	67.94501	0.8647634	0.7048027	1.592166
68034	-992.1477	-1059.558	67.4105	0.8772523	0.5595037	2.091599
68040	-994.0385	-1061.679	67.64045	0.8014961	0.8691776	1.714782
68046	-1000.197	-1067.707	67.51022	0.9036061	0.980369	1.650858
68052	-1003.02	-1070.189	67.16881	1.07638	1.026141	1.738086
68058	-1007.137	-1075.02	67.8825	1.048301	0.8556125	1.363204
68064	-1000.246	-1067.912	67.66629	1.768996	1.011625	0.3526087
68070	-1000.57	-1067.854	67.28335	1.775485	1.488404	0.3963526
68076	-1002.287	-1069.865	67.57877	1.808949	1.094875	0.4024567
68082	-1001.795	-1069.541	67.74579	1.527851	1.174005	0.7009057
68088	-1000.112	-1068.352	68.23991	1.527851	0.721633	0.668345
68094	-997.5393	-1065.735	68.19593	1.370238	0.7792424	0.8589669
68100	-1000.719	-1068.271	67.5523	1.026833	1.701449	1.047461
68106	-1008.989	-1077.189	68.20056	0.9839318	0.9619807	1.047461
68112	-1009.038	-1077.361	68.32245	1.640923	0.5804217	0.6652713
68118	-1012.083	-1079.808	67.72508	1.581467	1.203091	0.4488781
68124	-1002.81	-1070.8	67.98917	1.055581	1.166406	0.9928088
68130	-997.4746	-1065.503	68.02815	1.293718	0.9615092	0.9070527
68136	-994.2289	-1062.118	67.88865	1.285591	1.014492	1.005803
68142	-998.8316	-1066.827	67.99589	1.56264	0.8870122	0.6953498
68148	-1000.82	-1069.012	68.19158	1.56264	0.7569861	0.5942995
68154	-995.5262	-1063.829	68.3031	1.529885	0.6613296	0.6945925
68160	-992.57	-1060.956	68.38604	1.357527	0.633146	0.8730246
68166	-989.5427	-1057.477	67.93469	1.0358	0.8614066	1.326447
68172	-1001.813	-1069.318	67.50565	1.604974	1.380785	0.6847077
68178	-1001.795	-1069.516	67.72054	1.443817	1.31343	0.6847077
68184	-1004.667	-1072.951	68.2844	1.476893	0.6579662	0.8088941
68190	-1012.672	-1080.424	67.75197	1.105657	1.161802	1.17093
68196	-1002.444	-1070.061	67.61616	0.9819334	1.453487	1.189036
68202	-996.0234	-1063.35	67.32627	0.7726725	1.208277	1.722946
68208	-993.8924	-1061.302	67.40942	0.8858812	1.16944	1.606966
68214	-1005.087	-1072.934	67.84708	0.9430622	1.233209	1.175421
68220	-1005.531	-1073.607	68.07549	1.113963	0.779378	1.22454
68226	-995.6952	-1063.79	68.09469	1.094368	0.7797066	1.22454
68232	-993.6305	-1061.914	68.28396	1.105324	0.7495877	1.079998
68238	-993.3092	-1061.133	67.82426	1.235383	1.259228	0.8913142
68244	-994.7905	-1063.059	68.2685	1.200338	0.7283528	1.029611
68250	-1002.223	-1070.216	67.99362	1.051031	0.7469287	1.374541
68256	-1003.771	-1070.894	67.12285	0.7487888	0.8608618	2.107728
68262	-1012.984	-1081.2	68.21598	1.274396	0.6200346	1.144039
68268	-1006.172	-1074.295	68.12328	1.274396	0.7944362	1.020099
68274	-999.5725	-1067.31	67.73731	1.015729	0.7557806	1.586623
68280	-999.9352	-1068.063	68.12754	1.006291	0.6127638	1.443884
68286	-1003.733	-1071.519	67.78618	0.9872129	0.796767	1.535257
68292	-1004.658	-1072.042	67.38441	0.78138	1.253405	1.648001
68298	-1008.329	-1075.883	67.55487	0.9500938	0.9152826	1.634056
68304	-1001.301	-1068.577	67.27528	0.8073004	0.9049909	1.935391
68310	-997.0199	-1064.833	67.81312	0.9961615	1.087867	1.26926
68316	-998.3391	-1065.589	67.24992	0.8254478	1.794321	1.421857
68322	-1008.038	-1075.876	67.83801	0.8222661	1.317203	1.226807
68328	-1002.925	-1070.281	67.35647	1.047069	1.420061	1.369738
68334	-1005.19	-1072.659	67.46915	1.077889	1.791317	1.021771
68340	-1011.163	-1077.956	66.79246	0.8487926	1.193426	2.043598
68346	-1001.876	-1069.072	67.19579	0.8487926	1.449536	1.622777
68352	-997.2904	-1065.192	67.9017	0.93941	0.8415923	1.445159
68358	-1001.973	-1069.105	67.13146	0.93941	1.014514	1.866659
68364	-1001.567	-1069.251	67.68451	0.764497	1.055754	1.571402
68370	-997.8906	-1065.729	67.83817	1.57771	1.087005	0.476479
68376	-989.3693	-1057.593	68.22327	1.48	0.7772984	0.6593333
68382	-993.3754	-1061.679	68.30384	1.203802	0.8780874	0.7886356
68388	-995.7274	-1064.273	68.54606	1.353902	0.4806953	0.9590989
68394	-993.5239	-1061.352	67.8285	1.291655	1.191955	0.8880899
68400	-992.0699	-1060.202	68.13248	1.132229	0.7159982	1.227387
68406	-997.2999	-1065.248	67.94827	0.9421911	0.7474388	1.492475
68412	-1000.889	-1068.615	67.72584	0.8024556	1.0842	1.492475
68418	-1006.947	-1074.157	67.20931	1.115682	0.5901174	2.036748
68424	-1000.428	-1067.008	66.58031	0.4907529	1.190649	2.412985
68430	-1000.85	-1068.464	67.61474	0.9121187	0.8681952	1.655185
68436	-999.7936	-1067.259	67.46529	0.6273199	1.330075	1.655185
68442	-998.1362	-1065.664	67.52772	0.7645689	0.804008	1.870216
68448	-1001.341	-1068.788	67.44644	0.6348251	0.9988316	1.870216
68454	-998.5711	-1065.512	66.9409	0.7686337	0.5842908	2.438865
68460	-1008.602	-1076.127	67.52443	0.6656249	0.8756144	1.884294
68466	-1005.34	-1072.798	67.45764	0.6883109	1.029461	1.804961
68472	-995.0091	-1061.749	66.74031	0.4455853	1.046237	2.424338
68478	-996.7719	-1063.903	67.13103	0.3487481	1.056007	2.231177
68484	-999.1277	-1065.908	66.78047	0.1319613	0.9185337	2.675036
68490	-1003.546	-1070.721	67.17456	0.6506268	1.519949	1.741814
68496	-1004.027	-1071.159	67.13292	0.7247589	0.8251174	2.143396
68502	-989.035	-1055.77	66.7351	0.1397318	1.105068	2.583889
68508	-993.9495	-1061.335	67.38519	0.4765214	1.062181	1.976704
68514	-993.4711	-1060.087	66.61632	0.4633469	1.181218	2.412783
68520	-1001.853	-1068.454	66.60053	0.4414685	1.224534	2.412783
68526	-996.095	-1063.556	67.4613	0.4796808	0.7952925	2.111747
68532	-1002.548	-1070.232	67.68383	0.7497472	0.6614402	1.896417
68538	-997.7864	-1065.056	67.27006	0.7587237	1.252858	1.745466
68544	-1004.988	-1072.976	67.98759	1.419673	0.8179184	0.9830064
68550	-996.0156	-1063.65	67.63463	1.058192	1.164221	1.307359
68556	-1003.149	-1070.733	67.58362	0.8322084	1.508075	1.307359
68562	-995.9181	-1063.717	67.79904	1.048349	0.890355	1.39845
68568	-997.1793	-1065.092	67.91253	0.9599684	1.210394	1.119821
68574	-998.2219	-1065.829	67.60694	1.033525	1.012625	1.459903
68580	-993.1236	-1060.235	67.11174	0.8271011	1.505015	1.669118
68586	-1001.101	-1068.4	67.29884	0.7485113	1.014411	1.882761
68592	-996.8887	-1064.197	67.30858	0.7565954	0.8937031	1.955326
68598	-1001.061	-1068.856	67.79552	0.7844691	0.8937031	1.596572
68604	-1002.729	-1069.954	67.22547	0.70411	1.024716	1.955529
68610	-1005.734	-1072.735	67.001	0.6684402	1.316754	1.955529
68616	-998.6998	-1066.289	67.58928	0.9019852	1.060878	1.536635
68622	-993.5497	-1061.02	67.47044	0.9761392	1.059518	1.57054
68628	-996.279	-1064.092	67.81283	0.9353152	0.8036016	1.547977
68634	-1000.026	-1067.184	67.15785	0.7935012	0.8913768	2.032981
68640	-989.886	-1057.189	67.30269	0.7284913	0.831747	2.024235
68646	-993.9079	-1060.822	66.91392	0.7712773	1.32265	1.94172
68652	-990.3641	-1056.957	66.59296	0.7712773	1.767887	1.94172
68658	-995.3623	-1062.987	67.62448	0.7856454	0.8050028	1.788326
68664	-990.2273	-1057.369	67.14166	0.4934254	1.001336	2.165304
68670	-997.0176	-1064.923	67.90488	0.5875006	0.9946571	1.583559
68676	-1002.502	-1069.771	67.2684	0.8891747	0.9309684	1.865715
68682	-988.3247	-1055.535	67.21018	0.6657756	0.8216114	2.134112
68688	-998.1351	-1065.354	67.21856	0.6445209	1.69442	1.628465
68694	-984.3686	-1051.465	67.09608	0.8084199	1.203928	1.860446
68700	-981.5459	-1048.815	67.26903	0.9048412	1.186341	1.683466
68706	-984.1202	-1051.385	67.26472	0.6593541	0.8047846	2.115482
68712	-985.6522	-1053.522	67.87028	0.7528933	0.6968521	1.73302
68718	-985.7485	-1053.086	67.3376	0.5607635	0.9393906	2.034098
68724	-992.0071	-1059.639	67.63241	0.6969462	0.9765039	1.713756
68730	-989.8332	-1057.56	67.72701	0.7904116	0.9032934	1.634357
68736	-985.247	-1052.562	67.31529	0.5903733	1.103387	1.921037
68742	-1002.059	-1068.92	66.86067	0.7605941	1.452007	1.916751
68748	-1003.774	-1071.059	67.28503	0.8441028	1.243857	1.679977
68754	-992.4832	-1059.97	67.48636	0.6202418	0.6613984	2.114321
68760	-993.6439	-1060.837	67.19265	0.594353	0.9465129	2.102623
68766	-997.2606	-1064.216	66.95496	0.8275708	0.8141449	2.20047
68772	-1008.299	-1076.66	68.36087	1.40185	0.6038856	0.8988264
68778	-1005.147	-1072.818	67.67173	1.281169	1.364495	0.9148733
68784	-989.2052	-1056.573	67.3675	0.678703	0.9256726	1.945014
68790	-1013.055	-1080.656	67.60057	0.8098156	1.153258	1.533132
68796	-1014.152	-1080.227	66.07537	0.5639625	1.559831	2.50134
68802	-995.4747	-1062.304	66.82913	0.2351671	1.216173	2.403248
68808	-988.1834	-1055.786	67.60244	0.7466209	0.8258323	1.813815
68814	-1002.461	-1069.394	66.93257	0.7156153	0.8332419	2.272783
68820	-995.2657	-1062.584	67.31825	0.5854979	1.104219	1.92181
68826	-990.2913	-1056.749	66.45815	0.4791817	1.159757	2.514037
68832	-994.2113	-1061.423	67.2122	0.6166977	1.18079	1.925584
68838	-995.1862	-1061.73	66.54348	0.428701	1.20356	2.468079
68844	-993.8827	-1060.592	66.70879	0.1933903	1.20356	2.511873
68850	-995.3808	-1062.461	67.08001	0.134903	1.20356	2.314613
68856	-996.0563	-1063.174	67.11736	0.08492502	0.9797162	2.455472
68862	-1003.495	-1070.117	66.6223	0.3793134	1.038617	2.544328
68868	-1004.846	-1072.27	67.42424	0.4864438	0.9960281	1.987263
68874	-996.8699	-1063.272	66.40203	0.3845451	0.9936445	2.704615
68880	-990.8405	-1058.085	67.2442	0.3345272	0.8532558	2.302681
68886	-989.5832	-1056.777	67.19416	0.7799243	1.462871	1.666228
68892	-993.8791	-1061.657	67.77813	0.7228387	0.8776354	1.666228
68898	-1001.217	-1068.669	67.45167	0.7290145	1.050552	1.76662
68904	-996.2911	-1063.511	67.22015	0.6765769	1.050552	1.960716
68910	-995.193	-1061.993	66.80049	0.6401147	1.098953	2.230254
68916	-991.6709	-1059.229	67.55806	0.8284176	0.7517459	1.848871
68922	-997.3173	-1064.779	67.46207	0.735887	0.6890579	2.029762
68928	-998.9873	-1065.914	66.92686	0.5881664	1.0737	2.197512
68934	-996.8435	-1063.691	66.84715	0.6774904	0.8765273	2.320644
68940	-995.0401	-1062.222	67.182	0.6554649	0.7696971	2.199129
68946	-996.0238	-1062.47	66.44633	0.6435048	1.223349	2.383208
68952	-991.0036	-1057.854	66.85046	0.4254487	1.120378	2.323086
68958	-990.8488	-1058.165	67.31572	0.5079603	0.9277125	2.091499
68964	-997.2642	-1063.953	66.68908	0.5059959	0.9672949	2.467944
68970	-997.0495	-1063.82	66.77028	0.4961734	1.274122	2.243152
68976	-992.3844	-1059.165	66.78061	0.4460682	0.980013	2.439957
68982	-997.6177	-1064.901	67.28375	0.819194	0.7607858	2.032404
68988	-1001.859	-1069.549	67.68994	0.6171134	0.9852419	1.723229
68994	-996.8048	-1064.082	67.27754	0.3708692	0.8483794	2.261586
69000	-1000.354	-1067.628	67.27436	0.6608104	0.6466719	2.238673
69006	-997.5667	-1065.044	67.47704	0.8296613	1.499785	1.398741
69012	-1003.992	-1071.634	67.64158	0.7987114	0.9451017	1.657894
69018	-1015.773	-1083.329	67.55674	0.7978171	1.030003	1.657894
69024	-1007.728	-1075.037	67.30912	0.5079397	1.051717	2.013193
69030	-997.7881	-1065.107	67.31873	0.6465186	1.094999	1.885929
69036	-998.4967	-1066.047	67.55046	0.5381472	1.090817	1.803999
69042	-994.3487	-1061.941	67.59258	0.8724066	0.6406318	1.894465
69048	-990.3636	-1057.531	67.16758	0.858958	0.8406823	2.020534
69054	-1003.014	-1069.922	66.90874	0.3283863	1.192124	2.306808
69060	-1006.985	-1074.721	67.73619	0.6808512	1.00118	1.633483
69066	-1007.364	-1074.232	66.86895	0.7372338	1.324723	1.993563
69072	-999.4283	-1066.068	66.63995	0.75884	0.9671688	2.339414
69078	-1003.669	-1070.563	66.89391	0.7163526	0.9671688	2.203825
69084	-999.4657	-1066.43	66.96437	0.705902	1.031952	2.122641
69090	-1003.472	-1070.371	66.89903	0.4374488	1.231414	2.221241
69096	-1001.459	-1068.326	66.86697	0.2888954	1.240211	2.332166
69102	-998.6376	-1065.497	66.85945	0.1921414	0.8589342	2.629404
69108	-998.6937	-1065.202	66.5087	0.7221202	0.6594393	2.67026
69114	-999.5328	-1067.031	67.49796	0.6336974	0.6594393	2.099636
69120	-994.0344	-1060.993	66.95854	0.7053042	1.052829	2.113601
69126	-997.0119	-1064.058	67.0465	0.553189	1.121135	2.113601
69132	-1001.775	-1068.833	67.05745	0.6293489	1.121135	2.056303
69138	-1003.08	-1069.787	66.70732	0.5936903	1.402408	2.154193
69144	-1001.181	-1068.109	66.92824	0.4190774	1.342802	2.154558
69150	-999.8616	-1066.868	67.00599	0.7885927	0.8656764	2.154558
69156	-992.3275	-1059.715	67.3873	0.7174313	0.8558841	1.95683
69162	-1008.393	-1076.018	67.62451	0.6600361	0.8250201	1.858788
69168	-1013.246	-1080.796	67.54941	0.763916	0.5517884	2.082571
69174	-1004.221	-1071.368	67.1463	0.7780659	0.8049957	2.115127
69180	-1004.507	-1071.867	67.35958	0.9447655	0.8115395	1.855943
69186	-1015.098	-1082.956	67.85806	1.116827	0.6143672	1.561301
69192	-1007.68	-1075.12	67.44007	0.6003352	0.8469407	2.006588
69198	-1006.528	-1074.135	67.60747	0.7327226	1.025389	1.671391
69204	-1005.66	-1073.309	67.64963	0.6905607	1.025389	1.671391
69210	-1001.393	-1068.141	66.74724	0.7800041	1.390612	2.011345
69216	-999.9649	-1067.687	67.72175	0.8839636	1.024982	1.477011
69222	-998.0813	-1065.859	67.77818	0.9250885	0.9275473	1.478299
69228	-1001.989	-1069.108	67.11917	0.9579792	1.678779	1.478299
69234	-1001.776	-1069.064	67.28839	0.7598926	1.359781	1.669915
69240	-996.0892	-1063.999	67.91008	0.6775577	0.8007896	1.66689
69246	-994.5491	-1061.519	66.97007	0.648957	0.8804642	2.257488
69252	-996.0325	-1063.306	67.27403	0.8107381	0.9494177	1.90212
69258	-999.1356	-1065.881	66.74585	0.8964559	1.229468	2.022221
69264	-1003.213	-1069.699	66.48593	0.5492939	0.8900411	2.618275
69270	-1004.855	-1071.532	66.67715	0.7310302	0.5934688	2.618275
69276	-1001.042	-1068.483	67.44158	0.5947181	0.9621351	1.926023
69282	-1004.53	-1071.721	67.19113	0.806855	0.9086512	1.98951
69288	-995.7848	-1064.085	68.30066	0.8775892	0.6680992	1.349456
69294	-995.5008	-1063.102	67.60134	0.7967009	1.059735	1.605809
69300	-994.1954	-1061.693	67.49729	0.7971014	1.059735	1.680306
69306	-997.0513	-1064.532	67.4804	0.8363917	1.054426	1.667971
69312	-993.297	-1060.965	67.66758	1.119821	1.268686	1.151569
69318	-993.4252	-1061.519	68.09391	1.268746	0.7326325	1.123745
69324	-1005.767	-1072.609	66.84148	0.4573938	1.120041	2.308642
69330	-1004.885	-1071.96	67.07425	0.6579236	1.290807	1.927569
69336	-1008.535	-1075.415	66.87969	0.4837468	1.754287	1.948192
69342	-1006.698	-1074.106	67.40824	0.5802555	1.249377	1.775653
69348	-1005.544	-1073.094	67.55009	0.6215503	1.046486	1.775653
69354	-1001.127	-1068.332	67.20545	0.978305	0.8415401	1.914479
69360	-1002.74	-1070.182	67.4425	0.475933	1.080674	1.926773
69366	-998.7679	-1066.83	68.06196	0.7837502	0.6538788	1.615268
69372	-1004.423	-1071.68	67.25646	0.9630948	1.096768	1.70857
69378	-1003.232	-1070.743	67.51177	0.9630948	1.233009	1.431796
69384	-991.4035	-1059.389	67.98575	1.269285	0.9823052	0.9562687
69390	-1004.464	-1071.907	67.44362	0.670046	0.8634229	1.945152
69396	-1001.501	-1068.57	67.06849	0.8518666	0.7884033	2.130596
69402	-998.9387	-1066.632	67.69342	1.163344	1.24517	1.107072
69408	-996.8097	-1064.722	67.91199	0.9522985	1.032431	1.267653
69414	-993.8502	-1061.246	67.3962	0.9150411	1.224241	1.560349
69420	-995.1148	-1062.321	67.20644	0.7785621	1.41819	1.682577
69426	-997.8462	-1064.876	67.0293	0.706767	0.9471891	2.135496
69432	-1002.371	-1069.839	67.46862	0.7852778	0.9003847	1.822046
69438	-1004.081	-1071.33	67.24889	0.7194206	0.8846291	2.026618
69444	-1005.921	-1071.89	65.96927	0.3836897	1.378146	2.76192
69450	-1005.167	-1071.736	66.56814	0.3024303	1.056961	2.61462
69456	-1003.579	-1070.289	66.71013	0.4778314	1.331058	2.263644
69462	-999.0476	-1065.337	66.28947	0.2532978	0.9686441	2.868637
69468	-997.5986	-1064.317	66.71835	0.3139097	1.179027	2.443854
69474	-997.4003	-1064.629	67.22861	0.4685308	0.9930467	2.130276
69480	-995.8145	-1062.814	66.99979	0.4606313	1.038987	2.254207
69486	-997.0116	-1063.948	66.93636	0.6296593	1.262542	2.054214
69492	-1003.391	-1070.677	67.28563	0.6481657	0.8781182	2.054214
69498	-1000.374	-1067.51	67.13598	0.658751	0.7848305	2.214963
69504	-995.0405	-1062.655	67.61424	0.7666017	0.7150856	1.884221
69510	-1006.863	-1073.906	67.04278	0.1834915	0.7263377	2.618971
69516	-1002.325	-1068.987	66.66172	0.2640286	1.354849	2.41828
69522	-992.6167	-1059.759	67.14214	0.6995175	0.8335685	2.147509
69528	-994.2325	-1061.698	67.46566	0.571449	0.7256743	2.10466
69534	-989.9323	-1057.238	67.3059	0.6943158	0.7567577	2.103407
69540	-1002.058	-1069.519	67.46065	1.024209	0.9843572	1.596614
69546	-1005.122	-1072.486	67.36407	0.8240436	1.020562	1.781781
69552	-1004.591	-1071.813	67.2217	0.460831	0.9171305	2.190912
69558	-993.1668	-1059.769	66.60259	0.5435397	0.938764	2.517063
69564	-990.2292	-1057.239	67.00991	0.6045746	1.088181	2.123923
69570	-1005.998	-1073.032	67.03454	0.8185868	0.9679159	2.044484
69576	-1004.189	-1071.774	67.58482	1.036664	1.283041	1.282332
69582	-1001.473	-1069.408	67.93437	1.062449	0.5420473	1.62405
69588	-1002.891	-1071.075	68.18447	0.9277265	0.5420473	1.539686
69594	-999.8059	-1067.264	67.45807	0.8710639	0.8119979	1.838581
69600	-1004.871	-1072.632	67.76041	1.019178	0.779345	1.546067
69606	-1006.939	-1074.553	67.61354	0.7593137	0.8281103	1.795542
69612	-1004.97	-1073.46	68.4893	1.649766	0.4414837	0.7526524
69618	-1007.749	-1076.265	68.51583	1.649766	0.4414837	0.7107376
69624	-998.7731	-1066.62	67.84694	1.638247	0.9881327	0.6279711
69630	-1004.293	-1071.692	67.39923	0.5023479	1.242962	1.839485
69636	-1007.497	-1075.38	67.88273	0.8184396	0.7428639	1.635819
69642	-1002.68	-1070.441	67.76048	1.191381	0.8853529	1.320126
69648	-997.0067	-1065.118	68.11162	1.136409	0.8853529	1.064367
69654	-998.0765	-1066.14	68.0635	0.9466397	0.7631486	1.385942
69660	-998.2424	-1066.051	67.80908	0.8178405	0.7631486	1.671101
69666	-1005.171	-1071.645	66.47388	0.2870686	1.47878	2.462091
69672	-1007.81	-1075.615	67.80463	1.577017	1.112111	0.5815362
69678	-1011.162	-1078.624	67.46222	1.73909	1.335735	0.4946199
69684	-1004.963	-1072.845	67.88172	1.804867	0.8254171	0.4690235
69690	-1008.778	-1076.716	67.93782	1.650937	0.9153498	0.4956578
69696	-1007.558	-1075.079	67.52123	1.594376	1.413479	0.6194973
69702	-1000.976	-1068.985	68.00933	1.539664	0.9525156	0.5187444
69708	-998.7472	-1066.695	67.94819	1.594252	0.9525156	0.5625708
69714	-1001.969	-1068.554	66.58445	0.7350639	1.189113	2.255741
69720	-996.2987	-1063.138	66.83903	0.6683762	1.189113	2.134066
69726	-1003.089	-1069.938	66.84858	0.8583208	2.291146	1.483503
69732	-1003.576	-1071.082	67.50539	1.183393	1.441175	1.117161
69738	-1001.986	-1069.751	67.76547	0.9208133	1.013563	1.424127
69744	-1004.959	-1072.279	67.31931	0.6746723	1.100986	1.862528
69750	-998.5392	-1065.78	67.24048	0.7518175	1.150338	1.832736
69756	-1000.838	-1068.328	67.48981	0.7708637	1.216146	1.602418
69762	-996.3492	-1064.166	67.8171	0.976564	1.038528	1.320369
69768	-1000.258	-1067.756	67.49779	0.6253624	0.952351	1.873942
69774	-1007.4	-1075.374	67.97462	1.26446	0.8461681	1.113002
69780	-1004.803	-1072.748	67.94521	0.8809852	1.089394	1.254064
69786	-1009.216	-1076.605	67.389	0.8809852	1.521796	1.414759
69792	-1005.042	-1073.045	68.00344	1.125004	0.9756222	1.087052
69798	-1000.996	-1069.416	68.42017	1.125004	0.6110755	1.106238
69804	-995.7082	-1063.666	67.95751	1.139814	0.65059	1.43123
69810	-997.6502	-1066.009	68.3583	1.283027	0.7061208	0.8778506
69816	-1000.165	-1067.778	67.61262	1.283027	1.414432	0.9348465
69822	-998.312	-1066.626	68.31395	1.283027	0.6773856	0.967505
69828	-1006.392	-1074.404	68.01159	1.283027	0.6484002	1.277122
69834	-1001.464	-1069.516	68.05204	1.25271	0.7747956	1.129065
69840	-1003.933	-1071.885	67.9515	1.212165	0.9199015	1.107984
69846	-1000.817	-1068.348	67.53134	1.212165	1.664687	0.9039323
69852	-1005.631	-1072.932	67.30097	0.92699	1.139535	1.674695
69858	-999.769	-1066.699	66.92959	0.6149172	0.7939381	2.368063
69864	-1007.286	-1075.363	68.07629	1.064914	0.8634513	1.182519
69870	-1004.135	-1072.091	67.95598	1.064914	0.9366581	1.217739
69876	-1004.082	-1072.096	68.01455	1.000022	0.8559189	1.295783
69882	-1010.289	-1077.865	67.57557	1.141202	0.98016	1.42643
69888	-1016.326	-1083.639	67.31289	1.047332	0.7457179	1.871933
69894	-1000.924	-1068.293	67.36971	0.9112817	1.067022	1.68489
69900	-1007.845	-1075.101	67.25519	0.9661381	1.791215	1.308222
69906	-1011.884	-1079.476	67.59185	1.183657	1.456411	1.025016
69912	-999.7975	-1067.522	67.72405	0.9655046	0.8067802	1.588242
69918	-1000.9	-1068.488	67.58738	0.9655046	1.253311	1.357556
69924	-1015.936	-1083.188	67.25185	0.7900162	1.553161	1.569382
69930	-997.9707	-1066.072	68.10124	1.126662	0.8491371	1.120082
69936	-1002.995	-1070.501	67.50561	1.224882	1.329428	1.15781
69942	-1004.467	-1072.128	67.6616	0.8324195	0.7793682	1.751097
69948	-1002.788	-1069.769	66.98079	0.5692639	1.566145	1.908473
69954	-1002.206	-1070.325	68.11823	1.17304	0.7310371	1.188426
69960	-997.1561	-1064.846	67.69009	0.7724335	0.9198284	1.661042
69966	-997.9833	-1065.42	67.43695	0.5842716	1.032842	1.888218
69972	-999.8911	-1067.466	67.57496	0.9643449	0.9154065	1.609135
69978	-1000.669	-1068.472	67.8028	1.025597	0.6996277	1.583473
69984	-1005.69	-1074.087	68.39649	1.142559	0.6146976	1.10709
69990	-998.8217	-1066.946	68.12382	1.491878	0.6762108	0.9495763
69996	-1005.612	-1074.041	68.42966	1.237431	0.6893468	0.8733129
70002	-999.6698	-1067.629	67.95951	0.9702934	1.039696	1.206731
70008	-999.9987	-1067.837	67.83797	0.9702934	0.9194268	1.404509
70014	-997.0812	-1064.48	67.39903	0.933086	0.9482287	1.73231
70020	-1005.57	-1073.101	67.53176	0.8714949	0.7047294	1.878036
70026	-1012.666	-1080.427	67.76081	0.8507054	0.8315869	1.62401
70032	-1002.206	-1070.075	67.86917	1.03303	1.001992	1.261151
70038	-1000.448	-1068.426	67.97773	1.03303	0.9207447	1.240451
70044	-999.039	-1066.26	67.22078	0.593073	1.296567	1.868908
70050	-994.8568	-1062.549	67.6926	0.9617732	0.8788682	1.553973
70056	-995.4172	-1063.241	67.82405	0.9092399	1.136542	1.294717
70062	-996.3451	-1064.316	67.97086	0.9092399	0.7698569	1.479556
70068	-999.3328	-1067.319	67.98666	0.9342331	0.8447463	1.380645
70074	-993.3061	-1061.373	68.06675	1.08166	0.9475812	1.095274
70080	-998.215	-1065.837	67.62182	1.08166	1.368195	1.154394
70086	-997.2153	-1064.471	67.2556	0.9040464	1.888383	1.308874
70092	-1002.669	-1069.688	67.0186	0.6486078	1.291538	1.97086
70098	-994.8504	-1062.655	67.80504	0.7148182	0.925457	1.615479
70104	-1000.938	-1069.052	68.11391	0.9880578	0.887849	1.193135
70110	-995.2195	-1062.713	67.49343	1.002752	0.887849	1.661641
70116	-998.1118	-1065.959	67.84764	0.91514	0.6675048	1.661641
70122	-991.8416	-1058.557	66.71502	0.5748328	1.042725	2.360778
70128	-988.5992	-1055.989	67.38952	0.7768509	1.005404	1.807256
70134	-993.5769	-1061.815	68.23823	1.10598	0.5982065	1.294662
70140	-990.0626	-1057.84	67.77778	1.118395	0.7521221	1.483809
70146	-993.6854	-1061.993	68.30757	1.104879	0.6260816	1.20446
70152	-1000.466	-1067.714	67.24807	0.8644568	1.414008	1.5931
70158	-991.4978	-1058.724	67.22636	0.8033796	0.9392323	1.946474
70164	-993.8743	-1060.62	66.74582	0.6148754	1.047303	2.312895
70170	-997.9768	-1065.192	67.21499	0.6565318	1.047303	1.979709
70176	-997.3286	-1064.173	66.84463	0.5398904	1.463878	2.06885
70182	-993.5252	-1060.441	66.91574	0.7611213	1.289323	1.965609
70188	-994.6413	-1062.045	67.40406	0.8786496	1.203979	1.594049
70194	-996.6612	-1062.603	65.94177	0.06526316	0.8891374	3.239284
70200	-987.4517	-1053.896	66.4446	0.04839665	0.9445437	2.913788
70206	-984.3296	-1051.113	66.7835	0.09233976	0.980126	2.658141
70212	-988.4184	-1055.088	66.6698	0.04065495	1.155017	2.657307
70218	-992.2638	-1058.634	66.37023	0.07136847	1.155017	2.821763
70224	-992.9451	-1059.643	66.69768	0.5513625	0.9002917	2.478337
70230	-993.5995	-1060.313	66.71304	0.5129658	0.9745956	2.443845
70236	-994.5625	-1062.093	67.53091	0.6041279	1.01792	1.820321
70242	-999.8507	-1066.85	66.9998	0.6692256	0.8025371	2.282275
70248	-993.1829	-1060.808	67.62551	0.6692256	0.8782409	1.810545
70254	-995.9967	-1064.058	68.06115	1.632873	0.8000359	0.6181391
70260	-992.7919	-1060.869	68.07701	1.632873	0.8059002	0.5271141
70266	-996.6034	-1064.362	67.75895	1.632738	1.110011	0.4570861
70272	-996.937	-1064.697	67.76019	1.632738	1.110011	0.4644154
70278	-995.6006	-1063.555	67.95421	1.695252	0.85905	0.4790519
70284	-998.0391	-1065.286	67.24675	0.6658484	0.8365488	2.098882
70290	-998.6486	-1065.842	67.19375	0.6932926	0.8591523	2.098882
70296	-1004.877	-1071.786	66.90888	0.947414	1.150929	1.925041
70302	-1016.097	-1083.696	67.59934	0.9459487	0.8963903	1.619631
70308	-1015.683	-1083.064	67.38065	0.8217778	1.304412	1.590874
70314	-1016.098	-1083.784	67.68649	1.457965	1.162891	0.8896905
70320	-1006.739	-1072.377	65.63715	0.6095371	1.239007	2.895431
70326	-1001.501	-1067.448	65.94658	0.5534682	1.311369	2.704552
70332	-1013.606	-1081.815	68.20898	1.298313	0.7423324	0.9736886
70338	-1012.316	-1080.263	67.94778	1.488724	0.9199753	0.8226294
70344	-1005.363	-1072.977	67.61442	0.8787589	0.6784539	1.840126
70350	-999.703	-1067.635	67.93149	0.9742999	0.6571756	1.568187
70356	-998.3044	-1066.695	68.39072	1.017154	0.5490138	1.302957
70362	-1002.842	-1070.332	67.48979	1.017154	0.6890032	1.821049
70368	-1001.001	-1068.793	67.79265	1.466007	0.9854626	0.9490923
70374	-996.3648	-1064.615	68.24999	1.522875	0.6813895	0.7487266
70380	-1003.076	-1070.827	67.75126	1.391496	1.256699	0.7913362
70386	-1004.224	-1071.936	67.71228	1.33046	1.157866	1.002463
70392	-993.4511	-1060.595	67.14384	0.6350211	1.226781	1.932371
70398	-998.7248	-1065.439	66.71416	0.4440399	0.8138156	2.595355
70404	-1001.407	-1068.863	67.45584	1.351628	1.22925	1.16324
70410	-995.5695	-1062.797	67.22786	0.5665191	1.260052	1.902794
70416	-994.1198	-1061.141	67.02112	0.5406707	0.945762	2.249348
70422	-991.7238	-1058.779	67.05495	0.43954	0.945762	2.292497
70428	-988.2582	-1055.547	67.28885	0.6375753	0.945762	2.011032
70434	-992.931	-1060.281	67.34965	0.743753	0.8182123	1.993207
70440	-1003.402	-1070.186	66.78409	0.5889387	0.8182123	2.458246
70446	-1004.865	-1070.996	66.1314	0.2820835	1.157504	2.837482
70452	-1014.352	-1081.235	66.88273	0.7506858	0.9415254	2.206022
70458	-1007.457	-1074.74	67.2827	0.6645715	0.7311186	2.158845
70464	-991.8877	-1059.103	67.2152	0.5878009	1.106357	1.988164
70470	-987.3189	-1054.098	66.77946	0.4417552	1.048474	2.400697
70476	-984.8856	-1051.463	66.57741	0.5535481	1.048474	2.457526
70482	-987.824	-1054.634	66.81003	0.5807426	1.048474	2.292964
70488	-989.8331	-1056.713	66.88006	0.4872843	0.9028469	2.402205
70494	-1004.319	-1072.116	67.79745	1.09587	1.025168	1.249467
70500	-999.4603	-1066.578	67.11736	0.5696651	0.9239807	2.183278
70506	-1004.43	-1071.669	67.23922	0.6186273	1.141701	1.929618
70512	-1001.375	-1068.888	67.51316	0.9075406	0.9578091	1.662479
70518	-995.2653	-1062.26	66.99424	0.5857859	0.924061	2.252299
70524	-994.6206	-1062.061	67.44034	0.5326351	0.8294821	2.064482
70530	-1007.251	-1073.648	66.39674	0.6208022	0.9768824	2.572577
70536	-1002.208	-1068.651	66.44299	0.7167787	1.207825	2.34736
70542	-1000.115	-1067.187	67.07241	0.8648199	1.146709	1.872687
70548	-1001.055	-1067.838	66.78235	0.7634413	0.8343167	2.337371
70554	-1001.926	-1069.22	67.29318	0.8576635	0.5741565	2.166574
70560	-1001.944	-1069.648	67.70399	1.144034	0.9507351	1.347417
70566	-997.0395	-1065.126	68.08669	1.108304	0.7583156	1.241399
70572	-1003.968	-1071.498	67.5303	0.750969	0.7277757	1.940693
70578	-1004.012	-1071.177	67.16469	0.7784059	1.2869	1.785417
70584	-1000.981	-1068.351	67.36993	0.7487836	1.014321	1.834009
70590	-994.6407	-1061.722	67.08107	0.652702	1.014321	2.092374
70596	-993.3898	-1060.991	67.60143	0.8768337	0.8778983	1.68221
70602	-997.2918	-1064.786	67.49405	0.8060565	1.213137	1.575546
70608	-992.2062	-1059.649	67.44306	0.6844855	1.156613	1.734855
70614	-1001.184	-1068.6	67.41604	0.7114982	1.156613	1.734855
70620	-1001.042	-1068.891	67.84862	0.993269	0.9905002	1.319798
70626	-1005.251	-1072.663	67.41235	0.9374357	1.144785	1.583365
70632	-1006.575	-1073.824	67.24822	0.7919864	1.014405	1.887631
70638	-999.5664	-1067.047	67.48059	0.7089565	0.8716471	1.887631
70644	-998.543	-1065.533	66.98969	0.4379462	1.431715	2.056413
70650	-1008.712	-1075.405	66.69318	0.3535535	1.299502	2.37004
70656	-1009.811	-1077.068	67.25718	0.5977367	0.9552406	2.051934
70662	-995.2625	-1062.444	67.18105	0.5704941	1.051831	2.056553
70668	-1002.602	-1070.065	67.46364	0.8678021	1.043067	1.665334
70674	-996.608	-1063.454	66.846	0.1927719	0.8175755	2.666379
70680	-996.7524	-1063.736	66.98367	0.5357081	1.239324	2.09784
70686	-995.3269	-1062.869	67.54248	0.4673949	0.9985647	1.918888
70692	-1007.594	-1074.978	67.38454	0.7916713	1.692191	1.395425
70698	-1003.04	-1070.588	67.54883	0.7916713	1.280286	1.503535
70704	-992.7969	-1059.785	66.98821	0.6210618	1.028545	2.164592
70710	-993.349	-1060.443	67.09423	0.6222857	1.028545	2.094516
70716	-995.9498	-1063.109	67.15877	0.6028514	0.858319	2.18132
70722	-998.6256	-1065.766	67.14009	0.6390362	0.9654016	2.094967
70728	-997.0156	-1064.321	67.30496	0.4335049	1.005622	2.094967
70734	-1004.874	-1071.872	66.9984	0.6468081	1.39733	1.928805
70740	-997.9102	-1064.671	66.76055	0.499773	0.7232715	2.600317
70746	-994.7764	-1061.662	66.88585	0.7351488	0.9672752	2.196806
70752	-1000.431	-1067.374	66.94346	0.2749372	1.043517	2.405506
70758	-1004.554	-1071.153	66.59906	0.3405234	1.043517	2.57991
70764	-997.3917	-1065.122	67.73074	0.9185912	0.7514931	1.665328
70770	-1000.15	-1067.763	67.61374	0.8982085	1.195014	1.428518
70776	-1003.433	-1071.45	68.01619	0.6841028	0.9840295	1.436084
70782	-996.0092	-1063.135	67.12545	1.196939	1.954926	1.136956
70788	-994.409	-1062.497	68.08756	1.197221	0.7767145	1.144816
70794	-1001.985	-1069.686	67.70066	1.196395	1.150918	1.144816
70800	-999.0484	-1066.691	67.64293	1.125182	1.301224	1.144816
70806	-993.9131	-1061.694	67.78059	1.043943	0.9405502	1.374377
70812	-1002.426	-1070.605	68.17888	1.095798	0.8110957	1.117298
70818	-1005.325	-1072.397	67.07179	0.8542913	1.89565	1.487347
70824	-998.5194	-1066.276	67.75697	0.7618546	0.8983977	1.637154
70830	-996.3226	-1064.266	67.94378	0.8320702	0.8376592	1.497978
70836	-997.6666	-1064.696	67.02963	0.883439	1.415296	1.734996
70842	-1001.7	-1069.2	67.50088	0.8194126	0.8549548	1.810789
70848	-1012.564	-1079.497	66.93373	0.6567819	1.509317	1.908795
70854	-999.0847	-1065.786	66.70087	0.5705966	0.775343	2.553389
70860	-996.448	-1063.108	66.66004	0.6905593	0.8992769	2.415204
70866	-992.554	-1059.185	66.63075	0.6004816	0.8992769	2.490174
70872	-996.0102	-1062.955	66.94498	0.6004816	0.5760756	2.549125
70878	-1000.584	-1067.517	66.93301	0.8931144	0.8208367	2.167161
70884	-1001.253	-1068.344	67.09138	0.7262514	0.8281935	2.167161
70890	-1004.754	-1071.437	66.68346	0.5359759	1.314588	2.251987
70896	-1004.49	-1071.678	67.18757	0.6715082	1.075622	1.96991
70902	-997.3218	-1064.689	67.36765	0.4679996	0.8982645	2.104339
70908	-996.4095	-1063.608	67.19837	0.8239617	0.8690441	2.002124
70914	-994.9969	-1062.362	67.36541	0.6399091	0.8690441	2.013451
70920	-997.2912	-1064.592	67.30099	0.6888019	1.046974	1.90025
70926	-998.6509	-1066.74	68.08945	0.9739241	0.7016193	1.404845
70932	-1000.571	-1068.349	67.77796	1.022807	0.856676	1.462924
70938	-1002.255	-1070.013	67.75763	1.022807	0.9082869	1.435183
70944	-1004.753	-1072.28	67.52697	1.124925	1.214694	1.304642
70950	-1006.584	-1074.457	67.87242	1.181945	0.6122263	1.504592
70956	-998.8914	-1066.278	67.38649	0.9434744	1.291334	1.504592
70962	-1000.139	-1067.648	67.5095	1.015418	0.7654495	1.741264
70968	-1011.083	-1078.619	67.53617	0.8221684	0.7431446	1.875404
70974	-995.1839	-1063.034	67.84998	1.101261	0.856309	1.346384
70980	-1004.696	-1071.961	67.26431	0.98268	1.332294	1.541535
70986	-1007.203	-1075.212	68.00964	1.072473	0.6033461	1.493371
70992	-1002.969	-1070.535	67.56518	1.038159	1.168543	1.375626
70998	-1003.04	-1071.248	68.20814	1.271914	0.8154369	0.908813
71004	-1000.486	-1068.688	68.20169	1.271914	0.8098711	0.9230709
71010	-1013.497	-1081.216	67.7193	1.261831	0.8382975	1.338806
71016	-1003.029	-1070.588	67.55838	1.210692	1.040154	1.338806
71022	-999.8085	-1067.439	67.63022	1.303422	1.334199	0.9613376
71028	-1006.334	-1074.492	68.15802	1.178842	0.8296984	1.039199
71034	-1002.03	-1070.354	68.32355	1.32583	0.682221	0.9043239
71040	-996.9493	-1064.968	68.01904	1.112512	1.172892	0.8942483
71046	-1000.841	-1068.99	68.1492	1.112512	0.7736318	1.168417
71052	-1010.888	-1078.791	67.90225	1.112512	1.004377	1.163296
71058	-1007.259	-1075.388	68.12857	1.112512	1.020615	0.9303854
71064	-1003.021	-1071.046	68.02484	1.33265	1.08499	0.6962991
71070	-1002.394	-1070.078	67.6838	0.9652553	0.9944481	1.46715
71076	-995.5796	-1063.319	67.7394	0.8195792	1.040555	1.50075
71082	-992.5747	-1060.341	67.76588	0.8786441	1.040555	1.435886
71088	-989.5973	-1057.455	67.8581	0.9559278	1.062008	1.285482
71094	-991.4717	-1059.249	67.77692	0.9398802	1.062008	1.36359
71100	-988.7007	-1056.208	67.5074	0.805477	1.269102	1.531076
71106	-994.7444	-1061.719	66.97418	0.5804258	0.9541397	2.248369
71112	-1001.434	-1068.795	67.36152	0.1930831	0.9541397	2.248369
71118	-997.2527	-1064.522	67.26978	0.2082638	0.9748357	2.28385
71124	-998.4318	-1065.066	66.63441	0.3624475	1.300009	2.401327
71130	-1000.102	-1066.876	66.7743	0.6688176	1.070695	2.24575
71136	-995.3287	-1062.281	66.95198	0.5466476	1.175858	2.147412
71142	-990.5148	-1057.585	67.07024	0.6894285	1.327448	1.888703
71148	-991.9673	-1058.966	66.9988	0.7784502	1.082027	2.020468
71154	-995.4636	-1063.053	67.58946	0.8101928	0.9323911	1.69634
71160	-1002.655	-1070.193	67.53772	1.262373	1.61599	0.8774468
71166	-1004.786	-1072.665	67.87858	1.367782	1.107318	0.8281554
71172	-1001.101	-1069.369	68.26845	1.290922	0.8918243	0.6842678
71178	-1002.303	-1069.894	67.59178	1.12939	1.254153	1.21939
71184	-1007.06	-1074.931	67.87087	0.8393695	1.068989	1.36351
71190	-1007.807	-1075.03	67.22305	0.9628188	1.254546	1.632869
71196	-999.8429	-1066.663	66.82005	0.7226837	1.612594	1.891313
71202	-1001.022	-1068.63	67.6085	0.7226837	0.9603759	1.72411
71208	-1002.861	-1069.952	67.09103	0.9315128	0.9801033	1.922903
71214	-999.69	-1066.913	67.22259	0.8831475	0.8826349	1.93617
71220	-1002.57	-1069.8	67.23017	0.6969421	0.6837043	2.211624
71226	-1000.669	-1067.796	67.12644	0.8562384	1.025039	1.919533
71232	-1002.945	-1071.13	68.18447	1.464456	0.7997933	0.7103623
71238	-1003.092	-1070.825	67.7333	1.383949	1.252634	0.8291237
71244	-1006.141	-1073.554	67.4125	0.8837881	1.36492	1.485302
71250	-1017.311	-1085.169	67.85823	1.177506	1.090594	1.068809
71256	-1004.054	-1071.856	67.80241	1.184783	1.096057	1.108973
71262	-999.0368	-1066.314	67.2774	0.4111026	1.107967	2.063187
71268	-1009.285	-1075.845	66.55998	0.5665615	1.203403	2.370876
71274	-1004.729	-1071.58	66.85098	1.009031	1.861957	1.552054
71280	-1002.141	-1069.612	67.47154	0.8475852	1.47821	1.40147
71286	-997.1561	-1065.168	68.01193	1.099289	1.019559	1.061993
71292	-996.9896	-1065.57	68.58021	1.151006	0.4710945	1.136575
71298	-998.4122	-1066.741	68.32921	1.144504	0.6378508	1.136575
71304	-1001.275	-1069.472	68.19735	0.9455718	0.8557626	1.188472
71310	-994.0258	-1062.16	68.13432	1.430623	0.6208669	1.075083
71316	-1000.694	-1068.714	68.02023	1.201646	0.6317707	1.354418
71322	-998.7456	-1066.479	67.73324	1.091667	1.048015	1.287579
71328	-1007.108	-1075.007	67.89893	1.024808	1.226206	1.059883
71334	-996.5649	-1064.228	67.66287	0.9851874	1.040747	1.433033
71340	-997.5074	-1065.246	67.73904	0.9416094	1.007568	1.433033
71346	-1004.828	-1072.23	67.40204	1.025497	0.6697602	1.892899
71352	-1001.145	-1068.461	67.31611	1.025497	0.9861688	1.698151
71358	-998.5884	-1066.092	67.50398	0.8386682	1.055714	1.648573
71364	-1003.427	-1070.545	67.11752	0.7223308	1.070143	1.986251
71370	-1002.229	-1070.136	67.90661	0.7530989	0.8380207	1.583652
71376	-999.6552	-1067.207	67.55127	1.014565	1.001874	1.524075
71382	-995.416	-1063.227	67.81099	1.014565	0.7393214	1.548369
71388	-999.2653	-1066.975	67.70985	1.145606	1.221333	1.126668
71394	-1000.256	-1068.372	68.11575	1.70334	0.7052766	0.4154234
71400	-1008.049	-1075.686	67.63646	1.736261	1.106076	0.3935248
71406	-1006.062	-1074.1	68.03785	1.745701	0.7051024	0.3556998
71412	-1000.221	-1067.742	67.52103	1.712585	1.27781	0.4182041
71418	-1001.777	-1070.149	68.37183	1.741861	0.488066	0.656355
71424	-1001.285	-1069.101	67.81614	1.484535	1.077334	0.7939185
71430	-1005.161	-1072.872	67.71046	0.736479	1.395862	1.350175
71436	-1001.661	-1069.406	67.74516	1.027593	1.079946	1.305215
71442	-1004.067	-1071.724	67.65755	0.9150236	1.090436	1.454531
71448	-999.6807	-1067.498	67.81696	1.028623	0.7461021	1.527266
71454	-993.8987	-1061.762	67.86313	1.099558	0.9462969	1.258105
71460	-993.4107	-1061.154	67.7434	1.17661	1.455393	0.8727205
71466	-1002.183	-1070.211	68.02773	1.159961	0.9344626	1.071549
71472	-1008.949	-1077.286	68.33656	1.159961	0.6092921	1.152195
71478	-1004.458	-1072.467	68.00966	1.201547	0.7347977	1.252245
71484	-1006.789	-1074.919	68.13042	0.9218664	0.8767317	1.245596
71490	-999.99	-1067.264	67.27429	0.9218664	0.9648943	1.814984
71496	-1004.758	-1072.263	67.50525	0.9218664	0.9362192	1.673954
71502	-1005.873	-1073.429	67.55651	0.9647045	0.9362192	1.606264
71508	-1009.548	-1077.529	67.98193	0.924274	0.8125914	1.420822
71514	-996.3372	-1064.306	67.96855	0.9176437	0.8124295	1.436359
71520	-1004.946	-1072.495	67.54839	0.8075243	0.8922847	1.757358
71526	-1002.588	-1070.378	67.79028	0.6010137	0.7849161	1.817835
71532	-1001.877	-1069.079	67.20191	0.8409614	1.27074	1.725032
71538	-995.5793	-1062.498	66.91896	0.7602813	1.089684	2.080521
71544	-1003.978	-1071.13	67.15227	0.8619577	0.7849929	2.071682
71550	-1000.419	-1068.47	68.05041	1.029561	0.8369924	1.259666
71556	-1001.139	-1069.268	68.1299	1.263432	0.5967278	1.256035
71562	-999.5637	-1067.244	67.6803	0.9769668	1.064974	1.407948
71568	-1004.58	-1072.558	67.97854	1.044338	0.9524836	1.201971
71574	-1004.087	-1070.395	66.30803	0.5296336	1.155675	2.578325
71580	-1012.47	-1079.964	67.49438	0.9547614	0.8280515	1.742414
71586	-1002.942	-1070.688	67.74622	0.7623633	0.7674936	1.750965
71592	-1000.746	-1068.049	67.30369	0.9615119	1.036652	1.716779
71598	-1001.282	-1068.912	67.63066	0.8500423	1.246288	1.41861
71604	-997.8578	-1065.243	67.38506	0.8141573	1.058425	1.748381
71610	-999.4401	-1067.401	67.96091	0.8657766	1.076511	1.26372
71616	-997.0318	-1064.889	67.85744	0.6118189	1.076511	1.541915
71622	-1000.791	-1068.218	67.4276	1.254275	1.445832	1.120221
71628	-1003.923	-1071.646	67.72325	1.007547	1.074878	1.342776
71634	-996.6181	-1063.207	66.58925	0.425846	1.061406	2.522242
71640	-994.5539	-1061.839	67.28469	0.3656775	0.7262859	2.353519
71646	-990.0311	-1056.881	66.85033	0.3533898	1.147137	2.353519
71652	-990.5112	-1057.05	66.53876	0.2264993	1.117385	2.644603
71658	-1003.972	-1070.655	66.68296	0.3892572	0.7800622	2.673074
71664	-995.7628	-1063.292	67.52891	1.416773	1.487736	0.811415
71670	-1003.605	-1071.149	67.54455	1.74662	0.983662	0.9159962
71676	-995.6446	-1063.567	67.92266	1.149123	0.8843228	1.22219
71682	-1007.541	-1075.72	68.17924	1.30829	0.5296664	1.262548
71688	-1004.919	-1072.521	67.60218	0.9748557	0.9624603	1.545396
71694	-995.9503	-1063.642	67.69221	1.059248	1.101456	1.306145
71700	-999.1294	-1066.787	67.6575	1.059248	1.150182	1.298148
71706	-1003.697	-1070.891	67.1946	1.103804	1.556159	1.373316
71712	-999.5557	-1066.818	67.2621	1.007058	1.18054	1.618788
71718	-997.4012	-1065.002	67.60106	0.8679454	1.112867	1.516872
71724	-997.7956	-1065.517	67.7218	0.7256311	0.7535453	1.805387
71730	-998.7277	-1066.702	67.97473	0.8522606	0.8351867	1.461488
71736	-997.4403	-1065.242	67.80201	0.8965978	0.6579256	1.716434
71742	-1017.173	-1085.291	68.11718	1.301933	0.6788781	1.135492
71748	-1008.232	-1075.843	67.61162	1.266469	1.250285	1.083474
71754	-1009.418	-1077.013	67.59501	1.370714	1.242555	1.005668
71760	-998.0257	-1065.066	67.04019	0.7106129	1.25048	1.937695
71766	-1006.658	-1074.63	67.97207	0.4859078	1.045722	1.571918
71772	-1006.425	-1074.257	67.8317	1.136113	0.9870811	1.218719
71778	-998.3872	-1066.185	67.79806	1.140496	0.7560013	1.44802
71784	-996.7505	-1064.639	67.88898	1.031923	0.7704512	1.44802
71790	-1000.171	-1068.467	68.29642	1.293954	0.5764934	1.111203
71796	-1008.815	-1076.405	67.58977	1.099633	1.03716	1.403801
71802	-1000.913	-1068.658	67.74493	0.7007965	0.997737	1.615248
71808	-995.8699	-1063.028	67.15769	0.6664509	1.075068	1.993623
71814	-1012.151	-1079.2	67.04915	0.2419046	1.124695	2.310908
71820	-997.7308	-1065.875	68.14377	1.235122	0.9674536	0.8327571
71826	-999.1706	-1067.077	67.90659	1.561716	1.02618	0.5619123
71832	-1003.11	-1069.315	66.20476	0.2831458	1.254509	2.740826
71838	-1001.608	-1067.792	66.18408	0.3749102	1.353317	2.64756
71844	-1003.726	-1072.086	68.35958	1.412613	0.504906	1.046247
71850	-998.5844	-1066.668	68.08324	1.343378	0.78797	0.9990481
71856	-1003.516	-1071.189	67.67259	1.389284	1.261658	0.8864285
71862	-1000.211	-1067.243	67.03204	0.6785599	1.305078	1.934229
71868	-1001.115	-1068.459	67.34393	0.9703669	0.7094203	1.934229
71874	-998.935	-1066.504	67.56859	0.9703669	1.321918	1.323483
71880	-1001.666	-1070.204	68.53761	1.315217	0.5015215	0.971813
71886	-1000.347	-1068.161	67.8142	1.065082	1.116954	1.18742
71892	-997.2956	-1064.854	67.55832	0.7907906	1.251672	1.514994
71898	-993.2427	-1060.759	67.51589	1.090794	1.004625	1.491461
71904	-993.1961	-1061.064	67.86805	0.9573634	1.036173	1.296531
71910	-1000.419	-1067.69	67.27103	0.8064246	0.9844538	1.882675
71916	-993.1121	-1060.452	67.34008	0.7098758	1.150446	1.792864
71922	-996.9602	-1064.942	67.9815	1.005079	0.9142046	1.266373
71928	-1001.504	-1069.303	67.79885	1.009181	0.7734841	1.530233
71934	-1000.949	-1068.546	67.59668	0.6573494	0.9823659	1.762448
71940	-997.1648	-1064.866	67.70107	0.8547857	0.9171647	1.595747
71946	-999.0216	-1066.445	67.42304	0.6857871	1.152833	1.750354
71952	-1002.829	-1070.927	68.09801	1.274294	1.01744	0.7749298
71958	-1000.274	-1068.377	68.10345	1.348076	0.8830239	0.8534991
71964	-987.8923	-1055.489	67.59677	0.7518605	1.118229	1.601847
71970	-992.2338	-1060.018	67.78387	0.7918363	1.069474	1.467191
71976	-994.6458	-1062.374	67.72847	0.6721889	0.9349037	1.693754
71982	-989.738	-1056.946	67.20768	0.7997741	0.9028683	1.987343
71988	-991.5535	-1059.015	67.46168	0.8992392	1.283785	1.486016
71994	-997.3016	-1064.444	67.14228	0.6545521	1.180867	1.947154
72000	-994.7186	-1062.152	67.43313	1.019088	1.226321	1.453505
72006	-994.0298	-1061.637	67.60676	1.032978	0.9245834	1.52825
72012	-991.9647	-1059.491	67.52594	1.096313	0.9411795	1.52825
72018	-1002.718	-1070.001	67.28394	1.103383	0.9411795	1.698541
72024	-1001.878	-1069.883	68.00524	1.149961	0.6725392	1.362982
72030	-1000.106	-1067.26	67.15302	0.7280403	1.119333	1.927711
72036	-993.2066	-1060.39	67.18383	0.7407339	1.072725	1.927711
72042	-996.4512	-1064.13	67.67877	1.600268	1.238437	0.5377731
72048	-993.0198	-1060.94	67.92053	1.659975	0.9190031	0.5483312
72054	-999.6959	-1067.302	67.60586	0.8534494	1.06327	1.558549
72060	-1000.837	-1067.813	66.97619	0.6682299	0.9286308	2.207677
72066	-991.5897	-1058.705	67.11484	0.6240016	0.8424309	2.207677
72072	-994.6716	-1061.935	67.26298	0.4894899	0.6822595	2.324868
72078	-996.8738	-1063.888	67.01384	0.850001	0.7742551	2.178461
72084	-990.675	-1057.647	66.97242	0.5515188	1.155745	2.142591
72090	-1001.331	-1068.446	67.11474	0.5336937	0.6434469	2.424046
72096	-999.3723	-1066.8	67.4274	0.5683097	0.9060961	1.992863
72102	-1003.948	-1070.472	66.52481	0.5683097	1.559203	2.213557
72108	-1001.406	-1068.708	67.30191	1.002586	0.6819596	1.964954
72114	-1000.053	-1067.778	67.7251	0.6492992	1.035791	1.639601
72120	-996.3117	-1064.197	67.88484	0.7770462	0.7971818	1.616569
72126	-994.7182	-1061.435	66.71688	0.5701058	1.628536	2.055232
72132	-986.8818	-1053.762	66.88067	0.5160301	0.9709569	2.338275
72138	-990.7966	-1058.366	67.56906	0.7130758	0.7631114	1.910443
72144	-998.2424	-1064.638	66.39535	0.3034716	1.313281	2.581007
72150	-997.6585	-1064.099	66.44024	0.3012043	1.252996	2.58553
72156	-993.1024	-1059.785	66.68298	0.624833	0.9549565	2.40502
72162	-1005.983	-1073.407	67.42417	0.9548105	1.193659	1.529863
72168	-994.8615	-1062.18	67.31899	0.9096263	1.309853	1.568465
72174	-995.3279	-1062.323	66.99542	0.5635905	1.271005	2.054168
72180	-994.2606	-1061.225	66.96446	0.6655401	1.188031	2.054168
72186	-996.7138	-1063.228	66.51401	0.8157925	1.569568	2.054168
72192	-1001.001	-1068.139	67.1378	0.8024737	1.569568	1.634737
72198	-999.5304	-1067.361	67.83103	1.07747	0.9439577	1.304537
72204	-999.8052	-1068.352	68.54678	1.20935	0.5821458	0.9409734
72210	-1000.18	-1067.504	67.32389	1.031717	1.748284	1.220058
72216	-1001.915	-1069.444	67.5295	1.194119	1.531989	1.02132
72222	-1005.054	-1072.594	67.54034	1.171068	1.67036	0.9349053
72228	-1003.873	-1072.008	68.13503	1.171068	0.8977494	0.9947662
72234	-995.062	-1062.84	67.77794	1.311679	1.300065	0.8140467
72240	-1013.135	-1080.971	67.83563	1.386609	1.271864	0.6359085
72246	-1007.723	-1075.395	67.67165	1.430843	1.336565	0.7554618
72252	-1001.46	-1069.358	67.89772	1.263389	0.9774403	1.054669
72258	-1001.601	-1069.507	67.90662	1.402451	1.098344	0.7541995
72264	-1001.36	-1069.411	68.05026	1.431903	0.9463435	0.7176604
72270	-996.9121	-1064.472	67.56034	1.431903	1.51248	0.7176604
72276	-1001.737	-1069.275	67.53846	1.431903	1.536296	0.7251652
72282	-995.4389	-1063.46	68.02085	1.191869	1.009828	0.9715509
72288	-1000.333	-1068.567	68.23408	1.322334	0.788443	0.8574506
72294	-998.192	-1065.74	67.54791	1.073936	1.429977	1.183891
72300	-993.2056	-1061.136	67.93076	1.132146	0.688365	1.418629
72306	-993.374	-1060.965	67.59122	1.157471	0.9908112	1.393361
72312	-989.498	-1057.031	67.53329	0.8441753	1.092256	1.598391
72318	-996.1296	-1062.864	66.73395	0.8897678	1.506169	1.887816
72324	-988.8839	-1056.392	67.50858	0.8897678	0.9764987	1.664756
72330	-1004.045	-1072.177	68.13196	1.588743	0.7977966	0.491641
72336	-1005.095	-1072.941	67.84661	1.566495	1.070961	0.6041164
72342	-992.8307	-1060.238	67.40692	0.8794554	1.262036	1.555052
72348	-993.2809	-1060.406	67.12486	0.6852615	1.478657	1.773533
72354	-992.543	-1060.478	67.93463	1.017899	0.9745259	1.242322
72360	-996.1667	-1064.151	67.98384	1.077569	0.8389354	1.273165
72366	-999.495	-1067.191	67.69602	0.9306151	0.9911984	1.486571
72372	-1006.059	-1073.15	67.0907	0.9306151	1.360921	1.688476
72378	-998.12	-1065.723	67.6027	0.8382293	0.6853914	1.869597
72384	-994.1926	-1061.75	67.55755	0.7092074	0.9797001	1.755446
72390	-989.0348	-1056.98	67.94512	0.9130448	0.8842963	1.395213
72396	-991.4942	-1059.168	67.67342	0.7394774	1.211052	1.493218
72402	-997.7426	-1066.028	68.28526	1.298399	0.8104567	0.7896233
72408	-999.1846	-1067.074	67.88931	1.361555	1.17197	0.7410311
72414	-1001.601	-1070.099	68.49819	1.393843	0.5725591	0.7974126
72420	-997.5593	-1065.314	67.75425	0.9300193	0.9636969	1.464139
72426	-997.1506	-1064.83	67.67947	0.9300193	0.827711	1.628691
72432	-996.5245	-1064.595	68.07	1.065288	0.8518443	1.198831
72438	-993.9169	-1061.708	67.79132	1.287375	1.132324	0.9895161
72444	-999.1405	-1066.583	67.44284	1.116474	1.270178	1.341209
72450	-999.0648	-1066.805	67.73986	1.116474	0.9502449	1.341209
72456	-997.4469	-1065.141	67.6938	0.7296305	0.9776204	1.645968
72462	-996.3302	-1064.284	67.95397	0.9505684	0.7562305	1.473672
72468	-1000.211	-1067.351	67.14028	0.7439638	1.212608	1.869142
72474	-997.2533	-1065.247	67.9936	1.264061	0.8807522	1.060043
72480	-997.4097	-1065.154	67.74399	1.262758	1.169775	1.027466
72486	-998.9178	-1066.402	67.48439	1.137589	1.04944	1.446566
72492	-1005.283	-1073.395	68.11218	1.166475	0.7922667	1.133687
72498	-1009.519	-1077.187	67.66821	1.166475	1.337807	1.056624
72504	-998.1285	-1066.023	67.89457	1.185867	1.04971	1.063306
72510	-1002.004	-1070.2	68.19606	1.320006	0.906465	0.7310946
72516	-1000.177	-1068.376	68.19949	1.320006	0.7394882	0.9647453
72522	-1005.198	-1073.391	68.19314	0.8425704	0.7356843	1.392527
72528	-1003.839	-1070.471	66.63194	0.5860172	1.185656	2.32265
72534	-1006.52	-1073.13	66.60951	0.7841677	1.088043	2.26699
72540	-1001.609	-1069.211	67.60257	0.8587015	1.368113	1.356017
72546	-1000.833	-1068.447	67.61321	0.686035	0.9090076	1.784242
72552	-1002.492	-1069.118	66.62626	0.6258144	1.146115	2.32335
72558	-997.2329	-1064.539	67.30577	0.8539374	1.146115	1.718861
72564	-992.0501	-1059.624	67.57433	0.7705405	0.9543462	1.718861
72570	-1004.355	-1071.472	67.11755	0.6560389	1.110976	2.004937
72576	-1003.549	-1071.702	68.15303	0.828773	0.7871725	1.385407
72582	-1000.185	-1067.54	67.35506	0.7967588	1.26535	1.650825
72588	-998.4791	-1066.235	67.75619	1.081181	0.9863412	1.326797
72594	-1003.278	-1070.51	67.23134	0.9748297	1.412642	1.524934
72600	-1008.51	-1075.96	67.45038	1.294706	1.582699	0.9632056
72606	-1000.583	-1068.482	67.89913	1.239767	1.094877	0.9632056
72612	-1001.814	-1069.651	67.83735	0.8997907	1.094877	1.322647
72618	-1004.443	-1071.994	67.5513	0.7159998	0.8222969	1.872711
72624	-994.5011	-1062.075	67.5736	0.8046012	0.9477508	1.700143
72630	-999.9608	-1066.934	66.97362	0.8046012	1.56028	1.75438
72636	-1000.008	-1067.89	67.88193	0.880505	0.7465074	1.588132
72642	-993.8622	-1061.827	67.96456	0.9173444	0.8907704	1.37108
72648	-997.7974	-1066.167	68.36929	0.9173444	0.7805999	1.139009
72654	-1004.056	-1072.331	68.27486	1.315127	0.7533719	0.8681035
72660	-1002.529	-1070.523	67.99383	1.176311	1.134362	0.8897036
72666	-1005.774	-1074.038	68.2643	1.420058	0.7583607	0.7338392
72672	-997.2548	-1065.324	68.06917	1.169515	1.026443	0.9267769
72678	-997.9492	-1066.097	68.14826	1.199927	0.9192459	0.9267769
72684	-998.182	-1065.845	67.66273	0.8605853	1.452442	1.253033
72690	-993.2717	-1060.431	67.15887	0.761373	1.060912	1.938217
72696	-998.6158	-1065.888	67.27221	0.676575	1.142072	1.867661
72702	-1015.078	-1083.647	68.56913	1.023795	0.5779228	1.106937
72708	-1011.212	-1078.847	67.63491	0.7583909	1.383675	1.399776
72714	-991.0414	-1058.679	67.63776	0.654244	0.7750467	1.893911
72720	-993.3715	-1060.072	66.7003	0.6205125	1.356761	2.164573
72726	-993.037	-1060.206	67.16909	0.1222103	1.059622	2.349529
72732	-989.5937	-1056.67	67.0765	0.5027167	1.313951	2.017339
72738	-992.2635	-1059.419	67.15511	0.514014	1.109793	2.07485
72744	-993.0632	-1060.019	66.95564	0.8677527	0.972146	2.061277
72750	-988.2483	-1054.792	66.54319	0.4856187	1.057674	2.515916
72756	-992.2446	-1058.683	66.43839	0.2111227	1.066119	2.745121
72762	-993.0079	-1059.914	66.90582	0.4185731	1.078567	2.316998
72768	-998.3778	-1065.2	66.82192	0.398694	1.192732	2.316998
72774	-995.3822	-1062.58	67.19823	0.3040288	0.9022779	2.316998
72780	-984.3122	-1052.179	67.86683	0.8303521	1.01565	1.414117
72786	-985.1606	-1052.693	67.53256	0.9810073	1.054562	1.524565
72792	-995.5574	-1062.815	67.25716	0.424472	0.8180831	2.262542
72798	-998.9935	-1066.681	67.68774	0.3956879	0.8180831	1.999959
72804	-995.0398	-1061.31	66.26993	0.581959	0.8308063	2.77152
72810	-989.2562	-1055.868	66.61147	0.5247541	0.8900639	2.555663
72816	-989.8254	-1056.275	66.44929	0.3405676	1.19876	2.584346
72822	-994.9982	-1062.419	67.42052	0.7624868	1.230489	1.649601
72828	-994.6242	-1062.054	67.42991	0.8461498	0.6895698	1.977277
72834	-998.0398	-1064.461	66.42101	0.5677949	1.153474	2.485385
72840	-996.2817	-1063.465	67.18368	0.3835143	1.032232	2.189564
72846	-987.5364	-1054.639	67.10256	0.5573057	0.9898726	2.156666
72852	-989.1798	-1056.534	67.35438	0.4604768	0.9950178	2.051615
72858	-990.7972	-1058.174	67.37676	0.8341081	0.7491899	1.969984
72864	-990.3066	-1057.817	67.51087	0.857632	1.023846	1.652233
72870	-993.2766	-1059.87	66.59344	0.9026692	0.8626312	2.348611
72876	-996.1296	-1063.115	66.9854	0.8869989	0.5324856	2.386155
72882	-998.1373	-1065.748	67.61081	0.725284	1.129775	1.603268
72888	-990.6505	-1058.46	67.80924	0.7620062	0.8571256	1.632164
72894	-990.3115	-1057.884	67.57245	0.6905174	0.8571256	1.848555
72900	-990.3712	-1057.181	66.80935	0.6361119	1.125953	2.21104
72906	-992.8782	-1059.519	66.64036	0.4706522	0.9505051	2.531317
72912	-1001.831	-1068.368	66.53665	0.3611349	0.9621119	2.655969
72918	-998.6849	-1065.485	66.79997	0.5288838	1.45818	2.108254
72924	-992.1893	-1059.62	67.43054	0.6627966	1.059608	1.82114
72930	-992.8961	-1060.121	67.22477	0.7398406	1.022242	1.933586
72936	-992.1359	-1059.156	67.02039	0.7079319	1.190443	1.987437
72942	-989.9757	-1057.529	67.553	0.773309	0.7813457	1.865373
72948	-991.16	-1058.744	67.58386	0.8806819	0.9830115	1.612367
72954	-996.8913	-1064.292	67.40042	1.080824	1.712073	1.131435
72960	-992.0462	-1059.884	67.8378	0.852687	1.119292	1.341887
72966	-991.4601	-1058.715	67.25512	0.6364898	1.119292	1.920612
72972	-999.131	-1065.701	66.57026	0.2691243	0.9364066	2.708283
72978	-995.4506	-1061.937	66.48633	0.4928778	0.9364066	2.622228
72984	-993.3251	-1060.195	66.86947	0.6057853	0.9452516	2.305129
72990	-994.8052	-1061.882	67.07721	0.6727775	1.186295	1.975381
72996	-995.556	-1062.866	67.3104	0.5698212	0.8554845	2.106054
73002	-995.5013	-1063.106	67.60514	0.6699574	0.8006337	1.884644
73008	-997.6286	-1064.83	67.20097	0.9859528	1.618482	1.425964
73014	-1005.541	-1072.928	67.38711	0.8804249	0.9303885	1.790453
73020	-1001.066	-1068.971	67.90439	0.8804249	0.9313696	1.412878
73026	-996.8206	-1064.027	67.20618	0.6546388	0.9313696	2.064506
73032	-995.1854	-1062.91	67.72499	0.8030964	0.8089224	1.702442
73038	-1004.528	-1072.21	67.68204	0.6832389	0.9570761	1.702442
73044	-1001.531	-1069.323	67.79179	1.15883	1.16042	1.088594
73050	-1004.096	-1071.04	66.94426	0.2787524	1.000485	2.429286
73056	-1006.222	-1072.85	66.62843	0.5798426	1.110728	2.371709
73062	-1004.471	-1071.989	67.51871	0.5832713	1.015643	1.844596
73068	-1004.338	-1071.669	67.33137	0.8037303	1.167432	1.722741
73074	-1002.044	-1070.428	68.38463	1.155381	0.628921	1.087694
73080	-993.4592	-1061.14	67.68123	0.8835767	1.098462	1.454736
73086	-1001.594	-1069.119	67.52483	1.005171	1.227763	1.392587
73092	-1001.523	-1068.245	66.72147	0.334174	1.177686	2.429891
73098	-995.2995	-1062.513	67.21395	0.5767946	1.165183	1.960583
73104	-991.8703	-1059.184	67.31353	0.9242241	1.165183	1.65121
73110	-999.627	-1066.993	67.36602	0.7419609	0.8055476	1.993347
73116	-998.4533	-1065.14	66.68639	0.5127729	1.011239	2.437553
73122	-989.8249	-1057.159	67.33382	0.5761258	1.011239	1.977613
73128	-991.3369	-1059.375	68.03851	0.8867663	0.7060175	1.505714
73134	-999.1243	-1066.648	67.52343	0.8023456	0.9574173	1.730068
73140	-1003.959	-1071.845	67.88653	0.9656285	0.9197783	1.369898
73146	-1006.55	-1073.822	67.27236	0.9413608	1.200942	1.64586
73152	-998.6419	-1066.27	67.6285	0.8146177	0.9585512	1.64586
73158	-999.9198	-1067.588	67.66776	0.7233355	1.009956	1.64586
73164	-992.0003	-1059.163	67.1631	0.7233355	1.289857	1.822924
73170	-995.896	-1063.985	68.0893	1.094961	0.5698202	1.453559
73176	-993.6024	-1061.403	67.80048	1.05669	0.8180418	1.453559
73182	-993.2311	-1061.562	68.33131	1.105868	0.722286	1.067236
73188	-988.5105	-1056.55	68.03939	1.123949	0.8577942	1.168768
73194	-995.8981	-1063.487	67.58883	1.00509	1.434744	1.204786
73200	-996.3937	-1064.596	68.20203	1.28546	0.7354322	1.002473
73206	-999.6755	-1067.852	68.17694	1.360542	0.7229986	0.9676558
73212	-998.3877	-1066.501	68.11305	1.220093	1.035248	0.8045061
73218	-991.4442	-1059.431	67.98647	1.194439	0.9984036	1.015048
73224	-996.3189	-1064.34	68.02093	1.371876	0.9035528	0.895982
73230	-995.8377	-1063.588	67.75022	1.371876	1.291392	0.7800219
73236	-996.9263	-1064.398	67.4715	1.371876	1.619389	0.8219785
73242	-1000.122	-1068.123	68.00113	1.371876	1.045985	0.7324376
73248	-1005.413	-1073.934	68.52095	1.409583	0.4888289	0.9114828
73254	-997.4116	-1065.396	67.98469	1.561173	0.9290505	0.6287595
73260	-1003.669	-1072.032	68.36341	1.20852	0.7267125	0.9261627
73266	-1003.408	-1071.319	67.91086	1.443147	1.039337	0.7704729
73272	-1009.678	-1077.554	67.87585	1.834276	0.7769415	0.3781433
73278	-1002.062	-1069.397	67.33553	1.903396	1.258187	0.3942325
73284	-1005.088	-1073.735	68.64743	1.440209	0.5010888	0.6653193
73290	-1002.133	-1070.4	68.2673	1.277985	0.7805729	0.8816247
73296	-998.2409	-1065.977	67.73629	1.250183	1.015079	1.178709
73302	-997.5462	-1065.492	67.94619	0.9956648	1.015079	1.217011
73308	-998.5217	-1066.367	67.84489	1.100179	1.001627	1.225607
73314	-999.3466	-1066.904	67.55714	1.0851	0.9647932	1.495026
73320	-1005.779	-1073.36	67.58109	1.243489	1.366949	1.044149
73326	-1007.066	-1074.627	67.56071	1.243489	1.329775	1.091189
73332	-1009.322	-1076.951	67.62909	1.281001	1.565385	0.78372
73338	-1008.489	-1075.82	67.33132	1.081594	1.467036	1.334111
73344	-1001.267	-1069.492	68.22468	1.476772	0.752591	0.7177865
73350	-1011.405	-1079.155	67.74972	1.080411	1.405029	1.00978
73356	-1004.52	-1072.229	67.7086	1.029557	1.314338	1.161813
73362	-1002.47	-1070.401	67.93117	1.516677	1.016906	0.6479002
73368	-1003.182	-1071.306	68.12446	1.307627	0.8416214	0.9283987
73374	-1019.844	-1087.571	67.7272	1.00517	1.4679	1.058224
73380	-1008.201	-1075.79	67.58855	0.4673359	0.971766	1.90609
73386	-1013.642	-1081.195	67.55317	0.7415391	0.8062394	1.866775
73392	-1007.823	-1075.237	67.41457	0.568994	1.281931	1.760099
73398	-999.6893	-1066.818	67.12909	0.8397481	1.064885	1.902801
73404	-1004.491	-1071.695	67.20408	0.7800419	1.369366	1.710101
73410	-999.5188	-1067.256	67.73687	0.7587726	1.023937	1.559848
73416	-1002.774	-1070.201	67.42705	0.7398737	1.086179	1.752549
73422	-1005.32	-1072.013	66.69341	0.419031	0.998266	2.500036
73428	-1011.095	-1077.482	66.38764	0.4086557	1.759121	2.316842
73434	-1005.037	-1071.587	66.55011	0.6823479	1.19478	2.308302
73440	-994.7146	-1062.403	67.68814	0.4689138	0.8979811	1.890105
73446	-990.1187	-1057.142	67.02289	0.3508804	1.036196	2.311422
73452	-998.2883	-1064.92	66.63188	0.5398713	1.135711	2.380338
73458	-994.5126	-1061.49	66.97779	0.532406	0.9446155	2.283218
73464	-994.3641	-1062.248	67.88411	0.7509357	1.009998	1.465998
73470	-998.903	-1066.645	67.74212	0.9408901	0.8631733	1.545679
73476	-999.1327	-1067.113	67.98002	1.014646	0.7581065	1.402813
73482	-995.352	-1063.826	68.47392	1.089217	0.5786002	1.132935
73488	-991.6723	-1060.21	68.53796	1.217257	0.5561535	0.9827901
73494	-998.9844	-1066.994	68.00946	1.431163	0.9753245	0.7363646
73500	-1007.547	-1074.77	67.22352	0.1245423	1.016823	2.339897
73506	-1012.475	-1079.235	66.7597	0.1337919	1.144984	2.549622
73512	-1002.131	-1070.155	68.02385	1.156423	0.8510271	1.160596
73518	-997.8221	-1065.332	67.51029	1.140825	1.315762	1.235498
73524	-1000.314	-1067.787	67.47337	1.232391	1.51428	1.050993
73530	-997.3294	-1064.935	67.60516	1.250736	1.540642	0.8744126
73536	-992.9823	-1060.854	67.87188	1.304707	1.246797	0.7552819
73542	-992.6189	-1060.617	67.99783	1.455494	0.8862839	0.8469857
73548	-993.6538	-1062.019	68.36536	1.517446	0.5953302	0.7632694
73554	-1008.189	-1075.54	67.35133	0.7683587	0.94876	1.878845
73560	-996.9689	-1064.261	67.29194	0.4540786	1.362671	1.878845
73566	-996.6117	-1063.76	67.14817	0.6529637	1.005439	2.053799
73572	-1000.725	-1068.335	67.61007	1.238646	1.466646	0.9427412
73578	-1006.035	-1074.392	68.35749	1.296224	0.6502378	0.9465312
73584	-1000.545	-1068.697	68.15135	1.252932	0.9753524	0.7891029
73590	-1004.995	-1073.122	68.12662	1.178204	0.7289699	1.178949
73596	-1010.992	-1078.573	67.58158	1.340049	0.9865785	1.257879
73602	-1000.966	-1068.836	67.86991	0.7305093	1.06148	1.454202
73608	-996.9804	-1064.541	67.5608	1.002791	0.8955266	1.607053
73614	-1000.969	-1068.787	67.81806	1.061594	0.7343257	1.512842
73620	-998.5656	-1065.597	67.03137	0.5050803	1.273846	2.067498
73626	-1005.605	-1072.425	66.82021	0.7290432	0.8482048	2.325119
73632	-1003.988	-1071.469	67.48176	0.2554778	0.8482048	2.204487
73638	-992.3074	-1059.069	66.76119	0.2145878	1.076445	2.537831
73644	-995.2092	-1061.943	66.73385	0.2496226	1.028366	2.561824
73650	-990.2028	-1056.471	66.26771	0.6279314	1.33898	2.445197
73656	-996.1883	-1062.599	66.41111	0.3809357	1.123143	2.624806
73662	-991.5007	-1058.386	66.88558	0.5663409	0.8191692	2.407897
73668	-990.7166	-1057.19	66.47334	0.3833244	1.299305	2.489805
73674	-1014.014	-1080.948	66.93354	0.123986	1.169345	2.433358
73680	-987.3948	-1054.309	66.91382	0.6934466	1.074135	2.137292
73686	-988.5474	-1055.449	66.90184	0.5328422	1.184282	2.184152
73692	-993.0646	-1060.1	67.03522	0.4766255	0.7861022	2.394644
73698	-995.9477	-1062.586	66.63837	0.4350409	1.344226	2.330109
73704	-996.7024	-1063.698	66.99579	0.5240682	0.9863323	2.249534
73710	-988.0027	-1055.788	67.78553	1.23731	1.023631	1.139315
73716	-1004.851	-1073.004	68.15339	1.232575	0.6905725	1.151208
73722	-1001.88	-1069.271	67.39095	0.7933429	1.191036	1.673111
73728	-1002.439	-1069.764	67.32543	0.7922031	0.7427842	2.037404
73734	-1003.099	-1070.614	67.51479	0.9903585	0.8129966	1.715288
73740	-1006.551	-1073.563	67.01147	0.7561053	1.655549	1.715288
73746	-1007.546	-1074.491	66.94532	0.7006231	0.989566	2.165924
73752	-999.4209	-1066.289	66.86805	0.5946631	0.9428325	2.314747
73758	-1000.005	-1067.19	67.18509	0.7046376	0.8532966	2.101431
73764	-996.5896	-1063.982	67.39281	0.4134954	0.7646821	2.223206
73770	-990.4728	-1057.793	67.32019	0.5710624	1.021904	1.983069
73776	-993.8053	-1061.442	67.63695	0.7755327	1.128839	1.547949
73782	-999.4106	-1066.464	67.05378	0.7534195	1.193874	1.932474
73788	-1005.717	-1073.025	67.30827	0.829594	0.8586067	1.932474
73794	-1001.765	-1069.006	67.2414	0.548338	1.13763	1.977863
73800	-1006.324	-1073.894	67.57014	0.7013818	1.067398	1.691364
73806	-999.5884	-1067.404	67.81599	0.8769163	1.067398	1.378348
73812	-1008.904	-1075.39	66.48667	0.5529461	0.9918652	2.549443
73818	-1017.948	-1084.06	66.11143	0.3274337	1.465204	2.668433
73824	-997.5165	-1065.409	67.89205	0.8985475	0.7884976	1.529787
73830	-1000.247	-1068.001	67.75448	1.00509	1.13515	1.274241
73836	-992.9515	-1060.726	67.77401	1.010079	1.047082	1.321399
73842	-1001.4	-1068.694	67.29357	0.7954531	1.431591	1.600413
73848	-1004.825	-1072.448	67.62284	0.5791358	0.846761	1.898121
73854	-994.0906	-1061.568	67.47715	0.464998	0.9104951	2.025369
73860	-1002.641	-1068.827	66.18609	0.1820315	1.288361	2.796699
73866	-1005.458	-1072.695	67.23718	0.2315665	0.9215781	2.325179
73872	-1002.301	-1069.402	67.10138	0.5683939	1.067585	2.100458
73878	-1004.939	-1072.787	67.84783	0.4994157	0.9837323	1.695904
73884	-1006.821	-1074.368	67.54647	1.058379	0.8079037	1.64858
73890	-1010.136	-1077.636	67.50036	0.6754053	1.316357	1.603196
73896	-1011.149	-1078.543	67.39446	1.118965	1.91015	0.9813342
73902	-1003.18	-1070.894	67.71341	1.068666	1.341624	1.102773
73908	-998.8949	-1066.52	67.62471	1.381947	1.240008	0.9663285
73914	-1001.303	-1069.39	68.08679	1.232937	0.9442241	0.9290813
73920	-1007.65	-1075.863	68.21283	1.387514	0.8280823	0.7356807
73926	-1004.243	-1072.005	67.76227	1.195509	1.251337	1.006173
73932	-1012.828	-1080.943	68.11455	1.042843	0.6301747	1.406719
73938	-1008.259	-1076.048	67.78906	1.084059	1.103627	1.203301
73944	-1013.182	-1080.886	67.70366	0.9464902	1.52736	1.094179
73950	-1007.992	-1075.433	67.44085	0.8250032	1.051535	1.706144
73956	-1006.663	-1074.375	67.71123	0.8096626	0.9065439	1.629328
73962	-1010.34	-1078.134	67.79405	0.6934739	0.9379539	1.629328
73968	-1003.754	-1071.298	67.54471	0.9699862	0.7796866	1.736334
73974	-1003.187	-1070.707	67.5201	0.9685308	1.051077	1.545548
73980	-998.6815	-1065.713	67.03186	2.144688	1.052668	0.215322
73986	-1000.031	-1067.77	67.73893	1.933215	0.7812368	0.3370921
73992	-992.2012	-1059.516	67.31446	1.933215	1.170722	0.3142497
73998	-991.8608	-1059.451	67.58995	1.933215	0.9005909	0.3243455
74004	-1004.902	-1072.666	67.76402	2.042976	0.6669449	0.3267967
74010	-1006.814	-1074.808	67.99414	2.054147	0.523607	0.3610164
74016	-1002.381	-1069.89	67.50846	2.047907	0.8037414	0.2692477
74022	-1006.616	-1073.43	66.8145	2.047907	1.606758	0.2820734
74028	-1002.62	-1069.881	67.2615	2.073115	0.9798704	0.2531149
74034	-997.543	-1065.006	67.46348	2.073115	0.8156326	0.2658795
74040	-992.604	-1060.462	67.85762	1.998572	0.6127719	0.3045209
74046	-993.7303	-1061.098	67.36783	2.047971	0.9133744	0.2593609
74052	-1003.131	-1070.382	67.25058	2.144261	0.9133744	0.2485504
74058	-1006.722	-1073.98	67.25718	2.144261	0.8536285	0.2223667
74064	-1001.364	-1068.185	66.82039	2.144261	1.376811	0.2446283
74070	-1012.271	-1080.147	67.87649	1.105939	0.9889278	1.204694
74076	-1002.623	-1070.369	67.74547	1.308811	1.122483	1.022721
74082	-998.8509	-1066.106	67.25495	1.978955	1.085225	0.2542489
74088	-1006.601	-1073.798	67.19642	1.931442	1.202514	0.2542489
74094	-1000.002	-1067.865	67.86265	1.141233	0.9805187	1.193587
74100	-1002.35	-1070.218	67.86809	1.071272	1.017158	1.217385
74106	-1000.941	-1068.107	67.16588	0.8968254	1.388455	1.643459
74112	-1007.235	-1074.931	67.69547	0.8582361	0.7089871	1.770611
74118	-1006.625	-1074.153	67.528	0.8439072	1.359033	1.431305
74124	-1006.629	-1073.787	67.15716	0.5747286	1.081461	2.050885
74130	-1007.854	-1075.132	67.278	0.9364284	1.396013	1.528345
74136	-1009.376	-1076.465	67.08857	0.98638	1.586886	1.527295
74142	-1011.326	-1077.988	66.66137	0.8384418	1.157697	2.157169
74148	-1005.209	-1073.048	67.83931	0.823571	0.7334607	1.671704
74154	-1007.348	-1074.321	66.97388	0.8337456	1.133967	1.968108
74160	-1005.357	-1072.768	67.4114	1.252966	1.549905	1.065833
74166	-1003.498	-1071.424	67.92651	1.252966	1.025097	0.990081
74172	-1004.304	-1072.152	67.84847	1.114689	1.096797	1.130064
74178	-1007.522	-1075.067	67.54494	1.114689	1.460866	1.130064
74184	-1003.974	-1072.158	68.18386	1.216354	0.7915209	1.021006
74190	-998.8216	-1066.439	67.61769	0.9715437	1.048087	1.47247
74196	-1000.987	-1069.004	68.01631	0.9003269	0.6750412	1.54244
74202	-1000.233	-1068.085	67.85247	0.7507522	0.9741569	1.517056
74208	-1005.264	-1072.723	67.45878	0.8091008	1.166676	1.62859
74214	-1000.187	-1067.32	67.13251	0.8072246	1.094753	1.903417
74220	-1003.031	-1071.12	68.08953	1.089502	0.5933763	1.430762
74226	-994.4947	-1061.772	67.27715	0.7668307	1.164493	1.788279
74232	-996.3996	-1064.05	67.65062	0.9067655	1.257161	1.351414
74238	-1001.424	-1069.42	67.99517	0.9937463	0.7329484	1.431417
74244	-1001.941	-1069.847	67.90631	0.9937463	0.7329484	1.498867
74250	-997.7892	-1065.267	67.47744	0.8205189	0.8997043	1.792098
74256	-1008.089	-1075.978	67.88905	0.7625995	0.8545779	1.575833
74262	-1009.612	-1077.347	67.7347	1.150887	0.5371536	1.708987
74268	-1001.502	-1069.019	67.51697	0.9195421	0.9028196	1.692566
74274	-1000.669	-1069.038	68.36881	1.713635	0.5031862	0.6687858
74280	-1003.641	-1071.044	67.40264	1.506678	1.548192	0.801385
74286	-1000.031	-1067.912	67.8819	1.307736	1.044379	0.960367
74292	-999.8124	-1068.056	68.24381	1.307736	0.7690277	0.8904527
74298	-999.9873	-1067.414	67.42698	0.9757087	0.8488863	1.758305
74304	-998.5425	-1065.333	66.79097	0.7257088	1.062759	2.203178
74310	-994.5229	-1062.026	67.50292	0.5996618	0.9360504	1.899516
74316	-998.5248	-1066.076	67.55109	0.7044865	1.022444	1.733347
74322	-998.3021	-1065.665	67.36336	0.6772031	1.043211	1.868173
74328	-998.9518	-1066.4	67.44818	0.5597505	0.8284131	2.042187
74334	-996.4432	-1063.979	67.53556	0.7651209	0.7229187	1.93176
74340	-1001.761	-1069.039	67.27793	0.7203435	0.7887506	2.079233
74346	-1000.297	-1067.702	67.40411	0.7967392	0.9767711	1.803352
74352	-1009.725	-1076.569	66.84328	0.9319752	0.9964896	2.076774
74358	-1003.222	-1070.858	67.6367	0.7493917	0.8092674	1.801515
74364	-999.5757	-1067.528	67.95203	0.954288	0.8716918	1.368365
74370	-1013.616	-1081.15	67.53456	0.9700808	1.44463	1.273362
74376	-1003.206	-1070.749	67.54246	0.9619265	1.145825	1.467653
74382	-999.9865	-1067.269	67.28278	0.9911234	1.153041	1.633033
74388	-998.9754	-1066.643	67.66749	0.5516317	0.7870048	1.933521
74394	-990.8811	-1058.358	67.47702	0.8328334	0.8949192	1.787442
74400	-993.234	-1060.852	67.61756	0.8054019	0.9528275	1.664542
74406	-991.23	-1058.633	67.40292	0.6349791	0.8599167	1.998526
74412	-999.7537	-1067.46	67.70668	0.9634212	1.158156	1.330022
74418	-998.3563	-1065.723	67.36687	0.8244276	1.079181	1.740093
74424	-1002.456	-1069.342	66.88559	0.8331592	1.093744	2.051949
74430	-993.2414	-1060.493	67.25124	0.8331592	1.22584	1.722525
74436	-998.9614	-1066.209	67.24802	0.6939623	1.022351	1.948757
74442	-997.8142	-1064.91	67.09544	0.7679015	1.041451	1.988962
74448	-1003.076	-1070.649	67.57301	0.9615223	1.081586	1.489637
74454	-1005.364	-1072.298	66.93359	1.008629	1.995878	1.429342
74460	-1014.39	-1081.599	67.20928	0.5498239	0.8680381	2.175918
74466	-1012.65	-1080.286	67.6357	0.7284062	0.924355	1.727448
74472	-1011.814	-1079.654	67.83946	0.9016479	1.053196	1.351032
74478	-1006.984	-1074.928	67.94459	0.5491457	0.9727894	1.598714
74484	-1002.448	-1070.099	67.65134	0.9430825	1.070669	1.452093
74490	-1003.343	-1070.928	67.58475	0.7980453	1.1036	1.586801
74496	-1001	-1068.783	67.78294	0.876156	1.28364	1.250855
74502	-1002.731	-1070.945	68.21423	1.296616	0.868781	0.7982303
74508	-996.2524	-1064.576	68.32322	1.297756	0.7819112	0.7848276
74514	-994.0102	-1061.896	67.88564	1.352583	1.149362	0.7884941
74520	-986.9179	-1054.862	67.94366	1.380545	1.029554	0.8232984
74526	-988.0296	-1055.874	67.84481	1.167061	1.089599	1.091885
74532	-988.5968	-1056.345	67.74838	1.167061	0.968241	1.278384
74538	-996.7159	-1065.036	68.3196	1.103568	0.6346093	1.184949
74544	-998.2688	-1065.7	67.43079	0.9414418	1.127601	1.578364
74550	-999.733	-1067.608	67.87506	0.917338	0.8706111	1.457465
74556	-998.6636	-1066.809	68.1451	1.21413	0.8315045	1.015389
74562	-990.5789	-1058.739	68.16012	1.21413	0.8184833	1.015389
74568	-990.9787	-1059.225	68.24617	1.169662	0.6815424	1.135265
74574	-995.7591	-1063.572	67.81238	1.186082	0.985605	1.193821
74580	-1003.169	-1071.263	68.09409	1.027709	0.985605	1.083816
74586	-994.3877	-1062.459	68.07142	1.093836	0.8650009	1.160025
74592	-1000.021	-1068.271	68.2507	1.19294	0.5804775	1.23401
74598	-1001.249	-1069.043	67.79338	0.9811399	0.9960117	1.36902
74604	-1005.73	-1073.678	67.94774	0.9811399	0.8401314	1.378489
74610	-1003.036	-1071.067	68.03155	1.146788	0.8020977	1.211022
74616	-1007.295	-1075.022	67.7267	1.002737	1.179846	1.266077
74622	-996.846	-1065.001	68.15487	1.160374	0.7876176	1.105629
74628	-995.1423	-1063.02	67.87718	0.9653519	1.178779	1.17094
74634	-1002.455	-1070.495	68.03971	1.143271	0.9332695	1.077126
74640	-1002.702	-1070.544	67.84224	1.093517	1.095568	1.155444
74646	-996.6268	-1064.64	68.01323	1.093517	0.985385	1.097919
74652	-1007.821	-1074.943	67.12206	0.7877973	1.114847	1.911032
74658	-999.3877	-1066.875	67.48761	0.7528373	1.27099	1.58326
74664	-988.054	-1055.775	67.72061	1.018438	0.9935439	1.398727
74670	-997.6436	-1064.822	67.17856	0.7083982	1.020777	1.986681
74676	-1007.304	-1074.11	66.80532	0.4814308	1.020777	2.376332
74682	-1004.936	-1071.66	66.72413	0.3763382	0.751387	2.677196
74688	-997.7169	-1064.587	66.87001	0.4604911	0.751387	2.534866
74694	-1000.305	-1068.229	67.92387	0.8418255	0.6927918	1.635437
74700	-990.6646	-1058.117	67.45263	0.8628	0.9967416	1.709151
74706	-1000.029	-1067.102	67.07312	0.7001634	1.414545	1.832517
74712	-1002.705	-1069.728	67.02348	0.7001634	1.258132	1.951641
74718	-1009.211	-1076.408	67.19763	0.5669245	1.454585	1.817576
74724	-997.2471	-1064.831	67.58383	0.6741823	0.7578777	1.931081
74730	-1006.758	-1074.115	67.357	0.6837707	0.7620385	2.072488
74736	-1003.259	-1070.412	67.15309	0.6287454	1.118353	1.994902
74742	-1001.423	-1068.776	67.35328	0.55029	0.8641272	2.084365
74748	-998.7698	-1065.443	66.67313	0.5059296	1.094191	2.399904
74754	-1002.262	-1069.105	66.84316	0.3062945	1.097787	2.416471
74760	-1005.979	-1074.091	68.11215	0.914097	0.6802865	1.454937
74766	-1005.431	-1073.52	68.08909	1.218679	0.6340012	1.282714
74772	-1000.677	-1068.424	67.74724	1.170238	1.114245	1.156282
74778	-1005.525	-1073.568	68.04356	1.170238	0.9137299	1.067688
74784	-1005.184	-1072.322	67.13866	0.6289119	1.239324	1.932761
74790	-1008.713	-1076.415	67.70281	1.029677	0.8940361	1.483373
74796	-1003.281	-1071.276	67.99541	1.029677	0.9343723	1.216219
74802	-992.9532	-1060.624	67.67112	0.9142906	0.9656069	1.536803
74808	-1000.98	-1068.841	67.86092	1.103327	1.119097	1.110435
74814	-993.2877	-1060.954	67.66653	1.039177	1.204319	1.267976
74820	-990.611	-1058.83	68.21861	1.01313	0.779681	1.188108
74826	-992.3233	-1060.313	67.98916	1.034598	0.7765821	1.362417
74832	-994.9264	-1063.031	68.10428	1.130607	0.5719282	1.41224
74838	-999.1074	-1066.661	67.55326	0.9806979	1.147835	1.443749
74844	-995.1393	-1062.99	67.85057	0.6121952	1.157165	1.491385
74850	-996.9026	-1064.461	67.55889	0.9391157	1.113581	1.494674
74856	-994.8364	-1062.666	67.82972	0.8296561	0.7798133	1.633346
74862	-987.7713	-1055.198	67.42666	0.8296561	0.8047644	1.894105
74868	-992.8454	-1060.067	67.22176	0.4324189	1.432702	1.90436
74874	-993.69	-1060.413	66.72284	0.4334217	1.292936	2.303802
74880	-996.6874	-1063.483	66.79558	0.2706605	0.7282136	2.715983
74886	-1002.01	-1068.582	66.5725	0.6019868	0.6461867	2.715983
74892	-996.8461	-1064.356	67.50978	0.4908305	0.7957066	2.072245
74898	-994.434	-1061.414	66.98033	0.6058579	1.409683	1.962097
74904	-991.2705	-1058.185	66.91455	0.5996289	0.8631585	2.336753
74910	-1004.905	-1072.162	67.25766	0.5274491	1.071626	2.021785
74916	-1002.657	-1070.357	67.69993	1.137994	0.7145589	1.562354
74922	-984.1584	-1051.58	67.42108	0.6198302	0.9712151	1.916609
74928	-984.6793	-1051.912	67.23307	0.7038064	0.8361428	2.083234
74934	-1003.158	-1070.211	67.05355	0.5699873	0.8847236	2.251587
74940	-985.7627	-1052.955	67.19205	0.6223368	1.256788	1.891068
74946	-995.4005	-1062.578	67.17752	0.9507513	1.539977	1.512423
74952	-988.9642	-1056.91	67.94539	1.023333	0.9591821	1.241938
74958	-994.5774	-1061.832	67.25422	0.8134699	1.06017	1.838411
74964	-994.56	-1061.941	67.38102	0.8603218	1.071793	1.709777
74970	-996.947	-1063.89	66.94283	0.6940331	0.8004207	2.304433
74976	-1000.083	-1067.28	67.19656	0.6565218	1.139321	1.934284
74982	-994.5269	-1062.133	67.60585	0.8631762	0.8406329	1.718309
74988	-992.6461	-1059.917	67.2709	0.7701716	1.183191	1.778792
74994	-993.5326	-1060.978	67.44497	1.017891	1.183191	1.473878
75000	-995.8879	-1063.532	67.64363	1.040521	0.9482199	1.476353
75006	-999.445	-1067.03	67.58526	1.035583	0.8648894	1.589916
75012	-997.4932	-1065.81	68.31682	1.230989	0.7422368	0.9311546
75018	-997.2786	-1065.549	68.27063	1.24009	0.7162374	1.003561
75024	-999.7788	-1067.634	67.85547	1.232022	1.107501	1.003561
75030	-991.9862	-1058.981	66.99513	0.4059593	1.031635	2.296818
75036	-997.0354	-1063.956	66.9209	0.4150921	1.190244	2.244506
75042	-1005.605	-1072.755	67.15009	0.7554174	1.190244	1.867916
75048	-997.7789	-1065.366	67.58708	0.5701735	1.02258	1.801808
75054	-999.268	-1067.411	68.14349	0.9978631	0.7967732	1.247494
75060	-997.3893	-1065.177	67.78783	1.188026	1.369176	0.8848792
75066	-1004.175	-1072.005	67.83049	0.7144722	0.7867499	1.709049
75072	-1008.074	-1075.482	67.40773	1.096678	1.354426	1.33029
75078	-1003.471	-1071.15	67.67889	1.096678	1.167973	1.23642
75084	-997.7172	-1065.171	67.45354	0.908289	1.173865	1.555446
75090	-999.1498	-1066.386	67.2363	0.908289	0.9511181	1.860181
75096	-996.1685	-1064.288	68.11968	1.112965	0.7019654	1.269226
75102	-1006.476	-1074.211	67.73454	1.034435	0.6732457	1.651682
75108	-1006.573	-1074.337	67.76385	0.9235132	0.9994749	1.434081
75114	-1001.617	-1069.855	68.238	1.091683	0.8457923	1.028369
75120	-1000.202	-1068.482	68.27977	1.489979	0.7017588	0.7112186
75126	-996.9465	-1064.676	67.7291	1.614947	1.154637	0.4297533
75132	-1003.798	-1071.342	67.54404	1.062769	1.15947	1.379249
75138	-1000.103	-1067.783	67.67973	1.062769	0.6614986	1.681896
75144	-997.3752	-1064.399	67.0242	0.1562196	1.114501	2.387133
75150	-1002.384	-1069.714	67.32952	0.9934841	1.427241	1.428138
75156	-998.8605	-1066.574	67.71395	0.9152833	0.6719839	1.751836
75162	-999.0856	-1067.06	67.97396	1.100476	0.6719839	1.426521
75168	-998.9461	-1066.738	67.79176	0.9005541	1.177638	1.298106
75174	-998.4549	-1066.618	68.16328	1.14218	0.7737254	1.129591
75180	-997.3382	-1065.3	67.96186	1.209652	0.7539406	1.26541
75186	-1003.175	-1071.207	68.03215	1.19244	1.010048	0.9590104
75192	-1005.922	-1073.351	67.42879	0.7402844	0.9636877	1.834491
75198	-991.7582	-1059.518	67.75981	0.8520007	1.039614	1.461565
75204	-996.1087	-1063.771	67.66251	0.9949581	1.399322	1.173405
75210	-993.2615	-1061.197	67.93599	1.054272	0.8048312	1.362314
75216	-993.8941	-1062.076	68.18232	0.9454031	0.8662208	1.191502
75222	-989.3372	-1057.512	68.17518	1.147953	0.7684229	1.119463
75228	-991.9854	-1059.78	67.79499	1.016149	1.031956	1.311439
75234	-991.6592	-1059.103	67.4442	0.8736951	1.277922	1.52189
75240	-992.1569	-1060.017	67.86005	0.8109772	0.7312546	1.667872
75246	-990.5511	-1057.696	67.14459	0.7852915	1.057418	1.933974
75252	-994.5898	-1062.248	67.65839	0.8247352	0.7959366	1.74488
75258	-992.5105	-1060.431	67.92094	0.903369	0.6538382	1.630769
75264	-993.1187	-1060.49	67.37102	0.8537368	1.279396	1.589611
75270	-998.5557	-1065.733	67.17745	0.4650703	1.138204	2.075242
75276	-997.7448	-1065.12	67.37476	0.5768552	0.9224817	2.010577
75282	-998.3003	-1066.105	67.80442	1.114634	0.7203346	1.496603
75288	-1007.904	-1076.121	68.21725	1.107281	0.6884293	1.207
75294	-1003.587	-1071.549	67.96263	1.126421	0.8269043	1.261724
75300	-1009.653	-1076.384	66.73128	0.503273	1.806558	2.011937
75306	-1006.333	-1072.975	66.64178	0.6332839	1.666636	2.045917
75312	-1010.878	-1078.165	67.28681	1.400955	1.69795	0.9403997
75318	-1003.674	-1071.607	67.93245	1.469863	1.007236	0.7458597
75324	-1001.19	-1069.15	67.96008	1.70781	0.8421046	0.528742
75330	-1002.035	-1069.99	67.9549	1.365889	1.027434	0.8302476
75336	-995.8479	-1064.07	68.22164	1.210891	0.7526928	1.035341
75342	-997.8139	-1065.665	67.85088	0.7545866	0.9137417	1.562122
75348	-1002.941	-1071.034	68.09363	0.8436626	0.7800126	1.426601
75354	-1006.818	-1074.856	68.038	1.250971	0.7800126	1.137559
75360	-1008.506	-1076.534	68.02804	1.357516	1.032279	0.7336429
75366	-1012.711	-1080.896	68.1851	1.534403	0.703067	0.7845623
75372	-1004.175	-1072.537	68.36252	1.262456	0.7120289	0.8879163
75378	-1001.068	-1068.945	67.87611	1.262456	1.092671	0.965697
75384	-1003.035	-1071.422	68.38686	1.161505	0.7159483	0.965697
75390	-1015.24	-1083.14	67.90004	1.428092	1.088381	0.7394552
75396	-1007.205	-1075.363	68.15788	1.367681	0.7797643	0.9051327
75402	-1009.88	-1077.781	67.90107	1.070272	0.6677445	1.509032
75408	-1004.538	-1072.614	68.07606	1.030801	0.8121908	1.261101
75414	-1002.472	-1069.724	67.25136	0.7074312	0.9103385	2.014421
75420	-999.2753	-1067.061	67.78568	1.12534	0.6731352	1.548474
75426	-989.4002	-1057.187	67.78714	0.9892903	1.026157	1.343829
75432	-997.2258	-1064.848	67.62218	0.5353387	1.026157	1.799191
75438	-996.5645	-1063.756	67.19126	0.7359644	1.31805	1.778726
75444	-998.0455	-1064.969	66.92319	0.6783509	1.307097	2.006201
75450	-1001.435	-1068.627	67.19144	0.6783509	0.8797178	2.095218
75456	-999.1371	-1065.65	66.51314	0.3885959	1.016198	2.619883
75462	-1005.375	-1073.337	67.96197	1.293262	1.104184	0.8205801
75468	-1002.164	-1069.753	67.58949	1.274026	0.9280943	1.353956
75474	-1007.831	-1075.446	67.61446	1.126775	1.049239	1.353956
75480	-1001.082	-1068.534	67.45158	1.126775	1.228668	1.353956
75486	-1014.126	-1081.891	67.76488	1.081872	1.384542	1.009079
75492	-1004.311	-1070.535	66.22456	0.4061505	1.083156	2.746753
75498	-1009.775	-1076.678	66.90313	0.6416342	1.13378	2.141947
75504	-1011.497	-1079.232	67.73427	1.230423	1.466715	0.8069821
75510	-1011.482	-1079.424	67.94194	1.442654	0.950652	0.8471333
75516	-1004.557	-1072.728	68.17087	1.12925	0.8704191	1.030277
75522	-1001.753	-1069.444	67.69109	1.243507	1.164405	1.100068
75528	-998.1219	-1065.914	67.792	1.027554	0.7508805	1.542178
75534	-994.911	-1062.706	67.79459	0.931767	0.7770248	1.587211
75540	-994.4082	-1061.16	66.7516	0.6898393	1.176209	2.184388
75546	-991.69	-1059.119	67.42875	0.6360927	1.141808	1.787941
75552	-989.917	-1057.53	67.61257	0.5823408	0.7345486	1.992871
75558	-997.5926	-1064.419	66.82675	0.596713	0.6297686	2.576571
75564	-999.4293	-1066.87	67.44042	0.8430929	0.8171207	1.865743
75570	-994.7553	-1061.944	67.18888	0.7184733	1.17602	1.87521
75576	-987.5203	-1054.722	67.20165	0.5177062	1.013554	2.102339
75582	-987.9174	-1055.163	67.24595	0.6201627	1.100104	1.949763
75588	-989.5308	-1056.769	67.23785	0.666729	1.038996	1.962949
75594	-990.1604	-1057.428	67.2679	0.7022304	0.9973393	1.946523
75600	-993.9195	-1061.105	67.18565	0.7136975	1.083144	1.938078
75606	-997.9817	-1064.888	66.90609	0.5048642	1.083144	2.258857
75612	-1006.363	-1074.353	67.98954	1.331334	0.7930689	1.094516
75618	-1009.19	-1077.202	68.01194	1.421848	1.054357	0.5892258
75624	-986.0773	-1053.956	67.87865	0.8896259	0.8108629	1.526751
75630	-995.0562	-1063.131	68.07495	0.8966989	0.9793236	1.222129
75636	-997.7699	-1065.603	67.83276	1.147497	0.9793236	1.214829
75642	-991.4936	-1059.24	67.746	1.111078	1.245777	1.106314
75648	-993.5842	-1061.555	67.97076	1.128149	0.7840537	1.294957
75654	-993.3609	-1061.024	67.66265	1.016457	0.7961683	1.604952
75660	-1005.812	-1072.849	67.03671	0.244352	1.225922	2.259932
75666	-1013.636	-1080.508	66.87251	0.3448437	1.016404	2.422885
75672	-1000.213	-1066.474	66.26127	0.4836235	1.149126	2.639343
75678	-1002.868	-1069.994	67.12627	0.5306253	0.9875459	2.160124
75684	-998.0922	-1064.901	66.8083	0.822921	1.212669	2.039158
75690	-1001.435	-1069.366	67.93152	1.057273	0.8566689	1.315991
75696	-998.3931	-1066.313	67.92002	1.057273	1.059526	1.148849
75702	-997.6525	-1065.593	67.94078	1.095953	0.8182518	1.312687
75708	-1003.08	-1071.075	67.99477	0.8745338	0.65303	1.598987
75714	-1003.363	-1070.582	67.21877	0.8910201	1.66356	1.461347
75720	-997.2823	-1064.91	67.62742	0.8955859	0.977968	1.573485
75726	-996.0454	-1063.721	67.67537	0.8156621	1.199627	1.441481
75732	-1001.05	-1068.839	67.78958	0.8272601	1.206985	1.338204
75738	-1003.274	-1071.09	67.81644	0.6300498	0.7176549	1.837086
75744	-991.377	-1058.003	66.62642	0.3418178	1.145743	2.502595
75750	-989.8347	-1056.519	66.68453	0.3739443	1.049016	2.502595
75756	-1004.093	-1071.036	66.94349	0.3681968	0.8100833	2.502595
75762	-994.8835	-1062.172	67.28896	0.8329059	0.8630715	1.939891
75768	-992.7308	-1060.521	67.79056	0.8549803	1.046164	1.430935
75774	-993.3171	-1060.934	67.61713	0.7097778	1.371191	1.458376
75780	-989.7672	-1057.167	67.39961	0.7581623	0.9801789	1.83068
75786	-992.3534	-1059.393	67.03991	0.8160775	1.200281	1.895667
75792	-994.5229	-1062.675	68.15198	1.01423	0.8661905	1.15802
75798	-996.5506	-1064.222	67.67146	1.11212	1.104851	1.277367
75804	-996.2384	-1064.26	68.02211	1.11212	0.9814477	1.076166
75810	-995.9221	-1063.422	67.50016	1.226565	1.469051	1.062751
75816	-993.3981	-1060.998	67.59985	0.9191075	0.9504287	1.597117
75822	-989.7759	-1057.397	67.62118	0.8220824	0.8939096	1.694623
75828	-988.3165	-1056.211	67.89418	0.8814459	0.9732845	1.386199
75834	-990.9584	-1058.956	67.99752	0.9877193	0.5454022	1.628629
75840	-996.897	-1064.45	67.55256	0.9877193	1.108926	1.465997
75846	-1000.526	-1068.11	67.58373	0.9968675	1.160916	1.398721
75852	-999.2378	-1066.699	67.46155	0.8483467	1.390743	1.459678
75858	-1000.007	-1066.936	66.92872	0.5712264	1.314669	2.069427
75864	-996.3075	-1063.477	67.16927	0.8791604	1.220576	1.750959
75870	-1009.453	-1076.984	67.53048	1.268924	1.689513	0.8171644
75876	-1004.041	-1072.195	68.15389	1.203579	0.6657222	1.204719
75882	-1002.374	-1070.574	68.20032	1.0881	0.6657222	1.26278
75888	-998.6715	-1066.221	67.54922	1.0252	0.9848414	1.53042
75894	-998.3189	-1065.569	67.24984	0.3597963	0.8869769	2.258935
75900	-999.879	-1067.1	67.22102	0.627804	1.099845	1.961536
75906	-1000.778	-1068.625	67.84706	0.9393596	0.6857064	1.627217
75912	-995.2726	-1063.041	67.76819	0.8382217	0.8321685	1.627217
75918	-997.4611	-1064.331	66.87035	0.6923832	0.8709162	2.300298
75924	-998.092	-1066.25	68.15793	1.066728	0.5696195	1.42283
75930	-1001.984	-1068.892	66.90832	0.6867299	1.117139	2.119041
75936	-997.6456	-1064.741	67.09537	0.8941681	1.117139	1.855351
75942	-1005.552	-1072.029	66.47775	0.5420304	1.685605	2.204491
75948	-997.624	-1065.572	67.94841	0.8232004	0.6845357	1.639003
75954	-997.7232	-1065.387	67.66356	0.9284115	1.204078	1.359963
75960	-988.2095	-1056.377	68.1672	1.019744	0.8290535	1.176632
75966	-995.8296	-1063.658	67.82805	0.9634437	0.8095222	1.510609
75972	-992.6904	-1060.693	68.00248	0.9923634	0.833216	1.332492
75978	-999.5598	-1067.397	67.83766	1.010035	1.019915	1.291343
75984	-991.9129	-1059.038	67.12535	0.7565771	1.024319	1.987717
75990	-991.9727	-1059.325	67.35206	0.679363	1.241268	1.750486
75996	-998.0409	-1065.446	67.40504	1.02462	1.373027	1.377896
76002	-997.1508	-1064.597	67.44583	1.155588	1.446377	1.19079
76008	-994.8834	-1062.464	67.58099	1.133146	1.152127	1.298845
76014	-994.1597	-1061.322	67.16272	0.5445764	1.330242	1.922678
76020	-993.3464	-1060.21	66.86388	0.5299853	1.145603	2.232812
76026	-993.3536	-1060.537	67.18348	0.5831175	1.145603	1.988506
76032	-992.0363	-1059.295	67.2587	0.725676	1.38054	1.703714
76038	-992.7292	-1060.519	67.78954	0.8653883	1.148349	1.349152
76044	-999.05	-1066.726	67.67589	0.9790356	1.148349	1.349152
76050	-996.548	-1064.421	67.87265	1.26221	0.9966058	1.06121
76056	-996.3254	-1064.626	68.30057	1.277295	0.6481745	1.02636
76062	-999.0491	-1066.962	67.91268	0.9718462	0.6150017	1.626476
76068	-996.08	-1063.795	67.7151	0.8131952	0.8360959	1.679981
76074	-1006.094	-1073.362	67.26748	0.8711228	1.06219	1.788121
76080	-1006.691	-1074.183	67.49184	0.9864105	1.375447	1.337931
76086	-1007.507	-1075.324	67.81753	0.9931306	1.082124	1.272577
76092	-999.2275	-1066.597	67.36934	0.699666	0.987507	1.886324
76098	-1000.753	-1067.706	66.95262	0.6262986	1.52771	1.907588
76104	-990.0857	-1057.355	67.26893	0.6662797	1.028235	1.949426
76110	-1002.936	-1070.282	67.34582	0.7897	1.212979	1.694213
76116	-998.7516	-1066.251	67.49933	0.5639899	0.8692641	1.974583
76122	-993.0047	-1059.754	66.74953	0.4126384	1.10877	2.402009
76128	-995.3852	-1062.252	66.86635	0.4824282	1.264263	2.195329
76134	-992.5299	-1060.015	67.48479	0.8198908	0.7695527	1.889817
76140	-995.0821	-1062.071	66.98883	0.6802109	0.8792935	2.226129
76146	-1002.803	-1069.769	66.96605	0.5688761	0.9412855	2.269597
76152	-999.2803	-1066.318	67.03754	0.8250911	0.8703582	2.106704
76158	-998.9057	-1066.513	67.60726	0.9329579	0.7956294	1.704936
76164	-993.6344	-1061.374	67.73986	0.9395374	0.9545959	1.474943
76170	-1005.211	-1072.134	66.9226	0.6514091	1.24221	2.060258
76176	-1003.742	-1070.269	66.52748	0.4826155	1.24221	2.423386
76182	-1002.954	-1069.561	66.60655	0.4962474	1.119611	2.43314
76188	-1002.571	-1070.228	67.65616	0.8351776	1.315814	1.365329
76194	-1009.592	-1076.975	67.3826	0.8467786	1.100467	1.699175
76200	-1000.084	-1068.023	67.93834	0.8467786	0.7757603	1.545167
76206	-1005.147	-1072.863	67.71648	0.7982209	0.7757603	1.739653
76212	-1004.778	-1071.564	66.78582	0.5595326	1.031637	2.332364
76218	-1007.239	-1074.078	66.83862	0.5097941	1.283375	2.18526
76224	-999.5372	-1066.964	67.42694	0.8479957	1.293335	1.544306
76230	-996.2248	-1063.18	66.95493	0.4463932	1.162014	2.218501
76236	-1000.109	-1067.074	66.96504	0.6016995	1.21015	2.083165
76242	-999.7686	-1067.254	67.48502	0.7186359	1.051549	1.749894
76248	-999.8396	-1066.921	67.08104	0.7186359	0.9698327	2.078469
76254	-998.9932	-1066.862	67.86925	1.164492	0.7967572	1.33533
76260	-997.896	-1064.336	66.43994	0.3546486	1.213729	2.573355
76266	-999.5719	-1065.815	66.24327	0.4544133	1.329933	2.573355
76272	-1000.492	-1068.639	68.14723	1.030575	0.8812341	1.132975
76278	-1000.458	-1068.5	68.04218	1.028111	0.8812341	1.22631
76284	-998.1714	-1065.933	67.7617	1.009232	1.064044	1.31888
76290	-1007.562	-1075.734	68.17205	1.087228	0.8627875	1.077222
76296	-1008.089	-1076.23	68.14092	1.134943	0.8480226	1.077222
76302	-1008.233	-1075.963	67.72994	1.199064	1.198773	1.077222
76308	-1008.521	-1076.883	68.36183	1.074251	0.6061688	1.208537
76314	-1009.77	-1077.15	67.38002	1.405475	1.514945	0.9716231
76320	-1007.837	-1075.958	68.12146	1.227251	0.9573816	0.8814393
76326	-1001.154	-1069.121	67.96695	1.227251	0.8628228	1.136542
76332	-999.551	-1067.937	68.38608	1.090789	0.4425897	1.389196
76338	-1006.851	-1074.49	67.63995	0.73833	0.9499056	1.698501
76344	-1005.182	-1073.318	68.13605	1.278116	0.6343427	1.193035
76350	-1008.27	-1075.947	67.67709	1.11899	1.152123	1.231088
76356	-1013.513	-1081.55	68.03659	1.114116	1.001647	1.04129
76362	-998.0713	-1066.165	68.09339	1.247201	1.001647	0.8373697
76368	-998.7119	-1066.824	68.11214	1.250352	1.001647	0.8094978
76374	-993.5766	-1061.382	67.80507	1.137245	1.219385	1.047781
76380	-1005.798	-1073.298	67.50008	0.4153921	0.8108427	2.116467
76386	-996.7041	-1064.301	67.59656	0.9371083	1.384931	1.287173
76392	-995.5641	-1062.68	67.11552	0.8137101	0.9832076	1.983504
76398	-993.9029	-1061.534	67.63101	0.6610365	0.9555349	1.755081
76404	-1011.531	-1078.123	66.59198	0.5525231	1.243176	2.337791
76410	-1007.167	-1074.315	67.14766	0.511194	0.9850565	2.160489
76416	-1011.108	-1078.095	66.98713	0.7626016	0.997574	2.092849
76422	-998.3665	-1066.541	68.17464	1.216997	0.7872391	1.03433
76428	-999.5516	-1067.469	67.91747	1.200566	1.156972	0.9250125
76434	-1005.311	-1073.481	68.17044	1.219816	0.8818498	0.9250125
76440	-1006.599	-1074.702	68.10274	1.43872	0.8835065	0.7303813
76446	-1006.482	-1074.387	67.9044	1.501985	1.055715	0.6558024
76452	-996.3471	-1064.733	68.38567	1.359659	0.6753827	0.7989629
76458	-994.6656	-1062.767	68.1015	1.359659	0.8965718	0.8232589
76464	-1004.524	-1072.735	68.21115	1.399111	0.7984616	0.7722523
76470	-1006.041	-1073.868	67.82716	1.336289	1.359928	0.602831
76476	-1004.413	-1072.046	67.63291	1.336289	1.562191	0.6958232
76482	-998.606	-1066.748	68.14218	1.336289	0.9106797	0.7800149
76488	-999.0549	-1067.159	68.10373	1.24899	0.9106797	0.9317819
76494	-1004.981	-1073.029	68.04803	1.370533	0.9358672	0.8240729
76500	-1003.211	-1071.173	67.96223	1.310676	0.9358672	0.9872145
76506	-1000.018	-1068.079	68.06165	1.209071	0.8648804	1.064293
76512	-1008.81	-1075.658	66.84873	0.5223166	0.9407596	2.374382
76518	-1001.576	-1068.657	67.08091	0.7409267	1.242716	1.894082
76524	-999.8442	-1066.981	67.13701	0.4572158	1.242716	2.046616
76530	-1004.485	-1071.204	66.71861	0.7378127	1.73494	1.893879
76536	-1002.411	-1069.706	67.29499	0.7127277	0.8877973	1.998096
76542	-999.9867	-1067.307	67.32026	0.8941056	1.222776	1.631807
76548	-995.4938	-1062.996	67.50232	0.7601789	0.988339	1.752311
76554	-995.4111	-1062.389	66.97814	0.7113022	1.135435	2.045925
76560	-990.6949	-1057.753	67.05838	0.6841875	1.135435	2.010669
76566	-992.2107	-1059.201	66.99083	0.4462992	1.075914	2.24642
76572	-998.6753	-1066.017	67.34122	0.6335606	1.200065	1.814476
76578	-995.1586	-1062.36	67.20133	0.7717134	1.154476	1.843409
76584	-989.7165	-1057.24	67.52322	0.7054117	1.224289	1.620567
76590	-990.656	-1058.076	67.41953	0.8129347	0.7770469	1.932583
76596	-994.4191	-1061.884	67.46443	0.5827645	0.7770469	2.056223
76602	-1001.097	-1068.085	66.98831	0.8993134	0.8589764	2.098628
76608	-996.6046	-1064.504	67.89973	0.881326	0.958802	1.393564
76614	-989.4075	-1057.125	67.71794	1.111932	0.965904	1.349402
76620	-997.4488	-1064.673	67.22396	0.9384132	1.340968	1.598506
76626	-990.0786	-1058.03	67.95189	0.7335829	0.8809617	1.529256
76632	-999.7911	-1066.806	67.01455	0.6990251	1.501453	1.828712
76638	-999.3326	-1066.857	67.52389	0.761266	0.7839718	1.89127
76644	-1002.476	-1070.13	67.65472	0.4819446	0.8316829	1.953827
76650	-998.8877	-1066.131	67.24356	0.8822075	1.407999	1.586814
76656	-1001.835	-1069.921	68.086	0.89859	0.8381615	1.336163
76662	-996.6679	-1064.376	67.7077	0.8272006	0.8381615	1.673594
76668	-996.6299	-1064.354	67.72398	0.8272006	0.8381615	1.661975
76674	-1000.422	-1068.36	67.93789	0.8330176	0.8738654	1.471046
76680	-1004.069	-1071.941	67.87225	0.7031658	0.9425556	1.561811
76686	-1005.444	-1072.856	67.41163	0.9887363	1.253807	1.47514
76692	-1010.982	-1079.017	68.03497	0.9083459	0.7236498	1.47514
76698	-1010.998	-1078.03	67.03206	0.864684	1.752421	1.576203
76704	-1000.082	-1066.891	66.80914	0.2629082	1.078876	2.476267
76710	-996.8952	-1063.599	66.70388	0.3739597	1.078876	2.47264
76716	-996.5511	-1063.75	67.19888	0.9281555	1.680371	1.43953
76722	-1002.537	-1069.709	67.17242	0.7363868	0.8084723	2.122642
76728	-996.1518	-1063.321	67.16944	0.5369578	0.9954536	2.122642
76734	-995.4477	-1062.431	66.98306	0.436799	1.23617	2.16461
76740	-991.1459	-1058.279	67.13343	0.5161653	0.975392	2.172887
76746	-992.4926	-1059.665	67.17206	0.3632561	1.092495	2.172887
76752	-991.1048	-1057.805	66.69983	0.240248	1.062573	2.568225
76758	-990.4067	-1057.355	66.94787	0.1975809	0.8633715	2.568225
76764	-990.0452	-1057.086	67.04102	0.7594064	0.7394926	2.24703
76770	-997.092	-1063.877	66.78527	0.4588688	1.024508	2.400957
76776	-996.6224	-1063.901	67.2787	0.8729738	0.8703057	1.914332
76782	-992.8173	-1060.828	68.01081	1.073914	0.9074133	1.189718
76788	-998.7966	-1066.452	67.65548	0.8816678	1.162454	1.431256
76794	-999.5025	-1067.07	67.56733	0.9453189	1.004503	1.56148
76800	-993.6211	-1060.478	66.85683	0.4926384	0.7690235	2.509562
76806	-988.4286	-1055.557	67.12882	0.7186088	1.025253	2.010108
76812	-996.0106	-1063.452	67.44126	0.8707654	1.025253	1.69153
76818	-991.0914	-1058.483	67.3919	1.053396	0.8942761	1.692898
76824	-1001.111	-1068.596	67.48533	0.7451188	1.163553	1.65749
76830	-997.5652	-1064.486	66.92098	0.7933647	1.153801	2.018407
76836	-996.6993	-1064.198	67.49856	0.9215136	0.9969237	1.634366
76842	-1006.379	-1073.481	67.10236	0.7381181	0.9963823	2.033748
76848	-998.8596	-1066.129	67.26987	1.087418	0.8210549	1.811942
76854	-998.1183	-1064.917	66.79861	0.8032912	1.134781	2.10398
76860	-1000.401	-1067.383	66.98193	0.8764662	1.385115	1.789475
76866	-1001.291	-1068.161	66.87048	0.8336669	1.807972	1.689294
76872	-1003.431	-1070.725	67.29367	1.447044	1.884568	0.722209
76878	-1009.027	-1076.683	67.65593	1.439517	1.409511	0.6711289
76884	-1000.719	-1068.017	67.2984	0.7372265	1.05241	1.865478
76890	-993.6144	-1061.258	67.6436	0.6669385	0.9920281	1.715945
76896	-991.1097	-1058.462	67.35243	0.6669385	0.9920281	1.916904
76902	-995.5582	-1063.111	67.55256	0.699076	1.438594	1.47598
76908	-996.3176	-1063.849	67.53191	0.7811841	1.191769	1.579643
76914	-989.8052	-1057.481	67.67535	1.005065	1.184586	1.30279
76920	-1011.906	-1079.877	67.97062	1.098477	0.8782711	1.230067
76926	-1014.436	-1082.273	67.83634	1.127221	0.9780283	1.230067
76932	-1002.091	-1070.306	68.21525	1.062379	0.8197458	1.105467
76938	-997.4029	-1065.276	67.87354	1.013415	1.030335	1.250551
76944	-999.2905	-1066.641	67.35053	0.709957	1.325544	1.680731
76950	-1001.582	-1069.348	67.76618	0.7480498	0.7198459	1.788382
76956	-996.3501	-1063.701	67.35104	0.747481	1.092495	1.796045
76962	-996.1825	-1063.642	67.45962	0.9642507	0.9919658	1.635219
76968	-1004.745	-1072.397	67.65288	1.203847	1.157772	1.174854
76974	-1003.438	-1071.5	68.06173	1.096658	0.6475931	1.387093
76980	-1004.714	-1072.372	67.65768	1.206564	1.316504	1.044819
76986	-1007.255	-1075.309	68.05421	1.28308	0.7581533	1.118006
76992	-983.8076	-1051.412	67.60449	0.7620909	0.6578631	1.944993
76998	-984.9401	-1052.288	67.34757	1.069259	0.8781629	1.725482
77004	-989.9002	-1058.003	68.10234	0.9297232	0.8332805	1.302433
77010	-1006.176	-1074.119	67.94292	1.380475	0.9775995	0.8867206
77016	-1000.937	-1068.317	67.3802	1.380475	1.42101	1.064969
77022	-999.2392	-1066.787	67.54749	1.014784	1.429199	1.235181
77028	-1002.278	-1070.245	67.96669	1.146627	0.7423418	1.32453
77034	-1000.601	-1068.55	67.94909	1.117434	0.6853568	1.418903
77040	-1001.577	-1069.108	67.53054	1.117434	1.613271	1.038899
77046	-1005.249	-1072.529	67.27997	0.9850451	1.038209	1.715842
77052	-995.733	-1063.624	67.89071	1.305571	1.138508	0.8546492
77058	-997.6701	-1065.586	67.91629	1.395262	0.8785004	1.01031
77064	-1005.175	-1073.348	68.17327	1.184891	0.9001365	0.9381386
77070	-1000.584	-1068.401	67.81605	1.040298	0.983004	1.314249
77076	-1000.519	-1068.432	67.91358	1.040298	0.7726817	1.420639
77082	-1001.794	-1069.646	67.85211	0.9831166	0.7376013	1.542809
77088	-1003.003	-1071.326	68.32322	0.9894044	0.6083891	1.308341
77094	-986.9068	-1054.294	67.38749	0.9170154	0.8618244	1.816376
77100	-988.8552	-1056.729	67.87389	1.202819	1.080861	1.03852
77106	-988.0466	-1055.828	67.78121	1.158985	0.9263474	1.293828
77112	-989.9877	-1056.978	66.99024	0.7613708	0.9407675	2.12972
77118	-987.6277	-1055.19	67.56189	0.6805642	0.868913	1.853595
77124	-986.0142	-1053.494	67.4793	0.7607721	0.871056	1.853595
77130	-986.3078	-1053.512	67.20438	0.5626626	0.785429	2.232359
77136	-983.5678	-1051.078	67.51015	0.6830192	0.9328341	1.839994
77142	-988.306	-1055.038	66.73174	0.7676532	1.232753	2.114616
77148	-993.2475	-1060.449	67.20197	0.589429	0.9249194	2.114616
77154	-1001.209	-1068.629	67.42072	0.8005839	1.245834	1.612576
77160	-990.2602	-1058.211	67.95103	0.848873	0.7001748	1.603719
77166	-988.0346	-1056.158	68.12385	0.9199058	0.7001748	1.421478
77172	-991.5463	-1059.202	67.6559	0.9894307	1.179473	1.334677
77178	-995.9369	-1063.591	67.65411	1.089521	1.072049	1.334677
77184	-996.9447	-1064.461	67.51672	0.993072	1.11806	1.482692
77190	-996.9201	-1064.792	67.87188	1.055885	0.8504546	1.370175
77196	-1000.141	-1068.013	67.87221	0.8558941	0.8695774	1.506848
77202	-992.0339	-1059.27	67.2357	0.6254045	0.9157944	2.075215
77208	-989.841	-1056.891	67.04955	0.6820183	1.183942	1.989084
77214	-995.5692	-1062.917	67.34788	0.7028252	1.336591	1.68136
77220	-995.1513	-1062.591	67.44022	0.7028252	0.8725748	1.918471
77226	-1001.477	-1068.858	67.38126	0.4228449	0.9033336	2.121408
77232	-1005.375	-1073.383	68.00772	1.597149	0.7767097	0.8146605
77238	-1002.818	-1071.053	68.23473	1.597149	0.6758612	0.6592924
77244	-998.6561	-1064.674	66.01768	0.153735	1.540407	2.798352
77250	-991.1895	-1058.187	66.99708	0.1360999	1.389786	2.268959
77256	-993.8898	-1060.688	66.79772	0.3354572	1.389786	2.268959
77262	-998.8933	-1066.171	67.27809	0.1712298	0.8427874	2.392419
77268	-1006.085	-1073.17	67.08481	0.5338189	1.142134	2.088617
77274	-1016.44	-1084.184	67.74439	1.862652	0.8785155	0.4029244
77280	-1013.029	-1080.651	67.62225	1.862652	0.9796486	0.3761421
77286	-1013.494	-1081.294	67.80009	1.892117	0.7820344	0.361405
77292	-998.0506	-1065.605	67.55422	0.6888901	0.6838098	2.004351
77298	-992.8578	-1060.496	67.63803	0.7913517	0.6648694	1.896117
77304	-997.2662	-1064.045	66.77829	1.015779	1.120136	1.985641
77310	-993.0061	-1059.576	66.56954	0.3678465	1.456779	2.361159
77316	-991.9459	-1058.911	66.96519	0.6760256	0.9171722	2.217603
77322	-987.697	-1054.866	67.16871	0.5972235	0.7829268	2.235006
77328	-988.8166	-1056.025	67.20829	0.4003256	0.9224437	2.235006
77334	-998.0933	-1064.705	66.61205	0.7762508	1.33775	2.130469
77340	-1012.184	-1080.041	67.85732	0.9962851	1.277589	1.08497
77346	-1003.503	-1071.201	67.69823	0.9664795	1.219863	1.290596
77352	-994.4543	-1062.31	67.85618	0.7714251	1.067098	1.429284
77358	-994.0405	-1062.191	68.15031	1.239692	0.7130477	1.121544
77364	-991.2048	-1058.327	67.12265	0.6407257	0.6676069	2.330386
77370	-996.3103	-1063.947	67.63636	0.9248313	0.8573739	1.639209
77376	-1005.651	-1073.198	67.54708	0.8180351	1.238782	1.511202
77382	-996.2724	-1063.128	66.85546	0.6567544	0.7924447	2.389631
77388	-992.8875	-1059.618	66.73049	0.3390934	0.9785564	2.539172
77394	-1003.169	-1070.878	67.70939	1.038376	1.118933	1.296025
77400	-996.991	-1064.947	67.95647	1.079703	0.7391541	1.388774
77406	-1005.24	-1073.252	68.0116	1.195948	0.6868473	1.305914
77412	-1005.414	-1072.881	67.46616	1.195948	0.8032189	1.611251
77418	-1008.511	-1076.684	68.17274	0.9922983	0.6146844	1.417787
77424	-999.8398	-1067.331	67.49132	0.585477	1.299076	1.684452
77430	-1009.07	-1077.133	68.06369	0.8002716	0.8476854	1.422315
77436	-1010.51	-1077.97	67.46072	0.9206636	1.281626	1.471912
77442	-1001.921	-1068.385	66.46395	0.5223544	0.9875157	2.585272
77448	-1000.782	-1067.972	67.19043	0.7199954	0.7661905	2.154538
77454	-997.2317	-1063.869	66.63742	0.6062334	1.212128	2.291513
77460	-996.3472	-1062.71	66.36242	0.6651931	1.13999	2.468689
77466	-1001.124	-1067.365	66.24094	0.5537912	1.344974	2.50542
77472	-997.8228	-1064.603	66.7799	0.5547347	1.093123	2.301736
77478	-1002.477	-1069.134	66.65749	0.6005129	1.641881	2.068311
77484	-1010.914	-1077.934	67.01995	0.5719164	0.9626963	2.218674
77490	-1009.778	-1078.242	68.46366	1.503816	0.4704493	0.9051795
77496	-1004.925	-1072.656	67.73086	1.503816	1.133253	0.8126362
77502	-1001.983	-1070.39	68.40712	1.363783	0.6333606	0.8398187
77508	-1000.055	-1067.847	67.79168	1.258149	0.8842389	1.240748
77514	-1000.23	-1068.116	67.886	1.203943	1.061677	1.043321
77520	-1009.157	-1076.855	67.69839	1.193906	1.238477	1.079571
77526	-1003.857	-1072.194	68.33674	1.102197	0.7336423	1.051965
77532	-1002.739	-1070.428	67.6889	1.102197	1.552936	0.9369309
77538	-997.162	-1064.451	67.28941	1.102197	1.552936	1.300704
77544	-1004.124	-1071.844	67.72008	0.4918709	1.117388	1.700432
77550	-1000.526	-1068.003	67.47651	0.6796729	1.179283	1.700432
77556	-997.3643	-1064.65	67.28556	0.7094009	1.091058	1.86819
77562	-1001.711	-1068.61	66.89968	0.9814835	1.425609	1.75182
77568	-1000.795	-1068.216	67.42131	0.808423	0.8053517	1.911667
77574	-998.8577	-1066.667	67.80959	1.120401	0.9750673	1.260628
77580	-1002.218	-1070.409	68.19118	1.075145	0.6842004	1.260628
77586	-997.1474	-1064.548	67.40066	0.7609202	0.807306	1.956076
77592	-1002.275	-1069.251	66.97519	1.048753	1.069268	1.862437
77598	-1003.896	-1070.287	66.39058	0.6397913	0.8761644	2.63068
77604	-996.638	-1064.138	67.50017	0.9189219	1.11214	1.554381
77610	-997.3014	-1064.259	66.9574	0.5867398	1.282646	2.057601
77616	-1000.184	-1067.601	67.4169	0.9223956	0.7021293	1.923724
77622	-1004.074	-1071.501	67.42695	0.7640811	0.8326051	1.916458
77628	-1003.512	-1070.775	67.263	0.8381129	0.7797386	2.018346
77634	-998.2979	-1065.449	67.1514	0.6525879	1.366269	1.837249
77640	-1000.277	-1067.306	67.02873	0.7205304	1.208473	1.962897
77646	-1001.135	-1067.422	66.2872	0.4833122	1.531344	2.431892
77652	-1000.401	-1066.889	66.488	0.3762093	1.396622	2.436388
77658	-1007.43	-1074.251	66.82104	0.3871603	1.312066	2.260523
77664	-1000.835	-1067.289	66.4545	0.542595	1.158905	2.477145
77670	-993.4156	-1060.759	67.34334	0.6228183	0.9390015	1.98926
77676	-1003.959	-1071.013	67.05412	0.6847619	1.175358	1.98926
77682	-1000.703	-1068.821	68.11853	1.287028	0.5697337	1.279016
77688	-1001.631	-1069.629	67.99822	1.196396	0.7960892	1.203184
77694	-993.3397	-1061.427	68.08736	1.064016	0.8653617	1.171828
77700	-1001.134	-1069.209	68.07489	1.187875	0.9085469	1.026126
77706	-1004.946	-1072.954	68.00788	0.9564383	0.9954977	1.214492
77712	-1009.619	-1077.329	67.71071	1.115961	0.7992928	1.493258
77718	-1002.459	-1070.455	67.99579	1.115961	0.7697966	1.298499
77724	-1003.956	-1070.992	67.03663	0.697785	1.15464	2.004549
77730	-1005.384	-1072.146	66.76169	0.5092544	1.051911	2.367141
77736	-1010.354	-1076.578	66.22448	0.3715892	1.30519	2.648608
77742	-1005.511	-1072.178	66.6665	0.4635554	1.122486	2.414303
77748	-1009.067	-1075.606	66.53885	0.4999789	1.22182	2.416249
77754	-1006.183	-1073.07	66.88659	0.7054267	1.153634	2.099293
77760	-1002.517	-1069.659	67.14186	0.559941	0.9050406	2.186826
77766	-1002.466	-1069.802	67.33541	1.280561	0.9712478	1.509761
77772	-998.4958	-1066.505	68.00902	1.124445	1.121001	0.9434955
77778	-1001.414	-1069.507	68.09309	1.262832	0.8515988	0.9959546
77784	-998.2513	-1065.673	67.42146	1.064351	1.571309	1.211566
77790	-994.8345	-1062.77	67.93554	1.173192	0.8622398	1.211566
77796	-993.2575	-1060.917	67.65969	0.9984507	0.895231	1.537969
77802	-998.24	-1065.823	67.58323	1.155842	1.026406	1.373198
77808	-999.3669	-1067.086	67.71939	1.014806	1.026406	1.377029
77814	-995.8484	-1063.116	67.26755	0.8576357	1.028834	1.819717
77820	-998.4029	-1066.198	67.79516	0.9919396	1.054091	1.313531
77826	-999.4734	-1067.215	67.74182	0.7958757	0.8526183	1.659898
77832	-1009.039	-1076.516	67.47789	0.7798643	0.9394034	1.79066
77838	-1007.88	-1075.383	67.50355	0.738962	1.10905	1.684203
77844	-993.5496	-1060.728	67.17858	0.5173253	0.8993397	2.194635
77850	-995.2672	-1062.768	67.50123	0.7244509	0.9302607	1.819494
77856	-996.331	-1063.688	67.35684	0.5394471	1.093088	1.933847
77862	-992.8056	-1060.385	67.57917	0.5386993	1.084406	1.787895
77868	-989.4811	-1057.086	67.60441	0.7869041	0.8216673	1.787895
77874	-991.4226	-1058.141	66.71842	0.6151659	1.516412	2.076864
77880	-988.5759	-1055.441	66.86481	0.5331701	1.116412	2.247288
77886	-993.142	-1060.481	67.33866	0.3999444	0.8495197	2.202643
77892	-998.9867	-1066.436	67.44908	1.900707	1.086014	0.3373681
77898	-998.7533	-1066.53	67.77671	1.900707	0.8186855	0.4088469
77904	-1002.924	-1069.724	66.80033	0.4693424	1.214608	2.273481
77910	-991.461	-1058.268	66.80677	0.6540814	1.007994	2.273481
77916	-998.5773	-1065.388	66.81076	0.6752943	1.007994	2.257309
77922	-1001.62	-1068.501	66.88137	0.894631	1.053255	2.03947
77928	-997.2021	-1064.449	67.24726	0.7904248	0.8271127	2.023449
77934	-1005.278	-1072.52	67.24216	1.905221	1.365281	0.3865139
77940	-1002.146	-1070.105	67.959	1.680282	0.8395897	0.3822001
77946	-1008.475	-1075.764	67.28935	1.986765	1.087851	0.279808
77952	-997.2468	-1065.244	67.99696	1.663567	0.8475378	0.5383396
77958	-997.1932	-1065.314	68.12105	1.535456	0.8529647	0.5188234
77964	-994.7135	-1062.826	68.11289	1.588694	0.8139643	0.4882958
77970	-994.0007	-1061.686	67.68557	1.731609	1.08024	0.4462944
77976	-990.5723	-1059.109	68.53654	1.358403	0.6021957	0.7297425
77982	-996.2185	-1064.17	67.95157	1.279941	1.152074	0.7942891
77988	-997.5023	-1065.518	68.01607	1.279941	1.152074	0.6959751
77994	-1003.754	-1071.782	68.02788	1.279941	1.1102	0.7394343
78000	-1000.797	-1068.766	67.96819	1.475492	0.9023837	0.83731
78006	-997.8934	-1066.292	68.39818	1.220268	0.7451948	0.8460958
78012	-1009.235	-1076.997	67.76178	0.9880925	0.800483	1.549408
78018	-1007.726	-1075.918	68.19232	1.016107	0.7507716	1.237933
78024	-1003.644	-1071.481	67.83761	1.09613	0.9620788	1.268532
78030	-1003.105	-1070.522	67.41671	0.798271	0.9608032	1.804886
78036	-999.9483	-1067.7	67.75162	0.9298873	0.6390721	1.746679
78042	-1000.927	-1068.679	67.75205	1.087286	0.8920347	1.403285
78048	-1008.183	-1075.917	67.73373	1.434758	1.258427	0.7527378
78054	-991.4212	-1059.245	67.82356	0.9070861	0.958201	1.433049
78060	-994.6913	-1063.004	68.31271	1.31471	0.7062051	0.8936879
78066	-1010.467	-1078.255	67.78838	1.323127	1.219036	0.870868
78072	-1006.229	-1074.188	67.95831	1.323127	1.033446	0.870868
78078	-1004.134	-1072.319	68.18508	1.323127	0.8299449	0.856999
78084	-1000.151	-1067.914	67.76228	1.104655	1.267655	1.080277
78090	-998.3564	-1066.353	67.99691	1.133635	0.7885606	1.264575
78096	-995.4593	-1063.278	67.81871	1.133635	0.9704534	1.245956
78102	-995.6751	-1063.277	67.6021	1.0736	0.5455836	1.845865
78108	-993.8002	-1061.351	67.55087	0.9604898	0.8726446	1.662742
78114	-994.613	-1062.362	67.74923	1.043879	1.058392	1.305331
78120	-1001.997	-1069.464	67.46621	0.9463996	1.469729	1.332746
78126	-999.7856	-1067.705	67.91974	1.198533	1.132474	0.9484882
78132	-997.7997	-1065.904	68.1044	1.21396	0.8186986	1.068882
78138	-992.5989	-1061.044	68.44473	1.301485	0.6519199	0.8385816
78144	-988.7231	-1056.749	68.02592	1.157332	0.7117818	1.299283
78150	-1001.112	-1068.359	67.24717	1.067787	1.256174	1.537574
78156	-994.3947	-1062.187	67.79227	0.9113282	0.6874381	1.684899
78162	-987.8535	-1055.673	67.81983	0.9113282	0.7313698	1.624581
78168	-984.4338	-1051.892	67.45791	0.60544	0.8368714	1.998925
78174	-984.4973	-1052.033	67.53611	0.5398757	0.9241801	1.926003
78180	-993.7374	-1061.015	67.27804	0.6383218	1.089279	1.922705
78186	-989.832	-1057.046	67.21446	0.6726174	1.078542	1.949256
78192	-993.5675	-1060.672	67.10476	0.68394	1.117706	1.990718
78198	-991.589	-1059.425	67.83606	1.065376	0.8992184	1.348376
78204	-992.5225	-1060.069	67.54621	1.007625	0.9265408	1.589958
78210	-990.7552	-1058.324	67.56882	0.9003586	0.6536172	1.879451
78216	-992.0966	-1059.104	67.00718	0.7167261	1.15344	2.012266
78222	-998.0575	-1064.95	66.89236	1.019377	1.311718	1.79306
78228	-999.449	-1067.361	67.91154	1.393128	0.8058742	1.095521
78234	-995.3268	-1063.284	67.95772	1.294028	1.039713	0.8979977
78240	-996.9428	-1064.711	67.76823	1.29497	1.039713	1.088439
78246	-1001.825	-1069.937	68.11246	1.220239	0.7090785	1.176787
78252	-997.2073	-1065.69	68.48242	1.440415	0.5461316	0.8100949
78258	-997.1852	-1065.206	68.02121	1.492729	0.8579608	0.8100949
78264	-996.2072	-1064.205	67.99773	1.51639	0.9008638	0.7435007
78270	-1001.306	-1069.455	68.14923	1.51639	0.7601888	0.758841
78276	-1005.15	-1072.903	67.75276	1.470903	1.071212	0.895555
78282	-998.3536	-1065.913	67.55934	0.906375	1.070682	1.548618
78288	-997.8626	-1066.17	68.30708	0.9393895	0.8401814	1.11246
78294	-1000.47	-1068.098	67.62802	1.099251	1.397712	1.11246
78300	-1000.284	-1067.81	67.52569	1.34488	1.40847	0.9661512
78306	-1002.171	-1070.129	67.95784	1.452551	0.9410964	0.827481
78312	-1011.09	-1078.957	67.86738	1.124188	1.222917	0.9965957
78318	-1004.421	-1072.645	68.22418	1.277249	0.7649764	0.9507235
78324	-1001.286	-1069.341	68.0546	1.186879	0.8087474	1.149459
78330	-1004.014	-1071.902	67.88716	1.417066	1.16067	0.6660084
78336	-1004.859	-1072.821	67.96231	1.249268	1.16067	0.8105253
78342	-997.7134	-1064.938	67.22501	0.8738713	0.9899616	1.864266
78348	-1002.259	-1069.88	67.62078	0.801594	0.7524724	1.823596
78354	-995.8428	-1062.736	66.89297	0.664738	1.091342	2.159031
78360	-1006.255	-1073.497	67.24283	0.9272673	1.054025	1.771663
78366	-1002.917	-1070.274	67.35713	0.9860788	1.126477	1.600285
78372	-1007.067	-1074.526	67.45922	0.9860788	1.195379	1.47907
78378	-1001.143	-1068.47	67.32701	0.7886898	1.149368	1.747726
78384	-1002.35	-1070.265	67.91539	1.227546	1.028872	1.022716
78390	-1006.447	-1074.251	67.80484	1.227546	1.146947	1.022383
78396	-998.3665	-1066.222	67.85585	1.300526	1.261453	0.7667356
78402	-998.3579	-1066.136	67.7785	1.300526	1.177565	0.9472092
78408	-998.8023	-1066.901	68.09892	1.021253	0.7736196	1.287863
78414	-1001.829	-1069.397	67.56818	1.158613	1.165163	1.278976
78420	-1002.497	-1070.536	68.03946	1.043858	0.9432606	1.157855
78426	-1001.933	-1069.718	67.78551	0.8903651	0.9011401	1.520034
78432	-1001.705	-1069.886	68.18134	0.9194697	0.9011401	1.181659
78438	-1001.94	-1069.69	67.74963	1.424721	1.174599	0.8419741
78444	-1009.432	-1074.771	65.33974	2.799161	1.137398	0.06059364
78450	-1000.787	-1069.031	68.24341	1.172311	0.6461959	1.177469
78456	-999.0678	-1067.362	68.29463	1.246292	0.6045401	1.118642
78462	-1013.668	-1079.978	66.3097	2.577522	0.8193886	0.1001381
78468	-1009.942	-1075.878	65.93623	2.577522	1.215194	0.1027365
78474	-997.2625	-1065.667	68.40421	1.16373	0.7098605	0.9534213
78480	-1010.098	-1076.782	66.68377	2.413977	0.9267662	0.1555133
78486	-1005.335	-1071.895	66.5601	2.413977	1.138679	0.1762314
78492	-1003.243	-1071.346	68.1028	1.116904	1.113822	0.8536326
78498	-1000.178	-1067.646	67.46783	0.980237	1.469731	1.304185
78504	-1001.924	-1068.255	66.33083	2.338954	1.412262	0.1572077
78510	-997.8589	-1064.87	67.01118	2.214393	0.9435943	0.1944325
78516	-997.7655	-1065.02	67.25432	2.094676	0.9524357	0.2462495
78522	-1000.863	-1068.058	67.19478	2.094676	0.9524357	0.2202667
78528	-1002.601	-1069.778	67.1764	2.094676	1.016196	0.2399176
78534	-1003.88	-1071.24	67.36048	2.094676	0.8778376	0.2597762
78540	-1004.22	-1072.29	68.06987	1.185218	0.6954484	1.257677
78546	-996.1251	-1064.21	68.08464	1.291653	0.8810602	0.9409842
78552	-997.9732	-1066.366	68.39323	1.076094	0.4628568	1.366938
78558	-1002.657	-1071.114	68.45649	1.045721	0.4686038	1.332896
78564	-1008.549	-1075.864	67.31512	1.965418	1.144028	0.3220848
78570	-1001.369	-1069.663	68.29403	1.165555	0.7560619	1.004733
78576	-1004.899	-1072.639	67.73997	1.106677	1.39883	0.9981038
78582	-1001.436	-1069.61	68.17432	1.023233	0.8202896	1.176203
78588	-993.6282	-1061.243	67.61452	1.023233	1.231779	1.304217
78594	-996.4791	-1064.527	68.04751	1.023233	0.915566	1.194236
78600	-995.4474	-1063.353	67.90523	1.023233	0.8135984	1.402681
78606	-998.0414	-1065.761	67.72002	1.083998	0.9664204	1.369424
78612	-998.3236	-1066.48	68.15637	0.970859	0.6874486	1.369424
78618	-999.172	-1067.304	68.132	0.9949614	0.7280256	1.328006
78624	-1002.025	-1069.691	67.66567	0.9800886	1.185509	1.330077
78630	-1003.591	-1071.164	67.57323	0.287529	0.8967643	2.08892
78636	-1002.792	-1070.049	67.25696	0.798164	1.228293	1.741629
78642	-999.5129	-1067.031	67.51802	0.7954085	1.374478	1.466654
78648	-1000.279	-1068.224	67.94533	0.8894647	0.8224915	1.466654
78654	-1011.817	-1078.395	66.5774	0.6788859	0.975931	2.423935
78660	-1004.466	-1071.177	66.71106	0.4555028	1.057581	2.429639
78666	-1005.201	-1072.554	67.35315	0.7466203	0.7828972	2.016718
78672	-1000.4	-1067.619	67.21885	0.8704569	1.595369	1.51216
78678	-1004.973	-1072.119	67.1468	0.8022703	1.493022	1.668104
78684	-1009.736	-1077.103	67.36647	0.6975748	1.585173	1.536288
78690	-992.0281	-1059.45	67.4219	0.5858457	1.194894	1.794801
78696	-991.2216	-1058.069	66.84757	0.5473586	0.8279014	2.437446
78702	-988.6895	-1055.865	67.1756	0.4321752	1.054507	2.149176
78708	-989.6353	-1056.449	66.81368	0.4565766	0.9286465	2.446004
78714	-992.137	-1059.458	67.32143	0.6026903	0.7817117	2.133371
78720	-993.9845	-1061.216	67.23144	0.7625251	0.8310795	2.049404
78726	-991.8848	-1059.416	67.53076	0.617365	0.7802291	1.986628
78732	-992.8626	-1059.909	67.04603	0.7036069	1.146742	1.999138
78738	-992.2274	-1059.037	66.80997	0.4918853	1.146742	2.291216
78744	-1000.717	-1068.763	68.04661	1.1913	0.6253536	1.348852
78750	-998.2295	-1065.353	67.1231	0.2868121	1.268984	2.153071
78756	-985.0511	-1051.489	66.43813	0.1278585	1.054248	2.802995
78762	-988.8071	-1055.336	66.52911	0.1127614	1.026409	2.773231
78768	-991.8635	-1058.242	66.37862	0.09941299	1.358022	2.695062
78774	-986.7573	-1052.983	66.2259	0.1921241	1.034714	2.904157
78780	-991.2389	-1058.061	66.8225	0.4826889	1.02654	2.361053
78786	-1010.806	-1076.873	66.06705	0.4691164	1.243768	2.716839
78792	-1006.961	-1074.119	67.15852	0.9423027	0.9541567	1.887873
78798	-1005.345	-1072.778	67.43287	0.7386217	0.9541567	1.839583
78804	-1004.583	-1071.91	67.32687	0.6923442	0.8918795	1.987449
78810	-999.4325	-1066.51	67.07796	0.6444285	1.534114	1.806244
78816	-989.7664	-1057.31	67.54331	0.6491586	1.05008	1.758706
78822	-1001.05	-1069.267	68.21667	1.194517	0.7150651	1.099922
78828	-1001.82	-1069.919	68.09921	1.066062	0.8029586	1.221254
78834	-1007.069	-1074.454	67.38413	1.245905	1.507881	1.125386
78840	-1003.728	-1071.39	67.66141	1.371718	1.165847	1.004939
78846	-1016.71	-1084.621	67.91101	1.256154	0.8370501	1.185833
78852	-1007.662	-1075.37	67.70809	1.495411	1.179896	0.7986395
78858	-1002.017	-1070.047	68.0302	1.457171	0.9454024	0.7106075
78864	-994.0922	-1062.14	68.04796	1.477629	0.9685564	0.5639865
78870	-1003.304	-1071.123	67.81872	1.47108	1.217971	0.5720342
78876	-1004.215	-1071.834	67.61899	1.693243	1.195774	0.5582517
78882	-1010.376	-1078.116	67.73948	1.14402	1.427002	0.9375581
78888	-1016.767	-1084.498	67.73088	1.131134	1.122961	1.197538
78894	-1001.843	-1069.746	67.90328	1.760946	0.8191362	0.3845622
78900	-999.4737	-1067.247	67.77319	1.003416	1.398724	1.066132
78906	-993.1883	-1060.974	67.78526	1.222851	1.255562	0.951069
78912	-1000.46	-1068.339	67.87828	1.172911	0.9314585	1.196549
78918	-996.7025	-1064.739	68.03671	1.172884	0.9314585	1.053853
78924	-1005.758	-1073.649	67.89025	1.244462	0.9898419	1.067763
78930	-1006.121	-1074.037	67.91562	1.202453	1.01841	1.056573
78936	-1004.192	-1071.947	67.75505	1.186048	1.01841	1.214854
78942	-996.698	-1064.366	67.66812	0.9686827	1.01841	1.458339
78948	-1004.322	-1072.023	67.70094	1.051106	1.54444	0.9840216
78954	-1001.391	-1069.399	68.00737	0.9521338	0.9568002	1.251688
78960	-995.9547	-1063.837	67.88189	1.052653	1.036191	1.205594
78966	-997.8695	-1065.248	67.37838	0.74332	1.337505	1.629977
78972	-997.942	-1065.227	67.28449	0.5384026	0.926637	2.092766
78978	-999.2824	-1066.069	66.7869	0.4022685	0.926637	2.498159
78984	-999.5049	-1066.176	66.67137	0.5240614	1.097291	2.387728
78990	-1004.221	-1070.733	66.51284	0.4177863	1.410498	2.387728
78996	-998.0771	-1064.381	66.30428	0.4894667	0.915346	2.749877
79002	-1006.92	-1073.789	66.86885	0.5409413	1.20048	2.191094
79008	-1009.262	-1075.674	66.41173	0.6883091	2.023088	2.013914
79014	-1009.861	-1075.653	65.79228	0.2672655	1.968858	2.695922
79020	-1007.293	-1075.016	67.7233	0.7628766	1.084867	1.523511
79026	-995.5521	-1063.363	67.81049	1.04139	0.913746	1.375179
79032	-998.4429	-1066.113	67.67022	0.8308748	1.020861	1.558055
79038	-999.1597	-1066.365	67.20485	0.8521958	1.553483	1.558055
79044	-1002.765	-1070.499	67.73436	0.9650767	0.6822488	1.692732
79050	-997.3939	-1064.964	67.57019	0.7447742	1.185516	1.582294
79056	-999.6368	-1066.918	67.28078	0.6614058	0.9099005	2.025773
79062	-1000.275	-1067.698	67.42287	0.7890012	0.6201623	2.082768
79068	-1007.79	-1074.344	66.55418	0.3494637	1.716069	2.266228
79074	-993.9028	-1061.467	67.56391	0.8836742	1.124154	1.525101
79080	-996.9458	-1064.619	67.67287	0.9874751	1.09033	1.386885
79086	-996.6124	-1064.526	67.91377	0.9436895	0.9096103	1.374275
79092	-994.8667	-1062.482	67.61486	0.9984419	1.159292	1.374275
79098	-998.493	-1065.858	67.36502	0.7774754	1.126875	1.743246
79104	-998.9663	-1066.884	67.91802	1.369847	1.023274	0.875
79110	-1005.279	-1073.114	67.83481	0.9197229	1.115912	1.292775
79116	-998.4905	-1066.656	68.16528	0.9673402	0.7646427	1.286595
79122	-1006.964	-1074.977	68.01314	1.010154	0.9063457	1.242859
79128	-1000.222	-1068.176	67.95402	1.069272	0.9063457	1.242859
79134	-1001.272	-1069.603	68.33106	1.068066	0.5665915	1.288167
79140	-1002.635	-1070.538	67.9035	0.9829568	0.890394	1.367818
79146	-1004.604	-1072.733	68.12944	1.091114	0.8752649	1.100215
79152	-1005.926	-1074.024	68.09826	1.115607	0.9172718	1.064058
79158	-1006.664	-1074.735	68.07117	1.148573	0.8429843	1.133673
79164	-1003.866	-1071.752	67.88601	1.102091	0.9792334	1.208223
79170	-1001.991	-1070.1	68.10935	1.120775	0.8113037	1.15684
79176	-997.1982	-1064.71	67.51185	1.040009	1.253776	1.358055
79182	-1001.785	-1069.56	67.77527	1.018349	0.9974622	1.352771
79188	-1003.369	-1070.948	67.57872	1.018349	1.456478	1.187978
79194	-997.1573	-1064.919	67.76173	1.018349	1.061671	1.313335
79200	-1001.452	-1069.321	67.86816	1.04528	1.027266	1.230889
79206	-1004.053	-1071.769	67.71582	1.158076	1.027266	1.263892
79212	-1002.779	-1070.12	67.34067	0.998553	1.452205	1.400961
79218	-1000.838	-1068.775	67.93631	1.058633	1.082084	1.113833
79224	-991.1166	-1059.061	67.94485	1.242019	0.9341404	1.072637
79230	-994.0403	-1061.96	67.9194	1.242019	0.8242808	1.203383
79236	-995.7947	-1063.639	67.8448	0.9129264	1.233208	1.203383
79242	-1014.229	-1081.448	67.21968	0.7581158	0.9784744	1.954174
79248	-1002.177	-1069.288	67.11073	0.7581158	0.958469	2.040505
79254	-999.4261	-1067.29	67.86369	0.9556542	0.7573854	1.536398
79260	-1009.624	-1076.844	67.2205	0.7302454	1.133982	1.871331
79266	-999.3054	-1066.105	66.79955	0.6912816	1.088327	2.204243
79272	-1006.812	-1073.974	67.16179	0.7529272	1.046251	1.951421
79278	-1005.061	-1072.51	67.44855	0.7839897	0.7440457	1.959734
79284	-1004.951	-1072.594	67.64281	0.8592784	0.9475738	1.611522
79290	-1002.34	-1069.168	66.82768	0.5996232	0.9628047	2.324117
79296	-997.4852	-1064.532	67.04709	0.6165469	1.069104	2.103539
79302	-1002.256	-1070.109	67.85299	0.9865431	0.9727557	1.336115
79308	-997.752	-1065.79	68.03843	1.117716	0.8557383	1.17704
79314	-1003.652	-1071.62	67.96828	1.248777	0.89398	1.084536
79320	-998.6755	-1066.529	67.8537	1.299335	1.162067	0.8806721
79326	-1001.002	-1068.983	67.98179	1.306377	1.110716	0.7679303
79332	-1000.894	-1069.003	68.10885	1.220417	0.8731759	0.998517
79338	-1004.204	-1072.561	68.35757	1.105256	0.7020107	1.067614
79344	-999.8695	-1067.656	67.7864	1.27555	1.170962	0.9711531
79350	-1004.49	-1072.259	67.76935	1.285078	1.17946	0.9711531
79356	-998.1598	-1066.546	68.38638	1.154325	0.7897257	0.8742308
79362	-998.9606	-1066.422	67.46145	1.135511	0.942641	1.545861
79368	-1002.782	-1069.316	66.53391	0.8719676	1.085287	2.260821
79374	-998.7119	-1066.598	67.88597	0.850387	0.6660136	1.681925
79380	-1004.228	-1071.529	67.30131	0.808041	1.094441	1.787275
79386	-1009.357	-1076.932	67.57536	0.808041	1.012781	1.649373
79392	-998.0691	-1064.222	66.15328	0.3628285	1.558153	2.5788
79398	-995.9027	-1062.547	66.64448	0.688981	0.8417344	2.46612
79404	-988.2671	-1055.368	67.10041	0.6180056	0.8517238	2.214084
79410	-988.9732	-1055.666	66.69252	0.4942778	1.134346	2.371599
79416	-991.0265	-1057.853	66.82649	0.6611554	0.8507203	2.36247
79422	-986.449	-1053.875	67.426	0.6015304	1.035928	1.881878
79428	-990.3877	-1057.582	67.1946	0.5270753	1.20068	1.985899
79434	-991.5762	-1058.447	66.87054	0.5642874	1.06214	2.256318
79440	-994.3497	-1061.514	67.16421	0.5073234	0.9456019	2.178578
79446	-994.0357	-1060.577	66.54084	0.277644	0.8373597	2.787312
79452	-1007.443	-1073.739	66.29618	0.446528	0.7750511	2.87774
79458	-996.1688	-1063.594	67.425	0.4879571	0.7844799	2.138493
79464	-997.4409	-1064.941	67.5005	0.3007454	0.9323308	2.103031
79470	-989.8986	-1056.668	66.7693	0.5946616	0.9848378	2.350107
79476	-995.7598	-1062.521	66.76107	0.6491062	0.9869745	2.31933
79482	-989.715	-1056.772	67.05715	0.5279342	0.9770291	2.213587
79488	-989.9082	-1056.513	66.60447	0.5744388	0.9770291	2.471852
79494	-992.9014	-1059.45	66.54897	0.446403	1.170308	2.471852
79500	-997.9081	-1065.001	67.09294	0.5212011	0.8618748	2.273845
79506	-1000.231	-1067.708	67.4766	0.5893084	0.7106554	2.098349
79512	-997.447	-1064.865	67.41776	0.7490553	1.06344	1.767668
79518	-995.8434	-1063.405	67.56146	0.9199502	1.06344	1.542118
79524	-991.8546	-1059.632	67.77733	0.9676316	0.6383558	1.702699
79530	-995.4127	-1063.175	67.76208	1.14283	0.5895441	1.638387
79536	-993.9612	-1061.72	67.75902	0.7894138	0.8437096	1.65942
79542	-993.6648	-1061.674	68.00938	0.84192	0.7787675	1.493136
79548	-999.4536	-1067.19	67.73631	0.6562849	0.9303227	1.702889
79554	-999.8812	-1067.01	67.12901	0.7956054	1.175383	1.863813
79560	-1001.9	-1068.995	67.09562	0.4758207	1.088332	2.151927
79566	-998.8698	-1066.057	67.18693	0.6376133	1.12097	1.964728
79572	-993.5172	-1060.8	67.28246	0.7001917	0.924749	1.988278
79578	-993.8694	-1061.629	67.76001	0.9307138	0.8568326	1.545218
79584	-997.2307	-1064.595	67.36428	0.7943242	1.265707	1.645744
79590	-1001.419	-1069.33	67.91082	1.694735	0.898493	0.5267021
79596	-1004.444	-1072	67.55609	1.694735	1.274835	0.4875591
79602	-1004.701	-1072.647	67.94589	1.408309	0.931772	0.9055488
79608	-996.0906	-1063.802	67.71117	1.247631	1.434881	0.844848
79614	-1003.523	-1070.739	67.21575	1.036417	1.387748	1.504994
79620	-1000.78	-1068.696	67.91558	0.7127396	0.7826356	1.653232
79626	-992.7212	-1059.897	67.17617	0.7096349	1.26612	1.836918
79632	-996.8514	-1063.974	67.12275	0.3787883	1.227957	2.115891
79638	-1000.002	-1066.832	66.82972	0.5184405	0.8541766	2.448058
79644	-994.8796	-1061.568	66.68863	0.3071984	1.297997	2.403021
79650	-1000.835	-1068.649	67.8143	1.041792	0.8816129	1.399119
79656	-999.6673	-1066.8	67.13304	0.8097902	1.31167	1.771478
79662	-989.2627	-1057.119	67.85666	0.8097902	0.7888056	1.620465
79668	-996.427	-1063.782	67.3545	0.9235211	0.9722421	1.752879
79674	-996.2925	-1063.737	67.44461	0.864674	1.045836	1.679223
79680	-999.415	-1066.481	67.0661	0.5377679	0.9981355	2.187647
79686	-1000.863	-1068.146	67.28364	0.7476043	0.8849797	1.984443
79692	-996.2	-1064.698	68.49783	1.057425	0.6087272	1.100102
79698	-995.5316	-1063.217	67.68525	1.277073	1.167531	1.071798
79704	-997.9584	-1066.292	68.33307	1.277073	0.7228084	0.8891282
79710	-998.4973	-1066.105	67.608	0.8041451	0.7841072	1.804103
79716	-995.754	-1064.017	68.26293	0.9264284	0.5900182	1.426608
79722	-1005.557	-1073.879	68.32182	1.40391	0.7508393	0.6788255
79728	-1005.455	-1073.949	68.49361	1.421554	0.4966002	0.9141152
79734	-996.429	-1063.865	67.43642	1.150864	1.646581	1.074734
79740	-994.2893	-1062.314	68.0244	1.117224	1.0017	1.049937
79746	-994.5995	-1062.53	67.93079	1.124496	1.158081	0.9896692
79752	-993.0355	-1060.573	67.53784	1.150167	1.682634	0.9510195
79758	-993.4338	-1061.506	68.07219	1.052181	1.078068	0.9942103
79764	-993.7247	-1061.522	67.79685	1.236957	1.078068	1.081624
79770	-993.5379	-1061.433	67.8956	1.066486	1.096118	1.131587
79776	-993.7246	-1061.273	67.548	0.9415044	1.1389	1.483648
79782	-996.1168	-1063.683	67.56633	0.674753	0.9088173	1.824611
79788	-1000.604	-1067.634	67.03066	0.6298879	1.385852	1.924473
79794	-1005.649	-1072.571	66.92232	0.5601957	1.385852	2.043498
79800	-1001.464	-1067.878	66.41409	0.7639673	0.9510989	2.489073
79806	-997.7124	-1064.952	67.23968	0.7962566	1.015912	1.889518
79812	-1000.128	-1067.923	67.79458	0.9399618	1.103785	1.318064
79818	-994.8418	-1062.74	67.89867	0.9781943	0.7348621	1.514427
79824	-997.4172	-1065.276	67.85891	1.208655	0.8969253	1.21411
79830	-999.2975	-1066.861	67.56376	1.208655	1.275069	1.160084
79836	-1005.707	-1073.431	67.72389	1.09005	1.299544	1.104796
79842	-1002.244	-1070.577	68.33287	1.164516	0.6686994	1.076478
79848	-997.9309	-1065.732	67.80136	1.081568	1.072051	1.220185
79854	-1002.486	-1070.075	67.58919	0.956339	0.8235201	1.677998
79860	-1004.815	-1071.607	66.79209	0.4900388	1.2892	2.225008
79866	-999.8375	-1066.964	67.12668	0.4493902	1.195582	2.085362
79872	-1005.659	-1072.026	66.36722	0.5607538	1.353631	2.417486
79878	-1003.088	-1069.945	66.85666	0.8923733	1.096674	2.030087
79884	-994.3719	-1061.375	67.00269	0.5117028	1.259401	2.089971
79890	-996.6867	-1063.697	67.0098	0.5327469	1.133659	2.143464
79896	-992.0825	-1059.46	67.37706	0.6629968	0.7179278	2.10919
79902	-997.4526	-1064.928	67.47512	0.849301	0.8848187	1.784981
79908	-996.0711	-1062.963	66.89192	0.7289292	1.620651	1.834108
79914	-1003.271	-1069.222	65.95091	0.4353709	1.922833	2.510777
79920	-1001.438	-1068.027	66.58908	0.6465907	1.091058	2.365941
79926	-998.4741	-1065.08	66.60635	0.5248672	0.9188642	2.539464
79932	-997.4436	-1064.791	67.34741	0.7418267	0.6951127	2.096271
79938	-999.6292	-1066.432	66.80274	0.7153192	1.243687	2.096271
79944	-997.9258	-1064.821	66.89512	0.7419764	0.9845851	2.174941
79950	-1000.842	-1067.515	66.6728	0.3300281	1.039332	2.543137
79956	-1005.028	-1072.118	67.08975	0.3861877	1.00919	2.26304
79962	-1001.013	-1067.932	66.91937	0.6653068	1.25406	2.046587
79968	-998.7683	-1066.097	67.32914	0.8198158	0.8846976	1.905429
79974	-998.4717	-1064.854	66.38184	0.4221594	1.369922	2.487255
79980	-1000.435	-1066.88	66.44495	0.3817228	1.104232	2.614188
79986	-1010.28	-1076.841	66.56095	0.3667343	1.439819	2.375419
79992	-997.6629	-1065.441	67.77813	0.8485638	1.122884	1.389611
79998	-1006.965	-1074.85	67.88575	0.5803723	0.8804236	1.688861
80004	-996.8887	-1064.129	67.2407	0.6662436	0.8774647	2.07241
80010	-1001.381	-1069.265	67.88433	1.014343	0.8669685	1.378495
80016	-998.7131	-1066.55	67.83681	0.8774666	1.085862	1.347681
80022	-989.7812	-1057.782	68.00041	0.9129322	0.8617957	1.371506
80028	-995.1519	-1063.07	67.91855	0.9427154	1.151833	1.17554
80034	-996.0386	-1063.623	67.58402	0.8353524	0.7547402	1.823731
80040	-998.0827	-1065.352	67.26901	0.7416818	1.40611	1.670898
80046	-996.6265	-1064.143	67.51635	0.7272482	0.8131122	1.896105
80052	-996.7949	-1064.532	67.73713	1.001086	0.4180811	1.950738
80058	-992.751	-1059.661	66.90994	0.6634621	1.083548	2.153578
80064	-992.8401	-1060.053	67.21251	0.7117769	1.028688	1.956471
80070	-992.9664	-1060.275	67.30837	0.5282112	1.121259	1.956471
80076	-994.8651	-1061.868	67.00328	0.703284	1.050502	2.087042
80082	-999.9622	-1067.783	67.82089	0.9607953	0.634305	1.680638
80088	-995.285	-1062.395	67.1099	0.8837574	1.149752	1.832166
80094	-1011.65	-1078.989	67.33842	0.7551895	0.9838855	1.872058
80100	-1002.34	-1069.769	67.42931	0.9569756	0.8663533	1.756079
80106	-1002.981	-1070.05	67.06837	0.7648502	1.27002	1.870693
80112	-1005.847	-1073.03	67.18285	0.6480495	1.538081	1.728583
80118	-997.2687	-1065.09	67.82129	0.8966918	1.019669	1.394893
80124	-995.9686	-1063.967	67.99887	1.032616	0.8047125	1.329628
80130	-991.4216	-1059.008	67.58686	0.9957838	0.7997399	1.671339
80136	-996.4047	-1063.866	67.46134	0.5176536	0.7997399	2.083336
80142	-990.1597	-1057.672	67.51244	0.8537851	1.169785	1.554875
80148	-994.0214	-1061.014	66.99235	0.5996037	1.472072	1.926405
80154	-994.9231	-1062.526	67.6027	0.7683897	0.625018	1.972532
80160	-996.8108	-1063.454	66.64333	0.3334124	0.9509986	2.614329
80166	-997.9206	-1064.738	66.81787	0.2747005	1.141672	2.42692
80172	-1000.46	-1066.826	66.36634	0.3655882	1.042282	2.708693
80178	-999.4139	-1065.455	66.04094	0.3055522	1.224927	2.842278
80184	-993.2982	-1060.063	66.76457	0.5159116	0.976978	2.408004
80190	-991.4102	-1058.993	67.58294	0.9371762	1.007098	1.554078
80196	-989.7475	-1057.666	67.91844	0.8105004	0.8653947	1.509699
80202	-1001.092	-1068.288	67.19615	0.4761899	0.7532753	2.318083
80208	-1002.894	-1070.534	67.64072	0.3854989	0.748464	2.093061
80214	-991.9138	-1058.804	66.89008	0.5282004	1.274938	2.144386
80220	-1004.205	-1070.558	66.35255	0.2610931	1.405112	2.588707
80226	-1002.537	-1068.768	66.23091	0.3271502	1.010783	2.833614
80232	-1006.489	-1074.257	67.76872	0.9625613	0.8302482	1.537539
80238	-1008.884	-1075.827	66.94363	0.842272	1.286613	1.893528
80244	-1001.465	-1068.429	66.96336	0.7219336	1.109542	2.064347
80250	-1002.574	-1069.821	67.24699	0.6541772	0.8754526	2.077676
80256	-1002.3	-1069.595	67.2946	0.5983666	0.7971534	2.141694
80262	-999.8685	-1067.212	67.34387	0.5708447	1.442404	1.71929
80268	-995.9946	-1062.88	66.88584	0.6213247	1.399256	2.020239
80274	-995.4826	-1063.009	67.52594	0.7384463	1.30216	1.546751
80280	-992.9125	-1060.392	67.47945	0.81201	1.225521	1.574066
80286	-996.3614	-1063.596	67.2347	0.81201	1.145035	1.798491
80292	-1000.076	-1067.274	67.19806	0.3703708	1.145035	2.119825
80298	-997.5232	-1064.783	67.25932	0.49257	0.9550371	2.119825
80304	-1001.095	-1067.955	66.86074	0.5419066	0.9550371	2.344905
80310	-992.8359	-1060.193	67.35665	0.5946368	0.9550371	1.988033
80316	-995.1615	-1062.162	67.00064	0.8406336	1.331724	1.830538
80322	-1002.681	-1069.922	67.24122	0.7553867	1.419296	1.673707
80328	-1003.679	-1071.515	67.83581	0.7217285	0.7387633	1.741499
80334	-1000.854	-1068.768	67.91428	0.8564157	0.6900673	1.634407
80340	-999.2197	-1066.799	67.57937	1.138421	1.338145	1.162821
80346	-999.6002	-1067.769	68.16863	1.187025	0.7383195	1.123628
80352	-998.4459	-1066.404	67.95816	1.27913	1.119258	0.8257098
80358	-996.3922	-1064.742	68.35015	1.42557	0.6645067	0.7773659
80364	-998.1424	-1066.145	68.00264	1.544534	0.9532269	0.5302855
80370	-999.8892	-1067.849	67.95946	1.779454	0.7819541	0.480192
80376	-1000.202	-1068.174	67.97212	1.621037	0.9062016	0.5540054
80382	-999.7706	-1067.796	68.02563	1.20906	0.9076429	1.0541
80388	-998.378	-1066.336	67.95804	1.20906	0.9579304	1.067916
80394	-1004.865	-1072.398	67.53334	1.666209	1.335596	0.5316642
80400	-998.6015	-1066.601	68.00003	1.707605	0.8090274	0.5001631
80406	-1001.082	-1068.509	67.42672	1.707605	1.400556	0.4159406
80412	-1003.444	-1071.63	68.18571	1.707605	0.6603717	0.5272723
80418	-1003.631	-1071.565	67.9337	1.711061	0.8632397	0.5217437
80424	-1005.183	-1072.958	67.77493	0.9106432	1.213395	1.278081
80430	-1009.184	-1077.058	67.87327	1.678631	0.9460486	0.4540475
80436	-1010.485	-1078.586	68.10082	1.678631	0.749351	0.5023937
80442	-1004.477	-1072.206	67.72945	1.168155	1.218313	1.090652
80448	-995.4947	-1063.743	68.24856	1.072529	0.7510039	1.140445
80454	-992.6245	-1060.532	67.90745	1.307261	1.022537	0.9564356
80460	-993.9064	-1061.771	67.86461	1.307261	1.023512	0.999288
80466	-998.9773	-1067.155	68.17812	1.203431	1.009946	0.7723355
80472	-1000.92	-1068.593	67.67328	1.123273	1.126697	1.249996
80478	-1005.817	-1073.368	67.55094	1.077111	1.15334	1.366868
80484	-997.1103	-1065.257	68.1471	1.48198	0.8661349	0.5863023
80490	-1006.87	-1074.78	67.91034	1.062512	0.7726045	1.406031
80496	-1008.76	-1076.615	67.85522	1.128065	1.027114	1.171172
80502	-1002.081	-1069.516	67.4351	1.225567	1.151465	1.342357
80508	-996.4269	-1064.404	67.97687	1.390468	0.6738343	1.186872
80514	-1001.285	-1069.392	68.10691	1.192408	0.6271573	1.297449
80520	-1004.503	-1072.525	68.02198	1.033718	1.054793	1.081889
80526	-1002.556	-1070.328	67.77196	1.245801	1.390288	0.8137763
80532	-998.4219	-1066.063	67.64064	1.097892	1.109173	1.310814
80538	-1001.951	-1069.78	67.82911	1.077218	1.097213	1.179835
80544	-1004.658	-1072.62	67.96142	1.075186	0.8793741	1.256226
80550	-999.8125	-1067.678	67.86586	1.475334	0.906257	0.9491547
80556	-994.9601	-1063.436	68.47583	1.376231	0.4834131	1.003244
80562	-1003.819	-1072.177	68.35752	1.376231	0.511869	1.071883
80568	-992.9599	-1061.327	68.36752	1.296007	0.6961439	0.8670322
80574	-997.2079	-1065.276	68.06858	1.306894	0.9735217	0.8292572
80580	-996.7174	-1063.944	67.22611	0.8253719	0.9826678	1.901554
80586	-998.4922	-1065.791	67.29893	0.8766706	1.214217	1.664919
80592	-996.6237	-1064.938	68.31397	1.398746	0.7448927	0.7149207
80598	-1000.466	-1068.704	68.23816	1.297212	0.887638	0.732854
80604	-1005.206	-1072.391	67.18498	0.6762488	1.017948	2.005705
80610	-1001.153	-1069.248	68.09474	1.446052	0.8634598	0.7648759
80616	-994.8088	-1062.781	67.97251	1.334777	1.074498	0.7885777
80622	-998.0942	-1066.18	68.08568	1.105761	0.8126929	1.189146
80628	-998.7963	-1066.671	67.87445	1.190229	1.023319	1.101821
80634	-998.324	-1066.19	67.8664	1.216628	0.6566209	1.435874
80640	-992.3148	-1059.944	67.62952	1.00227	0.9964547	1.478692
80646	-1002.972	-1071.134	68.16133	1.14182	0.8266546	1.074515
80652	-1009.891	-1077.386	67.49514	1.632222	1.399494	0.3988429
80658	-1006.83	-1074.51	67.68058	1.623621	1.212215	0.4955201
80664	-1003.035	-1070.734	67.69964	1.602542	1.212215	0.4685975
80670	-995.0607	-1063.126	68.06508	0.8898685	0.7616372	1.430168
80676	-996.1224	-1064.004	67.88171	0.9309392	0.8446844	1.464168
80682	-996.8518	-1064.147	67.2956	0.7547891	1.465179	1.610071
80688	-996.4665	-1063.061	66.59489	0.5364828	1.465179	2.233147
80694	-999.9328	-1066.807	66.87431	0.6094783	0.8566621	2.360677
80700	-995.9645	-1063.29	67.3259	0.1590504	0.8556244	2.360677
80706	-1000.618	-1066.894	66.27571	0.2007245	1.184184	2.78479
80712	-996.6138	-1063.659	67.04511	0.6592698	0.9096387	2.181945
80718	-999.5278	-1066.308	66.78011	0.4126302	0.9356971	2.489951
80724	-1000.72	-1066.607	65.8877	0.475916	0.9760314	2.972166
80730	-994.5982	-1060.541	65.94313	0.4204824	0.9760314	2.972166
80736	-991.4732	-1058.423	66.94965	0.4290324	1.044279	2.303281
80742	-996.6416	-1063.461	66.81914	0.5615444	1.047884	2.299773
80748	-992.1642	-1059.404	67.23991	0.8156817	1.047884	1.854807
80754	-986.5684	-1053.625	67.05662	0.7026668	0.8396369	2.196512
80760	-988.7221	-1055.635	66.91289	0.4549597	0.9949222	2.341184
80766	-986.0378	-1053.502	67.46397	0.6896031	0.8909471	1.897664
80772	-987.0385	-1054.166	67.12711	0.5778654	0.990416	2.126886
80778	-988.5592	-1056.074	67.51462	0.8965812	1.018572	1.625239
80784	-990.9372	-1058.624	67.68695	0.7596053	0.8542789	1.723268
80790	-990.4193	-1058.14	67.72095	1.103387	1.072453	1.268841
80796	-994.1784	-1062.29	68.11153	1.12838	0.9511163	1.004359
80802	-998.9857	-1066.913	67.92717	1.12838	1.08086	1.058749
80808	-995.8155	-1063.61	67.79435	1.037304	1.178891	1.18032
80814	-999.7418	-1067.653	67.91097	1.138306	0.758081	1.360048
80820	-995.2687	-1063.085	67.81587	0.6333762	0.7491187	1.807914
80826	-996.7005	-1063.068	66.36765	0.6012019	1.239204	2.450933
80832	-996.4253	-1063.352	66.92629	0.3580688	0.9327391	2.434423
80838	-999.8926	-1066.491	66.59889	0.2189061	1.009387	2.675779
80844	-1006.514	-1073.308	66.79394	0.411542	0.7437136	2.618333
80850	-998.7661	-1065.77	67.00351	0.1187808	0.9330589	2.535657
80856	-991.5162	-1057.992	66.47531	0.1922654	0.9330589	2.815332
80862	-993.9063	-1060.811	66.9045	0.6457165	0.9056761	2.284017
80868	-1000.562	-1067.949	67.3873	0.4219683	1.091025	1.993519
80874	-991.6797	-1058.715	67.03532	0.3911221	1.085746	2.24733
80880	-994.9109	-1061.895	66.98407	0.4015583	0.9596169	2.352707
80886	-997.2899	-1063.994	66.70432	0.5592022	0.6425154	2.664419
80892	-999.1642	-1065.013	65.84886	0.3713116	1.353178	2.854686
80898	-995.0266	-1061.32	66.29327	0.16652	1.27191	2.749104
80904	-995.631	-1061.627	65.99553	0.1545476	1.054193	3.053831
80910	-999.4023	-1066.128	66.72603	0.3953259	0.9693012	2.51278
80916	-996.8682	-1063.87	67.00212	0.6664481	0.9693012	2.164596
80922	-988.2603	-1055.081	66.82048	0.6175358	1.009034	2.28744
80928	-991.9827	-1058.97	66.98702	0.5558053	0.9075768	2.28744
80934	-997.5411	-1063.355	65.81414	0.327509	0.9802191	3.102475
80940	-998.0248	-1064.67	66.64473	0.1390959	0.8025148	2.832964
80946	-991.0279	-1057.524	66.49588	0.2577107	1.184649	2.614451
80952	-990.0609	-1056.402	66.34093	0.4300175	1.373545	2.506143
80958	-995.671	-1061.937	66.26618	0.2711451	1.373545	2.651056
80964	-990.7376	-1058.023	67.28588	0.359083	1.121629	2.083583
80970	-990.3185	-1057.681	67.3627	0.5629413	0.9461056	2.011319
80976	-992.3191	-1059.564	67.24539	0.5455342	0.8096336	2.19845
80982	-1001.864	-1068.839	66.97462	0.3882547	1.187755	2.228602
80988	-999.243	-1066.463	67.22001	0.4023623	0.9188544	2.228602
80994	-990.5423	-1057.623	67.08025	0.6589379	0.8139635	2.228602
81000	-993.5872	-1060.581	66.99395	0.5539506	0.9907724	2.228602
81006	-994.732	-1061.482	66.74968	0.2833333	1.279309	2.389269
81012	-1001.023	-1067.648	66.62525	0.2829165	1.267236	2.474182
81018	-1005.106	-1072.175	67.06942	0.6054113	1.090901	2.082673
81024	-999.2436	-1067.291	68.04766	1.249895	0.9031275	0.9975029
81030	-998.4803	-1066.225	67.74465	0.9363701	0.8687004	1.5426
81036	-1001.25	-1069.229	67.97902	0.977564	0.9265843	1.280226
81042	-999.0726	-1066.948	67.87488	1.04878	1.044766	1.20778
81048	-1012.493	-1080.043	67.54989	0.5987642	1.044766	1.792771
81054	-1007.995	-1075.29	67.2946	0.8614691	1.213516	1.679285
81060	-1013.651	-1081.437	67.78509	1.266507	1.355033	0.8057838
81066	-1012.426	-1080.428	68.00228	1.266507	0.9594931	0.9662328
81072	-1003.82	-1071.302	67.48259	1.027664	1.191421	1.432232
81078	-1004.907	-1072.683	67.77604	1.010477	1.192739	1.208665
81084	-1004.333	-1071.261	66.92753	0.5362585	1.157948	2.180431
81090	-1002.349	-1069.419	67.0704	0.438186	0.8686712	2.336405
81096	-997.4992	-1064.782	67.28234	0.6832982	0.7017351	2.171348
81102	-997.1232	-1064.514	67.39057	0.8295079	0.8892421	1.853589
81108	-996.535	-1064.197	67.66248	0.8382335	0.7524094	1.769372
81114	-995.5605	-1063.115	67.55478	0.9342421	1.138209	1.484483
81120	-1003.317	-1070.494	67.17717	0.9127642	1.01157	1.855615
81126	-991.6225	-1059.436	67.81343	0.8245118	0.9049042	1.545169
81132	-993.521	-1061.832	68.31096	1.298818	0.6273534	1.023489
81138	-998.3951	-1066.745	68.34991	1.298818	0.6563215	0.9429886
81144	-998.1569	-1065.922	67.76491	1.324768	1.04385	1.059916
81150	-1002.197	-1069.776	67.57926	1.198439	1.678264	0.8536086
81156	-998.9658	-1066.369	67.40344	1.270235	1.678264	0.9690415
81162	-1001.325	-1068.834	67.50907	1.741576	1.266912	0.4427627
81168	-1011.646	-1079.387	67.74059	1.724361	1.034402	0.4661223
81174	-1009.191	-1077.062	67.87163	1.631363	0.9663958	0.3833342
81180	-1012.751	-1079.575	66.82356	2.079472	1.339818	0.2072946
81186	-1010.765	-1078.282	67.51669	1.708849	1.210357	0.3254342
81192	-999.8543	-1067.35	67.4959	2.031285	0.88938	0.3170448
81198	-1001.72	-1069.067	67.34703	2.031285	0.8958313	0.2321622
81204	-1003.356	-1071.224	67.86845	1.079914	1.046002	1.18554
81210	-994.534	-1062.397	67.86302	0.8128217	0.7275193	1.667803
81216	-992.5689	-1060.144	67.57487	0.8924113	0.9065438	1.667803
81222	-995.1264	-1062.501	67.37479	0.8924113	1.10724	1.667803
81228	-994.9427	-1062.116	67.17354	0.7734574	1.4964	1.667803
81234	-991.4604	-1058.766	67.30557	0.7382344	1.103337	1.826857
81240	-991.1261	-1058.285	67.15923	0.8095614	1.018691	1.933126
81246	-996.9879	-1064.398	67.41045	0.8174506	0.7936099	1.922284
81252	-987.9057	-1054.94	67.03446	0.5736825	0.9156945	2.239942
81258	-993.022	-1060.123	67.10144	0.531561	1.035757	2.144555
81264	-995.467	-1062.645	67.17841	0.8386954	0.8491996	2.020387
81270	-995.3755	-1063.35	67.97399	1.219184	1.111947	0.8868507
81276	-1000.278	-1068.349	68.07137	1.347932	0.8222147	0.9655206
81282	-1001.21	-1067.166	65.95557	0.6404667	1.188832	2.709186
81288	-993.1696	-1060.589	67.41979	0.3169896	0.8117926	2.231781
81294	-988.6689	-1055.271	66.60242	0.7602319	1.182397	2.231781
81300	-998.1788	-1066.132	67.95283	1.090166	1.006317	1.136615
81306	-997.9548	-1065.814	67.8595	1.21328	1.110774	1.015145
81312	-995.3021	-1063.052	67.75022	1.27735	1.311619	0.8783823
81318	-1011.301	-1079.593	68.29216	1.119151	0.8944198	0.8861672
81324	-996.9297	-1065.108	68.17866	1.035865	0.85031	1.130926
81330	-997.6908	-1064.528	66.83681	0.6407341	1.154153	2.173715
81336	-1003.066	-1070.096	67.02999	0.2214191	1.102626	2.349103
81342	-1002.419	-1068.609	66.18967	0.1854917	1.197681	2.839185
81348	-998.4755	-1065.715	67.23909	0.2915581	0.7795939	2.387688
81354	-994.9827	-1061.662	66.67946	0.5603281	0.8668849	2.507044
81360	-1011.854	-1079.371	67.51717	0.6969083	0.8732504	1.869702
81366	-1010.392	-1077.398	67.00637	0.598958	0.8543389	2.284895
81372	-993.3841	-1060.367	66.98345	0.4254458	0.83829	2.421164
81378	-990.6488	-1057.725	67.0761	0.5980084	0.83829	2.252441
81384	-992.9398	-1059.436	66.4963	0.506124	1.154774	2.476123
81390	-993.4807	-1060.485	67.00414	0.4362324	1.005954	2.287896
81396	-994.8471	-1061.696	66.84884	0.5915346	1.005954	2.287896
81402	-992.321	-1060.437	68.11589	1.239371	0.8186217	1.03378
81408	-995.8461	-1063.756	67.90957	1.239371	1.069566	0.9774574
81414	-999.0737	-1066.78	67.70613	1.044769	1.283571	1.172734
81420	-1002.798	-1070.031	67.23354	0.8819973	0.9947837	1.849553
81426	-997.5363	-1065.15	67.61331	0.9214734	0.7331582	1.762341
81432	-1004.751	-1071.969	67.21802	0.957412	1.031789	1.782942
81438	-1002.347	-1069.519	67.17201	0.7089322	0.8053698	2.143216
81444	-1001.64	-1068.77	67.13076	0.7851948	0.7924639	2.130314
81450	-999.7672	-1066.098	66.33073	0.6210565	0.8273237	2.712883
81456	-1005.028	-1070.396	65.36862	0.5512207	1.71063	2.879716
81462	-997.4807	-1063.842	66.36167	0.2987367	0.8562348	2.870351
81468	-993.6769	-1059.945	66.26841	0.4223144	1.031221	2.740514
81474	-997.9374	-1063.66	65.72301	0.5651859	1.391467	2.795063
81480	-995.996	-1062.675	66.67917	0.5878855	1.582941	2.089296
81486	-991.3609	-1058.856	67.49546	0.7435401	1.166382	1.649557
81492	-1004.134	-1072.111	67.97717	0.9162919	0.8767696	1.374067
81498	-1000.114	-1067.942	67.82744	0.9162919	1.020537	1.374067
81504	-999.3527	-1067.297	67.94433	0.892161	0.9873501	1.326686
81510	-1006.125	-1073.855	67.73008	1.066657	0.9288712	1.405683
81516	-999.5092	-1067.052	67.54234	0.993132	1.311641	1.332964
81522	-999.0101	-1066.937	67.92728	0.9112581	0.9775993	1.332964
81528	-1001.26	-1069.099	67.83923	0.6700034	0.9442283	1.608875
81534	-998.1984	-1065.697	67.49905	0.7037057	1.024512	1.768889
81540	-1001.453	-1069.366	67.91276	0.7964987	1.024512	1.397973
81546	-1000.497	-1068.407	67.91031	1.120578	0.9800967	1.170562
81552	-1000.526	-1068.665	68.13977	1.111695	0.7800875	1.170562
81558	-992.0754	-1060.277	68.20128	1.046429	0.7832202	1.170562
81564	-990.9499	-1059.122	68.17228	1.202242	0.9173041	0.8999652
81570	-999.4132	-1067.337	67.92378	1.53014	1.017865	0.6318468
81576	-997.2842	-1065.324	68.03936	1.53014	0.9189838	0.5930061
81582	-1004.578	-1072.645	68.06684	1.539823	0.7970851	0.7795979
81588	-997.821	-1065.829	68.00772	1.412959	0.9002265	0.8679435
81594	-999.9483	-1068.321	68.37277	1.2772	0.6521627	0.9477017
81600	-1009.022	-1076.223	67.20059	0.7344363	1.170885	1.859415
81606	-1010.468	-1077.827	67.35944	0.7325511	1.002771	1.860195
81612	-997.6559	-1065.549	67.89267	0.7643651	0.720174	1.687837
81618	-1003.716	-1071.325	67.60877	0.6930714	0.9938453	1.720793
81624	-994.1355	-1060.515	66.37969	0.5377735	1.308258	2.44709
81630	-1011.214	-1078.559	67.34453	0.6479355	1.350993	1.71448
81636	-1003.363	-1070.954	67.59084	0.8788995	0.8981209	1.672538
81642	-1000.184	-1067.82	67.63601	0.7725491	0.6184243	1.953664
81648	-995.9749	-1062.833	66.85756	0.6644402	0.9837819	2.249822
81654	-999.3484	-1065.881	66.53307	0.5036329	1.159953	2.451709
81660	-994.5282	-1061.862	67.3338	0.6629525	1.159953	1.823737
81666	-1003.794	-1070.858	67.06451	0.795538	1.008313	2.012844
81672	-1005.872	-1072.443	66.57087	0.535016	1.008313	2.497867
81678	-998.26	-1065.273	67.01351	0.5250621	0.8976071	2.297045
81684	-989.5714	-1055.989	66.41802	0.3417699	1.376571	2.51162
81690	-988.4687	-1056.006	67.53699	0.5511337	0.774768	2.030952
81696	-991.7416	-1058.985	67.24362	0.6519146	1.226641	1.85317
81702	-989.275	-1056.168	66.8928	0.6069433	1.057285	2.217509
81708	-997.8886	-1065.113	67.22456	0.7514929	0.9777573	1.95583
81714	-995.8705	-1062.767	66.8969	0.7738337	1.339488	1.942328
81720	-1002.575	-1069.601	67.02554	0.695846	1.277663	1.942181
81726	-1002.261	-1069.259	66.99775	0.5889244	0.8391738	2.30779
81732	-1000.743	-1067.855	67.11274	0.8355856	1.862682	1.485889
81738	-1002.111	-1069.798	67.68684	1.029779	1.240152	1.233229
81744	-1005.652	-1073.293	67.64096	1.33806	1.036859	1.166589
81750	-1005.336	-1073.591	68.25482	1.244974	0.7766561	0.9374067
81756	-996.8075	-1065.05	68.24224	1.116076	0.8182119	1.031277
81762	-997.1127	-1064.555	67.44197	0.9435445	0.9910433	1.663408
81768	-1001.033	-1067.947	66.91391	0.4970441	0.9152868	2.36616
81774	-1006.281	-1073.771	67.48968	0.6913483	0.6652761	2.061938
81780	-1005.906	-1072.754	66.84768	0.5365742	1.59551	2.005922
81786	-1002.115	-1068.851	66.73591	0.7162665	1.854121	1.8448
81792	-995.885	-1062.859	66.97372	0.6719358	1.311172	1.974523
81798	-998.0239	-1065.795	67.77142	0.9773879	0.6763658	1.663136
81804	-1005.881	-1073.331	67.45019	0.8435711	0.9842947	1.733258
81810	-1004.789	-1072.569	67.77954	1.599722	1.127518	0.5110921
81816	-1003.489	-1070.615	67.12541	1.823614	1.663858	0.4302178
81822	-1009.469	-1077.63	68.16132	0.9205269	0.9979017	1.109162
81828	-1004.579	-1072.324	67.74505	1.210569	1.098892	1.135063
81834	-1005.507	-1073.582	68.07489	1.804237	0.6711659	0.5234105
81840	-1000.756	-1068.595	67.83989	1.488954	1.086029	0.7417578
81846	-1001.204	-1068.952	67.74802	1.663623	1.086029	0.4459508
81852	-997.185	-1065.286	68.10079	1.19437	0.6316978	1.295645
81858	-993.7094	-1061.828	68.11853	1.338067	0.8867383	0.8423621
81864	-992.9177	-1061.2	68.28244	1.338067	0.7790565	0.7901689
81870	-994.1147	-1062.458	68.34284	1.369139	0.7217963	0.7611467
81876	-996.3897	-1064.49	68.10016	1.369139	0.9742369	0.6902249
81882	-1007.771	-1075.587	67.8162	1.758833	0.9276026	0.5194601
81888	-998.3292	-1066.28	67.95068	1.691515	0.7990596	0.7229413
81894	-1001.945	-1069.719	67.77399	1.017858	1.21802	1.185241
81900	-996.491	-1064.264	67.77263	1.257248	1.207764	0.9709318
81906	-997.0649	-1065.04	67.97482	1.343631	1.02297	0.8386271
81912	-996.4879	-1064.24	67.75204	1.343631	1.152046	0.953648
81918	-1000.127	-1068.019	67.89215	1.284836	1.182843	0.8296291
81924	-992.6627	-1060.727	68.06395	1.479848	0.8184173	0.8296291
81930	-1005.66	-1074.171	68.51089	1.378747	0.6101513	0.719788
81936	-1001.339	-1069.601	68.26159	1.282199	0.8441975	0.7910046
81942	-1005.071	-1072.722	67.65138	1.358938	1.486811	0.7189392
81948	-1002.784	-1070.69	67.90565	1.325327	1.036141	0.924855
81954	-1004.028	-1071.572	67.5437	1.496808	1.507638	0.6307624
81960	-1001.154	-1068.827	67.67293	1.496808	1.344792	0.6186775
81966	-998.6313	-1066.527	67.89525	1.43956	1.152478	0.6125572
81972	-1007.507	-1075.39	67.88272	0.9107955	0.7208941	1.588956
81978	-1003.003	-1070.214	67.21073	0.6562938	0.9723518	2.032269
81984	-1001.984	-1070.058	68.07386	1.252165	0.8496908	1.027634
81990	-999.4459	-1067.381	67.93478	1.149868	1.128776	0.98677
81996	-998.1613	-1065.822	67.66117	1.143427	1.264804	1.139188
82002	-998.6333	-1066.527	67.894	1.038924	1.113822	1.142959
82008	-1001.908	-1069.017	67.10908	0.9452801	1.408627	1.638217
82014	-1001.156	-1067.243	66.08687	0.4697605	1.569806	2.548482
82020	-994.7953	-1061.891	67.09532	0.6590535	1.194159	1.967822
82026	-1001.264	-1068.596	67.33153	0.495226	1.116241	1.966156
82032	-1001.798	-1069.707	67.90884	0.6550818	0.6767646	1.792872
82038	-1003.184	-1070.742	67.55808	0.7274459	0.6767646	1.982288
82044	-999.0133	-1066.418	67.40465	0.6121051	0.8625901	2.010622
82050	-1004.914	-1072.52	67.60652	0.7773759	1.228914	1.503444
82056	-1008.651	-1076.779	68.12751	0.8606715	0.6325835	1.532441
82062	-1005.766	-1073.519	67.7528	0.9318091	0.6815757	1.703873
82068	-1009.596	-1077.491	67.89545	1.104937	0.6099075	1.547211
82074	-1003.605	-1070.665	67.05954	1.056007	0.9975775	1.847624
82080	-1000.773	-1068.671	67.89833	0.782423	0.5531386	1.834363
82086	-995.577	-1062.718	67.14119	0.5692625	0.9978518	2.118418
82092	-994.4856	-1061.337	66.85099	0.4751032	1.111355	2.296368
82098	-990.0902	-1057.428	67.33765	0.4228426	1.021483	2.070139
82104	-994.7501	-1062.716	67.96623	1.552157	0.9680799	0.5924501
82110	-997.9893	-1065.665	67.67599	0.4954197	1.04477	1.776967
82116	-993.5123	-1061.227	67.71511	0.7287489	0.7626591	1.800114
82122	-994.8546	-1062.949	68.09448	1.115619	0.7626591	1.224218
82128	-987.3616	-1055.226	67.86474	1.205343	1.090803	1.035897
82134	-995.3815	-1063.04	67.65893	1.205343	1.019971	1.277733
82140	-1006.44	-1073.963	67.52211	0.9574436	1.210782	1.44285
82146	-997.8114	-1065.772	67.96022	0.7018153	0.8280379	1.590304
82152	-995.6099	-1063.853	68.24336	1.147703	0.6213112	1.22834
82158	-993.3608	-1061.134	67.77309	1.062589	1.082473	1.251585
82164	-991.8692	-1059.506	67.63648	1.163149	0.8551584	1.465076
82170	-997.7475	-1065.418	67.67084	0.6149845	0.6937132	1.967093
82176	-993.1039	-1060.678	67.57388	0.653206	0.9025436	1.838884
82182	-992.9125	-1060.125	67.21267	0.7528854	1.09747	1.884153
82188	-992.3709	-1059.556	67.18505	0.7021027	0.9695974	2.02078
82194	-994.5475	-1061.802	67.25405	0.6951596	1.218351	1.821189
82200	-991.4639	-1058.512	67.04823	0.5151758	1.245719	2.065296
82206	-992.9835	-1060.664	67.681	0.8018	0.8832759	1.674769
82212	-996.8199	-1064.737	67.91741	1.046965	0.9048345	1.292845
82218	-998.7718	-1066.822	68.05025	0.976276	1.055819	1.107831
82224	-998.3983	-1066.436	68.0374	1.117983	1.055819	0.9842731
82230	-1005.585	-1073.651	68.06588	0.9200321	0.7736705	1.394866
82236	-997.9162	-1066.115	68.199	0.9749911	0.7011254	1.317926
82242	-1000.737	-1068.448	67.7105	0.9749911	0.906683	1.508395
82248	-992.8516	-1060.605	67.75318	0.8727903	1.078905	1.421922
82254	-1008.158	-1075.67	67.51257	1.325183	1.44461	0.971549
82260	-991.6331	-1058.597	66.96359	0.6604155	0.835989	2.286253
82266	-994.9814	-1061.346	66.36492	0.6557443	1.326404	2.372695
82272	-990.4985	-1057.417	66.91879	0.3725272	0.8361221	2.496512
82278	-989.3734	-1056.124	66.75089	0.5619024	1.042469	2.346372
82284	-992.2331	-1059.07	66.83665	0.6701513	1.042469	2.222174
82290	-988.4346	-1056.213	67.77807	1.703141	0.9524192	0.3369556
82296	-986.9085	-1054.37	67.46154	1.703141	1.30012	0.3400967
82302	-984.7449	-1052.521	67.77621	1.703141	1.019093	0.4621952
82308	-988.2507	-1056.509	68.25859	1.703141	0.6107314	0.4668718
82314	-996.5478	-1063.896	67.34862	1.699215	1.531922	0.4554555
82320	-988.3197	-1056.171	67.85132	1.571953	1.059564	0.6061365
82326	-988.8902	-1056.713	67.82294	1.599173	1.057142	0.6157254
82332	-997.5139	-1064.156	66.64183	0.6534375	1.017645	2.372892
82338	-988.9688	-1055.867	66.89812	0.651207	0.783514	2.372892
82344	-997.1404	-1064.212	67.07118	0.6198891	1.063856	2.088805
82350	-992.2229	-1059.753	67.52994	0.8215734	1.048082	1.647488
82356	-999.8852	-1067.736	67.85064	1.019885	0.8760068	1.392686
82362	-1002.456	-1070.438	67.98156	1.466753	0.9833969	0.710627
82368	-1005.891	-1073.665	67.7731	1.292397	1.367535	0.7733451
82374	-997.5017	-1063.527	66.0252	0.5234688	1.631617	2.526563
82380	-990.4118	-1056.188	65.77652	0.3488172	1.380141	2.899207
82386	-989.7303	-1055.933	66.20296	0.4399561	1.377293	2.583976
82392	-997.2905	-1063.71	66.41994	0.5066439	0.7723733	2.767973
82398	-994.8168	-1061.11	66.29287	0.5906864	0.727855	2.827713
82404	-997.492	-1063.361	65.86898	0.4478916	1.642537	2.665482
82410	-991.4229	-1058.291	66.86802	0.4078725	0.9428669	2.433066
82416	-998.3869	-1065.987	67.60006	0.913361	0.7381932	1.772828
82422	-999.1828	-1066.602	67.41932	0.913361	1.414878	1.427972
82428	-997.8971	-1064.847	66.94954	0.8604989	1.463323	1.781538
82434	-994.2975	-1061.796	67.49844	0.8604989	1.097273	1.608446
82440	-993.7293	-1061.466	67.73697	0.9112681	0.9580103	1.495767
82446	-989.4111	-1057.394	67.98253	1.016036	0.6397658	1.517266
82452	-996.0101	-1064.196	68.18599	0.9855482	0.6397658	1.385275
82458	-995.2515	-1062.935	67.68331	1.009391	0.6792331	1.700346
82464	-997.1941	-1064.706	67.51205	1.039904	0.8309423	1.667323
82470	-995.7758	-1062.744	66.96821	0.4977382	0.8309423	2.390454
82476	-996.9022	-1063.311	66.40889	0.5403947	0.8309423	2.711863
82482	-998.7834	-1067.251	68.468	1.02431	0.5637489	1.214139
82488	-997.0388	-1065.14	68.10156	1.033306	0.6289594	1.425457
82494	-1004.725	-1073.07	68.3451	1.2153	0.5652657	1.153195
82500	-1001.407	-1069.505	68.09836	1.018034	0.9068596	1.162697
82506	-1000.077	-1067.929	67.85159	1.072427	1.263608	1.029216
82512	-1003.745	-1070.911	67.16609	0.6287056	0.7725393	2.22447
82518	-999.2474	-1065.501	66.25398	0.661646	0.8587903	2.713141
82524	-992.3508	-1059.661	67.30971	0.7502146	0.9387736	1.926453
82530	-992.5142	-1059.544	67.03009	0.8644468	0.9387736	2.037064
82536	-999.0651	-1065.886	66.82058	0.8614405	1.1585	2.037064
82542	-993.1688	-1060.226	67.0571	0.8252915	1.442141	1.742158
82548	-994.6486	-1062.33	67.68155	0.9412223	1.348326	1.237298
82554	-999.5104	-1067.269	67.75866	1.021265	1.22283	1.191956
82560	-996.269	-1064.135	67.86578	0.9415931	0.8555965	1.458818
82566	-1005.351	-1073.421	68.06984	0.8241383	0.5777345	1.6588
82572	-997.3068	-1065.254	67.94725	1.076514	0.9018956	1.246474
82578	-1003.592	-1071.498	67.90602	0.9716716	0.6606213	1.585332
82584	-993.5012	-1061.607	68.10542	1.058121	0.7588897	1.266973
82590	-990.3238	-1058.379	68.05516	0.9781588	0.7525229	1.378005
82596	-1002.622	-1069.559	66.93721	0.8829262	1.136367	1.958252
82602	-1010.76	-1077.91	67.14971	1.985071	1.337414	0.340456
82608	-1005.881	-1073.323	67.44168	1.838364	1.171846	0.3466862
82614	-1008.651	-1076.674	68.02267	1.767894	0.7052877	0.3650596
82620	-998.0771	-1065.534	67.45656	1.035373	0.7402428	1.785992
82626	-997.099	-1064.466	67.36704	0.7609375	1.177551	1.721438
82632	-1003.442	-1070.698	67.25651	0.8611901	1.752017	1.410217
82638	-1008.431	-1075.902	67.47068	0.8092463	1.111839	1.655663
82644	-990.7023	-1057.749	67.04642	0.9010555	1.028453	1.941028
82650	-988.0869	-1055.712	67.6252	0.8454412	1.028453	1.574952
82656	-993.4833	-1061.25	67.76704	1.069107	1.033315	1.290048
82662	-985.3788	-1053.228	67.84902	1.02868	1.089569	1.210591
82668	-993.4227	-1061.504	68.08118	0.9582866	0.9832464	1.160247
82674	-986.8818	-1054.525	67.64312	1.066064	1.034339	1.390534
82680	-984.5489	-1052.445	67.8962	1.057651	0.9045722	1.30164
82686	-993.7719	-1061.571	67.79923	1.022783	1.076564	1.267537
82692	-994.6493	-1062.703	68.05387	1.607569	0.8477718	0.4720502
82698	-1001.099	-1068.86	67.76105	1.958963	0.7894551	0.4302694
82704	-1000.952	-1068.148	67.19582	0.8879776	0.9547649	1.899015
82710	-1003.115	-1070.682	67.56682	0.5174343	0.9010631	1.937121
82716	-1000.869	-1067.997	67.12738	0.6803203	1.152681	1.95671
82722	-996.2718	-1063.615	67.34368	0.7510979	1.068972	1.813982
82728	-1000.717	-1067.795	67.07789	0.8504853	1.326745	1.773031
82734	-996.223	-1063.73	67.5073	0.7663683	0.9388303	1.780025
82740	-992.3388	-1059.74	67.40083	0.618159	1.206637	1.779895
82746	-998.8828	-1066.925	68.04169	1.133556	0.8467539	1.169227
82752	-991.0768	-1059.174	68.09725	1.157174	0.7279635	1.223215
82758	-995.5774	-1063.49	67.91225	1.365399	1.037663	0.8704922
82764	-1005.064	-1073.179	68.1149	1.350978	0.8773514	0.8436303
82770	-993.7554	-1061.984	68.2283	1.350978	0.7903789	0.8264486
82776	-993.16	-1061.253	68.09329	1.311687	0.933667	0.8439177
82782	-1000.812	-1069.052	68.24009	1.382115	0.5516278	1.116604
82788	-993.282	-1061.665	68.38278	1.667245	0.4806869	0.7820041
82794	-990.057	-1057.823	67.76601	1.667245	1.062325	0.4425529
82800	-989.06	-1056.947	67.8866	1.667245	0.9484985	0.4991695
82806	-992.9872	-1060.842	67.85442	1.667245	0.9773374	0.4653619
82812	-997.781	-1065.724	67.9434	1.699476	0.8636189	0.4662871
82818	-1011.956	-1079.258	67.3021	1.709784	1.544374	0.6355236
82824	-1002.565	-1070.196	67.63116	1.691022	1.18892	0.5350803
82830	-1005.453	-1073.461	68.00821	1.5938	0.8994832	0.5451217
82836	-1000.613	-1068.297	67.68398	1.5938	1.239342	0.5411036
82842	-1003.856	-1072.284	68.42844	1.602198	0.5630938	0.5446418
82848	-1005.323	-1073.671	68.34829	1.363869	0.7658488	0.6694311
82854	-997.3249	-1065.211	67.88623	1.363869	1.053202	0.8850373
82860	-1001.035	-1069.03	67.99478	1.370071	1.111786	0.6305045
82866	-1003.03	-1071.092	68.06208	1.35295	0.9544538	0.8035108
82872	-1000.459	-1068.334	67.87588	1.181547	0.9544538	1.170342
82878	-1001.17	-1069.326	68.1559	1.181547	0.774177	1.100093
82884	-1007.201	-1075.181	67.97994	0.9249778	0.9049692	1.340659
82890	-996.5662	-1063.811	67.24499	1.283426	1.606743	1.15309
82896	-998.7301	-1065.651	66.92089	1.209422	1.699512	1.427183
82902	-999.1905	-1066.951	67.76095	0.985656	0.6548435	1.685417
82908	-1004.226	-1071.543	67.31635	0.7815203	1.271945	1.685417
82914	-1004.341	-1071.601	67.26027	0.7627393	1.172069	1.798146
82920	-1003.64	-1071.226	67.58589	0.7187592	1.066674	1.668269
82926	-997.8169	-1065.316	67.49953	0.8001662	1.162423	1.608313
82932	-996.6954	-1064.48	67.7842	1.103722	0.6303306	1.608313
82938	-996.7588	-1064.911	68.1518	1.168547	0.6303306	1.276611
82944	-993.4496	-1061.234	67.78433	1.03992	1.114931	1.235852
82950	-1000.551	-1067.36	66.8094	0.8865177	1.156498	2.029035
82956	-999.8553	-1067.038	67.18242	0.8937513	1.016066	1.861988
82962	-1005.817	-1074.046	68.22941	1.280583	0.7673655	0.9385323
82968	-1000.597	-1068.685	68.0876	1.264018	0.8874538	0.9596364
82974	-1001.574	-1069.451	67.87734	1.501889	1.035228	0.739025
82980	-1005.206	-1073.668	68.46206	1.410418	0.578265	0.8119455
82986	-1007.31	-1075.664	68.35398	1.025591	0.6362866	1.22026
82992	-998.9954	-1066.696	67.7005	1.088068	1.218586	1.187657
82998	-1012.192	-1080.461	68.26877	1.008313	0.7430668	1.187657
83004	-1009.179	-1076.771	67.59234	0.5483617	0.9414424	1.869721
83010	-1012.326	-1079.807	67.48064	1.19628	1.564279	1.044152
83016	-1007.137	-1075.021	67.88352	1.33383	1.056254	0.9185025
83022	-1001.076	-1067.789	66.71355	0.7495394	1.536952	1.981061
83028	-1003.498	-1070.578	67.07993	0.6864928	1.158189	1.981061
83034	-1008.405	-1076.114	67.70928	0.7741957	0.5935526	1.927387
83040	-997.5335	-1064.731	67.19753	0.8283307	1.005952	1.903069
83046	-998.6796	-1065.859	67.17941	0.6992124	1.230791	1.862309
83052	-1004	-1071.262	67.26289	0.7127302	0.8022413	2.083618
83058	-1004.028	-1070.202	66.17368	0.3276417	1.142197	2.792452
83064	-995.9186	-1063	67.0815	0.331436	0.9736908	2.326162
83070	-997.672	-1064.229	66.55675	0.5048568	1.264144	2.379178
83076	-1007.852	-1074.989	67.13726	0.237568	0.8155043	2.459092
83082	-1005.902	-1073.706	67.80388	1.61531	1.076096	0.4389354
83088	-1001.11	-1068.942	67.83254	1.798269	0.8584068	0.4059529
83094	-1009.396	-1076.531	67.13499	0.294403	1.240489	2.156015
83100	-1003.708	-1071.045	67.33741	0.3448897	1.101132	2.071465
83106	-1002.429	-1068.816	66.38665	0.5292294	1.106038	2.55785
83112	-1000.975	-1068.747	67.77269	0.9126437	0.6923444	1.693291
83118	-1002.027	-1070.03	68.00266	1.159679	0.6186009	1.415556
83124	-1002.029	-1069.969	67.9402	1.263634	1.005343	0.9851977
83130	-1003.641	-1071.211	67.56991	1.105669	1.110898	1.359859
83136	-1000.753	-1068.484	67.73107	1.019331	0.8928663	1.470796
83142	-1013.424	-1080.663	67.23881	1.770217	1.520426	0.3563901
83148	-1003.472	-1071.13	67.6586	1.855304	0.9375697	0.3563901
83154	-1002.535	-1070.49	67.9544	1.609739	0.9375697	0.4766584
83160	-1007.533	-1075.251	67.71849	1.609739	1.140149	0.6545919
83166	-1009.418	-1077.945	68.52682	1.555621	0.5154369	0.6246675
83172	-1001.446	-1069.448	68.00137	1.501765	0.8903333	0.7762835
83178	-1001.812	-1070.085	68.27256	1.499364	0.7321031	0.6304695
83184	-1008.383	-1075.487	67.10323	0.7235014	0.87074	2.129921
83190	-1005.19	-1073.448	68.25868	1.452012	0.7636734	0.6774258
83196	-1002.343	-1070.073	67.72982	1.43551	1.315142	0.6802849
83202	-1005.708	-1073.675	67.96661	1.447695	1.087465	0.5346144
83208	-999.8146	-1068.145	68.33074	1.47066	0.6870636	0.6894996
83214	-998.3682	-1066.681	68.31276	1.604517	0.58871	0.7255513
83220	-997.2142	-1065.103	67.88874	1.604517	0.9525081	0.6872864
83226	-999.7501	-1067.653	67.90326	1.296525	1.219654	0.7552212
83232	-1008.768	-1075.392	66.62341	0.6279632	1.523623	2.12736
83238	-995.4976	-1062.502	67.00443	0.8788581	1.105667	1.934715
83244	-1006.875	-1074.472	67.59721	1.538847	1.308707	0.7387976
83250	-997.1545	-1064.591	67.43692	0.8527183	1.098716	1.657421
83256	-1000.631	-1068.074	67.44316	0.8300089	1.384169	1.491326
83262	-1001.994	-1069.435	67.44049	1.776983	1.306062	0.5655993
83268	-996.9257	-1065.093	68.16687	1.561905	0.7845179	0.5653791
83274	-1001.207	-1068.902	67.69496	1.561905	1.210051	0.6737454
83280	-1003.034	-1070.856	67.82202	1.561905	0.9458348	0.8540198
83286	-1010.736	-1078.609	67.87278	1.561905	1.019566	0.6697656
83292	-1002.372	-1069.668	67.29682	0.5007247	1.089744	2.002139
83298	-1006.417	-1072.908	66.49087	0.5860173	1.440644	2.280008
83304	-1002.638	-1069.921	67.28259	0.5778036	1.136012	1.931376
83310	-1005.658	-1072.703	67.04431	0.7830984	1.172768	1.931376
83316	-1002.235	-1069.026	66.79099	0.8402877	1.518535	1.876531
83322	-995.0349	-1062.737	67.70257	0.7867356	0.9959041	1.584888
83328	-996.9293	-1063.941	67.01149	0.8496268	0.8510074	2.121863
83334	-995.9368	-1063.453	67.51644	0.9863058	1.418778	1.291039
83340	-998.3947	-1066.607	68.21188	1.12599	0.7396572	1.138065
83346	-991.9045	-1059.774	67.86971	1.004332	1.139047	1.174465
83352	-997.7726	-1065.982	68.20948	1.076106	0.6777065	1.25179
83358	-994.5759	-1062.215	67.63921	1.068517	1.224589	1.25179
83364	-995.9942	-1064.171	68.17641	1.244033	0.8604381	0.9179524
83370	-997.6424	-1066.031	68.38824	1.244033	0.6752287	0.9332971
83376	-995.0089	-1063.023	68.0138	1.164855	0.9138903	1.100147
83382	-1001.536	-1069.544	68.00748	1.064665	1.068071	1.054492
83388	-1003.024	-1070.91	67.88581	1.124966	1.242073	0.9602236
83394	-1002.638	-1070.537	67.89966	0.9582805	1.059911	1.250884
83400	-1001.45	-1069.541	68.09011	1.256703	1.011723	0.8168378
83406	-998.869	-1066.94	68.07083	1.153365	0.8886772	1.083268
83412	-1004.363	-1072.086	67.72309	1.024991	0.8716654	1.490121
83418	-995.7074	-1063.422	67.71485	1.037476	1.290588	1.166428
83424	-992.0577	-1059.555	67.49756	0.9383426	1.0671	1.573059
83430	-1000.905	-1068.947	68.04195	0.9508362	0.9839473	1.200137
83436	-999.1333	-1067.038	67.90452	0.998051	0.8459896	1.393866
83442	-1003.054	-1070.502	67.44852	0.7485778	1.373208	1.554355
83448	-999.5808	-1067.146	67.56479	0.9722478	1.373208	1.291919
83454	-1003.378	-1071.115	67.73779	1.088344	1.209797	1.161558
83460	-993.3525	-1060.731	67.37833	0.838402	1.133073	1.68686
83466	-993.387	-1060.821	67.43437	0.9805182	1.094758	1.569336
83472	-994.2608	-1061.52	67.25959	1.03022	1.489062	1.417959
83478	-986.4628	-1054.228	67.76484	1.03022	0.9155188	1.417959
83484	-990.3588	-1057.904	67.54517	1.03022	1.139122	1.417959
83490	-993.0524	-1060.514	67.46177	1.029227	1.397898	1.313643
83496	-983.7696	-1051.688	67.91855	0.8931898	0.8797958	1.434931
83502	-984.5993	-1052.262	67.66221	0.9665066	0.9035846	1.553034
83508	-984.3253	-1051.72	67.39516	0.8649433	0.8971415	1.820186
83514	-994.7959	-1060.701	65.90509	0.2923698	1.244358	2.922412
83520	-997.2327	-1064.404	67.1708	0.5090965	0.7047641	2.352275
83526	-996.3255	-1062.895	66.56953	0.5100653	1.19917	2.402901
83532	-990.3303	-1057.066	66.73532	0.4156912	0.784329	2.621351
83538	-990.2276	-1057.525	67.29792	0.6526263	0.7827536	2.115275
83544	-1005.215	-1071.52	66.30431	0.3241344	1.674697	2.458319
83550	-996.3444	-1063.374	67.02915	0.6581967	1.239545	1.986493
83556	-991.8417	-1059.247	67.40574	0.5947021	0.9567092	1.953941
83562	-985.4334	-1052.616	67.18307	0.8101984	1.149989	1.832284
83568	-995.068	-1061.765	66.69711	0.4145588	1.789782	2.100194
83574	-995.7652	-1061.904	66.13926	0.6466007	1.356063	2.505449
83580	-996.2835	-1062.925	66.64176	0.5595353	0.989207	2.450063
83586	-994.9895	-1061.335	66.34571	0.3711918	1.507044	2.476651
83592	-1011.793	-1078.642	66.84952	0.3983946	1.245397	2.270555
83598	-1011.605	-1078.392	66.78694	0.2700549	0.8982797	2.599272
83604	-1008.677	-1075.51	66.83219	0.04601346	1.132499	2.566157
83610	-1005.484	-1072.819	67.33479	0.04619447	1.282771	2.164437
83616	-1004.565	-1071.128	66.56394	0.06328679	1.634515	2.47623
83622	-999.6746	-1066.712	67.03792	0.07850997	1.277465	2.337339
83628	-1005.819	-1073.262	67.44301	0.05052982	0.9514098	2.28935
83634	-999.9643	-1067.085	67.12096	0.1314155	0.9425961	2.448028
83640	-999.2007	-1066.041	66.84068	0.3666138	1.296339	2.269355
83646	-998.2801	-1065.4	67.11952	0.6913766	1.296339	1.871057
83652	-990.8237	-1057.834	67.01029	0.8335683	1.11831	1.953401
83658	-990.6432	-1057.775	67.13195	0.705159	1.361872	1.816839
83664	-991.5333	-1057.977	66.44366	0.4950815	1.361872	2.406574
83670	-993.6675	-1060.037	66.36952	0.2538203	0.9914873	2.805656
83676	-995.2729	-1062.531	67.25845	0.2707251	1.265355	2.076962
83682	-993.6897	-1060.506	66.81635	0.7501625	1.109441	2.142321
83688	-993.258	-1060.353	67.09468	1.14459	1.438645	1.485288
83694	-1002.306	-1069.306	67.00016	0.4232495	0.9849603	2.312192
83700	-996.3562	-1063.909	67.55326	1.030727	1.444761	1.206788
83706	-994.9317	-1062.794	67.86205	1.240763	0.7974348	1.278742
83712	-992.4595	-1059.541	67.08167	0.9544429	0.9764152	1.916265
83718	-994.5748	-1061.971	67.39611	0.6114688	1.168794	1.810835
83724	-998.6272	-1066.119	67.49184	0.6995737	0.9014426	1.864135
83730	-996.4642	-1063.103	66.63883	0.6153392	1.261519	2.257821
83736	-996.6431	-1064.385	67.74166	0.7433259	0.8811382	1.674881
83742	-992.7939	-1059.969	67.17541	0.7059915	1.20345	1.876496
83748	-992.5702	-1060.114	67.54346	0.8066299	0.93478	1.729562
83754	-989.1139	-1056.128	67.01429	0.3610981	0.9919388	2.338298
83760	-993.7899	-1060.699	66.90887	0.8589034	0.9919388	2.084707
83766	-993.8889	-1061.483	67.59432	0.8144056	0.8672702	1.739647
83772	-1004.63	-1071.4	66.77049	0.4171548	0.9957541	2.454503
83778	-998.3223	-1065.404	67.08184	0.5041627	1.003261	2.195902
83784	-998.2814	-1065.651	67.37001	0.5848198	1.110099	1.883474
83790	-997.7243	-1064.99	67.26546	0.6501552	0.9459816	2.018073
83796	-998.9883	-1065.794	66.80611	0.9178466	0.9459816	2.144215
83802	-1002.31	-1069.973	67.66319	0.9815314	0.9187982	1.529116
83808	-1002.428	-1069.887	67.45897	0.7560468	0.9575301	1.807199
83814	-999.8783	-1067.466	67.58807	0.8976771	0.7500099	1.781853
83820	-1004.367	-1072.598	68.23136	1.024968	0.5631584	1.405899
83826	-1005.059	-1072.794	67.73494	1.075451	1.347839	1.07197
83832	-1006.741	-1073.665	66.92432	0.3947237	1.243567	2.225813
83838	-1009.002	-1075.409	66.40712	0.6327742	1.324805	2.361324
83844	-1005.631	-1072.98	67.34857	0.7631703	1.222438	1.70529
83850	-998.9114	-1066.433	67.52178	0.8495961	1.222438	1.516953
83856	-1000.845	-1068.646	67.80156	0.9194633	0.9488127	1.447866
83862	-995.8426	-1063.607	67.76394	0.939013	0.8066899	1.578529
83868	-998.015	-1065.125	67.10997	0.9343761	1.036716	1.86989
83874	-1004.67	-1070.68	66.01001	0.4648433	0.9925209	2.895061
83880	-999.2113	-1066.388	67.17698	0.6572866	1.042055	2.007956
83886	-998.8352	-1065.766	66.93065	0.5589366	1.446376	2.007956
83892	-993.588	-1060.56	66.97199	0.751432	1.357092	1.897223
83898	-1005.7	-1072.939	67.23968	0.8266439	1.097474	1.815098
83904	-1002.928	-1070.554	67.62609	0.8883774	0.9470667	1.602924
83910	-992.6571	-1060.097	67.43949	0.7272055	1.16149	1.704175
83916	-996.0097	-1063.475	67.46538	0.6515947	1.185267	1.7244
83922	-999.8293	-1067.209	67.37966	0.8085044	1.086046	1.737753
83928	-999.4609	-1066.606	67.14523	0.9198889	1.086046	1.8233
83934	-996.8739	-1064.282	67.40836	0.8133633	0.7370348	1.972854
83940	-1006.619	-1074.219	67.60028	0.7320749	1.075067	1.64271
83946	-995.4277	-1062.549	67.12117	0.5704941	1.334467	1.930935
83952	-990.3621	-1057.301	66.93848	0.4892388	0.897219	2.367861
83958	-998.4388	-1065.367	66.92776	0.189673	1.112473	2.428061
83964	-1002.706	-1070.67	67.96424	0.8515699	0.6718813	1.619268
83970	-994.2938	-1061.605	67.31162	0.9128848	1.21476	1.62947
83976	-996.0257	-1063.905	67.8795	0.9128848	0.7547102	1.55874
83982	-1000.649	-1068.183	67.53421	0.9128848	0.6662318	1.882824
83988	-994.4891	-1061.561	67.07238	1.014034	1.258761	1.701371
83994	-999.7896	-1066.841	67.05191	0.5681733	1.007673	2.170952
84000	-996.0976	-1064.004	67.90594	1.22513	0.7439513	1.308604
84006	-999.5071	-1067.022	67.51497	0.8844553	0.985099	1.657745
84012	-997.8255	-1064.99	67.16419	0.5725805	0.8151761	2.229246
84018	-1002.987	-1070.178	67.19036	0.5825413	0.9141601	2.134204
84024	-994.6689	-1061.931	67.26169	0.5329148	0.8940246	2.134204
84030	-1004.145	-1072.262	68.11748	1.3597	0.7290429	1.02062
84036	-1000.414	-1068.717	68.30311	1.274253	0.8221993	0.7794743
84042	-1005.136	-1072.878	67.74188	0.6521048	0.9019666	1.723281
84048	-994.8815	-1061.93	67.04882	0.5746392	1.200673	2.051181
84054	-994.3091	-1062.376	68.06686	1.106721	0.6293	1.395091
84060	-999.6299	-1067.633	68.0031	1.15189	0.7149187	1.318894
84066	-1002.929	-1070.939	68.00981	1.067213	0.7776733	1.318894
84072	-998.2212	-1065.876	67.65529	0.673088	0.9839894	1.709079
84078	-1003.929	-1071.557	67.62853	0.8271877	1.340826	1.377485
84084	-1003.477	-1071.455	67.97787	0.9312315	0.70457	1.519194
84090	-1002.12	-1069.447	67.32702	1.095608	1.513347	1.298721
84096	-994.9499	-1062.77	67.81985	0.9544242	0.9747979	1.386047
84102	-996.2904	-1063.964	67.67326	0.9544242	1.102966	1.403155
84108	-996.0601	-1063.766	67.70574	0.8411135	1.117121	1.455254
84114	-1001.523	-1069.554	68.03114	0.8411135	0.9163837	1.356887
84120	-1003.066	-1070.551	67.48481	0.742456	1.174844	1.652578
84126	-999.4933	-1067.228	67.7349	0.742456	0.834906	1.717042
84132	-1001.975	-1069.262	67.28705	0.7272845	1.005583	1.911128
84138	-1001.159	-1068.101	66.9419	0.8362449	0.8888978	2.148587
84144	-1004.005	-1070.624	66.61943	0.6985768	1.3916	2.148587
84150	-997.8878	-1064.154	66.26596	0.4595927	1.369814	2.536282
84156	-991.6462	-1058.503	66.85676	0.5089545	1.216847	2.210435
84162	-985.8711	-1052.892	67.02083	0.5051402	1.251135	2.086935
84168	-986.9595	-1054.699	67.7399	0.7699789	0.9175615	1.628763
84174	-991.7173	-1058.692	66.97438	0.7089415	1.104788	2.068552
84180	-997.9823	-1065.238	67.25589	0.428778	1.043344	2.105958
84186	-990.2607	-1057.105	66.84427	0.6530425	0.8978584	2.323199
84192	-997.48	-1064.303	66.82301	0.8038315	0.7840986	2.323199
84198	-998.0427	-1065.059	67.01588	0.548665	1.130406	2.131038
84204	-1000.459	-1067.772	67.31359	0.5479243	1.063291	1.976128
84210	-998.7149	-1065.791	67.07636	0.5755821	0.9416888	2.193927
84216	-999.9906	-1067.712	67.72095	0.4427458	0.9561491	1.843521
84222	-996.492	-1064.533	68.04145	0.8720312	0.7561985	1.466927
84228	-1000.078	-1067.49	67.41205	0.9791937	0.9463577	1.691923
84234	-990.928	-1058.353	67.42538	0.6425774	0.6539805	2.146165
84240	-1002.963	-1069.796	66.83241	0.6362536	1.269657	2.114338
84246	-1004.349	-1071.043	66.6938	0.5132711	1.632393	2.10608
84252	-994.2103	-1061.468	67.25745	0.7727011	1.15564	1.803345
84258	-996.7168	-1064.131	67.41395	0.8748029	0.8820634	1.811772
84264	-1001.38	-1069.22	67.84002	0.9940449	0.8820634	1.415819
84270	-1005.638	-1072.448	66.81004	0.5370701	1.124376	2.27525
84276	-995.9397	-1063.566	67.62623	0.782783	0.6481934	1.925306
84282	-990.7833	-1058.664	67.88024	0.791474	0.8426398	1.571017
84288	-990.7258	-1058.405	67.67883	0.5103318	0.9108608	1.858743
84294	-995.8667	-1063.603	67.73659	0.868567	1.249397	1.318462
84300	-989.8869	-1057.968	68.08131	1.07295	0.8420044	1.192101
84306	-991.856	-1059.277	67.42131	0.8143088	1.313982	1.560849
84312	-989.0643	-1056.856	67.79123	0.9214675	0.7451584	1.625453
84318	-992.666	-1060.202	67.53627	0.532747	0.5545347	2.238773
84324	-983.4993	-1051.382	67.88275	0.7875256	0.7626649	1.640471
84330	-983.4383	-1051.471	68.03288	0.9951295	0.7440177	1.390413
84336	-991.2385	-1059.026	67.78755	1.051297	0.9802461	1.330568
84342	-994.6296	-1061.967	67.33701	0.6736474	1.182906	1.800065
84348	-991.6513	-1059.345	67.69368	0.857597	0.740051	1.744759
84354	-991.2161	-1058.389	67.17307	0.7299778	1.304931	1.802907
84360	-994.3395	-1061.638	67.29844	0.7371847	0.7852157	2.057382
84366	-991.8869	-1059.19	67.30346	0.8721914	1.100019	1.737365
84372	-988.3035	-1055.173	66.86997	0.7798492	1.001282	2.155757
84378	-987.5504	-1054.578	67.02788	0.7798492	0.893186	2.12623
84384	-990.6327	-1058.147	67.51426	0.6579702	1.08248	1.751273
84390	-1001.792	-1069.412	67.61964	0.8109736	1.08248	1.566251
84396	-996.5671	-1064.067	67.49941	1.002124	1.175815	1.449438
84402	-991.4662	-1059.267	67.80038	1.084484	0.9584901	1.31146
84408	-994.6678	-1062.002	67.33407	0.8726533	0.9584901	1.812244
84414	-1006.577	-1074.409	67.83161	0.8033367	1.306549	1.255276
84420	-996.6313	-1063.972	67.34115	1.073202	1.385766	1.382072
84426	-996.5329	-1064.053	67.52032	0.8713556	1.399573	1.391406
84432	-1000.915	-1067.896	66.98139	0.9469858	1.161382	1.869742
84438	-997.7486	-1065.01	67.26156	0.6750856	0.9009269	2.035856
84444	-991.5113	-1059.511	67.99951	1.500648	0.9753759	0.6228905
84450	-994.0843	-1062.2	68.11593	1.500648	0.8786856	0.5814542
84456	-988.508	-1056.683	68.175	1.437043	0.8362892	0.700933
84462	-988.7664	-1056.911	68.1446	1.423338	0.8313702	0.7778895
84468	-997.173	-1065.44	68.26724	1.475527	0.6295284	0.8798621
84474	-990.6081	-1058.894	68.28545	1.475527	0.64961	0.8240402
84480	-998.7511	-1067.086	68.33482	1.312447	0.7240895	0.8432755
84486	-1001.195	-1069.319	68.12338	1.346071	0.6131717	1.171075
84492	-996.5553	-1063.981	67.4259	0.5974443	1.088565	1.850375
84498	-997.1453	-1064.277	67.13168	0.5486522	1.420271	1.893049
84504	-997.5827	-1065.197	67.61404	0.7892184	1.207552	1.502728
84510	-991.1219	-1058.048	66.92609	0.4224437	0.9438491	2.386589
84516	-993.3092	-1060.679	67.36959	0.65266	0.956294	1.939564
84522	-991.2326	-1058.747	67.51388	0.7475425	0.7449332	1.939564
84528	-994.659	-1061.762	67.10272	0.6351492	1.248055	1.947787
84534	-996.173	-1064.182	68.00896	1.347891	0.8749493	0.9684724
84540	-1000.53	-1068.221	67.69022	1.270373	1.033171	1.185737
84546	-994.0305	-1061.864	67.8335	0.9618227	0.7049973	1.602503
84552	-1016.394	-1084.13	67.73575	1.339293	1.053877	1.064608
84558	-1013.828	-1081.546	67.71828	1.258454	1.191395	1.038067
84564	-998.6005	-1065.493	66.89211	0.6950671	1.009395	2.191188
84570	-990.7556	-1058.575	67.81936	1.136869	1.112906	1.122853
84576	-990.6208	-1058.756	68.13523	1.174518	0.7883829	1.109809
84582	-1000.614	-1068.725	68.11104	1.120821	0.7784893	1.189245
84588	-1012.114	-1079.383	67.26908	1.115352	1.364525	1.418309
84594	-1000.338	-1067.376	67.03857	0.7301373	1.080665	2.026991
84600	-1000.93	-1068.396	67.466	0.9046982	0.8080427	1.813151
84606	-994.2445	-1062.014	67.76908	0.943675	1.084813	1.349674
84612	-1003.254	-1070.687	67.43268	0.5814563	0.8030118	2.05763
84618	-1005.046	-1071.701	66.65492	0.4793902	0.6052651	2.775848
84624	-997.2898	-1064.645	67.35503	0.6976293	0.7649601	2.062293
84630	-1006.559	-1073.755	67.19559	1.030116	0.9229566	1.824802
84636	-1008.21	-1075.852	67.64178	0.9241836	0.8305982	1.657585
84642	-1006.568	-1074.058	67.49046	0.8612644	1.040996	1.652257
84648	-998.7004	-1066.438	67.73788	0.8398036	1.040996	1.486372
84654	-1001.301	-1067.856	66.55515	0.6318282	1.1412	2.367541
84660	-1001.171	-1068.335	67.16363	0.5558858	1.1412	2.022519
84666	-998.1204	-1065.283	67.16302	0.3780424	0.8526808	2.327115
84672	-994.2543	-1061.207	66.95269	0.4298978	0.8640339	2.419447
84678	-997.8807	-1065.658	67.77764	0.6282489	0.9098079	1.708925
84684	-998.7827	-1066.318	67.5356	0.6241713	0.7258286	2.02359
84690	-993.7112	-1060.831	67.11989	0.4329987	1.025552	2.203058
84696	-993.348	-1060.933	67.58499	0.7168964	0.9018498	1.787763
84702	-997.7296	-1065.338	67.60847	0.7705875	0.9527683	1.695839
84708	-1000.969	-1068.243	67.27437	0.6006304	1.127534	1.926733
84714	-998.4822	-1066.362	67.87981	1.144761	0.8461898	1.296572
84720	-1001.619	-1069.022	67.40313	0.8158904	1.187232	1.650657
84726	-1002.786	-1070.437	67.65055	0.7605602	0.9849393	1.649482
84732	-999.2288	-1066.777	67.5485	0.5441826	0.8768798	1.949223
84738	-990.644	-1057.53	66.88585	0.5361207	0.6996165	2.518772
84744	-1001.71	-1068.749	67.0392	0.8235524	0.708821	2.231976
84750	-996.158	-1063.228	67.06969	0.7734425	1.475344	1.752211
84756	-997.8115	-1064.997	67.18562	0.9354517	1.099587	1.775793
84762	-994.6563	-1061.976	67.31926	0.7315417	1.20352	1.759608
84768	-989.3801	-1057.023	67.64326	0.9089846	0.6086768	1.865779
84774	-993.6719	-1061.808	68.13611	1.149971	0.6086768	1.329377
84780	-1001.409	-1069.61	68.20136	1.367901	0.5027179	1.230695
84786	-1004.771	-1073.109	68.33828	1.124849	0.7567365	1.000366
84792	-1000.106	-1068.355	68.24856	1.261709	0.7832169	0.9174743
84798	-999.9117	-1067.76	67.84874	1.261709	0.6554111	1.416029
84804	-1000.335	-1067.561	67.2254	0.8783747	1.73536	1.429364
84810	-1001.48	-1069.069	67.58948	0.9419155	1.171354	1.429587
84816	-1008.794	-1076.147	67.35322	0.9362164	1.119625	1.643693
84822	-1006.325	-1073.628	67.30318	0.7980105	1.204198	1.723855
84828	-1008.765	-1076.662	67.89766	0.8439082	0.8716561	1.495026
84834	-1004.684	-1072.159	67.47494	0.7376867	0.9949288	1.78246
84840	-1007.234	-1074.725	67.49058	0.8191384	1.074842	1.659104
84846	-1003.716	-1071.361	67.6454	0.9726852	1.225125	1.324678
84852	-998.9924	-1066.476	67.48366	0.9726852	1.119876	1.521503
84858	-1002.074	-1069.299	67.22546	0.9560588	1.39154	1.555271
84864	-1003.64	-1071.419	67.77919	0.9739994	0.6583966	1.677282
84870	-1005.678	-1073.25	67.57241	0.9230302	1.062545	1.532354
84876	-1007.833	-1075.327	67.49442	1.120899	1.368664	1.230016
84882	-1008.465	-1076.352	67.88697	1.120899	1.267647	0.9405659
84888	-1008.288	-1076.214	67.92656	1.120899	1.120302	1.03132
84894	-1005.517	-1072.888	67.37159	0.9992447	1.42623	1.391676
84900	-997.1594	-1064.854	67.6945	0.819711	0.9422082	1.606791
84906	-1003.875	-1071.489	67.61351	0.8971095	1.244719	1.396434
84912	-1000.795	-1068.604	67.80973	0.8989885	1.051614	1.377796
84918	-992.5754	-1060.299	67.72321	0.7947749	0.8471254	1.678398
84924	-1008.126	-1075.89	67.76408	1.18392	1.142677	1.105653
84930	-1002.323	-1069.972	67.64827	0.7973652	0.6088775	1.937904
84936	-990.7445	-1058.345	67.60063	0.9583776	0.7565166	1.724994
84942	-996.7183	-1064.273	67.55481	0.6504284	1.008333	1.778291
84948	-992.2723	-1059.918	67.64536	1.084232	0.8433642	1.527679
84954	-996.4267	-1063.954	67.52693	0.9332845	0.8433642	1.72233
84960	-994.997	-1062.625	67.62846	0.8652129	1.199954	1.439234
84966	-997.0924	-1065.233	68.14101	1.270749	0.6385325	1.190082
84972	-994.8085	-1062.945	68.13658	1.132818	0.7931696	1.140984
84978	-1000.662	-1068.97	68.3084	1.247737	0.6012649	1.109145
84984	-993.8876	-1062.351	68.46336	1.670055	0.4855518	0.620615
84990	-989.6948	-1058.252	68.55678	1.670055	0.4180184	0.6782973
84996	-993.2726	-1061.115	67.84259	1.729938	0.9141635	0.5995556
85002	-995.4843	-1063.602	68.1182	1.505078	0.8640275	0.6110529
85008	-994.3254	-1062.504	68.17884	1.685783	0.6577753	0.6411787
85014	-987.9473	-1056.171	68.22321	1.472541	0.7411359	0.7490793
85020	-1015.305	-1083.199	67.89429	0.7229146	0.7606388	1.680213
85026	-1010.452	-1077.038	66.5861	0.4975336	1.330631	2.330545
85032	-999.1467	-1066.641	67.4947	1.337715	1.70264	0.7600528
85038	-998.563	-1066.457	67.89426	1.489428	1.01641	0.7600528
85044	-1004.821	-1072.496	67.67458	0.9122215	1.028896	1.488386
85050	-1007.094	-1075.003	67.90909	1.098534	1.196845	1.003114
85056	-1004.415	-1072.244	67.82936	1.087014	0.9757778	1.271285
85062	-1012.738	-1080.898	68.15934	0.9522562	0.7639142	1.304439
85068	-999.349	-1066.931	67.58228	1.168593	1.345741	1.12807
85074	-994.7978	-1063.014	68.21664	1.35833	0.7434384	0.8995746
85080	-999.7317	-1067.087	67.3553	1.065799	1.131341	1.539883
85086	-996.9857	-1064.952	67.96596	1.065799	1.096942	1.06697
85092	-995.4925	-1063.413	67.92048	1.172899	0.9500693	1.142676
85098	-999.5749	-1067.439	67.86428	1.172899	0.6707965	1.456261
85104	-999.44	-1066.878	67.43802	0.7828572	0.6309166	2.066842
85110	-1006.418	-1073.766	67.34838	0.7834332	1.193997	1.708527
85116	-1006.752	-1074.223	67.47144	0.9883172	1.082865	1.544505
85122	-1004.675	-1072.489	67.81354	1.053354	0.9990952	1.29255
85128	-1007.817	-1075.364	67.54767	0.9881696	1.0871	1.484742
85134	-996.7164	-1064.901	68.18496	1.350557	0.8766622	0.7511025
85140	-1002.206	-1069.761	67.5548	1.350557	1.623159	0.7311087
85146	-1009.63	-1077.541	67.91116	1.267681	1.109999	0.9050944
85152	-1004.504	-1072.341	67.83697	1.190152	0.8721003	1.27072
85158	-1002.516	-1070.22	67.70371	1.065788	1.090809	1.299574
85164	-995.6929	-1063.199	67.50581	1.014557	1.090809	1.493769
85170	-999.6405	-1067.465	67.82472	1.129673	1.060955	1.167797
85176	-1000.89	-1068.511	67.62068	1.009295	1.060955	1.431968
85182	-1001.274	-1069.237	67.96243	1.009295	0.9657656	1.23374
85188	-1004.307	-1072.59	68.28281	1.178515	0.7312443	1.033366
85194	-1000.988	-1069.091	68.10284	1.166286	0.9996411	0.9225348
85200	-997.0931	-1065.109	68.01592	1.178413	1.076542	0.9225348
85206	-996.1198	-1064.267	68.14766	1.228987	0.9502325	0.8572754
85212	-1005.699	-1074.151	68.45164	1.104935	0.7695607	0.8839498
85218	-1000.888	-1069.12	68.23141	1.190419	0.7997808	0.9897711
85224	-991.3264	-1059.261	67.93447	1.118538	0.932203	1.194313
85230	-994.6779	-1062.561	67.88339	1.169609	0.932203	1.194313
85236	-990.4487	-1058.313	67.86386	1.031702	0.8671931	1.380745
85242	-1005.176	-1073.354	68.17756	1.051039	0.823131	1.146045
85248	-999.1293	-1066.748	67.61901	0.9865351	0.5936754	1.844203
85254	-1004.725	-1072.702	67.97765	1.142505	0.8346653	1.228288
85260	-1000.807	-1068.764	67.95746	1.167325	1.071242	1.000277
85266	-1003.019	-1071.192	68.17338	1.291574	0.8752562	0.8475876
85272	-995.5782	-1062.146	66.56811	0.6901735	1.080766	2.35773
85278	-993.2775	-1060.087	66.80979	0.6662121	0.9042937	2.332336
85284	-989.166	-1057.342	68.17633	1.223897	0.6371112	1.201687
85290	-994.8435	-1061.782	66.93848	0.6872145	1.411881	1.934383
85296	-993.2909	-1060.89	67.59864	0.9122132	1.144504	1.463652
85302	-989.9802	-1057.499	67.51907	1.037254	1.075703	1.477391
85308	-989.3773	-1057.401	68.02397	0.9871526	0.6734862	1.473306
85314	-997.0038	-1065.284	68.28013	1.127454	0.4206542	1.473306
85320	-999.242	-1067.129	67.88674	1.232437	0.7758017	1.286518
85326	-998.4426	-1066.252	67.80968	1.151651	1.262102	0.9935674
85332	-993.2582	-1060.873	67.61527	0.7796206	0.847118	1.76514
85338	-991.7342	-1058.727	66.99327	0.4858153	0.847118	2.370474
85344	-994.8296	-1061.774	66.94415	0.6346562	1.079069	2.152805
85350	-992.2893	-1059.419	67.13007	0.3893059	0.7949196	2.383242
85356	-985.0379	-1051.693	66.65481	0.6883723	1.247712	2.207959
85362	-991.597	-1058.416	66.81892	0.2361747	1.134718	2.454452
85368	-988.5611	-1055.159	66.59755	0.2341693	1.13435	2.59394
85374	-990.9689	-1057.59	66.62143	0.08457913	1.279132	2.59394
85380	-991.6698	-1058.939	67.26928	0.04447344	1.234728	2.234066
85386	-992.9947	-1060.123	67.12843	0.05767955	1.391537	2.234066
85392	-1002.834	-1070.304	67.47019	1.107804	1.134392	1.419265
85398	-1012.914	-1080.767	67.85337	1.084076	1.256968	1.021559
85404	-996.4581	-1063.859	67.40052	0.4605271	0.8263789	2.140253
85410	-992.4324	-1059.582	67.14978	0.633921	1.055072	2.033211
85416	-989.6761	-1056.638	66.96151	0.3185469	1.134863	2.312009
85422	-1003.301	-1071.212	67.91136	1.257456	0.8218766	1.199427
85428	-996.3893	-1064.282	67.89223	1.13294	0.8882454	1.25765
85434	-988.5164	-1055.124	66.60751	0.2154318	1.143125	2.594453
85440	-987.0244	-1053.796	66.77133	0.4729547	1.143125	2.330036
85446	-988.1686	-1054.67	66.50124	0.5359836	0.9788739	2.559098
85452	-986.5416	-1053.375	66.83369	0.5646008	0.8233442	2.438639
85458	-999.5209	-1067.052	67.53111	0.8196167	0.8010426	1.832579
85464	-996.3301	-1063.151	66.82098	0.6291025	1.132238	2.20435
85470	-998.0827	-1065.662	67.57976	0.79999	0.7139075	1.88599
85476	-1002.009	-1069.562	67.55256	0.7200127	1.167622	1.624592
85482	-1000.584	-1068.087	67.50235	0.7920157	1.317131	1.515434
85488	-1002.375	-1069.641	67.26689	0.3854667	1.004288	2.152152
85494	-996.2156	-1063.585	67.36909	0.7500873	1.117142	1.765793
85500	-995.2548	-1062.679	67.42387	0.8675894	1.245037	1.561858
85506	-994.3732	-1062.143	67.76954	0.8675894	0.8557957	1.585452
85512	-1004.018	-1071.788	67.77067	1.186374	1.213039	1.038894
85518	-1000.959	-1068.73	67.77015	1.244065	1.213039	0.9823057
85524	-999.5574	-1066.348	66.79017	0.4553224	0.9457541	2.45028
85530	-1001.685	-1068.971	67.28601	0.5900574	0.7897732	2.158414
85536	-999.1417	-1066.022	66.87998	0.4789037	1.32107	2.158414
85542	-1002.094	-1069.527	67.4323	0.9697238	1.092947	1.580008
85548	-995.9626	-1063.58	67.61697	1.075452	1.092947	1.359736
85554	-1000.689	-1067.825	67.13535	0.7043508	0.8805936	2.114321
85560	-996.5784	-1064.29	67.71191	0.9125668	0.9310174	1.534529
85566	-1007.215	-1075.327	68.11198	0.6763178	0.6836922	1.627781
85572	-998.7133	-1066.238	67.52465	0.7224007	1.082073	1.698864
85578	-1000.289	-1067.651	67.36273	0.5195853	1.082073	1.950223
85584	-998.3078	-1065.702	67.39471	0.7084929	1.082073	1.79958
85590	-999.1439	-1066.743	67.5992	0.9033438	1.423262	1.288404
85596	-1001.236	-1068.801	67.56514	1.035358	1.299508	1.288404
85602	-994.5427	-1062.217	67.67473	0.9907924	1.175358	1.321404
85608	-997.1253	-1064.88	67.75491	1.056227	1.071944	1.280093
85614	-991.5414	-1059.333	67.79157	0.9055711	1.009785	1.418636
85620	-993.814	-1061.21	67.39584	0.610181	1.248188	1.764136
85626	-1007.621	-1074.605	66.98336	0.8698903	1.119377	1.946423
85632	-989.7597	-1057.18	67.42006	0.9719295	0.909357	1.71908
85638	-987.6942	-1055.679	67.98504	0.9050617	0.8544799	1.396116
85644	-1014.263	-1081.458	67.19503	0.2938388	0.9564975	2.288963
85650	-996.9721	-1064.809	67.83688	1.049346	1.116775	1.181555
85656	-994.6983	-1062.572	67.87362	0.9563269	1.179218	1.181555
85662	-995.3369	-1063.582	68.24502	1.17891	0.8733659	0.8980749
85668	-989.7422	-1057.579	67.83698	1.17891	1.307588	0.8955425
85674	-993.7356	-1061.944	68.20823	1.248086	0.5949227	1.205213
85680	-1002.223	-1069.676	67.453	1.064273	1.303281	1.352896
85686	-1000.423	-1068.21	67.78728	1.022832	1.005552	1.333203
85692	-1014.406	-1082.17	67.76417	1.124335	1.287867	1.044036
85698	-1009.478	-1077.637	68.1588	0.8498228	0.897925	1.262635
85704	-1895.211	-1961.222	66.0112	0.5453565	0.2584433	3.508694
92406	-1.262675e+181	-2032.945	-1.262675e+181	1.262675e+181	8.718929e+307	4.194826e+171
99102	-inf	-2032.945	-inf	1.156298e+308	2.517764e+307	4.103807e+307
99108	-inf	-2032.945	-inf	1.027057e+308	3.475352e+307	7.610709e+307
105804	-inf	-2032.945	-inf	9.862117e+307	3.10329e+307	6.013828e+307
112506	-inf	-2032.945	-inf	1.197099e+308	8.399303e+307	7.313169e+307
